run_id,generation,avg_tree_test_acc,ensemble_train_acc,ensemble_test_acc,height_var,leaves_var,RF_baseline
359959,0,0.4551,0.4287,0.4257,12.71,87.08,0.527027027027027
359959,1,0.4551,0.4287,0.4257,12.71,87.08,0.527027027027027
359959,2,0.4646,0.5358,0.5,21.79,440.48,0.527027027027027
359959,3,0.4722,0.5781,0.5135,22.29,515.44,0.527027027027027
359959,4,0.4769,0.6008,0.527,20.75,539.49,0.527027027027027
359959,5,0.4803,0.6136,0.5473,19.27,525.75,0.527027027027027
359959,6,0.4825,0.6204,0.5473,17.86,493.39,0.527027027027027
359959,7,0.4832,0.6234,0.5405,16.61,471.88,0.527027027027027
359959,8,0.4836,0.6226,0.5405,15.65,463.0,0.527027027027027
359959,9,0.4831,0.6226,0.5473,14.78,447.57,0.527027027027027
359959,10,0.4832,0.6272,0.5405,14.13,441.5,0.527027027027027
359959,11,0.4833,0.6249,0.5405,13.73,438.02,0.527027027027027
359959,12,0.4833,0.6279,0.5405,13.42,434.86,0.527027027027027
359959,13,0.4831,0.6257,0.5541,12.93,426.46,0.527027027027027
359959,14,0.4828,0.6279,0.5541,12.77,420.68,0.527027027027027
359959,15,0.4825,0.6287,0.5473,12.29,416.47,0.527027027027027
359959,16,0.4831,0.6355,0.5473,12.16,417.97,0.527027027027027
359959,17,0.4836,0.6347,0.5541,11.83,416.48,0.527027027027027
359959,18,0.4839,0.6332,0.5541,11.55,416.73,0.527027027027027
359959,19,0.4843,0.6332,0.5405,11.27,417.85,0.527027027027027
359959,20,0.4848,0.637,0.5405,11.03,411.46,0.527027027027027
359959,21,0.4851,0.6347,0.5405,10.75,402.38,0.527027027027027
359959,22,0.4855,0.637,0.5473,10.41,393.39,0.527027027027027
359959,23,0.4857,0.6347,0.5405,10.19,384.3,0.527027027027027
359959,24,0.4856,0.6325,0.5473,9.95,375.54,0.527027027027027
359959,25,0.4858,0.634,0.5473,9.71,368.46,0.527027027027027
359959,26,0.4857,0.6347,0.5473,9.5,360.19,0.527027027027027
359959,27,0.4858,0.6332,0.5473,9.27,353.93,0.527027027027027
359959,28,0.4862,0.6347,0.5473,9.07,347.15,0.527027027027027
359959,29,0.4867,0.6377,0.5541,8.89,342.13,0.527027027027027
359959,30,0.4868,0.637,0.5608,8.73,338.23,0.527027027027027
359959,31,0.4871,0.6362,0.5676,8.56,331.82,0.527027027027027
359959,32,0.4873,0.6385,0.5676,8.41,331.85,0.527027027027027
359959,33,0.4875,0.6385,0.5676,8.33,331.78,0.527027027027027
359959,34,0.4877,0.6392,0.5676,8.21,331.53,0.527027027027027
359959,35,0.4879,0.6362,0.5676,8.11,331.47,0.527027027027027
359959,36,0.4879,0.6362,0.5676,7.98,330.41,0.527027027027027
359959,37,0.4882,0.6377,0.5676,7.9,329.7,0.527027027027027
359959,38,0.4882,0.6377,0.5676,7.82,328.09,0.527027027027027
359959,39,0.4883,0.6377,0.5676,7.73,327.43,0.527027027027027
359959,40,0.4884,0.6408,0.5676,7.65,325.65,0.527027027027027
359959,41,0.4884,0.643,0.5676,7.56,320.84,0.527027027027027
359959,42,0.4884,0.6438,0.5676,7.46,315.74,0.527027027027027
359959,43,0.4883,0.6423,0.5676,7.35,310.54,0.527027027027027
359959,44,0.4883,0.643,0.5676,7.25,305.27,0.527027027027027
359959,45,0.4884,0.6438,0.5676,7.15,301.02,0.527027027027027
359959,46,0.4887,0.6453,0.5676,7.06,296.42,0.527027027027027
359959,47,0.4887,0.6445,0.5676,6.98,291.81,0.527027027027027
359959,48,0.4889,0.643,0.5676,6.88,287.56,0.527027027027027
359959,49,0.4889,0.643,0.5676,6.78,283.62,0.527027027027027
168784,0,0.6186,0.7486,0.7333,3.08,87.48,0.8205128205128205
168784,1,0.6186,0.7486,0.7333,3.08,87.48,0.8205128205128205
168784,2,0.6309,0.7726,0.7333,5.8,205.66,0.8205128205128205
168784,3,0.6376,0.7869,0.7538,6.09,214.21,0.8205128205128205
168784,4,0.6405,0.795,0.7538,6.03,203.75,0.8205128205128205
168784,5,0.6427,0.7978,0.759,5.78,189.03,0.8205128205128205
168784,6,0.6441,0.8007,0.7538,5.54,175.84,0.8205128205128205
168784,7,0.6459,0.8024,0.7538,5.29,166.03,0.8205128205128205
168784,8,0.6471,0.8018,0.7641,5.07,153.61,0.8205128205128205
168784,9,0.6476,0.8013,0.759,4.87,144.22,0.8205128205128205
168784,10,0.6487,0.8036,0.759,4.75,139.83,0.8205128205128205
168784,11,0.6484,0.803,0.7641,4.77,136.44,0.8205128205128205
168784,12,0.6487,0.8041,0.7641,4.75,131.55,0.8205128205128205
168784,13,0.6487,0.803,0.7641,4.73,128.88,0.8205128205128205
168784,14,0.6489,0.8024,0.7641,4.6,125.48,0.8205128205128205
168784,15,0.6492,0.8036,0.7692,4.45,119.84,0.8205128205128205
168784,16,0.6502,0.8041,0.7692,4.32,115.2,0.8205128205128205
168784,17,0.651,0.8053,0.7692,4.29,111.83,0.8205128205128205
168784,18,0.6509,0.8047,0.7692,4.16,108.04,0.8205128205128205
168784,19,0.6512,0.8041,0.7692,4.05,104.43,0.8205128205128205
168784,20,0.6513,0.8041,0.7692,3.99,101.38,0.8205128205128205
168784,21,0.6514,0.8047,0.7744,3.93,99.36,0.8205128205128205
168784,22,0.6518,0.8053,0.7692,3.87,96.25,0.8205128205128205
168784,23,0.6523,0.8064,0.7692,3.81,93.23,0.8205128205128205
168784,24,0.6527,0.8058,0.7692,3.75,91.1,0.8205128205128205
168784,25,0.6531,0.8064,0.7692,3.72,88.88,0.8205128205128205
168784,26,0.6536,0.8064,0.7744,3.71,87.17,0.8205128205128205
168784,27,0.6542,0.8058,0.7744,3.65,85.03,0.8205128205128205
168784,28,0.6544,0.8076,0.7744,3.6,82.94,0.8205128205128205
168784,29,0.6546,0.8064,0.7795,3.55,80.99,0.8205128205128205
168784,30,0.6548,0.8047,0.7795,3.52,79.55,0.8205128205128205
168784,31,0.6551,0.8064,0.7744,3.55,80.94,0.8205128205128205
168784,32,0.6554,0.8076,0.7795,3.55,83.45,0.8205128205128205
168784,33,0.6555,0.8081,0.7744,3.57,85.38,0.8205128205128205
168784,34,0.6556,0.8099,0.7744,3.59,86.78,0.8205128205128205
168784,35,0.6556,0.8099,0.7744,3.58,86.42,0.8205128205128205
168784,36,0.6557,0.8099,0.7744,3.59,85.91,0.8205128205128205
168784,37,0.6556,0.811,0.7744,3.64,86.38,0.8205128205128205
168784,38,0.6556,0.8104,0.7744,3.64,86.4,0.8205128205128205
168784,39,0.6555,0.8127,0.7744,3.66,86.93,0.8205128205128205
168784,40,0.6555,0.8127,0.7744,3.64,86.86,0.8205128205128205
168784,41,0.6555,0.8127,0.7744,3.67,89.67,0.8205128205128205
168784,42,0.6556,0.8139,0.7744,3.69,91.55,0.8205128205128205
168784,43,0.6557,0.8139,0.7744,3.71,95.0,0.8205128205128205
168784,44,0.6556,0.8139,0.7744,3.74,96.93,0.8205128205128205
168784,45,0.6556,0.8144,0.7744,3.78,99.19,0.8205128205128205
168784,46,0.6557,0.8144,0.7744,3.84,102.58,0.8205128205128205
168784,47,0.6556,0.8144,0.7744,3.91,104.59,0.8205128205128205
168784,48,0.6556,0.8144,0.7744,3.92,106.48,0.8205128205128205
168784,49,0.656,0.815,0.7744,3.96,115.32,0.8205128205128205
359954,0,0.4746,0.6329,0.5676,10.62,223.34,0.6621621621621622
359954,1,0.4746,0.6329,0.5676,10.62,223.34,0.6621621621621622
359954,2,0.4876,0.7054,0.5676,9.09,402.66,0.6621621621621622
359954,3,0.4931,0.7341,0.5676,7.9,419.44,0.6621621621621622
359954,4,0.4964,0.7523,0.5811,7.14,409.45,0.6621621621621622
359954,5,0.4969,0.7644,0.6081,6.8,399.69,0.6621621621621622
359954,6,0.499,0.7674,0.6081,6.8,411.96,0.6621621621621622
359954,7,0.4998,0.7734,0.6216,6.38,405.6,0.6621621621621622
359954,8,0.5023,0.7931,0.6216,6.04,419.21,0.6621621621621622
359954,9,0.5049,0.8036,0.6081,5.88,423.78,0.6621621621621622
359954,10,0.5059,0.8142,0.6351,6.96,497.36,0.6621621621621622
359954,11,0.5081,0.8248,0.6486,7.61,536.29,0.6621621621621622
359954,12,0.5086,0.8248,0.6486,8.36,546.65,0.6621621621621622
359954,13,0.5103,0.8278,0.6351,8.57,590.7,0.6621621621621622
359954,14,0.5113,0.8414,0.6486,8.69,626.57,0.6621621621621622
359954,15,0.5121,0.8474,0.6351,8.32,654.33,0.6621621621621622
359954,16,0.5135,0.855,0.6351,7.94,672.05,0.6621621621621622
359954,17,0.5136,0.8565,0.6486,7.57,652.72,0.6621621621621622
359954,18,0.514,0.858,0.6486,7.24,641.8,0.6621621621621622
359954,19,0.5142,0.861,0.6486,6.91,634.23,0.6621621621621622
359954,20,0.5148,0.861,0.6486,6.87,651.92,0.6621621621621622
359954,21,0.5155,0.864,0.6486,6.63,648.33,0.6621621621621622
359954,22,0.5157,0.8686,0.6486,6.4,653.36,0.6621621621621622
359954,23,0.516,0.8671,0.6486,6.22,650.83,0.6621621621621622
359954,24,0.5163,0.8716,0.6486,6.19,671.24,0.6621621621621622
359954,25,0.5168,0.8731,0.6486,6.1,682.49,0.6621621621621622
359954,26,0.5169,0.8761,0.6486,6.39,726.87,0.6621621621621622
359954,27,0.5175,0.8792,0.6486,6.69,760.42,0.6621621621621622
359954,28,0.5178,0.8807,0.6486,7.21,794.7,0.6621621621621622
359954,29,0.5183,0.8852,0.6622,7.69,853.22,0.6621621621621622
359954,30,0.5187,0.8882,0.6622,7.8,905.79,0.6621621621621622
359954,31,0.5194,0.8912,0.6622,7.91,957.98,0.6621621621621622
359954,32,0.5199,0.8912,0.6622,7.99,1010.77,0.6621621621621622
359954,33,0.5204,0.8943,0.6622,8.74,1089.33,0.6621621621621622
359954,34,0.5209,0.8958,0.6622,9.19,1156.3,0.6621621621621622
359954,35,0.521,0.8988,0.6622,9.8,1210.47,0.6621621621621622
359954,36,0.5215,0.9048,0.6622,10.6,1297.49,0.6621621621621622
359954,37,0.5214,0.9079,0.6622,11.26,1394.31,0.6621621621621622
359954,38,0.5217,0.9094,0.6622,11.75,1467.88,0.6621621621621622
359954,39,0.522,0.9124,0.6622,12.42,1533.16,0.6621621621621622
359954,40,0.5221,0.9199,0.6622,13.03,1590.98,0.6621621621621622
359954,41,0.5224,0.9199,0.6622,13.56,1669.63,0.6621621621621622
359954,42,0.5226,0.9199,0.6622,13.99,1720.23,0.6621621621621622
359954,43,0.5227,0.9275,0.6622,14.49,1768.98,0.6621621621621622
359954,44,0.523,0.9275,0.6622,14.78,1813.46,0.6621621621621622
359954,45,0.523,0.929,0.6622,15.16,1863.07,0.6621621621621622
359954,46,0.5232,0.929,0.6622,15.35,1895.77,0.6621621621621622
359954,47,0.5233,0.929,0.6622,15.57,1935.04,0.6621621621621622
359954,48,0.5234,0.9335,0.6622,15.65,1951.88,0.6621621621621622
359954,49,0.5234,0.9335,0.6622,15.78,1977.16,0.6621621621621622
359959,0,0.4612,0.4672,0.4324,14.17,91.54,0.527027027027027
359959,1,0.4612,0.4672,0.4324,14.17,91.54,0.527027027027027
359959,2,0.4712,0.5268,0.5068,16.63,141.31,0.527027027027027
359959,3,0.4738,0.5457,0.527,15.74,144.42,0.527027027027027
359959,4,0.4754,0.5683,0.5405,15.07,149.73,0.527027027027027
359959,5,0.4766,0.5826,0.5338,14.61,157.78,0.527027027027027
359959,6,0.4784,0.5864,0.5338,13.91,160.47,0.527027027027027
359959,7,0.4789,0.5894,0.527,13.24,156.61,0.527027027027027
359959,8,0.4789,0.5947,0.5135,12.61,155.21,0.527027027027027
359959,9,0.4792,0.5962,0.527,12.17,156.7,0.527027027027027
359959,10,0.4793,0.597,0.527,11.89,156.87,0.527027027027027
359959,11,0.4799,0.6023,0.5405,11.71,157.43,0.527027027027027
359959,12,0.48,0.603,0.5405,11.54,157.27,0.527027027027027
359959,13,0.4808,0.606,0.5338,11.38,159.59,0.527027027027027
359959,14,0.481,0.6075,0.527,11.13,159.38,0.527027027027027
359959,15,0.4812,0.6098,0.5338,10.99,163.12,0.527027027027027
359959,16,0.4816,0.6143,0.5405,10.78,166.62,0.527027027027027
359959,17,0.4819,0.6166,0.527,10.63,179.67,0.527027027027027
359959,18,0.4821,0.6181,0.527,10.56,189.01,0.527027027027027
359959,19,0.4825,0.6181,0.5338,10.44,195.26,0.527027027027027
359959,20,0.4826,0.6174,0.5405,10.29,201.54,0.527027027027027
359959,21,0.4829,0.6196,0.5473,10.23,212.29,0.527027027027027
359959,22,0.4833,0.6196,0.5473,10.2,226.91,0.527027027027027
359959,23,0.4836,0.6196,0.5473,10.1,239.78,0.527027027027027
359959,24,0.4841,0.6181,0.5473,10.09,253.72,0.527027027027027
359959,25,0.4842,0.6181,0.5473,10.03,264.09,0.527027027027027
359959,26,0.4846,0.6181,0.5473,9.99,283.59,0.527027027027027
359959,27,0.4845,0.6181,0.5473,9.98,301.29,0.527027027027027
359959,28,0.4845,0.6181,0.5473,9.94,314.16,0.527027027027027
359959,29,0.4845,0.6204,0.5541,9.89,328.89,0.527027027027027
359959,30,0.4845,0.6234,0.5541,9.86,345.56,0.527027027027027
359959,31,0.4846,0.6257,0.5541,9.87,365.41,0.527027027027027
359959,32,0.4846,0.6257,0.5541,9.85,390.23,0.527027027027027
359959,33,0.4846,0.6264,0.5541,9.94,415.96,0.527027027027027
359959,34,0.4848,0.6279,0.5541,9.98,434.22,0.527027027027027
359959,35,0.4848,0.6279,0.5541,10.01,450.57,0.527027027027027
359959,36,0.4847,0.6317,0.5541,10.02,470.99,0.527027027027027
359959,37,0.4844,0.6317,0.5541,10.06,493.1,0.527027027027027
359959,38,0.4842,0.6309,0.5541,10.07,503.68,0.527027027027027
359959,39,0.4841,0.6347,0.5541,10.09,525.52,0.527027027027027
359959,40,0.4838,0.6332,0.5541,10.09,548.61,0.527027027027027
359959,41,0.4842,0.634,0.5541,10.05,573.82,0.527027027027027
359959,42,0.4844,0.6355,0.5541,10.02,602.89,0.527027027027027
359959,43,0.4844,0.637,0.5541,10.0,637.4,0.527027027027027
359959,44,0.4846,0.637,0.5541,10.01,663.74,0.527027027027027
359959,45,0.4847,0.6377,0.5541,10.0,684.39,0.527027027027027
359959,46,0.4847,0.6408,0.5541,10.01,717.17,0.527027027027027
359959,47,0.4846,0.6438,0.5541,10.05,745.27,0.527027027027027
359959,48,0.4846,0.6445,0.5541,10.02,776.61,0.527027027027027
359959,49,0.4847,0.6445,0.5608,10.02,824.55,0.527027027027027
190146,0,0.6522,0.8305,0.7412,4.23,85.97,0.7647058823529411
190146,1,0.6522,0.8305,0.7412,4.23,85.97,0.7647058823529411
190146,2,0.6551,0.8686,0.7176,5.13,255.22,0.7647058823529411
190146,3,0.6561,0.8857,0.7176,4.07,249.9,0.7647058823529411
190146,4,0.6584,0.9041,0.7176,3.41,240.2,0.7647058823529411
190146,5,0.6609,0.9093,0.7176,2.93,208.17,0.7647058823529411
190146,6,0.6625,0.9185,0.7176,2.61,207.79,0.7647058823529411
190146,7,0.6644,0.9238,0.7294,2.38,199.07,0.7647058823529411
190146,8,0.6635,0.929,0.7176,2.19,190.83,0.7647058823529411
190146,9,0.6626,0.9317,0.7176,2.11,182.14,0.7647058823529411
190146,10,0.663,0.933,0.7294,2.06,175.84,0.7647058823529411
190146,11,0.6635,0.9409,0.7294,1.92,166.61,0.7647058823529411
190146,12,0.6631,0.9422,0.7294,1.83,163.19,0.7647058823529411
190146,13,0.6635,0.9435,0.7294,1.79,165.79,0.7647058823529411
190146,14,0.6637,0.9448,0.7176,1.79,166.67,0.7647058823529411
190146,15,0.6648,0.9461,0.7176,1.74,163.73,0.7647058823529411
190146,16,0.6651,0.9488,0.7176,1.69,164.87,0.7647058823529411
190146,17,0.6654,0.9514,0.7176,1.65,166.43,0.7647058823529411
190146,18,0.6657,0.9514,0.7176,1.61,176.63,0.7647058823529411
190146,19,0.6657,0.954,0.7294,1.58,183.37,0.7647058823529411
190146,20,0.666,0.9566,0.7294,1.57,187.92,0.7647058823529411
190146,21,0.6662,0.9606,0.7294,1.75,198.83,0.7647058823529411
190146,22,0.6658,0.9619,0.7294,2.13,208.13,0.7647058823529411
190146,23,0.6662,0.9632,0.7294,2.49,217.81,0.7647058823529411
190146,24,0.6666,0.9632,0.7294,2.62,224.89,0.7647058823529411
190146,25,0.667,0.9645,0.7294,2.72,230.7,0.7647058823529411
190146,26,0.6672,0.9658,0.7294,2.77,234.83,0.7647058823529411
190146,27,0.6673,0.9645,0.7294,2.81,231.24,0.7647058823529411
190146,28,0.6672,0.9671,0.7412,2.94,227.13,0.7647058823529411
190146,29,0.6675,0.9658,0.7294,3.01,222.95,0.7647058823529411
190146,30,0.6678,0.9671,0.7294,3.05,219.42,0.7647058823529411
190146,31,0.6683,0.9685,0.7294,3.06,215.7,0.7647058823529411
190146,32,0.6688,0.9685,0.7412,3.14,217.65,0.7647058823529411
190146,33,0.6687,0.9671,0.7412,3.16,218.09,0.7647058823529411
190146,34,0.6691,0.9671,0.7412,3.26,219.4,0.7647058823529411
190146,35,0.6693,0.9671,0.7412,3.27,219.98,0.7647058823529411
190146,36,0.6693,0.9658,0.7412,3.3,221.8,0.7647058823529411
190146,37,0.6694,0.9685,0.7294,3.38,225.26,0.7647058823529411
190146,38,0.6696,0.9711,0.7294,3.56,233.94,0.7647058823529411
190146,39,0.6696,0.9711,0.7176,3.63,237.66,0.7647058823529411
190146,40,0.6698,0.9711,0.7176,3.65,241.48,0.7647058823529411
190146,41,0.67,0.9737,0.7176,3.66,245.57,0.7647058823529411
190146,42,0.6701,0.9737,0.7176,3.6,248.54,0.7647058823529411
190146,43,0.6702,0.9737,0.7176,3.54,255.66,0.7647058823529411
190146,44,0.6704,0.9737,0.7176,3.47,258.11,0.7647058823529411
190146,45,0.6704,0.975,0.7176,3.42,258.59,0.7647058823529411
190146,46,0.6706,0.9763,0.7176,3.37,261.41,0.7647058823529411
190146,47,0.6705,0.9763,0.7176,3.31,264.02,0.7647058823529411
190146,48,0.6706,0.979,0.7176,3.26,265.84,0.7647058823529411
190146,49,0.6707,0.979,0.7176,3.22,265.35,0.7647058823529411
190146,0,0.6531,0.8279,0.7294,5.91,126.77,0.7529411764705882
190146,1,0.6531,0.8279,0.7294,5.91,126.77,0.7529411764705882
190146,2,0.6571,0.8949,0.6941,12.86,397.32,0.7529411764705882
190146,3,0.6606,0.9251,0.7176,14.35,499.32,0.7529411764705882
190146,4,0.6615,0.9356,0.7294,14.02,550.39,0.7529411764705882
190146,5,0.6622,0.9422,0.7176,13.74,530.84,0.7529411764705882
190146,6,0.6642,0.9527,0.7059,12.91,508.81,0.7529411764705882
190146,7,0.6654,0.9566,0.7059,12.12,471.85,0.7529411764705882
190146,8,0.6656,0.9566,0.7059,11.6,439.92,0.7529411764705882
190146,9,0.6656,0.9593,0.7059,11.02,411.93,0.7529411764705882
190146,10,0.6667,0.9632,0.6941,10.71,395.76,0.7529411764705882
190146,11,0.6675,0.9658,0.6941,10.43,406.3,0.7529411764705882
190146,12,0.6674,0.9724,0.6941,10.2,419.66,0.7529411764705882
190146,13,0.6677,0.975,0.6941,10.11,423.38,0.7529411764705882
190146,14,0.6672,0.9777,0.6824,9.94,424.97,0.7529411764705882
190146,15,0.6675,0.9816,0.6941,9.77,417.82,0.7529411764705882
190146,16,0.6681,0.9842,0.6941,9.48,411.74,0.7529411764705882
190146,17,0.6686,0.9855,0.7176,9.21,401.63,0.7529411764705882
190146,18,0.6697,0.9869,0.7176,8.94,392.05,0.7529411764705882
190146,19,0.6696,0.9869,0.7176,8.82,390.22,0.7529411764705882
190146,20,0.6694,0.9869,0.7294,8.69,384.9,0.7529411764705882
190146,21,0.6694,0.9869,0.7412,8.52,378.93,0.7529411764705882
190146,22,0.669,0.9855,0.7176,8.37,376.81,0.7529411764705882
190146,23,0.6691,0.9869,0.7294,8.37,381.84,0.7529411764705882
190146,24,0.669,0.9882,0.7294,8.39,393.72,0.7529411764705882
190146,25,0.6693,0.9882,0.7176,8.36,402.25,0.7529411764705882
190146,26,0.6697,0.9895,0.7294,8.31,415.36,0.7529411764705882
190146,27,0.6698,0.9895,0.7294,8.37,426.95,0.7529411764705882
190146,28,0.67,0.9895,0.7294,8.5,439.16,0.7529411764705882
190146,29,0.6702,0.9895,0.7294,8.56,456.98,0.7529411764705882
190146,30,0.6704,0.9895,0.7294,8.59,476.13,0.7529411764705882
190146,31,0.6705,0.9908,0.7176,8.66,495.71,0.7529411764705882
190146,32,0.6705,0.9908,0.7176,8.7,512.64,0.7529411764705882
190146,33,0.6707,0.9921,0.7176,8.69,529.25,0.7529411764705882
190146,34,0.6708,0.9934,0.7176,8.66,540.49,0.7529411764705882
190146,35,0.671,0.9947,0.7176,8.72,549.92,0.7529411764705882
190146,36,0.6709,0.9961,0.7294,8.71,558.89,0.7529411764705882
190146,37,0.671,0.9961,0.7294,8.62,564.28,0.7529411764705882
190146,38,0.6713,0.9961,0.7294,8.56,566.94,0.7529411764705882
190146,39,0.6716,0.9961,0.7176,8.45,566.72,0.7529411764705882
190146,40,0.6719,0.9961,0.7176,8.44,566.93,0.7529411764705882
190146,41,0.6721,0.9961,0.7176,8.41,569.49,0.7529411764705882
190146,42,0.6723,0.9961,0.7176,8.38,571.3,0.7529411764705882
190146,43,0.6724,0.9961,0.7176,8.33,571.27,0.7529411764705882
190146,44,0.6727,0.9961,0.7294,8.27,572.13,0.7529411764705882
190146,45,0.673,0.9961,0.7294,8.26,569.72,0.7529411764705882
190146,46,0.6732,0.9961,0.7294,8.23,568.32,0.7529411764705882
190146,47,0.6733,0.9961,0.7294,8.21,565.87,0.7529411764705882
190146,48,0.6733,0.9974,0.7294,8.14,564.23,0.7529411764705882
190146,49,0.6735,0.9974,0.7294,8.11,563.92,0.7529411764705882
2073,0,0.4822,0.5933,0.6174,16.14,377.49,0.7181208053691275
2073,1,0.4822,0.5933,0.6174,16.14,377.49,0.7181208053691275
2073,2,0.4845,0.606,0.6242,20.24,399.07,0.7181208053691275
2073,3,0.4895,0.621,0.6309,23.93,428.39,0.7181208053691275
2073,4,0.4944,0.63,0.6376,22.98,405.6,0.7181208053691275
2073,5,0.4959,0.6397,0.6309,23.13,396.15,0.7181208053691275
2073,6,0.4976,0.6442,0.6443,23.46,416.54,0.7181208053691275
2073,7,0.4965,0.6442,0.6309,23.83,438.1,0.7181208053691275
2073,8,0.4986,0.6464,0.6376,24.42,515.97,0.7181208053691275
2073,9,0.4998,0.6494,0.6376,25.42,582.06,0.7181208053691275
2073,10,0.4993,0.6487,0.6376,26.08,605.32,0.7181208053691275
2073,11,0.4993,0.6532,0.6376,26.88,654.15,0.7181208053691275
2073,12,0.4999,0.6539,0.6376,26.91,656.56,0.7181208053691275
2073,13,0.5017,0.6584,0.6309,27.36,694.03,0.7181208053691275
2073,14,0.5033,0.6644,0.6242,28.02,750.57,0.7181208053691275
2073,15,0.5045,0.6659,0.6309,27.95,784.13,0.7181208053691275
2073,16,0.5055,0.6689,0.6376,27.99,807.44,0.7181208053691275
2073,17,0.5049,0.6697,0.6376,28.52,831.47,0.7181208053691275
2073,18,0.5049,0.6727,0.6376,28.96,852.97,0.7181208053691275
2073,19,0.5051,0.6734,0.6376,29.17,866.67,0.7181208053691275
2073,20,0.5052,0.6734,0.6376,28.95,874.28,0.7181208053691275
2073,21,0.5056,0.6757,0.6309,28.65,901.98,0.7181208053691275
2073,22,0.506,0.6772,0.6376,28.45,908.55,0.7181208053691275
2073,23,0.5061,0.6787,0.6443,28.62,922.1,0.7181208053691275
2073,24,0.5058,0.6809,0.6376,28.91,935.87,0.7181208053691275
2073,25,0.5064,0.6846,0.6443,28.97,939.3,0.7181208053691275
2073,26,0.5071,0.6884,0.6376,29.02,973.27,0.7181208053691275
2073,27,0.5076,0.6899,0.651,28.82,1015.36,0.7181208053691275
2073,28,0.5077,0.6899,0.6443,28.82,1050.2,0.7181208053691275
2073,29,0.5078,0.6944,0.651,29.04,1117.7,0.7181208053691275
2073,30,0.5074,0.6959,0.6443,29.2,1170.43,0.7181208053691275
2073,31,0.5075,0.6951,0.651,29.28,1237.05,0.7181208053691275
2073,32,0.5078,0.6974,0.651,29.28,1284.25,0.7181208053691275
2073,33,0.508,0.6974,0.6577,29.31,1339.26,0.7181208053691275
2073,34,0.5083,0.6989,0.6577,29.19,1377.66,0.7181208053691275
2073,35,0.5081,0.6989,0.651,29.16,1392.85,0.7181208053691275
2073,36,0.5076,0.7011,0.651,29.37,1437.57,0.7181208053691275
2073,37,0.5075,0.7004,0.6443,29.54,1484.19,0.7181208053691275
2073,38,0.5074,0.7011,0.6443,29.43,1541.4,0.7181208053691275
2073,39,0.5074,0.7034,0.6443,29.43,1604.37,0.7181208053691275
2073,40,0.5073,0.7056,0.6443,29.52,1680.84,0.7181208053691275
2073,41,0.5073,0.7064,0.6443,29.82,1770.63,0.7181208053691275
2073,42,0.5073,0.7086,0.6443,29.82,1842.59,0.7181208053691275
2073,43,0.5074,0.7124,0.6443,29.88,1934.72,0.7181208053691275
2073,44,0.5077,0.7109,0.6443,29.86,2084.61,0.7181208053691275
2073,45,0.5078,0.7124,0.651,29.94,2192.75,0.7181208053691275
2073,46,0.5079,0.7154,0.651,29.88,2362.31,0.7181208053691275
2073,47,0.5078,0.7191,0.651,29.9,2485.85,0.7181208053691275
2073,48,0.508,0.7206,0.651,29.97,2656.16,0.7181208053691275
2073,49,0.5079,0.7221,0.651,30.12,2815.0,0.7181208053691275
168784,0,0.6147,0.744,0.7231,5.29,232.44,0.8205128205128205
168784,1,0.6147,0.744,0.7231,5.29,232.44,0.8205128205128205
168784,2,0.6283,0.7869,0.7333,8.41,746.66,0.8205128205128205
168784,3,0.6354,0.8076,0.7333,8.36,758.83,0.8205128205128205
168784,4,0.64,0.8173,0.7487,8.44,704.7,0.8205128205128205
168784,5,0.6432,0.8253,0.7487,8.4,654.18,0.8205128205128205
168784,6,0.6447,0.8322,0.7487,7.92,598.7,0.8205128205128205
168784,7,0.6473,0.8362,0.7538,7.47,555.91,0.8205128205128205
168784,8,0.6505,0.8368,0.759,7.15,519.47,0.8205128205128205
168784,9,0.6527,0.8396,0.7538,6.79,479.9,0.8205128205128205
168784,10,0.6545,0.8391,0.759,6.52,443.61,0.8205128205128205
168784,11,0.6561,0.8402,0.759,6.28,412.44,0.8205128205128205
168784,12,0.6571,0.8396,0.7538,6.02,386.37,0.8205128205128205
168784,13,0.657,0.8414,0.7538,5.74,364.73,0.8205128205128205
168784,14,0.6572,0.8442,0.7538,5.57,346.4,0.8205128205128205
168784,15,0.6577,0.8442,0.759,5.44,327.73,0.8205128205128205
168784,16,0.6582,0.8471,0.7487,5.33,312.21,0.8205128205128205
168784,17,0.6586,0.8482,0.7538,5.22,299.9,0.8205128205128205
168784,18,0.6585,0.8482,0.7538,5.12,287.66,0.8205128205128205
168784,19,0.6589,0.8477,0.7538,5.0,276.3,0.8205128205128205
168784,20,0.6591,0.8494,0.7538,4.89,265.62,0.8205128205128205
168784,21,0.6593,0.8488,0.7538,4.81,256.56,0.8205128205128205
168784,22,0.6596,0.8494,0.7538,4.68,247.15,0.8205128205128205
168784,23,0.6597,0.8499,0.7538,4.59,238.38,0.8205128205128205
168784,24,0.6595,0.8494,0.759,4.49,230.59,0.8205128205128205
168784,25,0.6596,0.8499,0.7538,4.47,229.7,0.8205128205128205
168784,26,0.6597,0.8511,0.7538,4.46,230.58,0.8205128205128205
168784,27,0.6599,0.8522,0.759,4.44,247.87,0.8205128205128205
168784,28,0.6598,0.854,0.759,4.46,270.72,0.8205128205128205
168784,29,0.6599,0.8551,0.759,4.51,292.34,0.8205128205128205
168784,30,0.6599,0.8557,0.759,4.57,337.19,0.8205128205128205
168784,31,0.6598,0.8574,0.759,4.71,396.72,0.8205128205128205
168784,32,0.6599,0.8591,0.759,4.76,438.45,0.8205128205128205
168784,33,0.6599,0.8614,0.759,4.77,469.33,0.8205128205128205
168784,34,0.6601,0.8637,0.759,4.86,506.12,0.8205128205128205
168784,35,0.6604,0.866,0.759,4.95,541.72,0.8205128205128205
168784,36,0.6606,0.8666,0.759,4.99,572.52,0.8205128205128205
168784,37,0.6608,0.8666,0.7641,5.04,635.13,0.8205128205128205
168784,38,0.6608,0.8688,0.7538,5.21,690.48,0.8205128205128205
168784,39,0.6608,0.8711,0.7538,5.25,758.16,0.8205128205128205
168784,40,0.6605,0.8717,0.7538,5.31,817.07,0.8205128205128205
168784,41,0.6604,0.8723,0.759,5.38,869.4,0.8205128205128205
168784,42,0.6603,0.8734,0.759,5.42,917.01,0.8205128205128205
168784,43,0.6603,0.874,0.759,5.45,970.28,0.8205128205128205
168784,44,0.6603,0.8757,0.7538,5.54,1098.76,0.8205128205128205
168784,45,0.6603,0.8769,0.7641,5.6,1200.13,0.8205128205128205
168784,46,0.6604,0.8786,0.7641,5.7,1322.49,0.8205128205128205
168784,47,0.6605,0.8803,0.7641,5.73,1418.32,0.8205128205128205
168784,48,0.6605,0.8837,0.7641,5.81,1525.38,0.8205128205128205
168784,49,0.6605,0.8866,0.7641,5.88,1619.24,0.8205128205128205
359954,0,0.4691,0.636,0.5541,13.42,199.3,0.6756756756756757
359954,1,0.4691,0.636,0.5541,13.42,199.3,0.6756756756756757
359954,2,0.4878,0.7523,0.5946,32.51,1665.96,0.6756756756756757
359954,3,0.498,0.8112,0.6216,34.15,1836.87,0.6756756756756757
359954,4,0.5046,0.8384,0.6081,33.0,1847.05,0.6756756756756757
359954,5,0.5078,0.8565,0.6216,30.47,1766.88,0.6756756756756757
359954,6,0.5099,0.8686,0.6351,28.29,1614.79,0.6756756756756757
359954,7,0.5114,0.8807,0.6351,26.24,1480.47,0.6756756756756757
359954,8,0.5121,0.8897,0.6216,24.72,1438.18,0.6756756756756757
359954,9,0.5132,0.8973,0.6351,23.88,1441.57,0.6756756756756757
359954,10,0.5138,0.9109,0.6486,22.7,1404.06,0.6756756756756757
359954,11,0.5155,0.9109,0.6622,21.76,1366.48,0.6756756756756757
359954,12,0.5173,0.9109,0.6622,20.64,1310.97,0.6756756756756757
359954,13,0.5178,0.923,0.6622,19.65,1273.72,0.6756756756756757
359954,14,0.5181,0.9245,0.6622,18.87,1235.71,0.6756756756756757
359954,15,0.5187,0.926,0.6622,18.2,1217.3,0.6756756756756757
359954,16,0.5183,0.935,0.6892,17.68,1208.26,0.6756756756756757
359954,17,0.5178,0.9381,0.6757,17.11,1207.51,0.6756756756756757
359954,18,0.5177,0.9381,0.6757,16.53,1186.68,0.6756756756756757
359954,19,0.5176,0.9441,0.6757,16.07,1165.07,0.6756756756756757
359954,20,0.5182,0.9456,0.6892,15.55,1145.52,0.6756756756756757
359954,21,0.519,0.9471,0.6757,15.13,1126.55,0.6756756756756757
359954,22,0.5194,0.9456,0.6757,14.88,1114.89,0.6756756756756757
359954,23,0.52,0.9471,0.6892,14.72,1104.21,0.6756756756756757
359954,24,0.5204,0.9517,0.6757,14.43,1092.81,0.6756756756756757
359954,25,0.5209,0.9517,0.6757,14.22,1096.73,0.6756756756756757
359954,26,0.5209,0.9547,0.6757,14.07,1084.96,0.6756756756756757
359954,27,0.5209,0.9547,0.6757,13.87,1073.73,0.6756756756756757
359954,28,0.5209,0.9547,0.6757,13.6,1065.1,0.6756756756756757
359954,29,0.521,0.9577,0.6757,13.42,1062.71,0.6756756756756757
359954,30,0.5211,0.9547,0.6757,13.23,1055.85,0.6756756756756757
359954,31,0.5216,0.9547,0.6757,13.05,1045.79,0.6756756756756757
359954,32,0.5217,0.9532,0.6757,12.83,1036.69,0.6756756756756757
359954,33,0.522,0.9547,0.6757,12.68,1022.88,0.6756756756756757
359954,34,0.522,0.9547,0.6757,12.59,1017.26,0.6756756756756757
359954,35,0.5221,0.9562,0.6757,12.42,1003.13,0.6756756756756757
359954,36,0.5224,0.9562,0.6757,12.24,987.48,0.6756756756756757
359954,37,0.5223,0.9562,0.6757,12.13,976.25,0.6756756756756757
359954,38,0.5224,0.9577,0.6757,11.9,965.36,0.6756756756756757
359954,39,0.5224,0.9592,0.6757,11.76,957.53,0.6756756756756757
359954,40,0.5222,0.9577,0.6757,11.67,951.03,0.6756756756756757
359954,41,0.5223,0.9592,0.6757,11.47,941.03,0.6756756756756757
359954,42,0.5225,0.9577,0.6757,11.32,931.43,0.6756756756756757
359954,43,0.5227,0.9577,0.6757,11.16,921.1,0.6756756756756757
359954,44,0.523,0.9577,0.6757,10.99,912.77,0.6756756756756757
359954,45,0.5234,0.9577,0.6757,10.82,904.15,0.6756756756756757
359954,46,0.5233,0.9577,0.6757,10.67,898.62,0.6756756756756757
359954,47,0.5233,0.9592,0.6757,10.61,896.71,0.6756756756756757
359954,48,0.5234,0.9577,0.6757,10.47,885.55,0.6756756756756757
359954,49,0.5238,0.9607,0.6757,10.33,877.9,0.6756756756756757
168784,0,0.6175,0.7423,0.7333,3.88,94.74,0.8205128205128205
168784,1,0.6175,0.7423,0.7333,3.88,94.74,0.8205128205128205
168784,2,0.6319,0.7904,0.759,10.71,722.54,0.8205128205128205
168784,3,0.6403,0.8087,0.7538,11.19,797.3,0.8205128205128205
168784,4,0.6446,0.8236,0.7692,10.9,811.15,0.8205128205128205
168784,5,0.6482,0.8316,0.7744,10.66,801.46,0.8205128205128205
168784,6,0.6505,0.8391,0.7692,10.23,789.73,0.8205128205128205
168784,7,0.6525,0.8465,0.7744,9.87,836.6,0.8205128205128205
168784,8,0.6535,0.8522,0.7744,9.74,836.22,0.8205128205128205
168784,9,0.6556,0.858,0.7795,9.44,815.37,0.8205128205128205
168784,10,0.657,0.8608,0.7795,9.28,813.22,0.8205128205128205
168784,11,0.6577,0.8625,0.7846,8.91,810.17,0.8205128205128205
168784,12,0.658,0.8666,0.7897,8.64,808.55,0.8205128205128205
168784,13,0.6592,0.87,0.7897,8.53,809.82,0.8205128205128205
168784,14,0.6597,0.8717,0.7846,8.4,786.53,0.8205128205128205
168784,15,0.6604,0.8769,0.7846,8.15,770.03,0.8205128205128205
168784,16,0.6611,0.878,0.7846,7.92,745.56,0.8205128205128205
168784,17,0.6615,0.8786,0.7846,7.71,736.55,0.8205128205128205
168784,18,0.6616,0.8774,0.7846,7.6,730.26,0.8205128205128205
168784,19,0.6621,0.8786,0.7897,7.48,729.07,0.8205128205128205
168784,20,0.6621,0.8814,0.7897,7.3,717.07,0.8205128205128205
168784,21,0.6624,0.8849,0.7846,7.13,699.77,0.8205128205128205
168784,22,0.6624,0.8866,0.7897,7.04,686.54,0.8205128205128205
168784,23,0.6623,0.8889,0.7897,6.89,680.89,0.8205128205128205
168784,24,0.6621,0.8889,0.7846,6.91,685.23,0.8205128205128205
168784,25,0.6621,0.89,0.7795,6.85,714.77,0.8205128205128205
168784,26,0.6619,0.8918,0.7795,6.78,733.87,0.8205128205128205
168784,27,0.6619,0.8929,0.7795,6.8,760.19,0.8205128205128205
168784,28,0.662,0.8958,0.7846,6.76,784.89,0.8205128205128205
168784,29,0.662,0.8958,0.7897,6.69,806.48,0.8205128205128205
168784,30,0.6617,0.8975,0.7897,6.66,820.45,0.8205128205128205
168784,31,0.6617,0.9003,0.7846,6.6,834.16,0.8205128205128205
168784,32,0.6616,0.9003,0.7846,6.57,861.2,0.8205128205128205
168784,33,0.6614,0.9032,0.7846,6.65,909.38,0.8205128205128205
168784,34,0.661,0.9032,0.7897,6.63,922.28,0.8205128205128205
168784,35,0.6604,0.9044,0.7949,6.7,948.35,0.8205128205128205
168784,36,0.6599,0.9038,0.7846,6.92,980.12,0.8205128205128205
168784,37,0.6593,0.9055,0.7795,7.01,1022.93,0.8205128205128205
168784,38,0.6589,0.9055,0.7795,7.1,1060.19,0.8205128205128205
168784,39,0.6588,0.9061,0.7744,7.15,1092.1,0.8205128205128205
168784,40,0.6586,0.9055,0.7692,7.16,1125.96,0.8205128205128205
168784,41,0.6586,0.9055,0.7641,7.21,1149.79,0.8205128205128205
168784,42,0.6585,0.9066,0.759,7.23,1217.89,0.8205128205128205
168784,43,0.6583,0.9072,0.7641,7.26,1272.18,0.8205128205128205
168784,44,0.6582,0.9084,0.7641,7.3,1332.6,0.8205128205128205
168784,45,0.6583,0.9089,0.7641,7.27,1420.41,0.8205128205128205
168784,46,0.6585,0.9095,0.7641,7.28,1500.77,0.8205128205128205
168784,47,0.6586,0.9118,0.7692,7.31,1581.51,0.8205128205128205
168784,48,0.6587,0.9124,0.7744,7.35,1667.06,0.8205128205128205
168784,49,0.6587,0.9141,0.7692,7.37,1741.63,0.8205128205128205
168784,0,0.6231,0.7451,0.7692,4.05,248.63,0.8153846153846154
168784,1,0.6231,0.7451,0.7692,4.05,248.63,0.8153846153846154
168784,2,0.6329,0.7743,0.759,8.94,482.81,0.8153846153846154
168784,3,0.6363,0.7955,0.7641,9.62,511.78,0.8153846153846154
168784,4,0.6361,0.7995,0.7641,10.07,502.05,0.8153846153846154
168784,5,0.6361,0.8007,0.759,10.24,492.01,0.8153846153846154
168784,6,0.6384,0.8036,0.7641,10.22,499.3,0.8153846153846154
168784,7,0.6396,0.8093,0.759,10.09,510.35,0.8153846153846154
168784,8,0.6406,0.8207,0.759,10.29,563.86,0.8153846153846154
168784,9,0.6408,0.8219,0.759,10.38,572.18,0.8153846153846154
168784,10,0.6401,0.8219,0.7538,10.46,583.72,0.8153846153846154
168784,11,0.6399,0.8276,0.7641,10.63,609.66,0.8153846153846154
168784,12,0.6389,0.8265,0.7692,10.79,630.99,0.8153846153846154
168784,13,0.6379,0.8282,0.7692,11.09,656.79,0.8153846153846154
168784,14,0.6379,0.8305,0.7692,11.21,706.55,0.8153846153846154
168784,15,0.6392,0.8351,0.7744,11.3,881.92,0.8153846153846154
168784,16,0.6404,0.8396,0.7744,11.44,1019.24,0.8153846153846154
168784,17,0.6414,0.8442,0.7692,11.49,1148.82,0.8153846153846154
168784,18,0.6424,0.8505,0.7744,11.6,1268.09,0.8153846153846154
168784,19,0.6436,0.8551,0.7744,11.61,1374.06,0.8153846153846154
168784,20,0.6446,0.8591,0.7744,11.72,1486.47,0.8153846153846154
168784,21,0.6452,0.8648,0.7744,11.87,1592.03,0.8153846153846154
168784,22,0.646,0.8671,0.7692,11.95,1692.19,0.8153846153846154
168784,23,0.6465,0.8717,0.7692,12.08,1805.33,0.8153846153846154
168784,24,0.6472,0.8751,0.7692,12.18,1920.44,0.8153846153846154
168784,25,0.6478,0.8786,0.7744,12.27,2072.9,0.8153846153846154
168784,26,0.6483,0.882,0.7744,12.44,2367.73,0.8153846153846154
168784,27,0.6489,0.8855,0.7744,12.63,2629.98,0.8153846153846154
168784,28,0.6495,0.8958,0.7744,12.8,2843.96,0.8153846153846154
168784,29,0.6502,0.8992,0.7692,12.91,3045.49,0.8153846153846154
168784,30,0.6508,0.9026,0.7692,13.01,3211.07,0.8153846153846154
168784,31,0.6509,0.9084,0.7641,13.25,3421.15,0.8153846153846154
168784,32,0.6511,0.9112,0.7641,13.38,3591.31,0.8153846153846154
168784,33,0.6515,0.9129,0.7692,13.47,3736.14,0.8153846153846154
168784,34,0.6517,0.9164,0.7641,13.56,3856.28,0.8153846153846154
168784,35,0.6518,0.917,0.7641,13.53,3924.87,0.8153846153846154
168784,36,0.6519,0.9175,0.7744,13.46,3962.3,0.8153846153846154
168784,37,0.6521,0.9227,0.7692,13.39,4015.98,0.8153846153846154
168784,38,0.6523,0.9255,0.7641,13.45,4187.8,0.8153846153846154
168784,39,0.6525,0.929,0.7641,13.48,4330.85,0.8153846153846154
168784,40,0.6528,0.9324,0.7641,13.51,4453.28,0.8153846153846154
168784,41,0.653,0.9341,0.7692,13.57,4621.62,0.8153846153846154
168784,42,0.653,0.9364,0.7744,13.64,4797.46,0.8153846153846154
168784,43,0.6532,0.9399,0.7692,13.73,4960.26,0.8153846153846154
168784,44,0.6533,0.9444,0.7692,13.83,5092.98,0.8153846153846154
168784,45,0.6534,0.949,0.7641,13.86,5238.16,0.8153846153846154
168784,46,0.6535,0.9513,0.7641,13.89,5356.84,0.8153846153846154
168784,47,0.6535,0.9548,0.7641,13.94,5469.72,0.8153846153846154
168784,48,0.6536,0.9565,0.7641,13.95,5564.72,0.8153846153846154
168784,49,0.6538,0.9582,0.7692,13.96,5650.12,0.8153846153846154
190146,0,0.6394,0.8029,0.7294,3.37,59.08,0.7529411764705882
190146,1,0.6394,0.8029,0.7294,3.37,59.08,0.7529411764705882
190146,2,0.6478,0.8568,0.7412,6.7,222.94,0.7529411764705882
190146,3,0.6505,0.8857,0.7412,6.98,237.43,0.7529411764705882
190146,4,0.6553,0.9014,0.7412,6.62,224.51,0.7529411764705882
190146,5,0.6567,0.9028,0.7294,6.55,204.68,0.7529411764705882
190146,6,0.6578,0.9067,0.7412,6.4,194.56,0.7529411764705882
190146,7,0.6597,0.9093,0.7412,6.17,195.08,0.7529411764705882
190146,8,0.6606,0.912,0.7294,5.93,192.52,0.7529411764705882
190146,9,0.6616,0.9133,0.7412,5.77,189.32,0.7529411764705882
190146,10,0.6619,0.9146,0.7412,5.55,183.76,0.7529411764705882
190146,11,0.6627,0.9159,0.7412,5.36,180.07,0.7529411764705882
190146,12,0.6627,0.9185,0.7412,5.26,174.43,0.7529411764705882
190146,13,0.663,0.9238,0.7412,5.25,181.99,0.7529411764705882
190146,14,0.6631,0.9277,0.7412,5.26,186.24,0.7529411764705882
190146,15,0.6633,0.9277,0.7412,5.17,180.75,0.7529411764705882
190146,16,0.6638,0.933,0.7412,5.23,185.05,0.7529411764705882
190146,17,0.6641,0.9369,0.7412,5.3,185.69,0.7529411764705882
190146,18,0.6647,0.9356,0.7412,5.42,185.48,0.7529411764705882
190146,19,0.6651,0.9356,0.7412,5.43,185.95,0.7529411764705882
190146,20,0.6652,0.9382,0.7412,5.42,183.59,0.7529411764705882
190146,21,0.6656,0.9461,0.7412,5.35,183.17,0.7529411764705882
190146,22,0.666,0.9448,0.7412,5.31,185.12,0.7529411764705882
190146,23,0.6663,0.9474,0.7529,5.23,190.51,0.7529411764705882
190146,24,0.6666,0.9488,0.7529,5.22,199.09,0.7529411764705882
190146,25,0.6667,0.9488,0.7529,5.2,204.28,0.7529411764705882
190146,26,0.6669,0.9514,0.7529,5.24,207.52,0.7529411764705882
190146,27,0.6674,0.9501,0.7529,5.24,213.95,0.7529411764705882
190146,28,0.6674,0.954,0.7529,5.24,221.11,0.7529411764705882
190146,29,0.6676,0.9553,0.7529,5.26,230.91,0.7529411764705882
190146,30,0.6678,0.9553,0.7647,5.26,237.36,0.7529411764705882
190146,31,0.6682,0.958,0.7647,5.34,246.65,0.7529411764705882
190146,32,0.6685,0.958,0.7647,5.4,258.38,0.7529411764705882
190146,33,0.6687,0.9593,0.7529,5.38,277.51,0.7529411764705882
190146,34,0.6689,0.9632,0.7529,5.39,291.51,0.7529411764705882
190146,35,0.6687,0.9632,0.7529,5.43,303.56,0.7529411764705882
190146,36,0.6688,0.9632,0.7529,5.49,316.56,0.7529411764705882
190146,37,0.6688,0.9632,0.7529,5.5,328.42,0.7529411764705882
190146,38,0.6687,0.9645,0.7529,5.55,340.47,0.7529411764705882
190146,39,0.6686,0.9671,0.7529,5.58,350.5,0.7529411764705882
190146,40,0.6685,0.9671,0.7529,5.62,366.77,0.7529411764705882
190146,41,0.6686,0.9685,0.7529,5.68,398.58,0.7529411764705882
190146,42,0.6689,0.9698,0.7529,5.78,425.3,0.7529411764705882
190146,43,0.6691,0.9711,0.7529,5.82,450.84,0.7529411764705882
190146,44,0.6694,0.9711,0.7529,5.82,469.22,0.7529411764705882
190146,45,0.6697,0.9724,0.7529,5.82,489.97,0.7529411764705882
190146,46,0.6697,0.9737,0.7529,5.84,509.1,0.7529411764705882
190146,47,0.6699,0.9763,0.7647,5.84,525.77,0.7529411764705882
190146,48,0.67,0.9763,0.7647,5.85,539.24,0.7529411764705882
190146,49,0.67,0.9777,0.7647,5.93,559.99,0.7529411764705882
190146,0,0.6452,0.7911,0.7412,4.19,112.59,0.7764705882352941
190146,1,0.6452,0.7911,0.7412,4.19,112.59,0.7764705882352941
190146,2,0.6545,0.8699,0.7529,9.36,397.92,0.7764705882352941
190146,3,0.6579,0.8988,0.7529,10.66,499.25,0.7764705882352941
190146,4,0.6567,0.9264,0.7412,11.23,538.95,0.7764705882352941
190146,5,0.6571,0.9422,0.7294,11.65,566.72,0.7764705882352941
190146,6,0.6575,0.9474,0.7412,10.97,539.27,0.7764705882352941
190146,7,0.6583,0.9488,0.7529,10.34,511.24,0.7764705882352941
190146,8,0.6589,0.9488,0.7529,10.18,497.41,0.7764705882352941
190146,9,0.6593,0.9566,0.7529,10.54,513.91,0.7764705882352941
190146,10,0.6606,0.9619,0.7412,10.6,513.58,0.7764705882352941
190146,11,0.6624,0.9671,0.7412,10.63,512.06,0.7764705882352941
190146,12,0.6638,0.9685,0.7412,10.84,510.37,0.7764705882352941
190146,13,0.6645,0.9698,0.7294,10.76,500.96,0.7764705882352941
190146,14,0.6651,0.9685,0.7176,11.08,517.79,0.7764705882352941
190146,15,0.6655,0.9698,0.7176,10.95,520.91,0.7764705882352941
190146,16,0.666,0.9711,0.7059,10.72,518.74,0.7764705882352941
190146,17,0.6666,0.9724,0.7059,10.47,522.11,0.7764705882352941
190146,18,0.6669,0.9724,0.7059,10.41,529.92,0.7764705882352941
190146,19,0.6672,0.9737,0.7059,10.31,538.77,0.7764705882352941
190146,20,0.6677,0.975,0.7176,10.07,546.94,0.7764705882352941
190146,21,0.6679,0.9763,0.7176,9.95,563.69,0.7764705882352941
190146,22,0.6683,0.9763,0.7176,9.82,578.54,0.7764705882352941
190146,23,0.6686,0.9777,0.7176,9.66,604.25,0.7764705882352941
190146,24,0.6689,0.979,0.7176,9.58,621.28,0.7764705882352941
190146,25,0.669,0.9803,0.7176,9.51,638.15,0.7764705882352941
190146,26,0.6694,0.9803,0.7176,9.32,644.91,0.7764705882352941
190146,27,0.67,0.9803,0.7176,9.32,652.02,0.7764705882352941
190146,28,0.67,0.9803,0.7176,9.26,654.73,0.7764705882352941
190146,29,0.6703,0.9803,0.7176,9.24,662.05,0.7764705882352941
190146,30,0.6704,0.9803,0.7176,9.25,668.67,0.7764705882352941
190146,31,0.6707,0.9803,0.7176,9.26,675.79,0.7764705882352941
190146,32,0.6712,0.9803,0.7059,9.31,682.86,0.7764705882352941
190146,33,0.6714,0.9842,0.7176,9.32,683.32,0.7764705882352941
190146,34,0.6717,0.9842,0.7059,9.31,689.02,0.7764705882352941
190146,35,0.6721,0.9842,0.7059,9.29,692.31,0.7764705882352941
190146,36,0.6719,0.9842,0.7059,9.27,696.5,0.7764705882352941
190146,37,0.6722,0.9842,0.7059,9.24,691.16,0.7764705882352941
190146,38,0.6723,0.9842,0.7059,9.22,686.16,0.7764705882352941
190146,39,0.6724,0.9842,0.7059,9.12,677.4,0.7764705882352941
190146,40,0.6724,0.9855,0.7059,9.06,675.35,0.7764705882352941
190146,41,0.6724,0.9855,0.7176,9.03,670.59,0.7764705882352941
190146,42,0.6726,0.9869,0.7176,9.01,665.03,0.7764705882352941
190146,43,0.6725,0.9869,0.7176,8.93,660.59,0.7764705882352941
190146,44,0.6726,0.9869,0.7176,8.88,662.14,0.7764705882352941
190146,45,0.6727,0.9882,0.7176,8.79,658.21,0.7764705882352941
190146,46,0.6726,0.9882,0.7176,8.7,654.85,0.7764705882352941
190146,47,0.6727,0.9882,0.7176,8.6,650.95,0.7764705882352941
190146,48,0.6728,0.9882,0.7176,8.54,649.62,0.7764705882352941
190146,49,0.6728,0.9895,0.7176,8.49,648.38,0.7764705882352941
359954,0,0.4636,0.6526,0.5676,11.8,198.76,0.6756756756756757
359954,1,0.4636,0.6526,0.5676,11.8,198.76,0.6756756756756757
359954,2,0.4854,0.719,0.5541,10.97,544.68,0.6756756756756757
359954,3,0.4932,0.7689,0.5811,10.46,666.26,0.6756756756756757
359954,4,0.4967,0.7885,0.5811,9.68,632.74,0.6756756756756757
359954,5,0.5014,0.7991,0.6081,8.69,587.04,0.6756756756756757
359954,6,0.5028,0.8082,0.6216,7.93,543.51,0.6756756756756757
359954,7,0.504,0.8157,0.6351,7.55,507.74,0.6756756756756757
359954,8,0.506,0.8187,0.6216,7.04,474.69,0.6756756756756757
359954,9,0.5066,0.8187,0.6351,6.84,450.61,0.6756756756756757
359954,10,0.5074,0.8172,0.6216,7.33,442.76,0.6756756756756757
359954,11,0.5077,0.8233,0.6351,7.31,432.63,0.6756756756756757
359954,12,0.5081,0.8248,0.6216,7.23,415.82,0.6756756756756757
359954,13,0.5086,0.8248,0.6351,6.95,402.49,0.6756756756756757
359954,14,0.5084,0.8248,0.6351,6.75,392.09,0.6756756756756757
359954,15,0.5091,0.8248,0.6216,6.65,389.27,0.6756756756756757
359954,16,0.51,0.8263,0.6351,6.41,376.23,0.6756756756756757
359954,17,0.5111,0.8248,0.6351,6.28,367.82,0.6756756756756757
359954,18,0.5108,0.8263,0.6351,6.25,362.11,0.6756756756756757
359954,19,0.5111,0.8278,0.6351,6.03,352.06,0.6756756756756757
359954,20,0.5115,0.8278,0.6351,5.95,344.1,0.6756756756756757
359954,21,0.5118,0.8263,0.6351,5.83,339.96,0.6756756756756757
359954,22,0.5122,0.8263,0.6351,5.69,341.09,0.6756756756756757
359954,23,0.5125,0.8293,0.6351,6.01,357.59,0.6756756756756757
359954,24,0.5134,0.8353,0.6486,6.27,367.82,0.6756756756756757
359954,25,0.5133,0.8323,0.6486,6.61,379.91,0.6756756756756757
359954,26,0.5137,0.8353,0.6486,6.89,391.58,0.6756756756756757
359954,27,0.5138,0.8369,0.6486,7.33,410.59,0.6756756756756757
359954,28,0.5139,0.8384,0.6486,7.76,430.25,0.6756756756756757
359954,29,0.5139,0.8399,0.6486,8.14,458.62,0.6756756756756757
359954,30,0.514,0.8399,0.6486,8.48,478.58,0.6756756756756757
359954,31,0.5142,0.8414,0.6486,8.52,501.09,0.6756756756756757
359954,32,0.5143,0.8444,0.6486,8.52,528.95,0.6756756756756757
359954,33,0.5144,0.8474,0.6486,8.45,528.43,0.6756756756756757
359954,34,0.5144,0.8489,0.6486,8.33,524.79,0.6756756756756757
359954,35,0.5146,0.8505,0.6486,8.15,522.97,0.6756756756756757
359954,36,0.5148,0.8489,0.6486,7.95,516.78,0.6756756756756757
359954,37,0.515,0.8474,0.6486,7.77,511.4,0.6756756756756757
359954,38,0.5152,0.8489,0.6486,7.6,505.48,0.6756756756756757
359954,39,0.5154,0.8505,0.6486,7.43,499.11,0.6756756756756757
359954,40,0.5156,0.8489,0.6486,7.31,493.51,0.6756756756756757
359954,41,0.5159,0.8505,0.6486,7.17,490.66,0.6756756756756757
359954,42,0.5162,0.8505,0.6486,7.04,487.81,0.6756756756756757
359954,43,0.5164,0.855,0.6486,6.93,485.3,0.6756756756756757
359954,44,0.5167,0.8535,0.6486,6.8,482.31,0.6756756756756757
359954,45,0.5171,0.8565,0.6486,6.69,480.05,0.6756756756756757
359954,46,0.5174,0.852,0.6351,6.58,476.78,0.6756756756756757
359954,47,0.5176,0.852,0.6351,6.48,475.0,0.6756756756756757
359954,48,0.5177,0.8535,0.6351,6.37,473.54,0.6756756756756757
359954,49,0.5178,0.8565,0.6351,6.31,474.94,0.6756756756756757
190146,0,0.6544,0.8344,0.7412,4.44,112.46,0.7764705882352941
190146,1,0.6544,0.8344,0.7412,4.44,112.46,0.7764705882352941
190146,2,0.6591,0.8909,0.7412,10.86,323.94,0.7764705882352941
190146,3,0.6599,0.9028,0.7412,11.55,341.65,0.7764705882352941
190146,4,0.661,0.9093,0.7412,11.51,326.07,0.7764705882352941
190146,5,0.6615,0.9264,0.7412,11.5,346.45,0.7764705882352941
190146,6,0.6622,0.9409,0.7412,11.74,386.42,0.7764705882352941
190146,7,0.664,0.9501,0.7412,11.64,436.65,0.7764705882352941
190146,8,0.6646,0.9566,0.7529,11.29,460.02,0.7764705882352941
190146,9,0.6649,0.9645,0.7294,10.99,484.05,0.7764705882352941
190146,10,0.6648,0.9698,0.7412,10.8,495.83,0.7764705882352941
190146,11,0.6654,0.975,0.7412,10.49,530.25,0.7764705882352941
190146,12,0.6658,0.9763,0.7412,10.76,565.97,0.7764705882352941
190146,13,0.6668,0.9829,0.7412,10.75,590.21,0.7764705882352941
190146,14,0.6673,0.9842,0.7529,10.95,626.41,0.7764705882352941
190146,15,0.668,0.9869,0.7529,11.02,635.64,0.7764705882352941
190146,16,0.6688,0.9869,0.7647,11.17,660.08,0.7764705882352941
190146,17,0.6695,0.9869,0.7647,11.0,690.79,0.7764705882352941
190146,18,0.6701,0.9882,0.7765,10.92,714.21,0.7764705882352941
190146,19,0.6701,0.9895,0.7765,10.64,730.78,0.7764705882352941
190146,20,0.6705,0.9895,0.7765,10.37,745.17,0.7764705882352941
190146,21,0.6705,0.9908,0.7765,10.21,771.99,0.7764705882352941
190146,22,0.6704,0.9947,0.7765,10.34,799.21,0.7764705882352941
190146,23,0.6699,0.9961,0.7882,10.36,814.31,0.7764705882352941
190146,24,0.6698,0.9974,0.7882,10.42,828.79,0.7764705882352941
190146,25,0.6697,0.9974,0.7882,10.43,840.85,0.7764705882352941
190146,26,0.6699,0.9987,0.7882,10.43,848.09,0.7764705882352941
190146,27,0.6702,0.9987,0.7882,10.47,849.13,0.7764705882352941
190146,28,0.67,0.9987,0.7882,10.46,851.61,0.7764705882352941
190146,29,0.6698,0.9987,0.7882,10.47,854.95,0.7764705882352941
190146,30,0.6699,0.9987,0.7882,10.4,864.3,0.7764705882352941
190146,31,0.6697,0.9987,0.7765,10.35,871.62,0.7764705882352941
190146,32,0.6698,0.9987,0.7647,10.31,873.96,0.7764705882352941
190146,33,0.6698,0.9987,0.7647,10.25,875.4,0.7764705882352941
190146,34,0.6697,0.9987,0.7529,10.3,879.23,0.7764705882352941
190146,35,0.6698,0.9987,0.7529,10.29,878.16,0.7764705882352941
190146,36,0.6697,0.9987,0.7529,10.4,875.6,0.7764705882352941
190146,37,0.6696,0.9987,0.7529,10.44,873.68,0.7764705882352941
190146,38,0.6695,0.9987,0.7529,10.43,870.23,0.7764705882352941
190146,39,0.6697,0.9987,0.7529,10.43,865.0,0.7764705882352941
190146,40,0.6697,0.9987,0.7529,10.42,859.92,0.7764705882352941
190146,41,0.6697,0.9987,0.7529,10.39,854.66,0.7764705882352941
190146,42,0.6698,0.9987,0.7412,10.37,850.35,0.7764705882352941
190146,43,0.6697,0.9987,0.7529,10.35,844.39,0.7764705882352941
190146,44,0.6696,0.9987,0.7412,10.31,837.94,0.7764705882352941
190146,45,0.6695,0.9987,0.7412,10.31,831.38,0.7764705882352941
190146,46,0.6696,0.9987,0.7529,10.24,826.04,0.7764705882352941
190146,47,0.6697,0.9987,0.7529,10.24,819.26,0.7764705882352941
190146,48,0.6696,0.9987,0.7529,10.3,813.81,0.7764705882352941
190146,49,0.6694,0.9987,0.7412,10.27,806.71,0.7764705882352941
359959,0,0.4537,0.4279,0.4257,10.14,70.14,0.5337837837837838
359959,1,0.4537,0.4279,0.4257,10.14,70.14,0.5337837837837838
359959,2,0.4635,0.5011,0.4662,13.85,97.05,0.5337837837837838
359959,3,0.4668,0.523,0.5203,13.52,97.72,0.5337837837837838
359959,4,0.4682,0.5275,0.5135,13.32,98.3,0.5337837837837838
359959,5,0.4697,0.5449,0.5338,12.95,101.26,0.5337837837837838
359959,6,0.4722,0.5645,0.5135,13.06,106.61,0.5337837837837838
359959,7,0.4731,0.5743,0.5338,12.68,105.51,0.5337837837837838
359959,8,0.4736,0.5774,0.5405,12.29,104.55,0.5337837837837838
359959,9,0.4746,0.5826,0.5405,11.74,100.04,0.5337837837837838
359959,10,0.475,0.5857,0.5608,11.34,96.03,0.5337837837837838
359959,11,0.4759,0.5849,0.5608,10.98,92.92,0.5337837837837838
359959,12,0.4761,0.5857,0.5473,10.68,90.55,0.5337837837837838
359959,13,0.477,0.5857,0.5473,10.39,88.99,0.5337837837837838
359959,14,0.4775,0.5796,0.5338,10.22,88.53,0.5337837837837838
359959,15,0.4778,0.5766,0.5405,10.04,87.05,0.5337837837837838
359959,16,0.478,0.5774,0.5405,9.74,85.22,0.5337837837837838
359959,17,0.4783,0.5781,0.5473,9.61,84.59,0.5337837837837838
359959,18,0.4784,0.5774,0.5473,9.41,83.15,0.5337837837837838
359959,19,0.4784,0.5774,0.5541,9.25,81.89,0.5337837837837838
359959,20,0.4786,0.5743,0.5541,9.15,80.8,0.5337837837837838
359959,21,0.4788,0.5804,0.5541,8.99,79.29,0.5337837837837838
359959,22,0.4791,0.5781,0.5541,8.9,78.32,0.5337837837837838
359959,23,0.479,0.5781,0.5541,8.89,78.05,0.5337837837837838
359959,24,0.4793,0.5774,0.5541,8.85,77.47,0.5337837837837838
359959,25,0.4794,0.5774,0.5473,8.83,76.93,0.5337837837837838
359959,26,0.4796,0.5766,0.5541,8.87,76.45,0.5337837837837838
359959,27,0.4799,0.5774,0.5473,8.82,75.68,0.5337837837837838
359959,28,0.4799,0.5781,0.5473,8.83,75.05,0.5337837837837838
359959,29,0.4799,0.5781,0.5473,8.92,75.29,0.5337837837837838
359959,30,0.4799,0.5789,0.5473,8.91,74.95,0.5337837837837838
359959,31,0.4795,0.5789,0.5473,8.91,74.58,0.5337837837837838
359959,32,0.479,0.5774,0.5541,9.1,74.98,0.5337837837837838
359959,33,0.4788,0.5781,0.5541,9.14,74.76,0.5337837837837838
359959,34,0.4788,0.5781,0.5541,9.12,74.36,0.5337837837837838
359959,35,0.4784,0.5766,0.5541,9.27,74.56,0.5337837837837838
359959,36,0.4781,0.5819,0.5541,9.29,74.36,0.5337837837837838
359959,37,0.478,0.5826,0.5541,9.29,73.87,0.5337837837837838
359959,38,0.4778,0.5819,0.5541,9.26,73.19,0.5337837837837838
359959,39,0.4774,0.5789,0.5541,9.28,72.69,0.5337837837837838
359959,40,0.4772,0.5796,0.5541,9.3,72.39,0.5337837837837838
359959,41,0.4771,0.5804,0.5473,9.34,72.18,0.5337837837837838
359959,42,0.4767,0.5781,0.5473,9.41,72.08,0.5337837837837838
359959,43,0.4765,0.5774,0.5473,9.4,71.66,0.5337837837837838
359959,44,0.4764,0.5781,0.5473,9.36,70.98,0.5337837837837838
359959,45,0.4765,0.5751,0.5473,9.36,70.71,0.5337837837837838
359959,46,0.4766,0.5758,0.5541,9.32,70.75,0.5337837837837838
359959,47,0.4766,0.5751,0.5608,9.24,70.17,0.5337837837837838
359959,48,0.4765,0.5758,0.5541,9.2,69.69,0.5337837837837838
359959,49,0.4767,0.5781,0.5541,9.12,69.13,0.5337837837837838
190146,0,0.6516,0.841,0.7412,5.43,171.09,0.7529411764705882
190146,1,0.6516,0.841,0.7412,5.43,171.09,0.7529411764705882
190146,2,0.6555,0.9238,0.7412,11.06,654.77,0.7529411764705882
190146,3,0.6571,0.9317,0.7412,11.82,697.32,0.7529411764705882
190146,4,0.6586,0.9382,0.7412,12.51,721.51,0.7529411764705882
190146,5,0.6624,0.954,0.7529,11.6,685.2,0.7529411764705882
190146,6,0.6658,0.9619,0.7529,10.69,627.2,0.7529411764705882
190146,7,0.6656,0.9698,0.7529,10.11,588.0,0.7529411764705882
190146,8,0.6657,0.9737,0.7412,9.67,554.89,0.7529411764705882
190146,9,0.6663,0.979,0.7176,9.09,514.59,0.7529411764705882
190146,10,0.6667,0.9763,0.7176,8.63,486.19,0.7529411764705882
190146,11,0.6673,0.9803,0.7176,8.06,463.44,0.7529411764705882
190146,12,0.6679,0.9803,0.7294,7.93,448.83,0.7529411764705882
190146,13,0.6687,0.9803,0.7294,7.83,431.79,0.7529411764705882
190146,14,0.6689,0.9816,0.7176,7.39,411.29,0.7529411764705882
190146,15,0.6691,0.9816,0.7294,7.02,392.08,0.7529411764705882
190146,16,0.6688,0.9816,0.7412,6.66,376.3,0.7529411764705882
190146,17,0.6692,0.9829,0.7412,6.39,362.95,0.7529411764705882
190146,18,0.6695,0.9816,0.7529,6.16,351.06,0.7529411764705882
190146,19,0.6695,0.9842,0.7412,5.95,341.83,0.7529411764705882
190146,20,0.6701,0.9855,0.7412,5.95,336.51,0.7529411764705882
190146,21,0.6705,0.9882,0.7412,5.95,335.32,0.7529411764705882
190146,22,0.6709,0.9895,0.7412,6.02,334.12,0.7529411764705882
190146,23,0.6713,0.9921,0.7412,6.07,340.97,0.7529411764705882
190146,24,0.6716,0.9921,0.7412,6.06,345.0,0.7529411764705882
190146,25,0.6718,0.9947,0.7412,6.06,354.52,0.7529411764705882
190146,26,0.6722,0.9947,0.7412,6.2,362.42,0.7529411764705882
190146,27,0.6726,0.9947,0.7412,6.35,371.51,0.7529411764705882
190146,28,0.6731,0.9934,0.7412,6.46,377.21,0.7529411764705882
190146,29,0.6731,0.9934,0.7412,6.65,383.77,0.7529411764705882
190146,30,0.6733,0.9934,0.7412,6.85,389.62,0.7529411764705882
190146,31,0.6737,0.9934,0.7412,6.98,392.47,0.7529411764705882
190146,32,0.674,0.9934,0.7412,7.12,393.01,0.7529411764705882
190146,33,0.674,0.9934,0.7412,7.22,404.5,0.7529411764705882
190146,34,0.6741,0.9934,0.7412,7.38,412.83,0.7529411764705882
190146,35,0.6743,0.9934,0.7294,7.58,420.83,0.7529411764705882
190146,36,0.6745,0.9934,0.7294,7.69,427.38,0.7529411764705882
190146,37,0.6747,0.9934,0.7294,7.79,438.2,0.7529411764705882
190146,38,0.6748,0.9934,0.7294,7.93,448.05,0.7529411764705882
190146,39,0.6751,0.9921,0.7294,8.06,459.72,0.7529411764705882
190146,40,0.6752,0.9921,0.7294,8.22,471.97,0.7529411764705882
190146,41,0.6752,0.9921,0.7294,8.31,482.22,0.7529411764705882
190146,42,0.6754,0.9921,0.7294,8.36,493.67,0.7529411764705882
190146,43,0.6756,0.9921,0.7294,8.49,504.76,0.7529411764705882
190146,44,0.6758,0.9921,0.7294,8.51,513.9,0.7529411764705882
190146,45,0.6759,0.9921,0.7294,8.55,521.9,0.7529411764705882
190146,46,0.6759,0.9934,0.7294,8.56,531.04,0.7529411764705882
190146,47,0.676,0.9934,0.7294,8.58,536.72,0.7529411764705882
190146,48,0.676,0.9934,0.7294,8.61,543.05,0.7529411764705882
190146,49,0.676,0.9934,0.7294,8.62,547.83,0.7529411764705882
359954,0,0.4631,0.636,0.5541,13.96,132.64,0.6621621621621622
359954,1,0.4631,0.636,0.5541,13.96,132.64,0.6621621621621622
359954,2,0.4664,0.6571,0.5405,21.73,432.07,0.6621621621621622
359954,3,0.4657,0.6601,0.527,26.31,595.76,0.6621621621621622
359954,4,0.466,0.6647,0.5,29.59,741.14,0.6621621621621622
359954,5,0.4642,0.6586,0.5,31.47,798.44,0.6621621621621622
359954,6,0.4671,0.6707,0.5,33.24,862.7,0.6621621621621622
359954,7,0.4693,0.6888,0.5,33.61,894.24,0.6621621621621622
359954,8,0.4722,0.7009,0.5405,33.67,984.18,0.6621621621621622
359954,9,0.4719,0.7054,0.527,34.19,1027.13,0.6621621621621622
359954,10,0.4729,0.7236,0.527,33.69,1046.62,0.6621621621621622
359954,11,0.4743,0.7356,0.5541,33.06,1047.98,0.6621621621621622
359954,12,0.4749,0.7387,0.5541,33.15,1063.78,0.6621621621621622
359954,13,0.4765,0.7417,0.5541,32.79,1063.58,0.6621621621621622
359954,14,0.4785,0.7477,0.5541,32.68,1134.03,0.6621621621621622
359954,15,0.4804,0.7583,0.5541,32.48,1188.98,0.6621621621621622
359954,16,0.4828,0.7644,0.5541,32.16,1216.84,0.6621621621621622
359954,17,0.4843,0.7674,0.5541,31.95,1214.85,0.6621621621621622
359954,18,0.4856,0.7689,0.5811,31.44,1249.98,0.6621621621621622
359954,19,0.4859,0.7719,0.5676,31.57,1314.81,0.6621621621621622
359954,20,0.4867,0.7749,0.5811,31.48,1352.11,0.6621621621621622
359954,21,0.4878,0.784,0.5676,31.07,1379.26,0.6621621621621622
359954,22,0.4873,0.784,0.5676,31.52,1407.42,0.6621621621621622
359954,23,0.4873,0.7855,0.5676,31.67,1425.27,0.6621621621621622
359954,24,0.4871,0.784,0.5676,32.07,1443.39,0.6621621621621622
359954,25,0.4875,0.784,0.5811,32.2,1460.67,0.6621621621621622
359954,26,0.4877,0.7855,0.5811,32.59,1483.18,0.6621621621621622
359954,27,0.4888,0.7931,0.5811,32.22,1550.35,0.6621621621621622
359954,28,0.4896,0.8006,0.5811,31.95,1613.21,0.6621621621621622
359954,29,0.4902,0.8066,0.5811,31.7,1658.64,0.6621621621621622
359954,30,0.4907,0.8112,0.5811,31.52,1712.2,0.6621621621621622
359954,31,0.4914,0.8218,0.5811,31.24,1755.64,0.6621621621621622
359954,32,0.4919,0.8263,0.5946,31.39,1799.11,0.6621621621621622
359954,33,0.4926,0.8308,0.5946,30.91,1839.21,0.6621621621621622
359954,34,0.4931,0.8353,0.5946,30.67,1866.53,0.6621621621621622
359954,35,0.4938,0.8399,0.6081,30.49,1900.2,0.6621621621621622
359954,36,0.4941,0.8399,0.6081,30.5,1928.75,0.6621621621621622
359954,37,0.4945,0.8414,0.6081,30.41,1957.53,0.6621621621621622
359954,38,0.4949,0.8414,0.6081,30.28,1974.45,0.6621621621621622
359954,39,0.4953,0.8444,0.6081,30.21,2008.28,0.6621621621621622
359954,40,0.4956,0.8459,0.6081,30.02,2036.66,0.6621621621621622
359954,41,0.4959,0.8489,0.6081,29.93,2065.13,0.6621621621621622
359954,42,0.4957,0.8535,0.6216,29.9,2082.44,0.6621621621621622
359954,43,0.4961,0.8565,0.6216,29.91,2121.58,0.6621621621621622
359954,44,0.4969,0.861,0.6351,29.76,2172.75,0.6621621621621622
359954,45,0.4977,0.8686,0.6351,29.67,2214.88,0.6621621621621622
359954,46,0.4983,0.8716,0.6351,29.55,2247.17,0.6621621621621622
359954,47,0.4988,0.8776,0.6351,29.37,2280.18,0.6621621621621622
359954,48,0.4995,0.8776,0.6351,29.16,2307.56,0.6621621621621622
359954,49,0.5001,0.8807,0.6351,28.92,2333.85,0.6621621621621622
359954,0,0.4527,0.5831,0.5135,15.33,212.43,0.6756756756756757
359954,1,0.4527,0.5831,0.5135,15.33,212.43,0.6756756756756757
359954,2,0.477,0.7251,0.527,35.42,1633.74,0.6756756756756757
359954,3,0.4906,0.79,0.5676,34.29,1740.05,0.6756756756756757
359954,4,0.4985,0.8384,0.6216,31.43,1755.35,0.6756756756756757
359954,5,0.5035,0.861,0.6622,28.6,1808.97,0.6756756756756757
359954,6,0.5056,0.8792,0.6622,26.11,1680.65,0.6756756756756757
359954,7,0.5079,0.8837,0.6486,23.96,1568.53,0.6756756756756757
359954,8,0.5091,0.8867,0.6486,22.31,1471.1,0.6756756756756757
359954,9,0.5105,0.8912,0.6486,20.78,1453.86,0.6756756756756757
359954,10,0.5109,0.8988,0.6486,19.65,1425.05,0.6756756756756757
359954,11,0.5122,0.9079,0.6486,18.44,1408.39,0.6756756756756757
359954,12,0.5138,0.9109,0.6486,17.36,1367.29,0.6756756756756757
359954,13,0.5151,0.9215,0.6757,16.37,1360.16,0.6756756756756757
359954,14,0.5165,0.9275,0.6757,15.51,1356.46,0.6756756756756757
359954,15,0.5173,0.9275,0.6757,14.76,1362.14,0.6756756756756757
359954,16,0.5183,0.9335,0.6757,14.38,1379.18,0.6756756756756757
359954,17,0.5189,0.935,0.6757,14.04,1394.78,0.6756756756756757
359954,18,0.5201,0.9426,0.6622,13.56,1426.33,0.6756756756756757
359954,19,0.5203,0.9426,0.6622,13.37,1448.82,0.6756756756756757
359954,20,0.5206,0.9456,0.6622,13.12,1455.03,0.6756756756756757
359954,21,0.5217,0.9486,0.6622,12.92,1452.1,0.6756756756756757
359954,22,0.522,0.9502,0.6622,12.61,1462.47,0.6756756756756757
359954,23,0.5221,0.9562,0.6622,12.33,1471.44,0.6756756756756757
359954,24,0.5224,0.9622,0.6622,12.09,1481.75,0.6756756756756757
359954,25,0.5227,0.9637,0.6622,12.01,1498.63,0.6756756756756757
359954,26,0.5229,0.9637,0.6622,12.02,1514.44,0.6756756756756757
359954,27,0.5228,0.9668,0.6622,12.06,1533.23,0.6756756756756757
359954,28,0.5225,0.9698,0.6622,12.0,1546.44,0.6756756756756757
359954,29,0.5223,0.9698,0.6622,11.98,1549.22,0.6756756756756757
359954,30,0.5226,0.9713,0.6622,12.03,1553.64,0.6756756756756757
359954,31,0.523,0.9713,0.6622,12.07,1559.17,0.6756756756756757
359954,32,0.5231,0.9713,0.6622,12.07,1556.77,0.6756756756756757
359954,33,0.5232,0.9713,0.6622,12.07,1554.55,0.6756756756756757
359954,34,0.5235,0.9743,0.6622,12.06,1550.92,0.6756756756756757
359954,35,0.5236,0.9743,0.6622,12.01,1543.56,0.6756756756756757
359954,36,0.5233,0.9743,0.6622,11.95,1535.27,0.6756756756756757
359954,37,0.5237,0.9743,0.6622,11.87,1522.67,0.6756756756756757
359954,38,0.5236,0.9758,0.6622,11.81,1510.79,0.6756756756756757
359954,39,0.5239,0.9758,0.6622,11.81,1497.32,0.6756756756756757
359954,40,0.5241,0.9758,0.6622,11.74,1478.99,0.6756756756756757
359954,41,0.5247,0.9789,0.6622,11.68,1464.8,0.6756756756756757
359954,42,0.5249,0.9789,0.6622,11.6,1448.55,0.6756756756756757
359954,43,0.5254,0.9789,0.6622,11.52,1432.66,0.6756756756756757
359954,44,0.5255,0.9789,0.6622,11.4,1414.87,0.6756756756756757
359954,45,0.5255,0.9789,0.6622,11.27,1402.15,0.6756756756756757
359954,46,0.5255,0.9789,0.6622,11.16,1390.74,0.6756756756756757
359954,47,0.5255,0.9804,0.6622,11.04,1379.89,0.6756756756756757
359954,48,0.5256,0.9804,0.6622,10.93,1363.65,0.6756756756756757
359954,49,0.5257,0.9819,0.6622,10.83,1354.15,0.6756756756756757
359959,0,0.4573,0.4475,0.4257,11.69,98.88,0.527027027027027
359959,1,0.4573,0.4475,0.4257,11.69,98.88,0.527027027027027
359959,2,0.4576,0.4272,0.4257,9.75,72.93,0.527027027027027
359959,3,0.4573,0.4272,0.4257,9.05,60.32,0.527027027027027
359959,4,0.4562,0.4272,0.4257,8.54,51.55,0.527027027027027
359959,5,0.4552,0.4272,0.4257,8.02,45.06,0.527027027027027
359959,6,0.4536,0.4272,0.4257,7.61,40.38,0.527027027027027
359959,7,0.4533,0.4272,0.4257,7.41,37.03,0.527027027027027
359959,8,0.4518,0.4272,0.4257,7.09,34.13,0.527027027027027
359959,9,0.4517,0.4272,0.4257,6.91,31.8,0.527027027027027
359959,10,0.4512,0.4272,0.4257,6.72,30.03,0.527027027027027
359959,11,0.4512,0.4272,0.4257,6.62,28.55,0.527027027027027
359959,12,0.4509,0.4272,0.4257,6.48,27.31,0.527027027027027
359959,13,0.4516,0.4272,0.4257,6.51,27.04,0.527027027027027
359959,14,0.452,0.4272,0.4257,6.56,27.36,0.527027027027027
359959,15,0.4528,0.4272,0.4257,7.0,28.98,0.527027027027027
359959,16,0.453,0.4272,0.4257,7.21,29.18,0.527027027027027
359959,17,0.4537,0.4272,0.4257,7.24,28.93,0.527027027027027
359959,18,0.455,0.4272,0.4257,7.36,28.95,0.527027027027027
359959,19,0.456,0.4272,0.4257,7.45,29.04,0.527027027027027
359959,20,0.4574,0.4272,0.4257,7.61,29.38,0.527027027027027
359959,21,0.4583,0.4272,0.4257,7.69,29.79,0.527027027027027
359959,22,0.4595,0.4272,0.4257,7.82,30.62,0.527027027027027
359959,23,0.4603,0.4302,0.4257,7.93,31.56,0.527027027027027
359959,24,0.461,0.4408,0.4257,7.93,31.54,0.527027027027027
359959,25,0.4616,0.443,0.4257,7.91,31.28,0.527027027027027
359959,26,0.4618,0.4445,0.4257,7.92,30.98,0.527027027027027
359959,27,0.4619,0.446,0.4257,8.0,31.51,0.527027027027027
359959,28,0.4624,0.4513,0.4324,8.06,32.1,0.527027027027027
359959,29,0.4625,0.4521,0.4324,8.14,32.45,0.527027027027027
359959,30,0.4627,0.4543,0.4392,8.32,33.95,0.527027027027027
359959,31,0.463,0.4558,0.4392,8.63,36.39,0.527027027027027
359959,32,0.4633,0.4581,0.4459,8.83,38.41,0.527027027027027
359959,33,0.4634,0.4649,0.4392,9.01,40.21,0.527027027027027
359959,34,0.4638,0.4657,0.4392,9.21,41.69,0.527027027027027
359959,35,0.4639,0.4702,0.4459,9.48,45.41,0.527027027027027
359959,36,0.4645,0.4777,0.4527,10.06,52.4,0.527027027027027
359959,37,0.465,0.4823,0.4595,10.58,59.33,0.527027027027027
359959,38,0.4656,0.4875,0.4595,10.87,63.32,0.527027027027027
359959,39,0.466,0.4928,0.4595,11.13,66.16,0.527027027027027
359959,40,0.4662,0.4951,0.4595,11.28,68.35,0.527027027027027
359959,41,0.4667,0.4996,0.4797,11.43,71.0,0.527027027027027
359959,42,0.4672,0.5026,0.4797,11.57,72.84,0.527027027027027
359959,43,0.4676,0.5049,0.4865,11.72,74.93,0.527027027027027
359959,44,0.468,0.5079,0.4932,11.83,76.25,0.527027027027027
359959,45,0.4686,0.5109,0.4932,11.9,77.29,0.527027027027027
359959,46,0.4692,0.5125,0.4932,11.94,77.81,0.527027027027027
359959,47,0.4694,0.5125,0.5,12.04,80.13,0.527027027027027
359959,48,0.4698,0.5162,0.5,12.15,82.56,0.527027027027027
359959,49,0.4701,0.5192,0.5135,12.31,85.44,0.527027027027027
168784,0,0.6192,0.7377,0.7282,4.61,136.07,0.8102564102564103
168784,1,0.6192,0.7377,0.7282,4.61,136.07,0.8102564102564103
168784,2,0.6309,0.7749,0.7436,7.42,298.16,0.8102564102564103
168784,3,0.6391,0.799,0.7538,7.65,301.86,0.8102564102564103
168784,4,0.6436,0.8047,0.7641,7.62,304.75,0.8102564102564103
168784,5,0.6462,0.8087,0.7692,7.35,296.28,0.8102564102564103
168784,6,0.649,0.8167,0.7744,6.95,282.55,0.8102564102564103
168784,7,0.6504,0.8196,0.7692,6.73,260.18,0.8102564102564103
168784,8,0.6512,0.827,0.7795,6.38,243.18,0.8102564102564103
168784,9,0.6522,0.8288,0.7692,6.33,257.09,0.8102564102564103
168784,10,0.6536,0.8322,0.759,6.13,264.18,0.8102564102564103
168784,11,0.6536,0.8328,0.7692,6.21,283.59,0.8102564102564103
168784,12,0.6542,0.8345,0.759,6.19,293.98,0.8102564102564103
168784,13,0.6548,0.8368,0.7641,6.1,327.15,0.8102564102564103
168784,14,0.6554,0.8431,0.7641,6.04,399.43,0.8102564102564103
168784,15,0.6558,0.8442,0.7641,6.02,443.39,0.8102564102564103
168784,16,0.6561,0.8448,0.7641,5.88,456.79,0.8102564102564103
168784,17,0.6563,0.8465,0.7538,5.73,479.1,0.8102564102564103
168784,18,0.6564,0.8488,0.7538,5.59,486.26,0.8102564102564103
168784,19,0.6564,0.8482,0.7538,5.42,488.09,0.8102564102564103
168784,20,0.6565,0.8488,0.759,5.36,501.64,0.8102564102564103
168784,21,0.6562,0.8499,0.759,5.23,518.1,0.8102564102564103
168784,22,0.6566,0.8522,0.759,5.16,526.7,0.8102564102564103
168784,23,0.6565,0.854,0.7641,5.15,559.12,0.8102564102564103
168784,24,0.6568,0.854,0.759,5.14,595.92,0.8102564102564103
168784,25,0.6571,0.8557,0.759,5.2,630.85,0.8102564102564103
168784,26,0.6571,0.8591,0.759,5.25,695.38,0.8102564102564103
168784,27,0.6571,0.8648,0.7641,5.39,791.64,0.8102564102564103
168784,28,0.6571,0.8671,0.7641,5.45,889.42,0.8102564102564103
168784,29,0.6572,0.8694,0.7692,5.52,979.52,0.8102564102564103
168784,30,0.6573,0.8711,0.7744,5.58,1063.8,0.8102564102564103
168784,31,0.6576,0.8734,0.7692,5.63,1144.18,0.8102564102564103
168784,32,0.6577,0.8757,0.7692,5.66,1218.42,0.8102564102564103
168784,33,0.6578,0.878,0.7692,5.63,1278.5,0.8102564102564103
168784,34,0.6579,0.8792,0.7692,5.64,1332.57,0.8102564102564103
168784,35,0.658,0.8809,0.7692,5.62,1385.07,0.8102564102564103
168784,36,0.658,0.8837,0.7744,5.63,1436.14,0.8102564102564103
168784,37,0.6581,0.8866,0.7744,5.71,1530.65,0.8102564102564103
168784,38,0.6581,0.8889,0.7744,5.88,1696.41,0.8102564102564103
168784,39,0.6581,0.8912,0.7744,6.02,1877.69,0.8102564102564103
168784,40,0.6581,0.8946,0.7744,6.17,2023.36,0.8102564102564103
168784,41,0.658,0.8969,0.7692,6.3,2171.93,0.8102564102564103
168784,42,0.658,0.8998,0.7744,6.33,2288.9,0.8102564102564103
168784,43,0.6581,0.9038,0.7692,6.44,2383.73,0.8102564102564103
168784,44,0.6581,0.9049,0.7692,6.54,2472.48,0.8102564102564103
168784,45,0.6581,0.9066,0.7692,6.62,2563.74,0.8102564102564103
168784,46,0.6582,0.9066,0.7692,6.63,2639.2,0.8102564102564103
168784,47,0.6581,0.9101,0.7795,6.64,2710.81,0.8102564102564103
168784,48,0.658,0.9112,0.7795,6.66,2775.22,0.8102564102564103
168784,49,0.658,0.9124,0.7795,6.7,2836.75,0.8102564102564103
168784,0,0.6208,0.7365,0.7385,4.97,164.54,0.8205128205128205
168784,1,0.6208,0.7365,0.7385,4.97,164.54,0.8205128205128205
168784,2,0.6365,0.7852,0.759,8.29,606.5,0.8205128205128205
168784,3,0.6423,0.7944,0.7641,7.93,620.7,0.8205128205128205
168784,4,0.6466,0.7995,0.759,7.52,596.63,0.8205128205128205
168784,5,0.6499,0.8093,0.759,7.04,558.03,0.8205128205128205
168784,6,0.6525,0.8133,0.759,6.56,515.1,0.8205128205128205
168784,7,0.655,0.8162,0.7641,6.26,481.44,0.8205128205128205
168784,8,0.6547,0.8207,0.759,5.88,451.22,0.8205128205128205
168784,9,0.6549,0.8225,0.7641,5.51,416.47,0.8205128205128205
168784,10,0.655,0.8265,0.7641,5.22,389.2,0.8205128205128205
168784,11,0.6551,0.8253,0.759,4.95,365.51,0.8205128205128205
168784,12,0.6554,0.8265,0.759,4.79,343.55,0.8205128205128205
168784,13,0.6558,0.8265,0.7641,4.58,324.53,0.8205128205128205
168784,14,0.6557,0.8288,0.7641,4.42,310.83,0.8205128205128205
168784,15,0.6555,0.8293,0.7641,4.35,298.6,0.8205128205128205
168784,16,0.6553,0.831,0.7641,4.28,286.05,0.8205128205128205
168784,17,0.6557,0.8316,0.7641,4.19,273.37,0.8205128205128205
168784,18,0.6558,0.8316,0.7744,4.08,264.83,0.8205128205128205
168784,19,0.6559,0.8333,0.7744,3.98,258.77,0.8205128205128205
168784,20,0.6561,0.8333,0.7795,3.92,251.78,0.8205128205128205
168784,21,0.6563,0.8339,0.7795,3.86,245.39,0.8205128205128205
168784,22,0.6566,0.8345,0.7744,3.81,239.65,0.8205128205128205
168784,23,0.6568,0.8345,0.7744,3.83,239.71,0.8205128205128205
168784,24,0.6573,0.8373,0.7795,3.81,240.62,0.8205128205128205
168784,25,0.6572,0.8368,0.7744,3.77,241.19,0.8205128205128205
168784,26,0.6572,0.8431,0.7744,3.74,240.09,0.8205128205128205
168784,27,0.6576,0.8442,0.7744,3.68,237.1,0.8205128205128205
168784,28,0.6571,0.8436,0.7692,3.68,249.25,0.8205128205128205
168784,29,0.6571,0.8465,0.7744,3.71,257.74,0.8205128205128205
168784,30,0.6568,0.8459,0.7692,3.69,268.26,0.8205128205128205
168784,31,0.6571,0.8477,0.7692,3.69,279.18,0.8205128205128205
168784,32,0.6572,0.8482,0.7692,3.7,280.69,0.8205128205128205
168784,33,0.6571,0.8471,0.7692,3.69,284.84,0.8205128205128205
168784,34,0.6573,0.8465,0.7692,3.7,283.44,0.8205128205128205
168784,35,0.6574,0.8494,0.7641,3.74,290.66,0.8205128205128205
168784,36,0.6575,0.8499,0.7641,3.76,296.72,0.8205128205128205
168784,37,0.6576,0.8517,0.7641,3.77,299.85,0.8205128205128205
168784,38,0.6578,0.8534,0.7641,3.87,316.61,0.8205128205128205
168784,39,0.6579,0.854,0.7641,3.95,340.86,0.8205128205128205
168784,40,0.658,0.8545,0.7641,4.01,376.84,0.8205128205128205
168784,41,0.6581,0.8568,0.7641,4.11,422.57,0.8205128205128205
168784,42,0.6583,0.858,0.7692,4.25,476.86,0.8205128205128205
168784,43,0.6584,0.8585,0.7692,4.4,524.7,0.8205128205128205
168784,44,0.6585,0.8608,0.7692,4.6,608.81,0.8205128205128205
168784,45,0.6584,0.8643,0.7641,4.77,705.8,0.8205128205128205
168784,46,0.6583,0.8648,0.7641,5.08,823.47,0.8205128205128205
168784,47,0.6582,0.8666,0.7641,5.26,919.25,0.8205128205128205
168784,48,0.6583,0.8677,0.7641,5.44,1006.97,0.8205128205128205
168784,49,0.6584,0.87,0.759,5.65,1112.29,0.8205128205128205
2073,0,0.4698,0.585,0.5638,10.65,104.32,0.7181208053691275
2073,1,0.4698,0.585,0.5638,10.65,104.32,0.7181208053691275
2073,2,0.4943,0.6225,0.6107,33.58,655.4,0.7181208053691275
2073,3,0.5076,0.6375,0.6443,34.65,706.99,0.7181208053691275
2073,4,0.5141,0.6449,0.651,33.37,702.09,0.7181208053691275
2073,5,0.5184,0.6577,0.6376,31.09,666.58,0.7181208053691275
2073,6,0.5234,0.6614,0.6443,28.8,620.66,0.7181208053691275
2073,7,0.5263,0.6682,0.6443,26.91,577.77,0.7181208053691275
2073,8,0.5282,0.6734,0.6443,25.26,550.99,0.7181208053691275
2073,9,0.5286,0.6801,0.651,23.97,550.96,0.7181208053691275
2073,10,0.529,0.6861,0.6644,22.85,578.34,0.7181208053691275
2073,11,0.5285,0.6891,0.6644,21.84,598.07,0.7181208053691275
2073,12,0.5286,0.6921,0.6644,20.91,630.03,0.7181208053691275
2073,13,0.5286,0.6944,0.6711,20.56,659.02,0.7181208053691275
2073,14,0.5289,0.6974,0.6711,20.36,688.11,0.7181208053691275
2073,15,0.5296,0.6996,0.6711,19.77,688.81,0.7181208053691275
2073,16,0.5303,0.6996,0.6846,19.27,684.93,0.7181208053691275
2073,17,0.5306,0.7019,0.6846,18.85,705.01,0.7181208053691275
2073,18,0.5303,0.7064,0.6913,18.43,793.04,0.7181208053691275
2073,19,0.5304,0.7109,0.6913,18.25,911.01,0.7181208053691275
2073,20,0.5304,0.7146,0.6913,18.23,1095.19,0.7181208053691275
2073,21,0.5307,0.7199,0.6913,18.1,1189.76,0.7181208053691275
2073,22,0.5304,0.7236,0.6913,18.02,1271.76,0.7181208053691275
2073,23,0.5303,0.7288,0.6846,17.72,1337.74,0.7181208053691275
2073,24,0.5302,0.7326,0.6846,17.66,1394.02,0.7181208053691275
2073,25,0.5302,0.7341,0.6846,17.44,1432.19,0.7181208053691275
2073,26,0.5301,0.7341,0.6913,17.19,1461.42,0.7181208053691275
2073,27,0.5301,0.7371,0.6913,17.01,1472.7,0.7181208053691275
2073,28,0.53,0.7378,0.6846,16.86,1483.13,0.7181208053691275
2073,29,0.5299,0.7423,0.6913,16.66,1489.19,0.7181208053691275
2073,30,0.5295,0.7423,0.6913,16.54,1550.67,0.7181208053691275
2073,31,0.5292,0.7438,0.6913,16.48,1591.79,0.7181208053691275
2073,32,0.5288,0.7453,0.6913,16.41,1706.11,0.7181208053691275
2073,33,0.5287,0.7506,0.6913,16.34,1788.56,0.7181208053691275
2073,34,0.5285,0.7506,0.6846,16.38,1921.01,0.7181208053691275
2073,35,0.5283,0.7558,0.6846,16.37,2167.28,0.7181208053691275
2073,36,0.5276,0.7581,0.6846,16.47,2491.1,0.7181208053691275
2073,37,0.5272,0.7618,0.6846,16.61,2857.38,0.7181208053691275
2073,38,0.5266,0.7663,0.6846,16.69,3212.04,0.7181208053691275
2073,39,0.5262,0.7678,0.6846,16.75,3514.48,0.7181208053691275
2073,40,0.5256,0.7708,0.6846,16.65,3708.16,0.7181208053691275
2073,41,0.5255,0.7723,0.6846,16.63,3873.07,0.7181208053691275
2073,42,0.5251,0.7745,0.6846,16.55,4111.56,0.7181208053691275
2073,43,0.5249,0.776,0.6846,16.62,4307.74,0.7181208053691275
2073,44,0.5247,0.7775,0.6846,16.59,4462.34,0.7181208053691275
2073,45,0.5245,0.779,0.6846,16.47,4612.11,0.7181208053691275
2073,46,0.5243,0.7813,0.6846,16.46,4815.78,0.7181208053691275
2073,47,0.5241,0.7835,0.6913,16.59,5054.39,0.7181208053691275
2073,48,0.5237,0.7843,0.6846,16.64,5243.89,0.7181208053691275
2073,49,0.5233,0.7858,0.6846,16.68,5464.03,0.7181208053691275
190146,0,0.6481,0.8213,0.6941,3.83,98.61,0.788235294117647
190146,1,0.6481,0.8213,0.6941,3.83,98.61,0.788235294117647
190146,2,0.6578,0.8883,0.7412,5.71,323.27,0.788235294117647
190146,3,0.6647,0.9001,0.7412,5.32,332.6,0.788235294117647
190146,4,0.6673,0.908,0.7529,4.52,297.3,0.788235294117647
190146,5,0.6672,0.9277,0.7412,4.37,277.88,0.788235294117647
190146,6,0.6674,0.9343,0.7412,4.28,282.58,0.788235294117647
190146,7,0.6677,0.9396,0.7529,4.43,281.55,0.788235294117647
190146,8,0.6688,0.9448,0.7412,4.01,276.12,0.788235294117647
190146,9,0.6686,0.9422,0.7529,3.66,263.14,0.788235294117647
190146,10,0.6688,0.9461,0.7529,3.39,256.42,0.788235294117647
190146,11,0.6694,0.9488,0.7529,3.16,247.24,0.788235294117647
190146,12,0.6695,0.9474,0.7529,3.04,236.52,0.788235294117647
190146,13,0.6696,0.9461,0.7529,2.91,227.32,0.788235294117647
190146,14,0.6694,0.9488,0.7294,2.92,217.75,0.788235294117647
190146,15,0.67,0.9461,0.7529,3.12,207.66,0.788235294117647
190146,16,0.67,0.9461,0.7529,3.25,198.57,0.788235294117647
190146,17,0.6697,0.9448,0.7647,3.11,192.3,0.788235294117647
190146,18,0.6695,0.9461,0.7529,2.98,189.86,0.788235294117647
190146,19,0.6693,0.9422,0.7529,2.86,185.21,0.788235294117647
190146,20,0.6696,0.9435,0.7412,2.74,181.61,0.788235294117647
190146,21,0.6697,0.9474,0.7294,2.66,182.46,0.788235294117647
190146,22,0.6697,0.9488,0.7412,2.59,187.35,0.788235294117647
190146,23,0.6696,0.9488,0.7412,2.62,188.05,0.788235294117647
190146,24,0.6693,0.9566,0.7412,2.59,197.95,0.788235294117647
190146,25,0.6696,0.9593,0.7294,2.58,205.77,0.788235294117647
190146,26,0.6698,0.9606,0.7294,2.56,211.77,0.788235294117647
190146,27,0.6697,0.9632,0.7294,2.54,219.87,0.788235294117647
190146,28,0.6694,0.9619,0.7294,2.48,225.81,0.788235294117647
190146,29,0.6694,0.9645,0.7294,2.53,237.01,0.788235294117647
190146,30,0.6696,0.9658,0.7294,2.6,248.76,0.788235294117647
190146,31,0.6695,0.9658,0.7294,2.66,259.26,0.788235294117647
190146,32,0.6695,0.9658,0.7294,2.71,277.45,0.788235294117647
190146,33,0.6697,0.9658,0.7294,2.83,292.03,0.788235294117647
190146,34,0.6696,0.9645,0.7294,2.92,305.77,0.788235294117647
190146,35,0.6696,0.9658,0.7294,3.19,325.95,0.788235294117647
190146,36,0.6696,0.9658,0.7412,3.4,342.4,0.788235294117647
190146,37,0.6697,0.9671,0.7412,3.63,358.0,0.788235294117647
190146,38,0.6697,0.9671,0.7412,3.79,369.77,0.788235294117647
190146,39,0.6697,0.9698,0.7412,3.98,380.74,0.788235294117647
190146,40,0.6697,0.9724,0.7412,4.14,394.55,0.788235294117647
190146,41,0.6697,0.9737,0.7294,4.25,405.85,0.788235294117647
190146,42,0.6697,0.9763,0.7412,4.36,412.46,0.788235294117647
190146,43,0.6698,0.979,0.7412,4.63,420.14,0.788235294117647
190146,44,0.6699,0.9803,0.7529,4.85,425.59,0.788235294117647
190146,45,0.67,0.979,0.7529,5.04,429.13,0.788235294117647
190146,46,0.6699,0.9816,0.7529,5.19,429.91,0.788235294117647
190146,47,0.6699,0.9829,0.7529,5.22,433.5,0.788235294117647
190146,48,0.67,0.9842,0.7529,5.24,434.31,0.788235294117647
190146,49,0.67,0.9829,0.7529,5.17,434.59,0.788235294117647
359959,0,0.4605,0.4287,0.4257,11.01,100.54,0.5337837837837838
359959,1,0.4605,0.4287,0.4257,11.01,100.54,0.5337837837837838
359959,2,0.4703,0.52,0.4865,13.91,118.43,0.5337837837837838
359959,3,0.4753,0.5472,0.5405,13.43,115.19,0.5337837837837838
359959,4,0.4797,0.5623,0.5473,12.34,108.38,0.5337837837837838
359959,5,0.4815,0.5713,0.5541,11.15,99.49,0.5337837837837838
359959,6,0.4838,0.5713,0.5541,10.21,92.21,0.5337837837837838
359959,7,0.484,0.5804,0.5676,9.42,84.43,0.5337837837837838
359959,8,0.4845,0.5819,0.5473,8.77,77.5,0.5337837837837838
359959,9,0.4857,0.5849,0.5405,8.17,72.11,0.5337837837837838
359959,10,0.4861,0.5842,0.5541,7.7,67.53,0.5337837837837838
359959,11,0.4854,0.5887,0.5473,7.26,64.23,0.5337837837837838
359959,12,0.4863,0.5879,0.5473,6.96,62.73,0.5337837837837838
359959,13,0.4871,0.5857,0.5541,6.73,62.01,0.5337837837837838
359959,14,0.4868,0.5925,0.5405,6.57,62.65,0.5337837837837838
359959,15,0.4867,0.594,0.5405,6.36,61.25,0.5337837837837838
359959,16,0.4868,0.5985,0.5405,6.16,59.56,0.5337837837837838
359959,17,0.4869,0.5962,0.5405,5.96,58.14,0.5337837837837838
359959,18,0.4874,0.5955,0.5338,5.82,56.58,0.5337837837837838
359959,19,0.4879,0.6008,0.5338,5.66,55.12,0.5337837837837838
359959,20,0.4883,0.5992,0.527,5.49,53.42,0.5337837837837838
359959,21,0.4884,0.597,0.5405,5.36,52.08,0.5337837837837838
359959,22,0.4886,0.5977,0.5405,5.26,51.04,0.5337837837837838
359959,23,0.4886,0.5962,0.5405,5.14,50.22,0.5337837837837838
359959,24,0.4889,0.5992,0.5405,5.08,49.51,0.5337837837837838
359959,25,0.4889,0.5992,0.5405,4.95,48.66,0.5337837837837838
359959,26,0.4891,0.6008,0.5405,4.84,48.4,0.5337837837837838
359959,27,0.4896,0.5992,0.5338,4.76,48.17,0.5337837837837838
359959,28,0.4894,0.5977,0.5338,4.7,47.54,0.5337837837837838
359959,29,0.4892,0.5977,0.5338,4.63,46.67,0.5337837837837838
359959,30,0.4893,0.5977,0.5338,4.56,46.32,0.5337837837837838
359959,31,0.4893,0.5985,0.5338,4.51,45.66,0.5337837837837838
359959,32,0.4894,0.5992,0.5405,4.44,44.97,0.5337837837837838
359959,33,0.4895,0.6008,0.5338,4.37,44.24,0.5337837837837838
359959,34,0.4895,0.6015,0.5338,4.29,43.93,0.5337837837837838
359959,35,0.4893,0.6023,0.527,4.22,43.32,0.5337837837837838
359959,36,0.4894,0.6023,0.5405,4.17,42.69,0.5337837837837838
359959,37,0.4895,0.6,0.5338,4.11,42.03,0.5337837837837838
359959,38,0.4896,0.6023,0.5473,4.07,41.42,0.5337837837837838
359959,39,0.4896,0.6015,0.5541,4.02,40.84,0.5337837837837838
359959,40,0.4895,0.6015,0.5541,3.97,40.37,0.5337837837837838
359959,41,0.4896,0.6008,0.5541,3.93,40.28,0.5337837837837838
359959,42,0.4896,0.6015,0.5541,3.92,41.19,0.5337837837837838
359959,43,0.4896,0.603,0.5541,3.91,42.2,0.5337837837837838
359959,44,0.4896,0.6045,0.5541,3.89,42.95,0.5337837837837838
359959,45,0.4897,0.603,0.5541,3.88,45.59,0.5337837837837838
359959,46,0.4897,0.6045,0.5541,3.87,47.25,0.5337837837837838
359959,47,0.4896,0.603,0.5541,3.85,48.85,0.5337837837837838
359959,48,0.4898,0.606,0.5473,3.87,50.73,0.5337837837837838
359959,49,0.4898,0.606,0.5541,3.88,53.9,0.5337837837837838
168784,0,0.6181,0.7383,0.7333,3.18,256.73,0.8153846153846154
168784,1,0.6181,0.7383,0.7333,3.18,256.73,0.8153846153846154
168784,2,0.6335,0.7995,0.7538,15.46,1710.09,0.8153846153846154
168784,3,0.6407,0.8351,0.759,16.19,1888.69,0.8153846153846154
168784,4,0.6446,0.8517,0.7641,15.89,1790.27,0.8153846153846154
168784,5,0.6473,0.8625,0.7795,14.98,1646.85,0.8153846153846154
168784,6,0.6488,0.8677,0.7744,14.22,1567.26,0.8153846153846154
168784,7,0.65,0.8751,0.7795,13.31,1455.88,0.8153846153846154
168784,8,0.6514,0.8763,0.7795,12.47,1364.94,0.8153846153846154
168784,9,0.653,0.8774,0.7744,11.77,1279.01,0.8153846153846154
168784,10,0.6542,0.8803,0.7692,11.19,1196.33,0.8153846153846154
168784,11,0.6553,0.8792,0.7795,10.7,1126.03,0.8153846153846154
168784,12,0.6558,0.8786,0.7795,10.18,1062.4,0.8153846153846154
168784,13,0.6565,0.882,0.7795,9.94,1012.27,0.8153846153846154
168784,14,0.6572,0.8849,0.7744,9.58,969.19,0.8153846153846154
168784,15,0.6577,0.8843,0.7744,9.3,927.26,0.8153846153846154
168784,16,0.6584,0.8877,0.7744,9.07,894.38,0.8153846153846154
168784,17,0.6587,0.8883,0.7744,9.0,870.9,0.8153846153846154
168784,18,0.659,0.8895,0.7744,8.77,840.37,0.8153846153846154
168784,19,0.6593,0.8912,0.7744,8.64,827.78,0.8153846153846154
168784,20,0.6594,0.8963,0.7744,8.45,819.42,0.8153846153846154
168784,21,0.6594,0.8981,0.7744,8.41,807.89,0.8153846153846154
168784,22,0.6594,0.8975,0.7744,8.24,795.77,0.8153846153846154
168784,23,0.6594,0.8981,0.7744,8.11,829.43,0.8153846153846154
168784,24,0.6594,0.9003,0.7744,8.04,866.02,0.8153846153846154
168784,25,0.6596,0.9038,0.7641,8.06,922.56,0.8153846153846154
168784,26,0.6596,0.9066,0.7692,8.11,1060.08,0.8153846153846154
168784,27,0.6597,0.9089,0.7641,8.17,1281.8,0.8153846153846154
168784,28,0.6597,0.9124,0.7641,8.16,1430.64,0.8153846153846154
168784,29,0.6596,0.9129,0.7641,8.16,1575.33,0.8153846153846154
168784,30,0.6596,0.9158,0.7641,8.03,1667.16,0.8153846153846154
168784,31,0.6597,0.9192,0.7692,7.99,1859.82,0.8153846153846154
168784,32,0.6598,0.9227,0.7744,8.01,2153.22,0.8153846153846154
168784,33,0.6597,0.9238,0.7744,8.03,2430.45,0.8153846153846154
168784,34,0.66,0.9278,0.7744,8.09,2711.25,0.8153846153846154
168784,35,0.6602,0.929,0.7795,8.13,2981.45,0.8153846153846154
168784,36,0.6603,0.9341,0.7795,8.16,3218.68,0.8153846153846154
168784,37,0.6603,0.9359,0.7795,8.17,3420.7,0.8153846153846154
168784,38,0.6603,0.9381,0.7795,8.17,3620.13,0.8153846153846154
168784,39,0.6604,0.9416,0.7795,8.18,3776.3,0.8153846153846154
168784,40,0.6605,0.9427,0.7795,8.18,3915.27,0.8153846153846154
168784,41,0.6606,0.945,0.7846,8.23,4060.12,0.8153846153846154
168784,42,0.6608,0.9462,0.7846,8.2,4217.73,0.8153846153846154
168784,43,0.6608,0.949,0.7897,8.29,4305.77,0.8153846153846154
168784,44,0.6609,0.9502,0.7949,8.3,4399.56,0.8153846153846154
168784,45,0.661,0.9507,0.7949,8.32,4488.57,0.8153846153846154
168784,46,0.6611,0.953,0.7949,8.29,4609.08,0.8153846153846154
168784,47,0.661,0.9542,0.7949,8.29,4734.58,0.8153846153846154
168784,48,0.6611,0.9565,0.7949,8.31,4838.23,0.8153846153846154
168784,49,0.661,0.9593,0.7949,8.35,4969.58,0.8153846153846154
359959,0,0.452,0.4272,0.4257,9.93,49.89,0.5337837837837838
359959,1,0.452,0.4272,0.4257,9.93,49.89,0.5337837837837838
359959,2,0.4562,0.4355,0.4257,8.26,38.0,0.5337837837837838
359959,3,0.459,0.4423,0.4257,7.6,32.41,0.5337837837837838
359959,4,0.4609,0.4543,0.4324,6.77,27.64,0.5337837837837838
359959,5,0.462,0.483,0.4459,6.45,25.25,0.5337837837837838
359959,6,0.4632,0.4898,0.4595,6.17,23.57,0.5337837837837838
359959,7,0.4644,0.5064,0.4865,5.8,21.86,0.5337837837837838
359959,8,0.4648,0.5079,0.4865,5.67,21.0,0.5337837837837838
359959,9,0.4641,0.5177,0.5,5.56,20.19,0.5337837837837838
359959,10,0.4646,0.5185,0.4932,5.5,19.89,0.5337837837837838
359959,11,0.4656,0.5275,0.5135,5.45,19.42,0.5337837837837838
359959,12,0.4664,0.5366,0.527,5.41,19.2,0.5337837837837838
359959,13,0.4672,0.5442,0.527,5.38,18.94,0.5337837837837838
359959,14,0.4679,0.5442,0.5338,5.41,19.59,0.5337837837837838
359959,15,0.4687,0.5381,0.527,5.37,19.72,0.5337837837837838
359959,16,0.4698,0.5411,0.5405,5.38,19.92,0.5337837837837838
359959,17,0.4709,0.5411,0.5541,5.49,20.93,0.5337837837837838
359959,18,0.4716,0.5381,0.5541,5.52,21.58,0.5337837837837838
359959,19,0.4712,0.5449,0.5676,5.55,22.1,0.5337837837837838
359959,20,0.4712,0.5509,0.5541,5.53,22.25,0.5337837837837838
359959,21,0.4713,0.5517,0.5608,5.52,22.39,0.5337837837837838
359959,22,0.4714,0.5532,0.5676,5.52,22.49,0.5337837837837838
359959,23,0.4714,0.5532,0.5608,5.52,22.64,0.5337837837837838
359959,24,0.4713,0.5487,0.5676,5.49,22.56,0.5337837837837838
359959,25,0.4712,0.5434,0.5608,5.48,22.67,0.5337837837837838
359959,26,0.4716,0.5479,0.5473,5.47,22.9,0.5337837837837838
359959,27,0.4719,0.5479,0.5405,5.48,22.98,0.5337837837837838
359959,28,0.4724,0.5457,0.5541,5.47,23.03,0.5337837837837838
359959,29,0.4726,0.5457,0.5608,5.44,23.06,0.5337837837837838
359959,30,0.4728,0.5509,0.5541,5.47,23.43,0.5337837837837838
359959,31,0.4729,0.5494,0.5541,5.48,23.69,0.5337837837837838
359959,32,0.473,0.554,0.5608,5.45,23.66,0.5337837837837838
359959,33,0.4731,0.5555,0.5608,5.45,23.83,0.5337837837837838
359959,34,0.4733,0.5547,0.5405,5.42,23.73,0.5337837837837838
359959,35,0.4734,0.5555,0.5473,5.38,23.61,0.5337837837837838
359959,36,0.4736,0.5562,0.5405,5.34,23.54,0.5337837837837838
359959,37,0.4739,0.5555,0.5405,5.3,23.3,0.5337837837837838
359959,38,0.474,0.5562,0.5405,5.26,23.23,0.5337837837837838
359959,39,0.4741,0.5555,0.5473,5.24,23.24,0.5337837837837838
359959,40,0.4744,0.557,0.5405,5.25,23.45,0.5337837837837838
359959,41,0.4747,0.5547,0.527,5.2,23.29,0.5337837837837838
359959,42,0.4747,0.557,0.527,5.17,23.1,0.5337837837837838
359959,43,0.4747,0.557,0.5338,5.13,22.94,0.5337837837837838
359959,44,0.4748,0.5592,0.5338,5.11,22.87,0.5337837837837838
359959,45,0.4747,0.5585,0.5338,5.1,22.8,0.5337837837837838
359959,46,0.4749,0.56,0.5338,5.06,22.58,0.5337837837837838
359959,47,0.4749,0.56,0.5338,5.02,22.42,0.5337837837837838
359959,48,0.4749,0.5615,0.5338,4.99,22.25,0.5337837837837838
359959,49,0.4748,0.5615,0.5338,4.98,22.23,0.5337837837837838
359954,0,0.4765,0.6541,0.5405,9.54,144.23,0.6621621621621622
359954,1,0.4765,0.6541,0.5405,9.54,144.23,0.6621621621621622
359954,2,0.4932,0.7447,0.5676,20.22,907.08,0.6621621621621622
359954,3,0.5018,0.7855,0.6216,20.6,970.79,0.6621621621621622
359954,4,0.5061,0.8097,0.6216,19.34,944.5,0.6621621621621622
359954,5,0.5093,0.8233,0.6216,17.19,903.08,0.6621621621621622
359954,6,0.5108,0.8293,0.5946,16.4,892.15,0.6621621621621622
359954,7,0.5132,0.8474,0.6216,14.99,865.98,0.6621621621621622
359954,8,0.5134,0.8489,0.5946,14.11,843.74,0.6621621621621622
359954,9,0.5142,0.855,0.5811,13.21,816.58,0.6621621621621622
359954,10,0.5162,0.8671,0.6216,12.3,819.59,0.6621621621621622
359954,11,0.5172,0.8792,0.6351,11.76,814.81,0.6621621621621622
359954,12,0.518,0.8912,0.6486,11.08,821.03,0.6621621621621622
359954,13,0.5187,0.8988,0.6622,10.54,807.85,0.6621621621621622
359954,14,0.5196,0.9003,0.6486,10.16,809.93,0.6621621621621622
359954,15,0.5199,0.9018,0.6486,9.67,798.32,0.6621621621621622
359954,16,0.5201,0.9048,0.6757,9.24,792.32,0.6621621621621622
359954,17,0.5202,0.9079,0.6622,8.88,787.77,0.6621621621621622
359954,18,0.5201,0.9139,0.6622,8.63,798.77,0.6621621621621622
359954,19,0.5203,0.9215,0.6622,8.51,805.24,0.6621621621621622
359954,20,0.5212,0.9169,0.6622,8.22,799.31,0.6621621621621622
359954,21,0.5214,0.9154,0.6622,7.89,779.56,0.6621621621621622
359954,22,0.5217,0.9094,0.6622,7.69,764.44,0.6621621621621622
359954,23,0.522,0.9094,0.6622,7.44,758.57,0.6621621621621622
359954,24,0.5225,0.9139,0.6622,7.26,761.93,0.6621621621621622
359954,25,0.523,0.9109,0.6622,7.04,766.83,0.6621621621621622
359954,26,0.5234,0.9139,0.6622,7.3,769.64,0.6621621621621622
359954,27,0.5236,0.9154,0.6622,7.48,774.63,0.6621621621621622
359954,28,0.5238,0.923,0.6622,7.84,787.98,0.6621621621621622
359954,29,0.5239,0.9245,0.6622,8.11,793.73,0.6621621621621622
359954,30,0.5239,0.9275,0.6622,8.2,791.81,0.6621621621621622
359954,31,0.5242,0.929,0.6622,8.3,790.62,0.6621621621621622
359954,32,0.5243,0.9275,0.6622,8.37,787.82,0.6621621621621622
359954,33,0.5243,0.9275,0.6622,8.51,794.0,0.6621621621621622
359954,34,0.5244,0.9305,0.6622,8.64,811.58,0.6621621621621622
359954,35,0.5247,0.9335,0.6622,8.74,816.56,0.6621621621621622
359954,36,0.5251,0.9335,0.6622,8.82,827.72,0.6621621621621622
359954,37,0.5254,0.935,0.6622,8.81,835.76,0.6621621621621622
359954,38,0.5253,0.9366,0.6622,8.83,849.72,0.6621621621621622
359954,39,0.5254,0.9426,0.6622,8.89,878.76,0.6621621621621622
359954,40,0.5254,0.9426,0.6622,9.04,916.11,0.6621621621621622
359954,41,0.5256,0.9441,0.6622,9.08,947.58,0.6621621621621622
359954,42,0.5258,0.9486,0.6622,9.17,978.78,0.6621621621621622
359954,43,0.526,0.9456,0.6622,9.23,999.12,0.6621621621621622
359954,44,0.5263,0.9502,0.6622,9.3,1013.95,0.6621621621621622
359954,45,0.5264,0.9502,0.6622,9.42,1031.23,0.6621621621621622
359954,46,0.5259,0.9502,0.6622,9.54,1052.76,0.6621621621621622
359954,47,0.5258,0.9502,0.6622,9.63,1070.68,0.6621621621621622
359954,48,0.5255,0.9532,0.6622,9.78,1085.54,0.6621621621621622
359954,49,0.5252,0.9517,0.6622,9.76,1097.36,0.6621621621621622
168784,0,0.6092,0.7423,0.7179,4.21,116.28,0.8205128205128205
168784,1,0.6092,0.7423,0.7179,4.21,116.28,0.8205128205128205
168784,2,0.6234,0.7698,0.7179,4.79,157.66,0.8205128205128205
168784,3,0.6302,0.7835,0.7385,4.5,145.59,0.8205128205128205
168784,4,0.6349,0.7887,0.7282,4.29,129.1,0.8205128205128205
168784,5,0.6375,0.7915,0.7333,3.99,121.62,0.8205128205128205
168784,6,0.6391,0.7961,0.7487,3.81,123.41,0.8205128205128205
168784,7,0.6413,0.7978,0.7436,3.59,120.84,0.8205128205128205
168784,8,0.6425,0.8001,0.7538,3.52,121.97,0.8205128205128205
168784,9,0.6438,0.8007,0.7641,3.33,123.0,0.8205128205128205
168784,10,0.6452,0.8024,0.7692,3.26,124.2,0.8205128205128205
168784,11,0.6458,0.8064,0.7692,3.19,122.32,0.8205128205128205
168784,12,0.6468,0.8064,0.7744,3.07,115.25,0.8205128205128205
168784,13,0.6479,0.8076,0.7795,2.99,109.21,0.8205128205128205
168784,14,0.6483,0.811,0.7795,2.91,103.54,0.8205128205128205
168784,15,0.6488,0.811,0.7795,2.82,98.51,0.8205128205128205
168784,16,0.6495,0.8121,0.7795,2.74,94.43,0.8205128205128205
168784,17,0.6501,0.8104,0.7795,2.71,90.85,0.8205128205128205
168784,18,0.6501,0.8116,0.7795,2.66,87.83,0.8205128205128205
168784,19,0.6504,0.8121,0.7744,2.62,85.22,0.8205128205128205
168784,20,0.6504,0.811,0.7744,2.61,82.16,0.8205128205128205
168784,21,0.6505,0.811,0.7744,2.57,79.27,0.8205128205128205
168784,22,0.6507,0.8116,0.7795,2.56,76.43,0.8205128205128205
168784,23,0.6507,0.8121,0.7795,2.54,74.36,0.8205128205128205
168784,24,0.6508,0.811,0.7846,2.55,72.87,0.8205128205128205
168784,25,0.651,0.8127,0.7846,2.57,71.92,0.8205128205128205
168784,26,0.6513,0.8139,0.7846,2.61,73.35,0.8205128205128205
168784,27,0.6517,0.8144,0.7795,2.62,74.81,0.8205128205128205
168784,28,0.6516,0.815,0.7795,2.63,83.1,0.8205128205128205
168784,29,0.6519,0.8173,0.7795,2.69,90.08,0.8205128205128205
168784,30,0.6522,0.819,0.7744,2.72,96.14,0.8205128205128205
168784,31,0.6522,0.8196,0.7692,2.76,105.53,0.8205128205128205
168784,32,0.6524,0.8213,0.7744,2.87,134.88,0.8205128205128205
168784,33,0.6526,0.8225,0.7744,2.97,160.54,0.8205128205128205
168784,34,0.6528,0.8242,0.7744,3.16,205.77,0.8205128205128205
168784,35,0.6533,0.8247,0.7744,3.25,236.23,0.8205128205128205
168784,36,0.6536,0.8259,0.7744,3.34,261.67,0.8205128205128205
168784,37,0.6536,0.8276,0.7744,3.5,299.4,0.8205128205128205
168784,38,0.6539,0.8288,0.7692,3.67,333.36,0.8205128205128205
168784,39,0.654,0.8293,0.7692,3.84,377.52,0.8205128205128205
168784,40,0.6541,0.8299,0.7692,4.1,426.05,0.8205128205128205
168784,41,0.6542,0.831,0.7692,4.32,480.38,0.8205128205128205
168784,42,0.6542,0.831,0.7692,4.48,528.81,0.8205128205128205
168784,43,0.6542,0.8322,0.7641,4.62,586.65,0.8205128205128205
168784,44,0.6542,0.8333,0.7692,4.83,642.75,0.8205128205128205
168784,45,0.6542,0.8345,0.7692,5.06,712.09,0.8205128205128205
168784,46,0.6543,0.8368,0.7692,5.18,767.67,0.8205128205128205
168784,47,0.6544,0.8391,0.7692,5.41,849.52,0.8205128205128205
168784,48,0.6543,0.8425,0.7692,5.55,930.1,0.8205128205128205
168784,49,0.6544,0.8436,0.7692,5.72,999.66,0.8205128205128205
359954,0,0.4604,0.6269,0.5405,11.76,162.86,0.6756756756756757
359954,1,0.4604,0.6269,0.5405,11.76,162.86,0.6756756756756757
359954,2,0.4606,0.5906,0.5135,19.78,441.29,0.6756756756756757
359954,3,0.4559,0.571,0.4865,24.13,575.75,0.6756756756756757
359954,4,0.4582,0.5967,0.527,27.66,749.53,0.6756756756756757
359954,5,0.4629,0.636,0.527,29.96,889.04,0.6756756756756757
359954,6,0.4635,0.636,0.527,31.32,934.1,0.6756756756756757
359954,7,0.4696,0.6616,0.527,31.72,1023.47,0.6756756756756757
359954,8,0.4726,0.6737,0.527,31.68,1055.55,0.6756756756756757
359954,9,0.4733,0.6798,0.527,31.74,1098.74,0.6756756756756757
359954,10,0.4749,0.7085,0.527,31.87,1142.16,0.6756756756756757
359954,11,0.4749,0.7175,0.527,31.78,1161.62,0.6756756756756757
359954,12,0.4755,0.719,0.5405,32.06,1181.22,0.6756756756756757
359954,13,0.4766,0.7236,0.5405,31.88,1198.63,0.6756756756756757
359954,14,0.4769,0.7266,0.5405,31.91,1205.53,0.6756756756756757
359954,15,0.4769,0.7266,0.5405,32.32,1216.22,0.6756756756756757
359954,16,0.4779,0.7417,0.5405,32.27,1237.32,0.6756756756756757
359954,17,0.4783,0.7492,0.5405,32.48,1257.28,0.6756756756756757
359954,18,0.4795,0.7477,0.5541,32.24,1268.93,0.6756756756756757
359954,19,0.4803,0.7538,0.5541,31.97,1280.15,0.6756756756756757
359954,20,0.4814,0.7583,0.5541,31.47,1303.32,0.6756756756756757
359954,21,0.4827,0.7674,0.5541,31.0,1313.03,0.6756756756756757
359954,22,0.4845,0.7704,0.5541,30.55,1315.22,0.6756756756756757
359954,23,0.4858,0.781,0.5541,30.06,1317.87,0.6756756756756757
359954,24,0.4873,0.7885,0.5676,29.68,1338.99,0.6756756756756757
359954,25,0.4881,0.7915,0.5811,29.55,1374.55,0.6756756756756757
359954,26,0.489,0.8006,0.5811,29.33,1403.06,0.6756756756756757
359954,27,0.4898,0.8082,0.5946,29.22,1420.54,0.6756756756756757
359954,28,0.4906,0.8172,0.5946,29.01,1450.73,0.6756756756756757
359954,29,0.4916,0.8157,0.5946,28.72,1484.79,0.6756756756756757
359954,30,0.4924,0.8233,0.6081,28.46,1514.22,0.6756756756756757
359954,31,0.4935,0.8293,0.6081,28.3,1532.41,0.6756756756756757
359954,32,0.4943,0.8369,0.6081,28.19,1550.77,0.6756756756756757
359954,33,0.4952,0.8444,0.6081,27.96,1563.6,0.6756756756756757
359954,34,0.4956,0.8474,0.6216,27.77,1588.83,0.6756756756756757
359954,35,0.4963,0.852,0.6216,27.69,1627.17,0.6756756756756757
359954,36,0.4969,0.855,0.6216,27.54,1659.24,0.6756756756756757
359954,37,0.4977,0.861,0.6486,27.33,1681.86,0.6756756756756757
359954,38,0.498,0.858,0.6486,27.14,1684.33,0.6756756756756757
359954,39,0.4987,0.8595,0.6486,26.9,1692.03,0.6756756756756757
359954,40,0.499,0.8625,0.6486,26.74,1703.05,0.6756756756756757
359954,41,0.4995,0.864,0.6486,26.69,1714.69,0.6756756756756757
359954,42,0.4999,0.8656,0.6486,26.6,1723.52,0.6756756756756757
359954,43,0.5,0.864,0.6486,26.97,1749.64,0.6756756756756757
359954,44,0.5001,0.8625,0.6486,27.2,1756.2,0.6756756756756757
359954,45,0.5001,0.864,0.6486,27.19,1755.39,0.6756756756756757
359954,46,0.5001,0.8656,0.6486,27.18,1758.38,0.6756756756756757
359954,47,0.4999,0.8656,0.6486,27.39,1770.38,0.6756756756756757
359954,48,0.4995,0.864,0.6351,27.72,1785.25,0.6756756756756757
359954,49,0.4998,0.864,0.6351,27.65,1787.55,0.6756756756756757
359954,0,0.4712,0.6208,0.5676,12.44,125.99,0.6756756756756757
359954,1,0.4712,0.6208,0.5676,12.44,125.99,0.6756756756756757
359954,2,0.4902,0.7205,0.5946,21.55,482.24,0.6756756756756757
359954,3,0.4996,0.7553,0.5946,21.74,559.63,0.6756756756756757
359954,4,0.5051,0.7779,0.5946,20.67,528.11,0.6756756756756757
359954,5,0.5089,0.7991,0.6081,19.08,551.28,0.6756756756756757
359954,6,0.5108,0.8172,0.5946,18.23,556.87,0.6756756756756757
359954,7,0.5123,0.8233,0.6081,17.17,550.34,0.6756756756756757
359954,8,0.5129,0.8293,0.6216,16.28,521.27,0.6756756756756757
359954,9,0.5137,0.8353,0.6351,15.29,495.51,0.6756756756756757
359954,10,0.5138,0.8353,0.6351,14.59,469.41,0.6756756756756757
359954,11,0.5141,0.8444,0.6351,14.08,459.72,0.6756756756756757
359954,12,0.5156,0.8489,0.6486,13.78,465.14,0.6756756756756757
359954,13,0.5166,0.8595,0.6486,13.61,462.94,0.6756756756756757
359954,14,0.5176,0.8595,0.6486,13.36,449.72,0.6756756756756757
359954,15,0.5182,0.8671,0.6486,13.17,437.61,0.6756756756756757
359954,16,0.5183,0.8686,0.6622,12.97,422.56,0.6756756756756757
359954,17,0.5185,0.8701,0.6486,12.8,413.63,0.6756756756756757
359954,18,0.5185,0.8686,0.6622,12.44,406.15,0.6756756756756757
359954,19,0.5184,0.8716,0.6622,12.3,399.67,0.6756756756756757
359954,20,0.5181,0.8731,0.6622,12.02,387.89,0.6756756756756757
359954,21,0.5185,0.8731,0.6486,11.7,376.12,0.6756756756756757
359954,22,0.5187,0.8746,0.6622,11.47,364.9,0.6756756756756757
359954,23,0.5186,0.8746,0.6486,11.26,357.11,0.6756756756756757
359954,24,0.5182,0.8761,0.6486,11.06,346.74,0.6756756756756757
359954,25,0.5183,0.8731,0.6486,10.96,338.4,0.6756756756756757
359954,26,0.5184,0.8746,0.6486,10.8,332.95,0.6756756756756757
359954,27,0.5186,0.8761,0.6486,10.63,329.6,0.6756756756756757
359954,28,0.5188,0.8807,0.6486,10.62,329.85,0.6756756756756757
359954,29,0.5191,0.8822,0.6622,10.5,330.55,0.6756756756756757
359954,30,0.5194,0.8837,0.6622,10.39,331.26,0.6756756756756757
359954,31,0.5198,0.8837,0.6622,10.3,330.74,0.6756756756756757
359954,32,0.5197,0.8822,0.6622,10.25,330.04,0.6756756756756757
359954,33,0.5197,0.8867,0.6622,10.08,329.4,0.6756756756756757
359954,34,0.5194,0.8897,0.6622,9.97,332.81,0.6756756756756757
359954,35,0.5193,0.8912,0.6622,9.87,330.79,0.6756756756756757
359954,36,0.5191,0.8927,0.6622,9.8,328.77,0.6756756756756757
359954,37,0.5196,0.8943,0.6622,9.78,331.78,0.6756756756756757
359954,38,0.5199,0.8973,0.6622,9.65,333.66,0.6756756756756757
359954,39,0.5201,0.8973,0.6622,9.58,334.8,0.6756756756756757
359954,40,0.5201,0.9018,0.6622,9.51,333.52,0.6756756756756757
359954,41,0.5204,0.9018,0.6622,9.54,335.16,0.6756756756756757
359954,42,0.5205,0.9063,0.6622,9.49,344.93,0.6756756756756757
359954,43,0.5209,0.9079,0.6622,9.5,354.18,0.6756756756756757
359954,44,0.521,0.9124,0.6622,9.48,369.46,0.6756756756756757
359954,45,0.5211,0.9124,0.6622,9.45,383.01,0.6756756756756757
359954,46,0.5212,0.9124,0.6622,9.4,388.87,0.6756756756756757
359954,47,0.5215,0.9124,0.6622,9.39,393.73,0.6756756756756757
359954,48,0.5217,0.9124,0.6622,9.4,413.77,0.6756756756756757
359954,49,0.5218,0.9139,0.6622,9.38,435.64,0.6756756756756757
168784,0,0.6119,0.7371,0.7282,4.32,172.93,0.8205128205128205
168784,1,0.6119,0.7371,0.7282,4.32,172.93,0.8205128205128205
168784,2,0.6259,0.8081,0.7385,16.14,1896.28,0.8205128205128205
168784,3,0.634,0.8322,0.7436,17.52,2070.33,0.8205128205128205
168784,4,0.6383,0.8488,0.759,17.01,1963.35,0.8205128205128205
168784,5,0.6422,0.858,0.7692,16.01,1818.0,0.8205128205128205
168784,6,0.6446,0.87,0.7846,14.95,1790.63,0.8205128205128205
168784,7,0.6461,0.8769,0.7744,14.34,1799.37,0.8205128205128205
168784,8,0.648,0.8826,0.7795,13.44,1762.32,0.8205128205128205
168784,9,0.6489,0.8877,0.7846,12.69,1749.34,0.8205128205128205
168784,10,0.6505,0.89,0.7795,12.18,1733.11,0.8205128205128205
168784,11,0.652,0.8923,0.7795,12.01,1716.22,0.8205128205128205
168784,12,0.653,0.8981,0.7846,11.7,1699.03,0.8205128205128205
168784,13,0.6538,0.9009,0.7795,11.5,1697.02,0.8205128205128205
168784,14,0.6548,0.9055,0.7846,11.19,1763.74,0.8205128205128205
168784,15,0.6556,0.9072,0.7846,10.99,1785.11,0.8205128205128205
168784,16,0.6562,0.9112,0.7897,10.74,1975.45,0.8205128205128205
168784,17,0.6563,0.9181,0.7897,10.69,2136.0,0.8205128205128205
168784,18,0.6566,0.9244,0.7846,10.53,2208.87,0.8205128205128205
168784,19,0.6571,0.9318,0.7846,10.47,2309.62,0.8205128205128205
168784,20,0.6576,0.9376,0.7846,10.33,2390.36,0.8205128205128205
168784,21,0.6579,0.9393,0.7897,10.26,2446.13,0.8205128205128205
168784,22,0.658,0.9444,0.7897,10.01,2466.54,0.8205128205128205
168784,23,0.6579,0.945,0.7897,9.82,2475.1,0.8205128205128205
168784,24,0.6578,0.9496,0.7949,9.72,2500.0,0.8205128205128205
168784,25,0.6577,0.9513,0.7949,9.59,2579.33,0.8205128205128205
168784,26,0.6579,0.9536,0.7949,9.44,2648.32,0.8205128205128205
168784,27,0.6577,0.9553,0.7897,9.32,2721.32,0.8205128205128205
168784,28,0.658,0.9588,0.7949,9.23,2760.62,0.8205128205128205
168784,29,0.6582,0.9622,0.7949,9.13,2811.12,0.8205128205128205
168784,30,0.6582,0.9639,0.7949,9.02,2916.21,0.8205128205128205
168784,31,0.6584,0.9668,0.7949,8.95,3000.65,0.8205128205128205
168784,32,0.6585,0.9702,0.7897,8.85,3072.8,0.8205128205128205
168784,33,0.6583,0.9725,0.7949,8.85,3201.62,0.8205128205128205
168784,34,0.6585,0.9731,0.7846,8.91,3284.11,0.8205128205128205
168784,35,0.6588,0.9765,0.7949,8.85,3356.58,0.8205128205128205
168784,36,0.6588,0.9777,0.7949,8.8,3426.2,0.8205128205128205
168784,37,0.6588,0.9788,0.7949,8.78,3477.4,0.8205128205128205
168784,38,0.6587,0.9794,0.8,8.74,3570.54,0.8205128205128205
168784,39,0.6587,0.9805,0.7949,8.76,3700.0,0.8205128205128205
168784,40,0.6585,0.9811,0.7897,8.87,3807.92,0.8205128205128205
168784,41,0.6583,0.9828,0.7897,8.89,3912.95,0.8205128205128205
168784,42,0.6582,0.9822,0.7897,8.85,3983.83,0.8205128205128205
168784,43,0.6582,0.984,0.7897,8.83,4095.87,0.8205128205128205
168784,44,0.6582,0.9857,0.7949,8.83,4210.14,0.8205128205128205
168784,45,0.6581,0.9857,0.7949,8.84,4312.84,0.8205128205128205
168784,46,0.6581,0.9868,0.7949,8.85,4397.43,0.8205128205128205
168784,47,0.6581,0.988,0.8,8.84,4480.74,0.8205128205128205
168784,48,0.658,0.9885,0.8,8.83,4552.97,0.8205128205128205
168784,49,0.658,0.9891,0.8051,8.82,4606.99,0.8205128205128205
359954,0,0.4746,0.6571,0.5541,12.22,186.07,0.6756756756756757
359954,1,0.4746,0.6571,0.5541,12.22,186.07,0.6756756756756757
359954,2,0.4872,0.6994,0.5405,13.26,207.13,0.6756756756756757
359954,3,0.4952,0.7311,0.5811,12.36,241.46,0.6756756756756757
359954,4,0.4998,0.7432,0.6216,11.59,238.26,0.6756756756756757
359954,5,0.501,0.7568,0.6216,10.59,214.72,0.6756756756756757
359954,6,0.5042,0.7719,0.6216,10.13,197.64,0.6756756756756757
359954,7,0.5066,0.7855,0.6216,9.91,185.51,0.6756756756756757
359954,8,0.5079,0.7931,0.6216,9.59,175.04,0.6756756756756757
359954,9,0.5088,0.7961,0.6351,9.24,164.8,0.6756756756756757
359954,10,0.5094,0.8036,0.6351,8.89,167.23,0.6756756756756757
359954,11,0.5099,0.8066,0.6486,8.67,166.43,0.6756756756756757
359954,12,0.5108,0.8112,0.6486,8.19,163.35,0.6756756756756757
359954,13,0.5114,0.8187,0.6486,7.77,169.64,0.6756756756756757
359954,14,0.5124,0.8172,0.6351,7.32,171.34,0.6756756756756757
359954,15,0.5133,0.8202,0.6351,7.01,174.68,0.6756756756756757
359954,16,0.5135,0.8218,0.6486,7.02,178.87,0.6756756756756757
359954,17,0.5142,0.8233,0.6486,6.75,179.34,0.6756756756756757
359954,18,0.5143,0.8218,0.6486,6.51,181.36,0.6756756756756757
359954,19,0.5139,0.8202,0.6486,6.53,188.21,0.6756756756756757
359954,20,0.5146,0.8202,0.6486,6.3,193.98,0.6756756756756757
359954,21,0.5153,0.8202,0.6486,6.05,201.32,0.6756756756756757
359954,22,0.5157,0.8248,0.6486,5.88,206.78,0.6756756756756757
359954,23,0.5159,0.8218,0.6486,5.98,237.99,0.6756756756756757
359954,24,0.5162,0.8263,0.6486,6.04,264.48,0.6756756756756757
359954,25,0.5159,0.8278,0.6486,6.13,298.88,0.6756756756756757
359954,26,0.516,0.8293,0.6486,6.14,316.73,0.6756756756756757
359954,27,0.5156,0.8308,0.6486,6.28,328.96,0.6756756756756757
359954,28,0.5152,0.8308,0.6486,6.34,342.9,0.6756756756756757
359954,29,0.5148,0.8338,0.6486,6.8,357.54,0.6756756756756757
359954,30,0.5143,0.8308,0.6486,7.22,375.41,0.6756756756756757
359954,31,0.5136,0.8369,0.6486,7.57,387.14,0.6756756756756757
359954,32,0.5131,0.8308,0.6486,8.0,398.28,0.6756756756756757
359954,33,0.5129,0.8323,0.6486,8.21,407.19,0.6756756756756757
359954,34,0.5122,0.8308,0.6486,8.61,416.65,0.6756756756756757
359954,35,0.5118,0.8338,0.6486,8.79,421.9,0.6756756756756757
359954,36,0.5112,0.8308,0.6486,8.99,429.42,0.6756756756756757
359954,37,0.5112,0.8323,0.6486,9.13,436.6,0.6756756756756757
359954,38,0.5112,0.8338,0.6486,9.27,443.0,0.6756756756756757
359954,39,0.5113,0.8338,0.6486,9.3,447.51,0.6756756756756757
359954,40,0.5112,0.8323,0.6351,9.47,455.11,0.6756756756756757
359954,41,0.5107,0.8323,0.6351,9.76,465.83,0.6756756756756757
359954,42,0.5108,0.8323,0.6351,9.88,476.59,0.6756756756756757
359954,43,0.5104,0.8308,0.6351,10.0,487.98,0.6756756756756757
359954,44,0.51,0.8308,0.6351,10.17,500.74,0.6756756756756757
359954,45,0.51,0.8308,0.6351,10.13,510.17,0.6756756756756757
359954,46,0.5098,0.8293,0.6351,10.14,506.94,0.6756756756756757
359954,47,0.51,0.8308,0.6351,10.03,509.6,0.6756756756756757
359954,48,0.5101,0.8323,0.6351,9.96,512.89,0.6756756756756757
359954,49,0.5102,0.8338,0.6351,9.93,519.6,0.6756756756756757
168784,0,0.6127,0.7463,0.7128,4.48,151.67,0.8153846153846154
168784,1,0.6127,0.7463,0.7128,4.48,151.67,0.8153846153846154
168784,2,0.6274,0.8007,0.7538,13.99,1274.58,0.8153846153846154
168784,3,0.6368,0.8207,0.759,15.29,1361.46,0.8153846153846154
168784,4,0.6428,0.8402,0.7744,15.01,1316.6,0.8153846153846154
168784,5,0.6464,0.8465,0.7744,14.1,1202.59,0.8153846153846154
168784,6,0.6482,0.8511,0.7795,13.35,1108.55,0.8153846153846154
168784,7,0.6505,0.8574,0.7744,12.51,1035.59,0.8153846153846154
168784,8,0.6523,0.8591,0.7641,12.11,1021.01,0.8153846153846154
168784,9,0.6536,0.8625,0.7641,11.76,995.43,0.8153846153846154
168784,10,0.6544,0.8729,0.759,11.35,1036.35,0.8153846153846154
168784,11,0.6556,0.874,0.759,11.08,1073.74,0.8153846153846154
168784,12,0.6557,0.878,0.7692,10.77,1091.85,0.8153846153846154
168784,13,0.656,0.8826,0.7641,10.55,1072.56,0.8153846153846154
168784,14,0.6561,0.8877,0.7744,10.29,1057.28,0.8153846153846154
168784,15,0.6566,0.8872,0.7744,9.98,1035.4,0.8153846153846154
168784,16,0.6572,0.89,0.7795,9.71,1012.86,0.8153846153846154
168784,17,0.6578,0.8912,0.7795,9.46,994.5,0.8153846153846154
168784,18,0.6578,0.8935,0.7846,9.15,978.61,0.8153846153846154
168784,19,0.6579,0.8963,0.7846,8.96,961.88,0.8153846153846154
168784,20,0.6582,0.8981,0.7897,8.94,1022.63,0.8153846153846154
168784,21,0.6586,0.9003,0.7846,8.84,1073.87,0.8153846153846154
168784,22,0.6588,0.9026,0.7795,8.76,1121.54,0.8153846153846154
168784,23,0.6593,0.9038,0.7795,8.72,1147.03,0.8153846153846154
168784,24,0.6597,0.9055,0.7795,8.73,1192.0,0.8153846153846154
168784,25,0.6599,0.9089,0.7795,8.67,1209.53,0.8153846153846154
168784,26,0.6602,0.9107,0.7795,8.65,1223.83,0.8153846153846154
168784,27,0.6604,0.9147,0.7795,8.59,1262.39,0.8153846153846154
168784,28,0.6606,0.9175,0.7795,8.63,1371.95,0.8153846153846154
168784,29,0.6608,0.9192,0.7795,8.72,1472.29,0.8153846153846154
168784,30,0.661,0.9238,0.7795,8.7,1580.66,0.8153846153846154
168784,31,0.6613,0.9273,0.7744,8.73,1722.44,0.8153846153846154
168784,32,0.6614,0.929,0.7846,8.77,1834.26,0.8153846153846154
168784,33,0.6615,0.9324,0.7846,8.66,2021.06,0.8153846153846154
168784,34,0.6618,0.9364,0.7897,8.58,2194.63,0.8153846153846154
168784,35,0.6617,0.9399,0.7897,8.63,2358.73,0.8153846153846154
168784,36,0.6618,0.9439,0.7846,8.58,2502.95,0.8153846153846154
168784,37,0.6617,0.945,0.7846,8.49,2628.65,0.8153846153846154
168784,38,0.6617,0.9485,0.7897,8.48,2759.35,0.8153846153846154
168784,39,0.6617,0.9496,0.7846,8.51,2863.35,0.8153846153846154
168784,40,0.6618,0.9507,0.7897,8.56,2951.0,0.8153846153846154
168784,41,0.6618,0.9525,0.7897,8.6,3032.23,0.8153846153846154
168784,42,0.6618,0.9548,0.7897,8.56,3100.57,0.8153846153846154
168784,43,0.6619,0.9576,0.7897,8.56,3160.74,0.8153846153846154
168784,44,0.6619,0.9593,0.7897,8.52,3210.09,0.8153846153846154
168784,45,0.6619,0.9611,0.7897,8.53,3257.5,0.8153846153846154
168784,46,0.6618,0.9628,0.7897,8.49,3297.44,0.8153846153846154
168784,47,0.6617,0.9639,0.7897,8.45,3339.78,0.8153846153846154
168784,48,0.6617,0.9651,0.7846,8.36,3378.42,0.8153846153846154
168784,49,0.6617,0.9691,0.7846,8.31,3416.68,0.8153846153846154
168784,0,0.6146,0.7348,0.7282,5.22,253.17,0.8153846153846154
168784,1,0.6146,0.7348,0.7282,5.22,253.17,0.8153846153846154
168784,2,0.629,0.7881,0.7385,12.02,754.29,0.8153846153846154
168784,3,0.6384,0.8173,0.7538,13.46,802.13,0.8153846153846154
168784,4,0.6446,0.8385,0.7487,13.96,970.15,0.8153846153846154
168784,5,0.6478,0.8505,0.7538,13.73,1068.55,0.8153846153846154
168784,6,0.6497,0.8545,0.759,13.36,1096.83,0.8153846153846154
168784,7,0.6518,0.8585,0.7744,12.81,1010.75,0.8153846153846154
168784,8,0.6535,0.8614,0.7641,12.02,936.76,0.8153846153846154
168784,9,0.6539,0.8643,0.7692,11.33,868.33,0.8153846153846154
168784,10,0.6552,0.8677,0.7692,10.97,834.5,0.8153846153846154
168784,11,0.6554,0.8717,0.7744,10.92,891.81,0.8153846153846154
168784,12,0.6567,0.874,0.7692,10.77,1003.65,0.8153846153846154
168784,13,0.6578,0.8769,0.7744,10.66,1214.23,0.8153846153846154
168784,14,0.6585,0.8814,0.7744,10.47,1355.27,0.8153846153846154
168784,15,0.6587,0.8872,0.7744,10.31,1440.72,0.8153846153846154
168784,16,0.6591,0.8923,0.7744,10.11,1489.52,0.8153846153846154
168784,17,0.6593,0.8958,0.7744,9.93,1557.98,0.8153846153846154
168784,18,0.6592,0.8992,0.7744,9.78,1631.52,0.8153846153846154
168784,19,0.6591,0.9026,0.7744,9.63,1683.7,0.8153846153846154
168784,20,0.6593,0.9049,0.7744,9.6,1733.72,0.8153846153846154
168784,21,0.6593,0.9101,0.7795,9.57,1874.12,0.8153846153846154
168784,22,0.6593,0.9152,0.7846,9.44,1971.69,0.8153846153846154
168784,23,0.6594,0.9175,0.7846,9.41,2086.13,0.8153846153846154
168784,24,0.6594,0.9215,0.7846,9.38,2169.01,0.8153846153846154
168784,25,0.6594,0.9261,0.7846,9.35,2281.4,0.8153846153846154
168784,26,0.6595,0.9301,0.7897,9.35,2492.5,0.8153846153846154
168784,27,0.6596,0.9347,0.7897,9.3,2669.05,0.8153846153846154
168784,28,0.6595,0.9353,0.7897,9.26,2813.57,0.8153846153846154
168784,29,0.6595,0.9387,0.7897,9.16,2917.95,0.8153846153846154
168784,30,0.6594,0.9404,0.7897,9.07,3042.27,0.8153846153846154
168784,31,0.6593,0.9404,0.7897,8.92,3080.84,0.8153846153846154
168784,32,0.6593,0.9433,0.7949,8.82,3186.81,0.8153846153846154
168784,33,0.6594,0.945,0.7949,8.72,3290.36,0.8153846153846154
168784,34,0.6595,0.9462,0.8,8.69,3459.8,0.8153846153846154
168784,35,0.6594,0.9525,0.8,8.66,3641.2,0.8153846153846154
168784,36,0.6594,0.9565,0.8,8.67,3847.3,0.8153846153846154
168784,37,0.6595,0.9588,0.7949,8.68,4045.83,0.8153846153846154
168784,38,0.6595,0.9628,0.7949,8.65,4226.2,0.8153846153846154
168784,39,0.6594,0.9662,0.7949,8.67,4418.06,0.8153846153846154
168784,40,0.6595,0.9685,0.8,8.73,4637.45,0.8153846153846154
168784,41,0.6595,0.9714,0.7949,8.71,4855.6,0.8153846153846154
168784,42,0.6596,0.9748,0.7949,8.75,5045.8,0.8153846153846154
168784,43,0.6595,0.9771,0.7949,8.77,5176.96,0.8153846153846154
168784,44,0.6597,0.98,0.7949,8.73,5322.27,0.8153846153846154
168784,45,0.6597,0.9828,0.7949,8.7,5397.39,0.8153846153846154
168784,46,0.6598,0.984,0.7949,8.71,5522.43,0.8153846153846154
168784,47,0.6599,0.9857,0.7949,8.73,5613.11,0.8153846153846154
168784,48,0.6601,0.9868,0.7949,8.7,5698.08,0.8153846153846154
168784,49,0.6602,0.9874,0.7949,8.75,5775.77,0.8153846153846154
168784,0,0.6143,0.7245,0.7282,4.95,178.92,0.8153846153846154
168784,1,0.6143,0.7245,0.7282,4.95,178.92,0.8153846153846154
168784,2,0.6287,0.8099,0.759,13.92,2155.46,0.8153846153846154
168784,3,0.6381,0.8351,0.7692,14.71,2349.67,0.8153846153846154
168784,4,0.6444,0.8551,0.7692,14.3,2226.86,0.8153846153846154
168784,5,0.6473,0.8637,0.7744,13.8,2070.13,0.8153846153846154
168784,6,0.6489,0.8688,0.7744,13.33,1910.55,0.8153846153846154
168784,7,0.6495,0.8734,0.7744,12.72,1807.32,0.8153846153846154
168784,8,0.6505,0.878,0.7692,11.96,1721.44,0.8153846153846154
168784,9,0.6506,0.8826,0.7744,11.22,1625.42,0.8153846153846154
168784,10,0.6507,0.8837,0.7744,10.68,1545.06,0.8153846153846154
168784,11,0.6511,0.8877,0.7846,10.17,1494.4,0.8153846153846154
168784,12,0.6511,0.8912,0.7744,9.78,1414.49,0.8153846153846154
168784,13,0.6513,0.8946,0.7795,9.59,1352.28,0.8153846153846154
168784,14,0.6515,0.8952,0.7744,9.29,1286.23,0.8153846153846154
168784,15,0.6517,0.8975,0.7692,9.1,1240.12,0.8153846153846154
168784,16,0.6521,0.8981,0.7692,8.75,1196.45,0.8153846153846154
168784,17,0.6522,0.8986,0.7692,8.52,1165.46,0.8153846153846154
168784,18,0.6529,0.8998,0.7692,8.32,1138.71,0.8153846153846154
168784,19,0.6532,0.9021,0.7692,8.19,1133.73,0.8153846153846154
168784,20,0.6532,0.9049,0.7692,8.07,1151.71,0.8153846153846154
168784,21,0.6533,0.9089,0.7692,7.99,1167.99,0.8153846153846154
168784,22,0.6534,0.9135,0.7692,7.84,1174.46,0.8153846153846154
168784,23,0.6532,0.9152,0.7692,7.7,1182.52,0.8153846153846154
168784,24,0.6536,0.9158,0.7692,7.53,1178.34,0.8153846153846154
168784,25,0.6538,0.9164,0.7744,7.37,1169.87,0.8153846153846154
168784,26,0.6541,0.9181,0.7744,7.22,1160.46,0.8153846153846154
168784,27,0.6545,0.9198,0.7744,7.11,1162.85,0.8153846153846154
168784,28,0.6548,0.9221,0.7744,6.98,1164.44,0.8153846153846154
168784,29,0.6551,0.9233,0.7795,6.96,1185.72,0.8153846153846154
168784,30,0.6552,0.9255,0.7846,6.92,1211.4,0.8153846153846154
168784,31,0.6551,0.9255,0.7795,6.85,1218.47,0.8153846153846154
168784,32,0.6553,0.9273,0.7692,6.82,1254.29,0.8153846153846154
168784,33,0.6556,0.929,0.7744,6.75,1284.72,0.8153846153846154
168784,34,0.6556,0.9307,0.7744,6.72,1404.84,0.8153846153846154
168784,35,0.6556,0.9324,0.7744,6.76,1479.01,0.8153846153846154
168784,36,0.6557,0.9341,0.7744,6.74,1544.81,0.8153846153846154
168784,37,0.6557,0.9353,0.7744,6.73,1608.09,0.8153846153846154
168784,38,0.656,0.9364,0.7795,6.71,1694.51,0.8153846153846154
168784,39,0.6562,0.9393,0.7795,6.69,1783.27,0.8153846153846154
168784,40,0.6563,0.9433,0.7795,6.69,1901.24,0.8153846153846154
168784,41,0.6561,0.9444,0.7795,6.75,2072.57,0.8153846153846154
168784,42,0.6562,0.9462,0.7795,6.83,2229.45,0.8153846153846154
168784,43,0.6562,0.9485,0.7795,6.86,2354.65,0.8153846153846154
168784,44,0.6563,0.9496,0.7795,6.9,2460.3,0.8153846153846154
168784,45,0.6565,0.9519,0.7795,6.93,2556.78,0.8153846153846154
168784,46,0.6565,0.9542,0.7897,6.98,2636.73,0.8153846153846154
168784,47,0.6566,0.9565,0.7897,7.07,2707.07,0.8153846153846154
168784,48,0.6566,0.9588,0.7897,7.05,2780.33,0.8153846153846154
168784,49,0.6568,0.9582,0.7897,7.09,2844.39,0.8153846153846154
168784,0,0.6212,0.7554,0.7385,4.75,173.81,0.8205128205128205
168784,1,0.6212,0.7554,0.7385,4.75,173.81,0.8205128205128205
168784,2,0.6358,0.8036,0.7692,12.55,1214.15,0.8205128205128205
168784,3,0.6426,0.827,0.7795,13.18,1342.83,0.8205128205128205
168784,4,0.6461,0.8379,0.7692,12.73,1336.24,0.8205128205128205
168784,5,0.6485,0.8545,0.7692,12.58,1321.38,0.8205128205128205
168784,6,0.6499,0.8614,0.759,11.91,1254.56,0.8205128205128205
168784,7,0.6513,0.8677,0.7692,11.41,1208.68,0.8205128205128205
168784,8,0.6528,0.8746,0.7744,11.17,1201.53,0.8205128205128205
168784,9,0.6537,0.8803,0.7897,10.64,1166.53,0.8205128205128205
168784,10,0.6545,0.882,0.7692,10.12,1231.93,0.8205128205128205
168784,11,0.6549,0.8849,0.7744,9.72,1260.24,0.8205128205128205
168784,12,0.6548,0.8872,0.7744,9.32,1267.89,0.8205128205128205
168784,13,0.6549,0.8923,0.7795,9.05,1314.42,0.8205128205128205
168784,14,0.6549,0.9003,0.7744,8.77,1367.77,0.8205128205128205
168784,15,0.6547,0.9026,0.7846,8.58,1392.02,0.8205128205128205
168784,16,0.655,0.9038,0.7795,8.35,1373.89,0.8205128205128205
168784,17,0.6549,0.9078,0.7795,8.19,1386.5,0.8205128205128205
168784,18,0.655,0.9112,0.7795,7.96,1385.74,0.8205128205128205
168784,19,0.6552,0.9112,0.7795,7.8,1395.39,0.8205128205128205
168784,20,0.6556,0.9152,0.7744,7.64,1424.47,0.8205128205128205
168784,21,0.6554,0.9181,0.7744,7.58,1527.43,0.8205128205128205
168784,22,0.6554,0.9227,0.7795,7.44,1611.38,0.8205128205128205
168784,23,0.6554,0.9244,0.7795,7.4,1718.08,0.8205128205128205
168784,24,0.6555,0.9267,0.7795,7.38,1798.52,0.8205128205128205
168784,25,0.6557,0.9284,0.7795,7.38,1861.15,0.8205128205128205
168784,26,0.6559,0.9318,0.7795,7.28,1918.87,0.8205128205128205
168784,27,0.656,0.9341,0.7795,7.21,1964.28,0.8205128205128205
168784,28,0.6561,0.9359,0.7795,7.13,2002.5,0.8205128205128205
168784,29,0.6561,0.9387,0.7795,7.12,2096.61,0.8205128205128205
168784,30,0.6561,0.9399,0.7795,7.08,2189.54,0.8205128205128205
168784,31,0.6565,0.941,0.7795,7.08,2342.46,0.8205128205128205
168784,32,0.6565,0.9439,0.7795,7.08,2474.02,0.8205128205128205
168784,33,0.6564,0.9467,0.7795,7.05,2603.95,0.8205128205128205
168784,34,0.6565,0.9479,0.7795,6.98,2704.4,0.8205128205128205
168784,35,0.6565,0.9507,0.7846,7.09,2806.07,0.8205128205128205
168784,36,0.6567,0.953,0.7846,7.19,2928.94,0.8205128205128205
168784,37,0.6568,0.9542,0.7846,7.26,3029.01,0.8205128205128205
168784,38,0.6568,0.9576,0.7846,7.36,3121.24,0.8205128205128205
168784,39,0.6569,0.9593,0.7846,7.44,3195.22,0.8205128205128205
168784,40,0.6568,0.9616,0.7846,7.45,3223.11,0.8205128205128205
168784,41,0.6568,0.9656,0.7846,7.47,3289.53,0.8205128205128205
168784,42,0.6567,0.9668,0.7846,7.52,3342.75,0.8205128205128205
168784,43,0.6564,0.9679,0.7897,7.5,3390.27,0.8205128205128205
168784,44,0.6564,0.9708,0.7897,7.5,3433.81,0.8205128205128205
168784,45,0.6565,0.9737,0.7897,7.52,3509.75,0.8205128205128205
168784,46,0.6565,0.9737,0.7897,7.49,3577.31,0.8205128205128205
168784,47,0.6566,0.9737,0.7897,7.46,3639.08,0.8205128205128205
168784,48,0.6566,0.9748,0.7897,7.49,3762.08,0.8205128205128205
168784,49,0.6565,0.9765,0.7897,7.5,3848.82,0.8205128205128205
359954,0,0.4796,0.6405,0.5541,9.66,140.1,0.6756756756756757
359954,1,0.4796,0.6405,0.5541,9.66,140.1,0.6756756756756757
359954,2,0.4878,0.6782,0.5811,6.61,112.82,0.6756756756756757
359954,3,0.4922,0.6782,0.5811,5.26,94.95,0.6756756756756757
359954,4,0.4944,0.6918,0.5811,4.68,83.64,0.6756756756756757
359954,5,0.4962,0.6918,0.5811,4.06,73.3,0.6756756756756757
359954,6,0.4937,0.6903,0.5811,4.0,68.16,0.6756756756756757
359954,7,0.4938,0.6949,0.5811,3.64,62.36,0.6756756756756757
359954,8,0.4938,0.7009,0.5946,3.36,57.88,0.6756756756756757
359954,9,0.4929,0.7024,0.6081,3.08,53.61,0.6756756756756757
359954,10,0.4926,0.6964,0.6081,3.06,52.11,0.6756756756756757
359954,11,0.492,0.6934,0.6081,2.93,49.8,0.6756756756756757
359954,12,0.4917,0.6949,0.6081,2.88,49.09,0.6756756756756757
359954,13,0.4936,0.7009,0.6081,2.87,48.86,0.6756756756756757
359954,14,0.4953,0.7039,0.6081,3.05,49.3,0.6756756756756757
359954,15,0.4961,0.7115,0.6081,3.03,48.9,0.6756756756756757
359954,16,0.4973,0.716,0.5946,3.02,50.69,0.6756756756756757
359954,17,0.4984,0.7236,0.5946,3.03,53.12,0.6756756756756757
359954,18,0.4992,0.7236,0.5946,3.07,55.71,0.6756756756756757
359954,19,0.4999,0.7251,0.5946,3.06,58.46,0.6756756756756757
359954,20,0.5004,0.7266,0.5946,3.17,59.2,0.6756756756756757
359954,21,0.5009,0.7281,0.5946,3.25,60.46,0.6756756756756757
359954,22,0.5016,0.7281,0.6216,3.31,61.84,0.6756756756756757
359954,23,0.5019,0.7266,0.6216,3.35,62.39,0.6756756756756757
359954,24,0.5024,0.7266,0.6216,3.31,62.45,0.6756756756756757
359954,25,0.5026,0.7251,0.6216,3.25,62.65,0.6756756756756757
359954,26,0.503,0.7251,0.6216,3.27,63.61,0.6756756756756757
359954,27,0.5036,0.7236,0.6216,3.27,64.55,0.6756756756756757
359954,28,0.5042,0.7251,0.6081,3.29,65.53,0.6756756756756757
359954,29,0.5044,0.7251,0.6081,3.26,66.33,0.6756756756756757
359954,30,0.5047,0.7251,0.6081,3.38,68.01,0.6756756756756757
359954,31,0.5048,0.7266,0.6216,3.63,70.6,0.6756756756756757
359954,32,0.5051,0.7296,0.6216,3.82,75.34,0.6756756756756757
359954,33,0.5052,0.7296,0.6216,4.03,83.0,0.6756756756756757
359954,34,0.5056,0.7356,0.6351,4.21,88.91,0.6756756756756757
359954,35,0.5061,0.7387,0.6351,4.25,94.36,0.6756756756756757
359954,36,0.5066,0.7402,0.6351,4.78,103.09,0.6756756756756757
359954,37,0.5073,0.7432,0.6351,5.06,110.88,0.6756756756756757
359954,38,0.5077,0.7462,0.6351,5.38,117.34,0.6756756756756757
359954,39,0.5083,0.7492,0.6216,5.72,122.72,0.6756756756756757
359954,40,0.5086,0.7523,0.6216,6.01,131.84,0.6756756756756757
359954,41,0.5091,0.7553,0.6216,6.28,143.64,0.6756756756756757
359954,42,0.5092,0.7613,0.6216,6.6,161.62,0.6756756756756757
359954,43,0.5094,0.7628,0.6216,6.84,178.83,0.6756756756756757
359954,44,0.5099,0.7644,0.6216,7.07,195.64,0.6756756756756757
359954,45,0.5103,0.7689,0.6216,7.22,200.77,0.6756756756756757
359954,46,0.5106,0.7719,0.6216,7.39,210.54,0.6756756756756757
359954,47,0.5108,0.7734,0.6216,7.73,234.09,0.6756756756756757
359954,48,0.5108,0.7764,0.6216,8.15,260.48,0.6756756756756757
359954,49,0.5112,0.7795,0.6351,8.65,287.48,0.6756756756756757
359954,0,0.4597,0.6239,0.527,14.22,160.3,0.6756756756756757
359954,1,0.4597,0.6239,0.527,14.22,160.3,0.6756756756756757
359954,2,0.4805,0.6994,0.5811,23.23,532.23,0.6756756756756757
359954,3,0.4939,0.7205,0.5946,21.92,473.76,0.6756756756756757
359954,4,0.4983,0.7508,0.6351,20.39,425.62,0.6756756756756757
359954,5,0.5008,0.7644,0.6216,18.84,382.55,0.6756756756756757
359954,6,0.5033,0.7704,0.6216,17.29,344.0,0.6756756756756757
359954,7,0.5058,0.7779,0.6216,15.68,317.45,0.6756756756756757
359954,8,0.5083,0.784,0.6622,14.76,288.97,0.6756756756756757
359954,9,0.5094,0.787,0.6622,13.79,269.25,0.6756756756756757
359954,10,0.5096,0.787,0.6486,13.06,253.22,0.6756756756756757
359954,11,0.511,0.7885,0.6486,12.73,242.14,0.6756756756756757
359954,12,0.5117,0.7961,0.6486,12.41,232.75,0.6756756756756757
359954,13,0.5125,0.7991,0.6351,11.99,221.28,0.6756756756756757
359954,14,0.5123,0.7991,0.6351,11.59,210.64,0.6756756756756757
359954,15,0.5128,0.8036,0.6486,11.3,203.3,0.6756756756756757
359954,16,0.5131,0.8021,0.6486,11.12,199.4,0.6756756756756757
359954,17,0.5132,0.8006,0.6486,11.16,197.09,0.6756756756756757
359954,18,0.5136,0.7946,0.6622,10.91,190.43,0.6756756756756757
359954,19,0.5139,0.7976,0.6486,10.72,184.06,0.6756756756756757
359954,20,0.5136,0.7991,0.6622,10.57,180.27,0.6756756756756757
359954,21,0.5134,0.7961,0.6351,10.47,179.7,0.6756756756756757
359954,22,0.5135,0.7991,0.6486,10.29,177.06,0.6756756756756757
359954,23,0.5138,0.8006,0.6351,10.07,172.37,0.6756756756756757
359954,24,0.5141,0.7991,0.6351,9.92,170.29,0.6756756756756757
359954,25,0.5142,0.8021,0.6351,9.81,167.47,0.6756756756756757
359954,26,0.5143,0.8021,0.6351,9.64,168.76,0.6756756756756757
359954,27,0.5149,0.7991,0.6216,9.55,169.02,0.6756756756756757
359954,28,0.5151,0.8006,0.6216,9.38,165.88,0.6756756756756757
359954,29,0.5151,0.8021,0.6216,9.27,163.62,0.6756756756756757
359954,30,0.5156,0.8066,0.6216,9.13,164.87,0.6756756756756757
359954,31,0.5158,0.8082,0.6216,9.11,165.9,0.6756756756756757
359954,32,0.5158,0.8097,0.6351,9.03,167.53,0.6756756756756757
359954,33,0.5158,0.8097,0.6351,8.96,167.78,0.6756756756756757
359954,34,0.5161,0.8127,0.6351,8.95,170.82,0.6756756756756757
359954,35,0.5161,0.8142,0.6351,9.0,175.39,0.6756756756756757
359954,36,0.5163,0.8157,0.6351,9.06,178.9,0.6756756756756757
359954,37,0.5167,0.8172,0.6351,9.06,179.42,0.6756756756756757
359954,38,0.5168,0.8202,0.6486,9.04,180.04,0.6756756756756757
359954,39,0.5173,0.8202,0.6486,9.01,181.29,0.6756756756756757
359954,40,0.5175,0.8218,0.6486,9.04,180.94,0.6756756756756757
359954,41,0.5177,0.8202,0.6486,9.01,185.2,0.6756756756756757
359954,42,0.5179,0.8263,0.6486,9.01,189.46,0.6756756756756757
359954,43,0.5181,0.8278,0.6622,8.96,194.85,0.6756756756756757
359954,44,0.5181,0.8278,0.6486,8.94,199.06,0.6756756756756757
359954,45,0.518,0.8323,0.6486,8.95,205.47,0.6756756756756757
359954,46,0.5179,0.8338,0.6486,8.89,210.64,0.6756756756756757
359954,47,0.5178,0.8384,0.6486,8.96,221.56,0.6756756756756757
359954,48,0.5177,0.8429,0.6486,8.96,227.48,0.6756756756756757
359954,49,0.5178,0.8459,0.6486,8.94,241.57,0.6756756756756757
2073,0,0.4817,0.597,0.5839,11.95,149.57,0.7248322147651006
2073,1,0.4817,0.597,0.5839,11.95,149.57,0.7248322147651006
2073,2,0.4862,0.6105,0.5973,16.67,399.14,0.7248322147651006
2073,3,0.4908,0.618,0.6174,18.23,543.31,0.7248322147651006
2073,4,0.4953,0.6277,0.6309,18.46,674.84,0.7248322147651006
2073,5,0.4943,0.6352,0.6309,18.64,767.3,0.7248322147651006
2073,6,0.4952,0.6382,0.6309,18.39,807.09,0.7248322147651006
2073,7,0.4991,0.6464,0.6309,17.39,831.62,0.7248322147651006
2073,8,0.5007,0.6524,0.6242,16.58,829.13,0.7248322147651006
2073,9,0.5036,0.6569,0.6309,15.39,828.38,0.7248322147651006
2073,10,0.5054,0.6592,0.6376,14.79,823.71,0.7248322147651006
2073,11,0.5065,0.6607,0.6376,14.05,796.74,0.7248322147651006
2073,12,0.5071,0.6659,0.6443,13.87,798.18,0.7248322147651006
2073,13,0.508,0.6674,0.6309,13.66,778.51,0.7248322147651006
2073,14,0.5091,0.6674,0.6443,13.4,762.05,0.7248322147651006
2073,15,0.5104,0.6712,0.6443,13.33,742.41,0.7248322147651006
2073,16,0.5118,0.6689,0.6376,13.27,733.62,0.7248322147651006
2073,17,0.5128,0.6712,0.6443,13.17,721.82,0.7248322147651006
2073,18,0.5129,0.6734,0.6443,13.3,716.18,0.7248322147651006
2073,19,0.5131,0.6734,0.6443,13.31,720.67,0.7248322147651006
2073,20,0.514,0.6734,0.6443,13.17,722.24,0.7248322147651006
2073,21,0.5147,0.6749,0.651,13.2,749.03,0.7248322147651006
2073,22,0.5153,0.6749,0.651,13.25,771.76,0.7248322147651006
2073,23,0.5158,0.6772,0.651,13.33,795.92,0.7248322147651006
2073,24,0.5165,0.6779,0.651,13.19,829.04,0.7248322147651006
2073,25,0.5173,0.6801,0.6577,13.17,825.35,0.7248322147651006
2073,26,0.518,0.6809,0.6577,12.86,824.02,0.7248322147651006
2073,27,0.5186,0.6801,0.6644,12.68,829.02,0.7248322147651006
2073,28,0.5193,0.6801,0.6644,12.53,832.25,0.7248322147651006
2073,29,0.5196,0.6801,0.6644,12.49,841.01,0.7248322147651006
2073,30,0.5202,0.6816,0.6644,12.45,847.98,0.7248322147651006
2073,31,0.5206,0.6824,0.6644,12.34,853.71,0.7248322147651006
2073,32,0.5208,0.6839,0.6644,12.13,854.9,0.7248322147651006
2073,33,0.5208,0.6839,0.6644,12.01,857.76,0.7248322147651006
2073,34,0.5211,0.6839,0.6644,11.71,865.88,0.7248322147651006
2073,35,0.5217,0.6846,0.6644,11.44,874.62,0.7248322147651006
2073,36,0.5219,0.6861,0.6644,11.17,898.51,0.7248322147651006
2073,37,0.5221,0.6861,0.6644,10.9,943.92,0.7248322147651006
2073,38,0.5222,0.6876,0.6711,10.66,967.19,0.7248322147651006
2073,39,0.5221,0.6906,0.6711,10.46,996.52,0.7248322147651006
2073,40,0.5223,0.6914,0.6711,10.27,1023.74,0.7248322147651006
2073,41,0.5222,0.6929,0.6644,10.13,1041.94,0.7248322147651006
2073,42,0.5221,0.6974,0.6644,10.13,1067.93,0.7248322147651006
2073,43,0.5218,0.7004,0.6644,10.2,1092.34,0.7248322147651006
2073,44,0.5216,0.7004,0.6644,10.39,1113.53,0.7248322147651006
2073,45,0.5217,0.7011,0.6644,10.58,1132.37,0.7248322147651006
2073,46,0.5217,0.7004,0.6644,10.77,1147.32,0.7248322147651006
2073,47,0.5217,0.7026,0.6644,10.98,1173.98,0.7248322147651006
2073,48,0.522,0.7019,0.6644,11.26,1207.32,0.7248322147651006
2073,49,0.5221,0.7034,0.6644,11.47,1232.76,0.7248322147651006
168784,0,0.6148,0.7331,0.7333,5.91,188.72,0.8256410256410256
168784,1,0.6148,0.7331,0.7333,5.91,188.72,0.8256410256410256
168784,2,0.6296,0.7881,0.7487,12.05,1177.76,0.8256410256410256
168784,3,0.6387,0.819,0.759,13.04,1438.84,0.8256410256410256
168784,4,0.6425,0.8396,0.759,13.06,1598.28,0.8256410256410256
168784,5,0.6445,0.8482,0.7538,12.09,1514.19,0.8256410256410256
168784,6,0.6469,0.8574,0.759,11.46,1440.0,0.8256410256410256
168784,7,0.6478,0.8671,0.7641,10.92,1405.49,0.8256410256410256
168784,8,0.6485,0.8751,0.7692,10.4,1369.14,0.8256410256410256
168784,9,0.6502,0.8757,0.7744,9.91,1372.02,0.8256410256410256
168784,10,0.6518,0.8797,0.7744,9.58,1378.54,0.8256410256410256
168784,11,0.6528,0.8832,0.7795,9.34,1359.42,0.8256410256410256
168784,12,0.6534,0.8849,0.7795,8.98,1355.45,0.8256410256410256
168784,13,0.6539,0.8877,0.7795,8.76,1376.28,0.8256410256410256
168784,14,0.6544,0.8889,0.7744,8.69,1371.58,0.8256410256410256
168784,15,0.6551,0.8935,0.7744,8.42,1358.71,0.8256410256410256
168784,16,0.6557,0.8969,0.7744,8.15,1334.59,0.8256410256410256
168784,17,0.6558,0.8986,0.7744,8.01,1330.28,0.8256410256410256
168784,18,0.656,0.9009,0.7744,7.92,1336.32,0.8256410256410256
168784,19,0.6562,0.9044,0.7744,7.84,1452.6,0.8256410256410256
168784,20,0.6561,0.9038,0.7744,7.74,1509.04,0.8256410256410256
168784,21,0.6566,0.9061,0.7744,7.69,1567.01,0.8256410256410256
168784,22,0.6571,0.9101,0.7846,7.66,1649.39,0.8256410256410256
168784,23,0.6578,0.9141,0.7846,7.57,1746.27,0.8256410256410256
168784,24,0.6583,0.9181,0.7846,7.51,1834.54,0.8256410256410256
168784,25,0.6586,0.9198,0.7897,7.54,1893.62,0.8256410256410256
168784,26,0.6589,0.9233,0.7897,7.51,1953.07,0.8256410256410256
168784,27,0.659,0.925,0.7897,7.43,1992.54,0.8256410256410256
168784,28,0.6591,0.9278,0.7897,7.5,2044.48,0.8256410256410256
168784,29,0.6591,0.9313,0.7897,7.44,2099.63,0.8256410256410256
168784,30,0.6592,0.933,0.7897,7.41,2159.28,0.8256410256410256
168784,31,0.6592,0.9353,0.7949,7.42,2202.63,0.8256410256410256
168784,32,0.6593,0.9381,0.7949,7.39,2251.09,0.8256410256410256
168784,33,0.6593,0.9387,0.7949,7.43,2307.76,0.8256410256410256
168784,34,0.6592,0.9416,0.7949,7.43,2342.87,0.8256410256410256
168784,35,0.6594,0.9416,0.7897,7.4,2370.47,0.8256410256410256
168784,36,0.6596,0.9444,0.7846,7.38,2405.14,0.8256410256410256
168784,37,0.6595,0.9462,0.7846,7.35,2438.84,0.8256410256410256
168784,38,0.6595,0.9462,0.7846,7.36,2484.38,0.8256410256410256
168784,39,0.6596,0.9479,0.7846,7.28,2520.61,0.8256410256410256
168784,40,0.6595,0.949,0.7846,7.28,2548.88,0.8256410256410256
168784,41,0.6598,0.9519,0.7846,7.24,2563.35,0.8256410256410256
168784,42,0.66,0.9513,0.7897,7.22,2588.36,0.8256410256410256
168784,43,0.6601,0.9519,0.7897,7.16,2624.74,0.8256410256410256
168784,44,0.6601,0.9519,0.7897,7.15,2661.02,0.8256410256410256
168784,45,0.6602,0.9513,0.7897,7.13,2709.82,0.8256410256410256
168784,46,0.6602,0.953,0.7897,7.16,2752.16,0.8256410256410256
168784,47,0.66,0.9542,0.7897,7.19,2793.44,0.8256410256410256
168784,48,0.66,0.9553,0.7897,7.18,2807.4,0.8256410256410256
168784,49,0.6601,0.957,0.7949,7.17,2860.55,0.8256410256410256
190146,0,0.6439,0.8108,0.7176,4.07,84.67,0.7647058823529411
190146,1,0.6439,0.8108,0.7176,4.07,84.67,0.7647058823529411
190146,2,0.6551,0.8857,0.7059,12.24,419.98,0.7647058823529411
190146,3,0.6608,0.9251,0.7412,14.24,484.46,0.7647058823529411
190146,4,0.6632,0.9369,0.7294,13.75,470.12,0.7647058823529411
190146,5,0.6662,0.9501,0.7176,13.09,456.64,0.7647058823529411
190146,6,0.667,0.9514,0.7294,12.37,430.64,0.7647058823529411
190146,7,0.6681,0.954,0.7412,11.63,398.99,0.7647058823529411
190146,8,0.6683,0.9593,0.7294,11.09,378.8,0.7647058823529411
190146,9,0.6688,0.9619,0.7294,10.65,356.89,0.7647058823529411
190146,10,0.6693,0.9606,0.7412,10.11,338.12,0.7647058823529411
190146,11,0.6694,0.9619,0.7294,9.81,324.45,0.7647058823529411
190146,12,0.6693,0.9645,0.7294,9.51,306.73,0.7647058823529411
190146,13,0.6693,0.9658,0.7294,9.17,299.31,0.7647058823529411
190146,14,0.6692,0.9671,0.7294,9.09,314.22,0.7647058823529411
190146,15,0.6692,0.9685,0.7294,8.89,323.02,0.7647058823529411
190146,16,0.6692,0.9737,0.7294,8.71,338.77,0.7647058823529411
190146,17,0.6696,0.975,0.7294,8.66,353.06,0.7647058823529411
190146,18,0.6699,0.979,0.7294,8.59,371.29,0.7647058823529411
190146,19,0.6704,0.9777,0.7294,8.55,386.21,0.7647058823529411
190146,20,0.6704,0.979,0.7294,8.51,396.35,0.7647058823529411
190146,21,0.6711,0.9803,0.7294,8.43,401.79,0.7647058823529411
190146,22,0.6717,0.9816,0.7294,8.3,403.86,0.7647058823529411
190146,23,0.672,0.9829,0.7412,8.14,402.39,0.7647058823529411
190146,24,0.6722,0.9829,0.7412,8.02,403.12,0.7647058823529411
190146,25,0.6723,0.9829,0.7294,7.92,403.17,0.7647058823529411
190146,26,0.6728,0.9829,0.7529,7.93,402.49,0.7647058823529411
190146,27,0.6731,0.9829,0.7529,7.79,399.8,0.7647058823529411
190146,28,0.6732,0.9829,0.7529,7.76,401.25,0.7647058823529411
190146,29,0.6735,0.9842,0.7412,7.71,403.24,0.7647058823529411
190146,30,0.6735,0.9855,0.7294,7.69,406.94,0.7647058823529411
190146,31,0.6738,0.9855,0.7294,7.64,407.59,0.7647058823529411
190146,32,0.6737,0.9855,0.7294,7.61,408.46,0.7647058823529411
190146,33,0.6739,0.9869,0.7294,7.6,410.58,0.7647058823529411
190146,34,0.6742,0.9869,0.7294,7.57,411.34,0.7647058823529411
190146,35,0.6742,0.9869,0.7294,7.54,411.13,0.7647058823529411
190146,36,0.6743,0.9869,0.7294,7.48,410.86,0.7647058823529411
190146,37,0.6747,0.9895,0.7412,7.41,408.98,0.7647058823529411
190146,38,0.6746,0.9908,0.7412,7.44,405.46,0.7647058823529411
190146,39,0.6744,0.9908,0.7294,7.44,402.33,0.7647058823529411
190146,40,0.6743,0.9908,0.7294,7.41,398.54,0.7647058823529411
190146,41,0.6743,0.9908,0.7294,7.45,399.69,0.7647058823529411
190146,42,0.6743,0.9908,0.7294,7.45,403.43,0.7647058823529411
190146,43,0.6742,0.9908,0.7294,7.42,405.76,0.7647058823529411
190146,44,0.6742,0.9908,0.7294,7.43,408.92,0.7647058823529411
190146,45,0.6743,0.9908,0.7294,7.41,411.0,0.7647058823529411
190146,46,0.6741,0.9934,0.7294,7.34,413.5,0.7647058823529411
190146,47,0.6742,0.9934,0.7294,7.41,415.68,0.7647058823529411
190146,48,0.6742,0.9934,0.7294,7.38,419.06,0.7647058823529411
190146,49,0.6741,0.9934,0.7294,7.37,426.99,0.7647058823529411
359959,0,0.4618,0.4498,0.4392,11.69,56.67,0.5202702702702703
359959,1,0.4618,0.4498,0.4392,11.69,56.67,0.5202702702702703
359959,2,0.4568,0.4272,0.4257,9.61,43.18,0.5202702702702703
359959,3,0.4533,0.4272,0.4257,8.4,35.12,0.5202702702702703
359959,4,0.4523,0.4272,0.4257,7.53,29.87,0.5202702702702703
359959,5,0.4503,0.4272,0.4257,6.98,26.51,0.5202702702702703
359959,6,0.4487,0.4272,0.4257,6.46,23.62,0.5202702702702703
359959,7,0.4477,0.4272,0.4257,6.01,21.39,0.5202702702702703
359959,8,0.4463,0.4272,0.4257,5.61,19.51,0.5202702702702703
359959,9,0.4456,0.4272,0.4257,5.27,17.96,0.5202702702702703
359959,10,0.4448,0.4272,0.4257,4.99,16.69,0.5202702702702703
359959,11,0.4439,0.4272,0.4257,4.72,15.53,0.5202702702702703
359959,12,0.4435,0.4272,0.4257,4.48,14.56,0.5202702702702703
359959,13,0.4435,0.4272,0.4257,4.27,13.68,0.5202702702702703
359959,14,0.4431,0.4272,0.4257,4.09,12.95,0.5202702702702703
359959,15,0.4428,0.4272,0.4257,3.94,12.29,0.5202702702702703
359959,16,0.4429,0.4272,0.4257,3.9,11.85,0.5202702702702703
359959,17,0.4427,0.4272,0.4257,3.8,11.33,0.5202702702702703
359959,18,0.4427,0.4272,0.4257,3.76,11.0,0.5202702702702703
359959,19,0.443,0.4272,0.4257,3.78,10.77,0.5202702702702703
359959,20,0.4429,0.4272,0.4257,3.76,10.49,0.5202702702702703
359959,21,0.4429,0.4272,0.4257,3.7,10.17,0.5202702702702703
359959,22,0.4431,0.4272,0.4257,3.72,10.0,0.5202702702702703
359959,23,0.4433,0.4272,0.4257,3.71,9.91,0.5202702702702703
359959,24,0.4437,0.4272,0.4257,3.78,9.84,0.5202702702702703
359959,25,0.4438,0.4272,0.4257,3.8,9.76,0.5202702702702703
359959,26,0.4436,0.4272,0.4257,3.75,9.54,0.5202702702702703
359959,27,0.4434,0.4272,0.4257,3.75,9.42,0.5202702702702703
359959,28,0.4438,0.4272,0.4257,3.88,9.66,0.5202702702702703
359959,29,0.444,0.4272,0.4257,3.97,9.81,0.5202702702702703
359959,30,0.4444,0.4272,0.4257,4.08,10.08,0.5202702702702703
359959,31,0.4445,0.4272,0.4257,4.04,9.94,0.5202702702702703
359959,32,0.4444,0.4272,0.4257,4.04,9.84,0.5202702702702703
359959,33,0.4447,0.4272,0.4257,4.17,10.28,0.5202702702702703
359959,34,0.4449,0.4272,0.4257,4.26,10.42,0.5202702702702703
359959,35,0.4452,0.4272,0.4257,4.3,10.49,0.5202702702702703
359959,36,0.4454,0.4272,0.4257,4.39,10.75,0.5202702702702703
359959,37,0.4456,0.4272,0.4257,4.51,11.09,0.5202702702702703
359959,38,0.4457,0.4272,0.4257,4.59,11.23,0.5202702702702703
359959,39,0.4459,0.4272,0.4257,4.75,11.59,0.5202702702702703
359959,40,0.4464,0.4272,0.4257,5.0,12.47,0.5202702702702703
359959,41,0.4468,0.4272,0.4257,5.18,13.27,0.5202702702702703
359959,42,0.447,0.4272,0.4257,5.42,14.58,0.5202702702702703
359959,43,0.4473,0.4272,0.4257,5.64,15.68,0.5202702702702703
359959,44,0.4476,0.4272,0.4257,5.79,16.47,0.5202702702702703
359959,45,0.4478,0.4272,0.4257,5.96,17.26,0.5202702702702703
359959,46,0.4484,0.4272,0.4257,6.29,19.83,0.5202702702702703
359959,47,0.4487,0.4272,0.4257,6.51,21.43,0.5202702702702703
359959,48,0.449,0.4272,0.4257,6.82,23.8,0.5202702702702703
359959,49,0.4494,0.4272,0.4257,7.06,25.37,0.5202702702702703
359954,0,0.4661,0.6314,0.5405,11.19,94.72,0.6756756756756757
359954,1,0.4661,0.6314,0.5405,11.19,94.72,0.6756756756756757
359954,2,0.4831,0.6918,0.5811,12.52,620.73,0.6756756756756757
359954,3,0.4876,0.7402,0.5811,11.47,732.79,0.6756756756756757
359954,4,0.4899,0.7613,0.5676,10.5,761.92,0.6756756756756757
359954,5,0.4915,0.7734,0.5811,9.54,739.7,0.6756756756756757
359954,6,0.4914,0.7825,0.5946,8.88,718.1,0.6756756756756757
359954,7,0.492,0.7885,0.5946,8.3,674.1,0.6756756756756757
359954,8,0.4916,0.7961,0.5946,7.8,669.49,0.6756756756756757
359954,9,0.491,0.7946,0.5946,7.72,664.42,0.6756756756756757
359954,10,0.4869,0.79,0.5946,9.21,690.56,0.6756756756756757
359954,11,0.4869,0.7931,0.5946,9.93,704.64,0.6756756756756757
359954,12,0.4867,0.7961,0.5946,10.61,712.09,0.6756756756756757
359954,13,0.4859,0.7961,0.5946,11.29,725.88,0.6756756756756757
359954,14,0.4865,0.7915,0.5946,11.96,732.18,0.6756756756756757
359954,15,0.4853,0.787,0.5811,13.06,754.32,0.6756756756756757
359954,16,0.486,0.7779,0.5946,13.42,752.94,0.6756756756756757
359954,17,0.4851,0.7704,0.5811,14.29,764.89,0.6756756756756757
359954,18,0.4847,0.7704,0.5541,14.81,777.07,0.6756756756756757
359954,19,0.4835,0.7734,0.5541,15.4,788.12,0.6756756756756757
359954,20,0.4842,0.7749,0.5541,15.92,819.02,0.6756756756756757
359954,21,0.4846,0.7749,0.5676,16.26,828.61,0.6756756756756757
359954,22,0.485,0.7779,0.5946,16.68,843.54,0.6756756756756757
359954,23,0.4858,0.787,0.5946,16.64,851.01,0.6756756756756757
359954,24,0.487,0.7915,0.6081,16.56,883.01,0.6756756756756757
359954,25,0.4884,0.7931,0.5946,16.26,910.66,0.6756756756756757
359954,26,0.4898,0.7976,0.5946,16.08,949.74,0.6756756756756757
359954,27,0.4914,0.8036,0.6081,15.87,972.68,0.6756756756756757
359954,28,0.4926,0.8142,0.6081,15.56,998.05,0.6756756756756757
359954,29,0.4937,0.8157,0.6081,15.49,1017.9,0.6756756756756757
359954,30,0.495,0.8202,0.6216,15.07,1020.64,0.6756756756756757
359954,31,0.4959,0.8293,0.6216,14.71,1040.04,0.6756756756756757
359954,32,0.4968,0.8353,0.6216,14.47,1066.96,0.6756756756756757
359954,33,0.4976,0.8384,0.6216,14.26,1103.96,0.6756756756756757
359954,34,0.4982,0.8429,0.6216,14.25,1145.54,0.6756756756756757
359954,35,0.4989,0.8444,0.6216,14.06,1166.11,0.6756756756756757
359954,36,0.4995,0.8444,0.6351,13.83,1189.22,0.6756756756756757
359954,37,0.5003,0.8489,0.6486,13.62,1223.51,0.6756756756756757
359954,38,0.5009,0.855,0.6622,13.52,1267.99,0.6756756756756757
359954,39,0.5014,0.8625,0.6622,13.53,1321.91,0.6756756756756757
359954,40,0.5017,0.8671,0.6622,13.5,1353.25,0.6756756756756757
359954,41,0.5025,0.8716,0.6622,13.58,1399.71,0.6756756756756757
359954,42,0.503,0.8776,0.6622,13.68,1448.11,0.6756756756756757
359954,43,0.5034,0.8761,0.6622,13.73,1485.31,0.6756756756756757
359954,44,0.504,0.8776,0.6622,13.55,1506.59,0.6756756756756757
359954,45,0.5045,0.8807,0.6622,13.31,1516.11,0.6756756756756757
359954,46,0.5047,0.8822,0.6622,13.12,1527.45,0.6756756756756757
359954,47,0.505,0.8852,0.6622,12.95,1552.65,0.6756756756756757
359954,48,0.5057,0.8882,0.6622,12.8,1568.57,0.6756756756756757
359954,49,0.5062,0.8897,0.6622,12.64,1589.8,0.6756756756756757
190146,0,0.6398,0.8029,0.7412,3.81,65.23,0.7764705882352941
190146,1,0.6398,0.8029,0.7412,3.81,65.23,0.7764705882352941
190146,2,0.6469,0.8515,0.7294,3.48,81.87,0.7764705882352941
190146,3,0.6526,0.8673,0.7529,3.02,81.15,0.7764705882352941
190146,4,0.6564,0.8647,0.7529,2.63,78.12,0.7764705882352941
190146,5,0.6574,0.8844,0.7412,2.47,83.17,0.7764705882352941
190146,6,0.6593,0.8936,0.7412,2.31,84.84,0.7764705882352941
190146,7,0.6605,0.8988,0.7412,2.78,99.96,0.7764705882352941
190146,8,0.661,0.908,0.7412,3.01,111.11,0.7764705882352941
190146,9,0.6613,0.9106,0.7412,3.75,128.51,0.7764705882352941
190146,10,0.6624,0.9172,0.7294,4.22,141.69,0.7764705882352941
190146,11,0.6635,0.9238,0.7294,4.5,163.31,0.7764705882352941
190146,12,0.6642,0.929,0.7294,5.19,190.32,0.7764705882352941
190146,13,0.6653,0.9382,0.7412,5.51,212.41,0.7764705882352941
190146,14,0.6664,0.9409,0.7412,5.87,223.18,0.7764705882352941
190146,15,0.6671,0.9435,0.7294,6.36,257.93,0.7764705882352941
190146,16,0.6668,0.9474,0.7412,6.79,278.8,0.7764705882352941
190146,17,0.6673,0.9488,0.7412,7.03,294.94,0.7764705882352941
190146,18,0.6675,0.954,0.7412,7.39,305.61,0.7764705882352941
190146,19,0.6674,0.9632,0.7412,7.42,317.45,0.7764705882352941
190146,20,0.6677,0.9658,0.7294,7.39,328.27,0.7764705882352941
190146,21,0.6683,0.9645,0.7294,7.48,353.85,0.7764705882352941
190146,22,0.669,0.9671,0.7294,7.54,389.56,0.7764705882352941
190146,23,0.669,0.9671,0.7294,7.53,444.28,0.7764705882352941
190146,24,0.6691,0.9685,0.7176,7.52,471.3,0.7764705882352941
190146,25,0.6692,0.9724,0.7059,7.43,492.97,0.7764705882352941
190146,26,0.669,0.9737,0.7059,7.32,518.11,0.7764705882352941
190146,27,0.6694,0.975,0.7176,7.2,539.27,0.7764705882352941
190146,28,0.6696,0.975,0.7059,7.31,558.58,0.7764705882352941
190146,29,0.6699,0.975,0.7059,7.42,573.49,0.7764705882352941
190146,30,0.6703,0.979,0.7176,7.42,587.08,0.7764705882352941
190146,31,0.6704,0.9803,0.7294,7.45,603.3,0.7764705882352941
190146,32,0.6704,0.9829,0.7294,7.48,622.02,0.7764705882352941
190146,33,0.6705,0.9829,0.7294,7.43,645.12,0.7764705882352941
190146,34,0.6704,0.9829,0.7176,7.39,672.5,0.7764705882352941
190146,35,0.6706,0.9842,0.7176,7.33,693.14,0.7764705882352941
190146,36,0.6707,0.9842,0.7059,7.43,715.74,0.7764705882352941
190146,37,0.6709,0.9855,0.7059,7.6,749.14,0.7764705882352941
190146,38,0.6713,0.9869,0.7059,7.71,778.68,0.7764705882352941
190146,39,0.6713,0.9869,0.7059,7.91,809.34,0.7764705882352941
190146,40,0.6716,0.9882,0.7059,8.01,839.23,0.7764705882352941
190146,41,0.6718,0.9895,0.7059,8.05,868.08,0.7764705882352941
190146,42,0.6718,0.9895,0.7059,8.05,887.41,0.7764705882352941
190146,43,0.672,0.9921,0.7059,8.06,904.66,0.7764705882352941
190146,44,0.6721,0.9921,0.7176,7.96,917.72,0.7764705882352941
190146,45,0.6723,0.9934,0.7176,7.84,926.35,0.7764705882352941
190146,46,0.6721,0.9947,0.7176,7.74,942.26,0.7764705882352941
190146,47,0.6721,0.9947,0.7176,7.65,953.15,0.7764705882352941
190146,48,0.672,0.9947,0.7176,7.57,966.02,0.7764705882352941
190146,49,0.6719,0.9947,0.7176,7.48,973.77,0.7764705882352941
359959,0,0.4601,0.4385,0.4257,8.29,49.52,0.5202702702702703
359959,1,0.4601,0.4385,0.4257,8.29,49.52,0.5202702702702703
359959,2,0.4661,0.5208,0.5068,9.32,50.71,0.5202702702702703
359959,3,0.4702,0.5389,0.5135,8.43,43.1,0.5202702702702703
359959,4,0.4721,0.5472,0.5473,7.74,38.25,0.5202702702702703
359959,5,0.474,0.5608,0.5473,7.47,38.46,0.5202702702702703
359959,6,0.4764,0.5653,0.5608,7.19,36.86,0.5202702702702703
359959,7,0.4766,0.5721,0.5473,7.12,39.58,0.5202702702702703
359959,8,0.4764,0.5713,0.5338,7.2,45.13,0.5202702702702703
359959,9,0.4774,0.5743,0.5473,7.08,45.85,0.5202702702702703
359959,10,0.4794,0.5796,0.5405,7.09,50.51,0.5202702702702703
359959,11,0.48,0.5796,0.5338,7.06,51.93,0.5202702702702703
359959,12,0.4802,0.5819,0.5473,6.99,53.16,0.5202702702702703
359959,13,0.4805,0.5819,0.5338,6.99,56.97,0.5202702702702703
359959,14,0.4801,0.5857,0.527,6.96,59.19,0.5202702702702703
359959,15,0.4803,0.5864,0.5405,7.01,61.39,0.5202702702702703
359959,16,0.4806,0.5879,0.5405,6.91,63.23,0.5202702702702703
359959,17,0.4808,0.5887,0.5473,6.76,63.68,0.5202702702702703
359959,18,0.4815,0.5917,0.5541,6.63,63.6,0.5202702702702703
359959,19,0.4817,0.5932,0.5541,6.48,62.69,0.5202702702702703
359959,20,0.4821,0.5932,0.5541,6.39,63.67,0.5202702702702703
359959,21,0.4826,0.5917,0.5473,6.3,65.21,0.5202702702702703
359959,22,0.4827,0.594,0.5541,6.19,66.03,0.5202702702702703
359959,23,0.4828,0.5932,0.5541,6.1,66.07,0.5202702702702703
359959,24,0.4829,0.594,0.5541,6.05,66.33,0.5202702702702703
359959,25,0.4832,0.5932,0.5541,5.98,67.95,0.5202702702702703
359959,26,0.4833,0.594,0.5541,5.9,68.74,0.5202702702702703
359959,27,0.4838,0.594,0.5541,5.83,68.42,0.5202702702702703
359959,28,0.4841,0.5932,0.5541,5.77,67.98,0.5202702702702703
359959,29,0.4841,0.594,0.5541,5.68,67.45,0.5202702702702703
359959,30,0.4842,0.5925,0.5541,5.63,68.39,0.5202702702702703
359959,31,0.4845,0.594,0.5541,5.68,72.4,0.5202702702702703
359959,32,0.4846,0.5962,0.5541,5.7,77.0,0.5202702702702703
359959,33,0.4847,0.5955,0.5541,5.7,80.55,0.5202702702702703
359959,34,0.4849,0.5955,0.5541,5.71,83.29,0.5202702702702703
359959,35,0.4851,0.5962,0.5541,5.72,85.13,0.5202702702702703
359959,36,0.4853,0.5985,0.5541,5.73,87.32,0.5202702702702703
359959,37,0.4856,0.6015,0.5541,5.72,89.3,0.5202702702702703
359959,38,0.4858,0.6023,0.5541,5.69,90.76,0.5202702702702703
359959,39,0.486,0.603,0.5541,5.69,93.77,0.5202702702702703
359959,40,0.4863,0.6015,0.5541,5.71,95.9,0.5202702702702703
359959,41,0.4866,0.603,0.5541,5.71,98.23,0.5202702702702703
359959,42,0.4866,0.603,0.5541,5.72,100.43,0.5202702702702703
359959,43,0.4866,0.603,0.5608,5.71,103.67,0.5202702702702703
359959,44,0.487,0.603,0.5608,5.69,105.12,0.5202702702702703
359959,45,0.487,0.603,0.5541,5.68,106.91,0.5202702702702703
359959,46,0.4872,0.6038,0.5541,5.67,109.03,0.5202702702702703
359959,47,0.4872,0.603,0.5541,5.68,110.78,0.5202702702702703
359959,48,0.4872,0.603,0.5608,5.68,112.58,0.5202702702702703
359959,49,0.4871,0.603,0.5608,5.68,113.06,0.5202702702702703
2073,0,0.46,0.5678,0.5973,14.09,160.9,0.7248322147651006
2073,1,0.46,0.5678,0.5973,14.09,160.9,0.7248322147651006
2073,2,0.4906,0.63,0.6309,32.29,826.67,0.7248322147651006
2073,3,0.5038,0.6532,0.651,34.63,903.93,0.7248322147651006
2073,4,0.5125,0.6637,0.6577,33.01,897.6,0.7248322147651006
2073,5,0.5204,0.6727,0.6644,31.71,898.96,0.7248322147651006
2073,6,0.5209,0.6794,0.6577,29.87,892.78,0.7248322147651006
2073,7,0.5214,0.6884,0.6577,28.4,892.34,0.7248322147651006
2073,8,0.5237,0.6884,0.6644,27.06,876.17,0.7248322147651006
2073,9,0.5259,0.6891,0.6577,25.89,843.5,0.7248322147651006
2073,10,0.5273,0.6891,0.6711,24.69,803.69,0.7248322147651006
2073,11,0.5287,0.6936,0.6846,23.55,770.64,0.7248322147651006
2073,12,0.5296,0.6929,0.6779,22.88,734.2,0.7248322147651006
2073,13,0.5302,0.6936,0.6779,22.15,699.04,0.7248322147651006
2073,14,0.5309,0.6929,0.6779,21.34,667.93,0.7248322147651006
2073,15,0.5318,0.6974,0.6779,20.55,643.75,0.7248322147651006
2073,16,0.532,0.6974,0.6846,19.69,621.88,0.7248322147651006
2073,17,0.5323,0.7004,0.6913,19.05,601.73,0.7248322147651006
2073,18,0.5321,0.7026,0.6913,18.6,600.19,0.7248322147651006
2073,19,0.5318,0.7056,0.6913,18.06,612.11,0.7248322147651006
2073,20,0.5315,0.7079,0.6913,17.62,618.46,0.7248322147651006
2073,21,0.5314,0.7071,0.6913,17.25,623.35,0.7248322147651006
2073,22,0.5313,0.7086,0.6913,16.85,627.07,0.7248322147651006
2073,23,0.5309,0.7101,0.6913,16.61,646.42,0.7248322147651006
2073,24,0.5314,0.7116,0.6913,16.28,682.76,0.7248322147651006
2073,25,0.531,0.7169,0.698,16.06,716.47,0.7248322147651006
2073,26,0.5305,0.7176,0.698,15.77,741.2,0.7248322147651006
2073,27,0.5305,0.7184,0.6846,15.46,757.84,0.7248322147651006
2073,28,0.53,0.7213,0.6913,15.25,785.02,0.7248322147651006
2073,29,0.5297,0.7213,0.6846,15.11,809.11,0.7248322147651006
2073,30,0.5293,0.7228,0.6846,14.94,831.91,0.7248322147651006
2073,31,0.5292,0.7243,0.6913,14.74,857.06,0.7248322147651006
2073,32,0.5291,0.7251,0.6913,14.61,900.8,0.7248322147651006
2073,33,0.5291,0.7273,0.6913,14.49,933.03,0.7248322147651006
2073,34,0.529,0.7281,0.6913,14.32,962.21,0.7248322147651006
2073,35,0.5288,0.7288,0.6913,14.14,982.33,0.7248322147651006
2073,36,0.5288,0.7288,0.6913,13.92,981.42,0.7248322147651006
2073,37,0.5285,0.7281,0.6913,13.68,984.65,0.7248322147651006
2073,38,0.5283,0.7281,0.6913,13.56,992.71,0.7248322147651006
2073,39,0.5283,0.7273,0.698,13.37,999.25,0.7248322147651006
2073,40,0.5283,0.7296,0.698,13.28,1009.74,0.7248322147651006
2073,41,0.5285,0.7311,0.698,13.18,1044.16,0.7248322147651006
2073,42,0.5284,0.7333,0.698,13.16,1104.64,0.7248322147651006
2073,43,0.528,0.7401,0.698,13.14,1184.43,0.7248322147651006
2073,44,0.5279,0.7423,0.698,13.01,1279.13,0.7248322147651006
2073,45,0.5276,0.7431,0.698,12.93,1394.18,0.7248322147651006
2073,46,0.5272,0.7438,0.7047,13.01,1515.04,0.7248322147651006
2073,47,0.5272,0.7461,0.7047,13.04,1617.3,0.7248322147651006
2073,48,0.527,0.7461,0.698,13.03,1694.63,0.7248322147651006
2073,49,0.5266,0.7543,0.7047,12.97,1794.36,0.7248322147651006
2073,0,0.4728,0.585,0.5839,12.71,122.63,0.7181208053691275
2073,1,0.4728,0.585,0.5839,12.71,122.63,0.7181208053691275
2073,2,0.4887,0.6112,0.6107,19.26,223.23,0.7181208053691275
2073,3,0.4993,0.621,0.6107,18.86,227.28,0.7181208053691275
2073,4,0.5063,0.6322,0.6443,17.14,215.65,0.7181208053691275
2073,5,0.512,0.6315,0.6443,15.59,197.95,0.7181208053691275
2073,6,0.515,0.636,0.651,14.72,186.14,0.7181208053691275
2073,7,0.5177,0.6397,0.6644,13.94,170.33,0.7181208053691275
2073,8,0.5201,0.6397,0.6577,13.33,157.36,0.7181208053691275
2073,9,0.5213,0.6419,0.6644,12.8,149.24,0.7181208053691275
2073,10,0.5222,0.6382,0.6779,12.4,141.35,0.7181208053691275
2073,11,0.523,0.6382,0.6779,12.11,136.18,0.7181208053691275
2073,12,0.5247,0.6382,0.6711,11.74,130.81,0.7181208053691275
2073,13,0.5259,0.6397,0.6779,11.32,126.39,0.7181208053691275
2073,14,0.5267,0.639,0.6779,10.97,122.01,0.7181208053691275
2073,15,0.5279,0.6419,0.6711,10.76,118.26,0.7181208053691275
2073,16,0.5293,0.6419,0.6711,10.72,115.11,0.7181208053691275
2073,17,0.5302,0.6419,0.6711,10.73,115.52,0.7181208053691275
2073,18,0.5316,0.6419,0.6711,10.65,112.84,0.7181208053691275
2073,19,0.5323,0.6404,0.6711,10.57,110.59,0.7181208053691275
2073,20,0.5327,0.6427,0.6711,10.4,109.41,0.7181208053691275
2073,21,0.5329,0.6419,0.6711,10.27,107.67,0.7181208053691275
2073,22,0.5332,0.6434,0.6711,10.19,107.88,0.7181208053691275
2073,23,0.5334,0.6457,0.6711,10.28,114.64,0.7181208053691275
2073,24,0.5339,0.6479,0.6711,10.2,119.77,0.7181208053691275
2073,25,0.5342,0.6472,0.6711,10.08,120.7,0.7181208053691275
2073,26,0.5341,0.6472,0.6711,10.1,122.45,0.7181208053691275
2073,27,0.5342,0.6494,0.6644,10.05,123.2,0.7181208053691275
2073,28,0.5341,0.6487,0.6644,9.94,123.06,0.7181208053691275
2073,29,0.534,0.6494,0.6644,9.81,123.66,0.7181208053691275
2073,30,0.5343,0.6517,0.6644,9.65,128.05,0.7181208053691275
2073,31,0.5346,0.6509,0.6711,9.38,129.63,0.7181208053691275
2073,32,0.5347,0.6509,0.6644,9.12,130.96,0.7181208053691275
2073,33,0.5348,0.6517,0.6779,8.9,131.49,0.7181208053691275
2073,34,0.535,0.6509,0.6779,8.79,132.46,0.7181208053691275
2073,35,0.5354,0.6524,0.6711,8.69,140.41,0.7181208053691275
2073,36,0.5358,0.6532,0.6711,8.73,150.42,0.7181208053691275
2073,37,0.5363,0.6532,0.6711,8.58,152.06,0.7181208053691275
2073,38,0.5365,0.6539,0.6711,8.39,154.29,0.7181208053691275
2073,39,0.5368,0.6524,0.6644,8.21,155.4,0.7181208053691275
2073,40,0.5372,0.6539,0.6711,8.03,156.76,0.7181208053691275
2073,41,0.5375,0.6554,0.6711,7.85,164.63,0.7181208053691275
2073,42,0.5378,0.6577,0.6644,7.69,173.27,0.7181208053691275
2073,43,0.5381,0.6592,0.6644,7.53,179.83,0.7181208053691275
2073,44,0.5383,0.6599,0.6644,7.39,184.92,0.7181208053691275
2073,45,0.5384,0.6592,0.6644,7.25,185.83,0.7181208053691275
2073,46,0.5389,0.6599,0.6711,7.1,186.04,0.7181208053691275
2073,47,0.5393,0.6607,0.6779,6.97,186.55,0.7181208053691275
2073,48,0.5394,0.6607,0.6711,6.85,194.25,0.7181208053691275
2073,49,0.5395,0.6614,0.6779,6.72,204.45,0.7181208053691275
190146,0,0.6535,0.8121,0.7294,4.12,130.11,0.7647058823529411
190146,1,0.6535,0.8121,0.7294,4.12,130.11,0.7647058823529411
190146,2,0.6606,0.8922,0.7529,13.39,795.11,0.7647058823529411
190146,3,0.663,0.9304,0.7294,14.58,855.91,0.7647058823529411
190146,4,0.6643,0.9488,0.7412,13.95,796.87,0.7647058823529411
190146,5,0.6668,0.9553,0.7412,13.07,729.41,0.7647058823529411
190146,6,0.6681,0.958,0.7412,12.15,662.08,0.7647058823529411
190146,7,0.669,0.9645,0.7529,11.51,602.48,0.7647058823529411
190146,8,0.6702,0.9619,0.7529,11.04,572.91,0.7647058823529411
190146,9,0.6691,0.9698,0.7412,10.6,542.49,0.7647058823529411
190146,10,0.6689,0.9724,0.7294,10.44,513.48,0.7647058823529411
190146,11,0.6692,0.9763,0.7294,10.38,496.92,0.7647058823529411
190146,12,0.6688,0.9777,0.7294,10.21,490.49,0.7647058823529411
190146,13,0.6686,0.979,0.7412,10.02,485.81,0.7647058823529411
190146,14,0.6692,0.979,0.7412,9.72,493.4,0.7647058823529411
190146,15,0.6697,0.9829,0.7412,9.53,498.64,0.7647058823529411
190146,16,0.6699,0.9829,0.7412,9.34,511.51,0.7647058823529411
190146,17,0.6702,0.9829,0.7294,9.29,512.42,0.7647058823529411
190146,18,0.6704,0.9842,0.7176,9.08,513.1,0.7647058823529411
190146,19,0.6701,0.9855,0.7294,8.92,513.67,0.7647058823529411
190146,20,0.6705,0.9855,0.7294,8.76,505.19,0.7647058823529411
190146,21,0.6706,0.9855,0.7412,8.66,512.73,0.7647058823529411
190146,22,0.6708,0.9895,0.7412,8.57,513.02,0.7647058823529411
190146,23,0.6706,0.9895,0.7176,8.5,512.19,0.7647058823529411
190146,24,0.6706,0.9895,0.7176,8.55,510.8,0.7647058823529411
190146,25,0.6708,0.9934,0.7176,8.4,507.81,0.7647058823529411
190146,26,0.6709,0.9934,0.7176,8.29,506.84,0.7647058823529411
190146,27,0.6713,0.9934,0.7176,8.19,505.23,0.7647058823529411
190146,28,0.6714,0.9934,0.7176,8.14,508.49,0.7647058823529411
190146,29,0.6714,0.9947,0.7176,8.2,514.6,0.7647058823529411
190146,30,0.6714,0.9961,0.7176,8.09,517.97,0.7647058823529411
190146,31,0.6716,0.9974,0.7176,8.0,516.97,0.7647058823529411
190146,32,0.6713,0.9974,0.7176,7.97,519.72,0.7647058823529411
190146,33,0.6714,0.9974,0.7176,7.98,518.14,0.7647058823529411
190146,34,0.6711,0.9974,0.7176,7.97,517.94,0.7647058823529411
190146,35,0.6712,0.9974,0.7176,7.93,516.46,0.7647058823529411
190146,36,0.6712,0.9974,0.7294,7.92,517.01,0.7647058823529411
190146,37,0.671,0.9961,0.7294,7.87,524.46,0.7647058823529411
190146,38,0.6711,0.9974,0.7176,7.8,528.85,0.7647058823529411
190146,39,0.6711,0.9961,0.7176,7.73,533.48,0.7647058823529411
190146,40,0.671,0.9961,0.7176,7.68,538.32,0.7647058823529411
190146,41,0.6712,0.9961,0.7176,7.63,541.23,0.7647058823529411
190146,42,0.6714,0.9961,0.7176,7.63,544.14,0.7647058823529411
190146,43,0.6714,0.9974,0.7176,7.59,542.6,0.7647058823529411
190146,44,0.6715,0.9961,0.7294,7.56,543.0,0.7647058823529411
190146,45,0.6717,0.9961,0.7294,7.6,542.05,0.7647058823529411
190146,46,0.6717,0.9974,0.7294,7.6,541.03,0.7647058823529411
190146,47,0.6719,0.9987,0.7294,7.56,541.52,0.7647058823529411
190146,48,0.6717,0.9987,0.7294,7.52,541.21,0.7647058823529411
190146,49,0.6716,1.0,0.7294,7.49,544.36,0.7647058823529411
359954,0,0.4531,0.5846,0.5135,13.99,101.83,0.6621621621621622
359954,1,0.4531,0.5846,0.5135,13.99,101.83,0.6621621621621622
359954,2,0.4712,0.6647,0.5405,14.71,123.86,0.6621621621621622
359954,3,0.4783,0.6888,0.5811,13.29,114.11,0.6621621621621622
359954,4,0.4842,0.7009,0.5676,11.9,105.96,0.6621621621621622
359954,5,0.4892,0.6994,0.5676,11.31,95.64,0.6621621621621622
359954,6,0.4924,0.7175,0.5676,10.84,90.63,0.6621621621621622
359954,7,0.4931,0.7145,0.5676,10.22,85.76,0.6621621621621622
359954,8,0.4952,0.716,0.5676,9.68,85.42,0.6621621621621622
359954,9,0.4977,0.7326,0.5676,9.74,91.55,0.6621621621621622
359954,10,0.4983,0.7432,0.5811,9.75,100.0,0.6621621621621622
359954,11,0.4996,0.7477,0.5946,10.04,112.39,0.6621621621621622
359954,12,0.5012,0.7538,0.6216,10.45,117.65,0.6621621621621622
359954,13,0.5029,0.7568,0.6216,10.59,128.27,0.6621621621621622
359954,14,0.5043,0.7598,0.6216,10.6,133.6,0.6621621621621622
359954,15,0.5047,0.7674,0.6351,10.6,136.64,0.6621621621621622
359954,16,0.5054,0.7704,0.6351,10.58,137.75,0.6621621621621622
359954,17,0.5062,0.7734,0.6351,10.63,136.31,0.6621621621621622
359954,18,0.5071,0.7779,0.6351,10.56,137.7,0.6621621621621622
359954,19,0.5077,0.784,0.6486,10.42,137.9,0.6621621621621622
359954,20,0.508,0.781,0.6486,10.35,137.35,0.6621621621621622
359954,21,0.5086,0.7825,0.6486,10.18,137.14,0.6621621621621622
359954,22,0.5095,0.787,0.6351,9.82,138.01,0.6621621621621622
359954,23,0.5103,0.7885,0.6351,9.51,138.46,0.6621621621621622
359954,24,0.5115,0.7915,0.6351,9.35,137.62,0.6621621621621622
359954,25,0.512,0.7931,0.6351,9.14,140.23,0.6621621621621622
359954,26,0.5124,0.7931,0.6486,8.85,137.44,0.6621621621621622
359954,27,0.5131,0.7931,0.6351,8.57,135.39,0.6621621621621622
359954,28,0.5132,0.7946,0.6351,8.3,141.9,0.6621621621621622
359954,29,0.5133,0.7976,0.6351,8.06,154.07,0.6621621621621622
359954,30,0.5139,0.7961,0.6216,7.87,169.02,0.6621621621621622
359954,31,0.5146,0.8006,0.6216,7.7,184.57,0.6621621621621622
359954,32,0.5152,0.8021,0.6216,7.54,197.01,0.6621621621621622
359954,33,0.5151,0.8051,0.6216,7.39,210.1,0.6621621621621622
359954,34,0.5155,0.8066,0.6216,7.21,218.59,0.6621621621621622
359954,35,0.5156,0.8097,0.6216,7.03,228.66,0.6621621621621622
359954,36,0.5159,0.8142,0.6216,6.87,252.7,0.6621621621621622
359954,37,0.5158,0.8172,0.6216,6.72,270.53,0.6621621621621622
359954,38,0.5158,0.8218,0.6216,6.57,285.94,0.6621621621621622
359954,39,0.516,0.8278,0.6216,6.43,313.26,0.6621621621621622
359954,40,0.5159,0.8338,0.6216,6.33,344.91,0.6621621621621622
359954,41,0.516,0.8353,0.6216,6.25,375.33,0.6621621621621622
359954,42,0.5161,0.8353,0.6216,6.15,412.29,0.6621621621621622
359954,43,0.5163,0.8384,0.6216,6.07,433.18,0.6621621621621622
359954,44,0.5164,0.8414,0.6216,5.99,456.23,0.6621621621621622
359954,45,0.5164,0.8429,0.6216,5.92,473.77,0.6621621621621622
359954,46,0.5165,0.8444,0.6351,5.98,488.96,0.6621621621621622
359954,47,0.5163,0.8444,0.6351,6.01,504.3,0.6621621621621622
359954,48,0.5162,0.8489,0.6351,6.04,514.8,0.6621621621621622
359954,49,0.5165,0.8474,0.6351,6.07,522.57,0.6621621621621622
359954,0,0.4689,0.6616,0.5946,11.15,182.18,0.6756756756756757
359954,1,0.4689,0.6616,0.5946,11.15,182.18,0.6756756756756757
359954,2,0.4873,0.7221,0.5946,21.77,611.11,0.6756756756756757
359954,3,0.4969,0.7523,0.6081,22.65,672.05,0.6756756756756757
359954,4,0.4993,0.784,0.5946,22.61,769.21,0.6756756756756757
359954,5,0.5017,0.8021,0.6216,22.3,809.67,0.6756756756756757
359954,6,0.5027,0.8112,0.6216,21.85,813.16,0.6756756756756757
359954,7,0.5068,0.8157,0.6351,21.29,809.53,0.6756756756756757
359954,8,0.5084,0.8308,0.6351,20.74,791.94,0.6756756756756757
359954,9,0.5098,0.8353,0.6486,19.86,764.62,0.6756756756756757
359954,10,0.5108,0.8459,0.6622,19.47,756.14,0.6756756756756757
359954,11,0.5121,0.852,0.6757,18.9,732.05,0.6756756756756757
359954,12,0.5124,0.8595,0.6351,18.38,707.89,0.6756756756756757
359954,13,0.5137,0.855,0.6486,17.97,681.5,0.6756756756756757
359954,14,0.5138,0.858,0.6486,17.46,660.61,0.6756756756756757
359954,15,0.5147,0.855,0.6622,17.36,644.6,0.6756756756756757
359954,16,0.5156,0.8595,0.6757,16.94,621.05,0.6756756756756757
359954,17,0.5166,0.861,0.6757,16.42,594.85,0.6756756756756757
359954,18,0.5167,0.8656,0.6757,15.91,571.12,0.6756756756756757
359954,19,0.516,0.8686,0.6892,15.56,553.86,0.6756756756756757
359954,20,0.5158,0.8716,0.6892,15.23,543.55,0.6756756756756757
359954,21,0.5158,0.8731,0.6622,15.05,561.9,0.6756756756756757
359954,22,0.5164,0.8776,0.6757,15.08,594.48,0.6756756756756757
359954,23,0.5163,0.8882,0.6892,15.06,627.81,0.6756756756756757
359954,24,0.5165,0.8882,0.6892,14.96,690.57,0.6756756756756757
359954,25,0.5168,0.8912,0.6757,14.92,747.06,0.6756756756756757
359954,26,0.5168,0.8973,0.6622,14.82,796.73,0.6756756756756757
359954,27,0.5165,0.9003,0.6622,14.81,841.77,0.6756756756756757
359954,28,0.5173,0.9033,0.6622,14.7,899.77,0.6756756756756757
359954,29,0.5173,0.9079,0.6757,14.7,965.43,0.6756756756756757
359954,30,0.5175,0.9094,0.6757,14.58,999.04,0.6756756756756757
359954,31,0.5182,0.9154,0.6757,14.49,1040.36,0.6756756756756757
359954,32,0.5185,0.9124,0.6757,14.35,1077.08,0.6756756756756757
359954,33,0.5188,0.9184,0.6622,14.29,1104.08,0.6756756756756757
359954,34,0.5191,0.9215,0.6622,14.38,1139.85,0.6756756756756757
359954,35,0.5191,0.923,0.6622,14.31,1168.84,0.6756756756756757
359954,36,0.5189,0.923,0.6622,14.18,1189.64,0.6756756756756757
359954,37,0.5187,0.9245,0.6622,14.25,1212.11,0.6756756756756757
359954,38,0.5184,0.923,0.6622,14.37,1237.67,0.6756756756756757
359954,39,0.5184,0.9245,0.6622,14.56,1267.19,0.6756756756756757
359954,40,0.5188,0.9245,0.6622,14.42,1274.99,0.6756756756756757
359954,41,0.5196,0.923,0.6622,14.29,1300.87,0.6756756756756757
359954,42,0.5197,0.9275,0.6622,14.19,1326.73,0.6756756756756757
359954,43,0.5198,0.932,0.6622,14.09,1349.79,0.6756756756756757
359954,44,0.5199,0.932,0.6757,14.0,1367.05,0.6756756756756757
359954,45,0.5197,0.932,0.6757,13.94,1382.08,0.6756756756756757
359954,46,0.5195,0.9366,0.6757,13.85,1384.51,0.6756756756756757
359954,47,0.5193,0.9366,0.6757,13.78,1382.32,0.6756756756756757
359954,48,0.5195,0.9381,0.6757,13.67,1392.81,0.6756756756756757
359954,49,0.5196,0.9396,0.6757,13.58,1402.74,0.6756756756756757
359959,0,0.4567,0.4272,0.4257,11.4,73.39,0.527027027027027
359959,1,0.4567,0.4272,0.4257,11.4,73.39,0.527027027027027
359959,2,0.4639,0.4762,0.4392,9.71,53.19,0.527027027027027
359959,3,0.4677,0.5042,0.4865,8.51,42.3,0.527027027027027
359959,4,0.4701,0.5208,0.527,7.52,36.32,0.527027027027027
359959,5,0.4698,0.5245,0.5338,6.69,31.78,0.527027027027027
359959,6,0.471,0.5291,0.5135,6.11,28.16,0.527027027027027
359959,7,0.4716,0.5366,0.5203,5.59,25.2,0.527027027027027
359959,8,0.4732,0.5411,0.5405,5.17,23.06,0.527027027027027
359959,9,0.4737,0.5464,0.5405,4.83,21.33,0.527027027027027
359959,10,0.4738,0.5494,0.5405,4.59,19.89,0.527027027027027
359959,11,0.4741,0.5487,0.5405,4.31,18.55,0.527027027027027
359959,12,0.4742,0.5494,0.5405,4.14,17.62,0.527027027027027
359959,13,0.4743,0.5517,0.5541,3.99,16.75,0.527027027027027
359959,14,0.4743,0.5502,0.5541,3.89,16.12,0.527027027027027
359959,15,0.4743,0.554,0.5473,3.82,15.51,0.527027027027027
359959,16,0.4743,0.554,0.5338,3.72,14.97,0.527027027027027
359959,17,0.4747,0.5502,0.5473,3.64,14.49,0.527027027027027
359959,18,0.475,0.5487,0.5473,3.53,13.97,0.527027027027027
359959,19,0.4749,0.5517,0.5473,3.5,13.69,0.527027027027027
359959,20,0.4745,0.5525,0.5473,3.45,13.36,0.527027027027027
359959,21,0.4745,0.5525,0.5473,3.4,13.04,0.527027027027027
359959,22,0.4746,0.5532,0.5473,3.33,12.66,0.527027027027027
359959,23,0.4746,0.5525,0.5541,3.25,12.31,0.527027027027027
359959,24,0.4745,0.5502,0.5541,3.18,12.03,0.527027027027027
359959,25,0.4743,0.5502,0.5541,3.16,11.84,0.527027027027027
359959,26,0.4741,0.5509,0.5541,3.13,11.65,0.527027027027027
359959,27,0.4742,0.5472,0.5541,3.07,11.41,0.527027027027027
359959,28,0.4743,0.5494,0.5541,3.03,11.17,0.527027027027027
359959,29,0.4744,0.5494,0.5541,2.99,10.94,0.527027027027027
359959,30,0.4746,0.5502,0.5541,2.93,10.7,0.527027027027027
359959,31,0.4746,0.5509,0.5473,2.89,10.49,0.527027027027027
359959,32,0.4746,0.5525,0.5473,2.86,10.32,0.527027027027027
359959,33,0.4747,0.5525,0.5473,2.81,10.12,0.527027027027027
359959,34,0.4745,0.5509,0.5473,2.79,9.99,0.527027027027027
359959,35,0.4745,0.5494,0.5473,2.76,9.84,0.527027027027027
359959,36,0.4744,0.5502,0.5473,2.74,9.71,0.527027027027027
359959,37,0.4743,0.5509,0.5473,2.72,9.6,0.527027027027027
359959,38,0.4744,0.5509,0.5473,2.69,9.46,0.527027027027027
359959,39,0.4743,0.5525,0.5473,2.67,9.34,0.527027027027027
359959,40,0.4742,0.5532,0.5473,2.65,9.24,0.527027027027027
359959,41,0.474,0.5517,0.5473,2.64,9.14,0.527027027027027
359959,42,0.4739,0.554,0.5473,2.64,9.08,0.527027027027027
359959,43,0.4739,0.5532,0.5473,2.63,9.01,0.527027027027027
359959,44,0.474,0.5532,0.5473,2.63,8.96,0.527027027027027
359959,45,0.474,0.5532,0.5473,2.61,8.87,0.527027027027027
359959,46,0.474,0.5525,0.5473,2.6,8.81,0.527027027027027
359959,47,0.4738,0.5509,0.5541,2.61,8.79,0.527027027027027
359959,48,0.4738,0.5509,0.5541,2.59,8.7,0.527027027027027
359959,49,0.4739,0.5509,0.5541,2.57,8.59,0.527027027027027
190146,0,0.6432,0.8068,0.7412,2.84,129.14,0.7647058823529411
190146,1,0.6432,0.8068,0.7412,2.84,129.14,0.7647058823529411
190146,2,0.6525,0.9093,0.7529,13.91,978.28,0.7647058823529411
190146,3,0.6571,0.954,0.7294,15.09,1152.26,0.7647058823529411
190146,4,0.6593,0.958,0.7412,14.74,1117.35,0.7647058823529411
190146,5,0.661,0.9632,0.7412,13.8,1037.97,0.7647058823529411
190146,6,0.6623,0.9658,0.7412,12.91,960.5,0.7647058823529411
190146,7,0.6629,0.9671,0.7412,12.04,880.42,0.7647058823529411
190146,8,0.6631,0.9658,0.7412,11.57,816.99,0.7647058823529411
190146,9,0.6632,0.9671,0.7412,11.1,759.91,0.7647058823529411
190146,10,0.664,0.9685,0.7412,10.61,709.67,0.7647058823529411
190146,11,0.6646,0.9671,0.7294,10.21,665.36,0.7647058823529411
190146,12,0.6654,0.9737,0.7294,9.86,625.16,0.7647058823529411
190146,13,0.6663,0.9777,0.7294,9.55,590.66,0.7647058823529411
190146,14,0.6664,0.9803,0.7294,9.47,559.12,0.7647058823529411
190146,15,0.6668,0.9829,0.7294,9.22,526.27,0.7647058823529411
190146,16,0.6674,0.9829,0.7294,9.03,497.26,0.7647058823529411
190146,17,0.6678,0.9855,0.7294,8.97,481.09,0.7647058823529411
190146,18,0.668,0.9869,0.7294,8.84,468.57,0.7647058823529411
190146,19,0.6685,0.9869,0.7294,8.71,456.32,0.7647058823529411
190146,20,0.669,0.9882,0.7294,8.7,449.26,0.7647058823529411
190146,21,0.6692,0.9882,0.7294,8.73,445.93,0.7647058823529411
190146,22,0.6696,0.9895,0.7294,8.71,448.59,0.7647058823529411
190146,23,0.6702,0.9908,0.7294,8.73,452.47,0.7647058823529411
190146,24,0.6706,0.9921,0.7294,8.72,451.06,0.7647058823529411
190146,25,0.671,0.9921,0.7294,8.77,450.59,0.7647058823529411
190146,26,0.6714,0.9921,0.7294,8.83,449.75,0.7647058823529411
190146,27,0.6713,0.9921,0.7294,8.8,448.43,0.7647058823529411
190146,28,0.6717,0.9934,0.7294,8.73,447.52,0.7647058823529411
190146,29,0.6717,0.9947,0.7294,8.69,452.86,0.7647058823529411
190146,30,0.6719,0.9961,0.7294,8.58,454.75,0.7647058823529411
190146,31,0.6718,0.9961,0.7412,8.53,460.08,0.7647058823529411
190146,32,0.6718,0.9961,0.7412,8.52,461.01,0.7647058823529411
190146,33,0.6718,0.9961,0.7412,8.46,461.75,0.7647058823529411
190146,34,0.672,0.9974,0.7412,8.4,461.79,0.7647058823529411
190146,35,0.6719,0.9974,0.7412,8.32,462.57,0.7647058823529411
190146,36,0.6721,0.9974,0.7412,8.3,462.41,0.7647058823529411
190146,37,0.6723,0.9974,0.7412,8.29,462.01,0.7647058823529411
190146,38,0.6724,0.9974,0.7529,8.26,461.74,0.7647058823529411
190146,39,0.6728,0.9974,0.7529,8.24,460.87,0.7647058823529411
190146,40,0.6729,1.0,0.7529,8.2,459.69,0.7647058823529411
190146,41,0.6729,1.0,0.7529,8.2,458.87,0.7647058823529411
190146,42,0.673,1.0,0.7529,8.18,455.98,0.7647058823529411
190146,43,0.6731,1.0,0.7529,8.19,451.99,0.7647058823529411
190146,44,0.6732,1.0,0.7529,8.17,449.41,0.7647058823529411
190146,45,0.6732,1.0,0.7529,8.18,446.38,0.7647058823529411
190146,46,0.6733,1.0,0.7529,8.15,443.28,0.7647058823529411
190146,47,0.6732,1.0,0.7529,8.12,440.37,0.7647058823529411
190146,48,0.6733,1.0,0.7529,8.07,437.26,0.7647058823529411
190146,49,0.6734,1.0,0.7529,8.04,434.85,0.7647058823529411
359959,0,0.4618,0.4468,0.4324,10.07,51.22,0.527027027027027
359959,1,0.4618,0.4468,0.4324,10.07,51.22,0.527027027027027
359959,2,0.4688,0.5147,0.5,11.16,50.24,0.527027027027027
359959,3,0.4741,0.5358,0.5068,10.38,47.21,0.527027027027027
359959,4,0.4765,0.5525,0.5135,9.61,43.65,0.527027027027027
359959,5,0.4786,0.557,0.5338,9.04,40.42,0.527027027027027
359959,6,0.4804,0.5577,0.527,8.44,39.9,0.527027027027027
359959,7,0.4815,0.5645,0.5203,7.92,38.53,0.527027027027027
359959,8,0.4825,0.5638,0.5203,7.4,36.93,0.527027027027027
359959,9,0.4827,0.5691,0.5203,7.04,35.39,0.527027027027027
359959,10,0.4831,0.5721,0.527,6.67,33.32,0.527027027027027
359959,11,0.4838,0.5758,0.527,6.32,31.6,0.527027027027027
359959,12,0.4842,0.5774,0.5135,6.05,30.36,0.527027027027027
359959,13,0.4844,0.5796,0.5203,5.8,29.05,0.527027027027027
359959,14,0.4843,0.5789,0.5203,5.69,28.44,0.527027027027027
359959,15,0.485,0.5796,0.5203,5.57,27.74,0.527027027027027
359959,16,0.4848,0.5796,0.527,5.41,26.92,0.527027027027027
359959,17,0.4853,0.5789,0.5405,5.3,26.31,0.527027027027027
359959,18,0.4851,0.5781,0.5338,5.15,25.54,0.527027027027027
359959,19,0.4849,0.5766,0.527,5.06,24.9,0.527027027027027
359959,20,0.4849,0.5766,0.5338,4.94,24.13,0.527027027027027
359959,21,0.4849,0.5774,0.527,4.9,23.63,0.527027027027027
359959,22,0.485,0.5758,0.527,4.87,23.38,0.527027027027027
359959,23,0.4851,0.5751,0.527,4.8,22.85,0.527027027027027
359959,24,0.4852,0.5766,0.5338,4.79,22.7,0.527027027027027
359959,25,0.4852,0.5766,0.5338,4.75,22.34,0.527027027027027
359959,26,0.4849,0.5766,0.527,4.75,22.25,0.527027027027027
359959,27,0.4849,0.5766,0.5203,4.72,21.98,0.527027027027027
359959,28,0.4847,0.5766,0.5203,4.66,21.62,0.527027027027027
359959,29,0.4847,0.5766,0.5135,4.58,21.28,0.527027027027027
359959,30,0.4849,0.5758,0.527,4.6,21.66,0.527027027027027
359959,31,0.4848,0.5758,0.527,4.57,21.8,0.527027027027027
359959,32,0.4849,0.5766,0.527,4.57,22.43,0.527027027027027
359959,33,0.4852,0.5751,0.527,4.55,23.12,0.527027027027027
359959,34,0.4853,0.5774,0.527,4.54,23.48,0.527027027027027
359959,35,0.4856,0.5751,0.5135,4.57,24.06,0.527027027027027
359959,36,0.4856,0.5766,0.5135,4.56,24.5,0.527027027027027
359959,37,0.4857,0.5774,0.5203,4.56,24.39,0.527027027027027
359959,38,0.4858,0.5781,0.5203,4.53,24.35,0.527027027027027
359959,39,0.4859,0.5804,0.5203,4.51,24.28,0.527027027027027
359959,40,0.4859,0.5804,0.5203,4.5,24.12,0.527027027027027
359959,41,0.4859,0.5796,0.5203,4.48,23.96,0.527027027027027
359959,42,0.486,0.5804,0.5203,4.47,23.84,0.527027027027027
359959,43,0.4859,0.5819,0.5203,4.45,23.83,0.527027027027027
359959,44,0.4858,0.5819,0.5203,4.45,23.85,0.527027027027027
359959,45,0.4859,0.5811,0.5203,4.46,24.35,0.527027027027027
359959,46,0.4859,0.5804,0.5203,4.49,25.41,0.527027027027027
359959,47,0.4863,0.5819,0.5203,4.54,26.35,0.527027027027027
359959,48,0.4865,0.5834,0.5203,4.56,27.27,0.527027027027027
359959,49,0.4863,0.5842,0.5203,4.65,29.46,0.527027027027027
2073,0,0.4844,0.5865,0.6309,13.12,119.14,0.7181208053691275
2073,1,0.4844,0.5865,0.6309,13.12,119.14,0.7181208053691275
2073,2,0.4668,0.594,0.6242,13.66,149.72,0.7181208053691275
2073,3,0.4577,0.5985,0.6174,14.41,170.68,0.7181208053691275
2073,4,0.4548,0.5978,0.6174,14.45,191.19,0.7181208053691275
2073,5,0.4543,0.594,0.6107,15.24,234.02,0.7181208053691275
2073,6,0.4564,0.6022,0.6242,16.82,348.88,0.7181208053691275
2073,7,0.4559,0.6037,0.6174,17.69,407.07,0.7181208053691275
2073,8,0.455,0.6045,0.6174,18.27,479.1,0.7181208053691275
2073,9,0.4553,0.6082,0.6174,19.16,545.6,0.7181208053691275
2073,10,0.4555,0.6082,0.6174,20.54,660.47,0.7181208053691275
2073,11,0.4555,0.6112,0.6174,21.98,867.61,0.7181208053691275
2073,12,0.4589,0.6202,0.6174,23.7,1119.15,0.7181208053691275
2073,13,0.4597,0.6247,0.6242,25.31,1435.29,0.7181208053691275
2073,14,0.461,0.6277,0.6242,26.67,1625.56,0.7181208053691275
2073,15,0.4614,0.6292,0.6242,27.44,1777.46,0.7181208053691275
2073,16,0.462,0.636,0.6242,28.35,1951.72,0.7181208053691275
2073,17,0.4629,0.639,0.6174,29.96,2291.79,0.7181208053691275
2073,18,0.4634,0.6434,0.6242,31.14,2528.08,0.7181208053691275
2073,19,0.464,0.6457,0.6242,31.69,2647.54,0.7181208053691275
2073,20,0.4651,0.6502,0.6242,32.0,2805.94,0.7181208053691275
2073,21,0.4661,0.6539,0.6242,32.25,2939.48,0.7181208053691275
2073,22,0.4669,0.6539,0.6242,33.02,3111.3,0.7181208053691275
2073,23,0.4676,0.6562,0.6174,33.45,3281.73,0.7181208053691275
2073,24,0.4682,0.6607,0.6174,33.96,3491.67,0.7181208053691275
2073,25,0.4676,0.6629,0.6174,34.5,3551.0,0.7181208053691275
2073,26,0.4674,0.6659,0.6174,34.73,3642.57,0.7181208053691275
2073,27,0.4673,0.6674,0.6174,34.87,3707.05,0.7181208053691275
2073,28,0.4683,0.6689,0.6174,34.99,3826.02,0.7181208053691275
2073,29,0.4691,0.6704,0.6174,35.18,3962.7,0.7181208053691275
2073,30,0.4692,0.6712,0.6174,35.36,4079.17,0.7181208053691275
2073,31,0.4688,0.6719,0.6174,35.55,4125.22,0.7181208053691275
2073,32,0.4685,0.6712,0.6174,35.74,4171.09,0.7181208053691275
2073,33,0.4684,0.6734,0.6174,35.72,4190.3,0.7181208053691275
2073,34,0.4685,0.6779,0.6174,35.95,4371.5,0.7181208053691275
2073,35,0.4689,0.6779,0.6174,36.09,4433.56,0.7181208053691275
2073,36,0.4694,0.6779,0.6174,36.44,4561.91,0.7181208053691275
2073,37,0.4697,0.6787,0.6174,36.74,4627.89,0.7181208053691275
2073,38,0.4703,0.6809,0.6174,36.88,4781.35,0.7181208053691275
2073,39,0.4703,0.6809,0.6174,37.16,4925.78,0.7181208053691275
2073,40,0.4702,0.6824,0.6174,37.4,5057.84,0.7181208053691275
2073,41,0.4708,0.6846,0.6174,37.51,5234.56,0.7181208053691275
2073,42,0.471,0.6861,0.6174,37.47,5331.53,0.7181208053691275
2073,43,0.4709,0.6899,0.6174,37.54,5404.35,0.7181208053691275
2073,44,0.471,0.6906,0.6174,37.56,5538.03,0.7181208053691275
2073,45,0.4713,0.6929,0.6174,37.34,5651.94,0.7181208053691275
2073,46,0.471,0.6944,0.6174,37.29,5739.07,0.7181208053691275
2073,47,0.4711,0.6929,0.6174,37.26,5873.87,0.7181208053691275
2073,48,0.4712,0.6936,0.6174,36.98,5923.65,0.7181208053691275
2073,49,0.4712,0.6974,0.6174,36.83,6001.33,0.7181208053691275
359959,0,0.4591,0.4272,0.4257,9.3,43.47,0.5337837837837838
359959,1,0.4591,0.4272,0.4257,9.3,43.47,0.5337837837837838
359959,2,0.463,0.4981,0.4662,8.27,34.51,0.5337837837837838
359959,3,0.4672,0.5245,0.5405,7.3,29.66,0.5337837837837838
359959,4,0.468,0.5449,0.527,6.61,26.51,0.5337837837837838
359959,5,0.4691,0.5479,0.5068,6.24,24.78,0.5337837837837838
359959,6,0.4711,0.5532,0.5338,5.99,23.97,0.5337837837837838
359959,7,0.4722,0.5532,0.5338,5.72,23.0,0.5337837837837838
359959,8,0.4726,0.5615,0.5405,5.64,22.61,0.5337837837837838
359959,9,0.4728,0.5577,0.5338,5.43,21.99,0.5337837837837838
359959,10,0.473,0.5585,0.5338,5.4,21.54,0.5337837837837838
359959,11,0.4734,0.56,0.5338,5.23,20.97,0.5337837837837838
359959,12,0.4735,0.5585,0.5338,5.04,20.24,0.5337837837837838
359959,13,0.4734,0.5585,0.5405,4.94,19.77,0.5337837837837838
359959,14,0.4737,0.5623,0.5473,4.97,19.78,0.5337837837837838
359959,15,0.4739,0.5638,0.5473,4.97,19.47,0.5337837837837838
359959,16,0.4739,0.5645,0.5405,4.94,19.28,0.5337837837837838
359959,17,0.4744,0.56,0.5338,4.94,19.19,0.5337837837837838
359959,18,0.4745,0.5608,0.5338,4.89,18.97,0.5337837837837838
359959,19,0.4744,0.5615,0.5338,4.92,19.05,0.5337837837837838
359959,20,0.474,0.5608,0.5338,4.95,19.14,0.5337837837837838
359959,21,0.4743,0.563,0.5338,4.98,19.21,0.5337837837837838
359959,22,0.4747,0.5608,0.5338,4.96,19.35,0.5337837837837838
359959,23,0.4749,0.56,0.5338,4.95,19.32,0.5337837837837838
359959,24,0.475,0.56,0.5338,4.87,19.26,0.5337837837837838
359959,25,0.4752,0.5608,0.5338,4.9,19.53,0.5337837837837838
359959,26,0.4753,0.56,0.5338,4.88,19.73,0.5337837837837838
359959,27,0.4752,0.5608,0.5338,4.85,19.72,0.5337837837837838
359959,28,0.4753,0.56,0.5338,4.85,20.07,0.5337837837837838
359959,29,0.4758,0.5615,0.5405,4.85,20.33,0.5337837837837838
359959,30,0.4756,0.563,0.5405,4.85,20.54,0.5337837837837838
359959,31,0.4759,0.563,0.5405,4.82,20.56,0.5337837837837838
359959,32,0.4759,0.5615,0.5405,4.82,20.68,0.5337837837837838
359959,33,0.4762,0.5623,0.5405,4.81,20.72,0.5337837837837838
359959,34,0.4764,0.5608,0.5405,4.79,20.74,0.5337837837837838
359959,35,0.4766,0.5623,0.5405,4.82,21.14,0.5337837837837838
359959,36,0.4767,0.5615,0.5405,4.84,21.49,0.5337837837837838
359959,37,0.4774,0.5623,0.5405,4.88,22.2,0.5337837837837838
359959,38,0.4777,0.563,0.5405,4.87,22.69,0.5337837837837838
359959,39,0.4778,0.5653,0.5405,4.86,23.07,0.5337837837837838
359959,40,0.478,0.5675,0.5405,4.83,23.38,0.5337837837837838
359959,41,0.478,0.566,0.5473,4.83,23.78,0.5337837837837838
359959,42,0.4782,0.5683,0.5405,4.83,24.34,0.5337837837837838
359959,43,0.4783,0.5683,0.5405,4.84,24.77,0.5337837837837838
359959,44,0.4783,0.5683,0.5405,4.87,25.05,0.5337837837837838
359959,45,0.4785,0.5706,0.5405,4.86,25.22,0.5337837837837838
359959,46,0.4785,0.5713,0.5405,4.84,25.23,0.5337837837837838
359959,47,0.4787,0.5706,0.5405,4.81,25.33,0.5337837837837838
359959,48,0.4787,0.5706,0.5405,4.79,25.35,0.5337837837837838
359959,49,0.4787,0.5706,0.5405,4.77,25.64,0.5337837837837838
190146,0,0.6515,0.8055,0.7294,3.95,86.01,0.7647058823529411
190146,1,0.6515,0.8055,0.7294,3.95,86.01,0.7647058823529411
190146,2,0.6558,0.8568,0.7176,7.69,214.59,0.7647058823529411
190146,3,0.6552,0.8778,0.7176,7.73,218.85,0.7647058823529411
190146,4,0.6553,0.8909,0.7176,7.48,205.67,0.7647058823529411
190146,5,0.6539,0.8962,0.7412,7.03,190.98,0.7647058823529411
190146,6,0.6542,0.9001,0.7647,7.12,208.91,0.7647058823529411
190146,7,0.6551,0.9133,0.7647,7.47,250.98,0.7647058823529411
190146,8,0.6562,0.9133,0.7647,7.79,271.78,0.7647058823529411
190146,9,0.6573,0.9225,0.7529,7.76,308.22,0.7647058823529411
190146,10,0.659,0.929,0.7529,7.72,345.8,0.7647058823529411
190146,11,0.6603,0.9317,0.7529,7.93,362.89,0.7647058823529411
190146,12,0.6612,0.9356,0.7529,7.93,370.31,0.7647058823529411
190146,13,0.6617,0.9409,0.7412,7.89,374.01,0.7647058823529411
190146,14,0.662,0.9461,0.7412,7.93,382.82,0.7647058823529411
190146,15,0.663,0.9488,0.7294,7.8,379.1,0.7647058823529411
190146,16,0.6632,0.9527,0.7294,7.59,376.27,0.7647058823529411
190146,17,0.6639,0.954,0.7412,7.64,367.78,0.7647058823529411
190146,18,0.6635,0.958,0.7294,7.52,358.78,0.7647058823529411
190146,19,0.6641,0.9606,0.7412,7.44,348.58,0.7647058823529411
190146,20,0.6648,0.9606,0.7412,7.43,340.87,0.7647058823529411
190146,21,0.665,0.9658,0.7412,7.31,347.15,0.7647058823529411
190146,22,0.6654,0.9658,0.7412,7.39,361.75,0.7647058823529411
190146,23,0.6659,0.9671,0.7647,7.36,363.84,0.7647058823529411
190146,24,0.666,0.9698,0.7647,7.43,364.71,0.7647058823529411
190146,25,0.666,0.9724,0.7647,7.44,369.1,0.7647058823529411
190146,26,0.6664,0.9737,0.7647,7.5,368.81,0.7647058823529411
190146,27,0.6669,0.9737,0.7647,7.48,367.47,0.7647058823529411
190146,28,0.6672,0.975,0.7647,7.57,366.19,0.7647058823529411
190146,29,0.6673,0.9763,0.7412,7.52,366.73,0.7647058823529411
190146,30,0.6677,0.975,0.7412,7.53,367.84,0.7647058823529411
190146,31,0.668,0.975,0.7294,7.5,370.12,0.7647058823529411
190146,32,0.6678,0.9763,0.7412,7.47,373.31,0.7647058823529411
190146,33,0.6679,0.9763,0.7412,7.46,374.5,0.7647058823529411
190146,34,0.668,0.9763,0.7412,7.43,374.47,0.7647058823529411
190146,35,0.6681,0.9763,0.7412,7.5,376.72,0.7647058823529411
190146,36,0.668,0.9763,0.7412,7.49,385.09,0.7647058823529411
190146,37,0.6682,0.9763,0.7412,7.52,397.5,0.7647058823529411
190146,38,0.6683,0.975,0.7412,7.54,409.06,0.7647058823529411
190146,39,0.6686,0.975,0.7412,7.53,417.41,0.7647058823529411
190146,40,0.6688,0.975,0.7412,7.53,427.88,0.7647058823529411
190146,41,0.6689,0.975,0.7412,7.56,436.96,0.7647058823529411
190146,42,0.6692,0.975,0.7412,7.55,444.7,0.7647058823529411
190146,43,0.6693,0.9777,0.7412,7.59,458.39,0.7647058823529411
190146,44,0.6694,0.979,0.7412,7.59,469.97,0.7647058823529411
190146,45,0.6694,0.979,0.7412,7.62,481.48,0.7647058823529411
190146,46,0.6696,0.979,0.7412,7.62,493.85,0.7647058823529411
190146,47,0.6698,0.9777,0.7412,7.69,503.51,0.7647058823529411
190146,48,0.67,0.979,0.7412,7.64,512.89,0.7647058823529411
190146,49,0.67,0.979,0.7294,7.64,529.46,0.7647058823529411
168784,0,0.6204,0.7434,0.7282,3.52,156.89,0.8153846153846154
168784,1,0.6204,0.7434,0.7282,3.52,156.89,0.8153846153846154
168784,2,0.6355,0.791,0.7487,10.33,1126.44,0.8153846153846154
168784,3,0.642,0.8144,0.759,10.6,1233.46,0.8153846153846154
168784,4,0.6445,0.8305,0.7641,10.21,1185.72,0.8153846153846154
168784,5,0.6459,0.8408,0.7744,9.74,1134.58,0.8153846153846154
168784,6,0.6481,0.8477,0.7846,9.13,1051.41,0.8153846153846154
168784,7,0.65,0.854,0.7744,9.08,1029.07,0.8153846153846154
168784,8,0.6515,0.8591,0.7744,8.63,991.31,0.8153846153846154
168784,9,0.6519,0.858,0.7692,8.12,942.72,0.8153846153846154
168784,10,0.6523,0.8597,0.7744,7.78,900.92,0.8153846153846154
168784,11,0.6527,0.8603,0.7692,7.48,860.74,0.8153846153846154
168784,12,0.6525,0.8585,0.7641,7.2,820.33,0.8153846153846154
168784,13,0.6524,0.8625,0.759,7.15,862.04,0.8153846153846154
168784,14,0.6525,0.8654,0.7538,7.04,885.29,0.8153846153846154
168784,15,0.6527,0.8677,0.7641,6.94,914.48,0.8153846153846154
168784,16,0.653,0.8711,0.7641,6.86,936.86,0.8153846153846154
168784,17,0.653,0.874,0.7641,6.88,1000.84,0.8153846153846154
168784,18,0.6533,0.8751,0.7641,6.85,1040.74,0.8153846153846154
168784,19,0.6536,0.878,0.7692,6.92,1126.36,0.8153846153846154
168784,20,0.6539,0.8797,0.7744,6.9,1202.26,0.8153846153846154
168784,21,0.6544,0.8843,0.7744,6.82,1225.7,0.8153846153846154
168784,22,0.6546,0.8866,0.7744,6.81,1285.64,0.8153846153846154
168784,23,0.655,0.89,0.7744,6.79,1329.97,0.8153846153846154
168784,24,0.655,0.8929,0.7795,6.83,1368.88,0.8153846153846154
168784,25,0.655,0.894,0.7846,6.81,1395.21,0.8153846153846154
168784,26,0.655,0.8963,0.7846,6.94,1497.99,0.8153846153846154
168784,27,0.6552,0.8986,0.7897,6.98,1612.13,0.8153846153846154
168784,28,0.6553,0.9055,0.7949,6.97,1760.6,0.8153846153846154
168784,29,0.6554,0.9089,0.7949,7.02,1887.6,0.8153846153846154
168784,30,0.6556,0.9101,0.7949,7.08,2040.2,0.8153846153846154
168784,31,0.656,0.9141,0.7949,7.09,2169.28,0.8153846153846154
168784,32,0.6561,0.9147,0.7949,7.14,2280.67,0.8153846153846154
168784,33,0.6563,0.9181,0.7949,7.15,2378.3,0.8153846153846154
168784,34,0.6563,0.9198,0.7897,7.15,2475.0,0.8153846153846154
168784,35,0.6564,0.9244,0.7949,7.18,2549.56,0.8153846153846154
168784,36,0.6566,0.929,0.7949,7.28,2683.52,0.8153846153846154
168784,37,0.6567,0.9318,0.7949,7.42,2842.63,0.8153846153846154
168784,38,0.6568,0.9347,0.7949,7.5,2995.47,0.8153846153846154
168784,39,0.657,0.9381,0.7949,7.65,3124.01,0.8153846153846154
168784,40,0.6571,0.941,0.7949,7.71,3245.34,0.8153846153846154
168784,41,0.6572,0.9433,0.7949,7.76,3371.68,0.8153846153846154
168784,42,0.657,0.9462,0.7949,7.83,3494.71,0.8153846153846154
168784,43,0.657,0.949,0.7949,7.9,3571.66,0.8153846153846154
168784,44,0.6571,0.9507,0.7949,7.97,3639.3,0.8153846153846154
168784,45,0.6571,0.9548,0.7949,8.04,3698.52,0.8153846153846154
168784,46,0.6571,0.9553,0.7949,8.1,3759.41,0.8153846153846154
168784,47,0.6573,0.9565,0.7949,8.07,3784.93,0.8153846153846154
168784,48,0.6572,0.9565,0.7897,8.06,3809.52,0.8153846153846154
168784,49,0.6572,0.9588,0.7897,7.96,3821.69,0.8153846153846154
168784,0,0.6091,0.7411,0.7231,4.54,121.05,0.8153846153846154
168784,1,0.6091,0.7411,0.7231,4.54,121.05,0.8153846153846154
168784,2,0.6274,0.7818,0.7385,11.9,610.48,0.8153846153846154
168784,3,0.6361,0.8036,0.7436,12.71,701.2,0.8153846153846154
168784,4,0.6418,0.8207,0.759,12.41,772.03,0.8153846153846154
168784,5,0.6453,0.8293,0.759,12.18,766.57,0.8153846153846154
168784,6,0.6479,0.8345,0.759,11.57,735.81,0.8153846153846154
168784,7,0.6505,0.8454,0.7538,10.71,688.85,0.8153846153846154
168784,8,0.6524,0.8482,0.7641,10.09,642.74,0.8153846153846154
168784,9,0.6539,0.8494,0.759,9.56,632.58,0.8153846153846154
168784,10,0.6547,0.8534,0.759,9.06,610.07,0.8153846153846154
168784,11,0.6554,0.8574,0.7641,8.62,587.69,0.8153846153846154
168784,12,0.6555,0.8614,0.7641,8.24,584.18,0.8153846153846154
168784,13,0.6555,0.8637,0.7692,7.98,571.66,0.8153846153846154
168784,14,0.656,0.8637,0.7692,7.77,582.99,0.8153846153846154
168784,15,0.6563,0.8654,0.7744,7.6,590.3,0.8153846153846154
168784,16,0.6565,0.8654,0.7744,7.36,589.37,0.8153846153846154
168784,17,0.6568,0.8683,0.7692,7.24,582.03,0.8153846153846154
168784,18,0.6571,0.8711,0.7692,7.15,607.16,0.8153846153846154
168784,19,0.6575,0.8757,0.7692,7.05,632.04,0.8153846153846154
168784,20,0.6579,0.8769,0.7795,6.91,676.11,0.8153846153846154
168784,21,0.6578,0.878,0.7795,6.95,728.82,0.8153846153846154
168784,22,0.6578,0.8797,0.7795,6.96,763.56,0.8153846153846154
168784,23,0.658,0.8803,0.7795,6.88,790.18,0.8153846153846154
168784,24,0.6582,0.8814,0.7795,6.77,807.17,0.8153846153846154
168784,25,0.6583,0.8826,0.7744,6.75,845.41,0.8153846153846154
168784,26,0.6587,0.8837,0.7795,6.77,886.47,0.8153846153846154
168784,27,0.6588,0.8872,0.7795,6.72,943.72,0.8153846153846154
168784,28,0.6584,0.8866,0.7744,6.7,999.26,0.8153846153846154
168784,29,0.6582,0.8906,0.7692,6.67,1101.55,0.8153846153846154
168784,30,0.6582,0.8952,0.7846,6.69,1181.59,0.8153846153846154
168784,31,0.6581,0.8975,0.7795,6.68,1255.07,0.8153846153846154
168784,32,0.6583,0.9009,0.7846,6.7,1317.49,0.8153846153846154
168784,33,0.6581,0.9026,0.7795,6.74,1418.83,0.8153846153846154
168784,34,0.6583,0.9032,0.7846,6.75,1504.27,0.8153846153846154
168784,35,0.6582,0.9055,0.7795,6.8,1658.73,0.8153846153846154
168784,36,0.658,0.9107,0.7795,6.85,1853.68,0.8153846153846154
168784,37,0.6582,0.9141,0.7795,6.86,2021.81,0.8153846153846154
168784,38,0.6581,0.9175,0.7846,7.0,2237.45,0.8153846153846154
168784,39,0.6581,0.9175,0.7846,7.08,2443.44,0.8153846153846154
168784,40,0.6582,0.9192,0.7846,7.15,2605.63,0.8153846153846154
168784,41,0.6583,0.9238,0.7846,7.24,2765.58,0.8153846153846154
168784,42,0.6582,0.9261,0.7846,7.29,2955.06,0.8153846153846154
168784,43,0.6582,0.9284,0.7846,7.33,3116.51,0.8153846153846154
168784,44,0.6582,0.9324,0.7846,7.41,3244.81,0.8153846153846154
168784,45,0.6582,0.9347,0.7846,7.47,3420.51,0.8153846153846154
168784,46,0.6582,0.937,0.7846,7.53,3584.96,0.8153846153846154
168784,47,0.658,0.9422,0.7897,7.61,3726.63,0.8153846153846154
168784,48,0.6581,0.9416,0.7897,7.61,3822.36,0.8153846153846154
168784,49,0.6582,0.9427,0.7897,7.58,3905.09,0.8153846153846154
359959,0,0.4624,0.4453,0.4392,9.96,58.0,0.5337837837837838
359959,1,0.4624,0.4453,0.4392,9.96,58.0,0.5337837837837838
359959,2,0.4711,0.5147,0.4932,9.47,50.07,0.5337837837837838
359959,3,0.4732,0.5336,0.5135,8.88,44.36,0.5337837837837838
359959,4,0.4737,0.5464,0.5135,8.09,40.44,0.5337837837837838
359959,5,0.4748,0.554,0.5203,7.54,39.12,0.5337837837837838
359959,6,0.475,0.5525,0.527,6.99,36.08,0.5337837837837838
359959,7,0.4763,0.563,0.5541,6.51,33.52,0.5337837837837838
359959,8,0.4768,0.566,0.5541,6.33,33.11,0.5337837837837838
359959,9,0.4781,0.5683,0.5743,6.08,32.79,0.5337837837837838
359959,10,0.4779,0.5675,0.5541,6.04,34.69,0.5337837837837838
359959,11,0.4784,0.5683,0.5405,5.94,35.11,0.5337837837837838
359959,12,0.4797,0.5706,0.5405,5.81,35.19,0.5337837837837838
359959,13,0.4806,0.5743,0.5473,5.62,34.4,0.5337837837837838
359959,14,0.4807,0.5758,0.5405,5.51,33.96,0.5337837837837838
359959,15,0.4809,0.5751,0.5338,5.43,33.55,0.5337837837837838
359959,16,0.4811,0.5721,0.5405,5.42,33.51,0.5337837837837838
359959,17,0.4814,0.5758,0.5405,5.39,33.69,0.5337837837837838
359959,18,0.4817,0.5751,0.5405,5.3,33.3,0.5337837837837838
359959,19,0.4821,0.5758,0.5405,5.21,32.88,0.5337837837837838
359959,20,0.4822,0.5758,0.5338,5.14,32.43,0.5337837837837838
359959,21,0.4822,0.5766,0.527,5.09,32.14,0.5337837837837838
359959,22,0.4823,0.5796,0.527,5.02,31.68,0.5337837837837838
359959,23,0.482,0.5804,0.5338,4.94,31.23,0.5337837837837838
359959,24,0.482,0.5804,0.5405,4.86,30.96,0.5337837837837838
359959,25,0.482,0.5811,0.5405,4.81,30.68,0.5337837837837838
359959,26,0.4817,0.5811,0.5405,4.73,30.31,0.5337837837837838
359959,27,0.4816,0.5826,0.5405,4.66,30.09,0.5337837837837838
359959,28,0.4816,0.5804,0.5473,4.57,29.71,0.5337837837837838
359959,29,0.4817,0.5811,0.5473,4.51,29.56,0.5337837837837838
359959,30,0.4818,0.5811,0.5473,4.45,29.4,0.5337837837837838
359959,31,0.4821,0.5804,0.5473,4.4,29.17,0.5337837837837838
359959,32,0.4823,0.5811,0.5473,4.33,28.83,0.5337837837837838
359959,33,0.4824,0.5811,0.5473,4.29,28.82,0.5337837837837838
359959,34,0.4827,0.5819,0.5473,4.24,28.56,0.5337837837837838
359959,35,0.4827,0.5834,0.5405,4.2,28.58,0.5337837837837838
359959,36,0.4829,0.5842,0.5405,4.16,28.48,0.5337837837837838
359959,37,0.4829,0.5857,0.527,4.11,28.46,0.5337837837837838
359959,38,0.4829,0.5849,0.527,4.1,28.52,0.5337837837837838
359959,39,0.4829,0.5872,0.527,4.07,28.75,0.5337837837837838
359959,40,0.4832,0.5872,0.527,4.06,28.85,0.5337837837837838
359959,41,0.4831,0.5894,0.527,4.04,29.06,0.5337837837837838
359959,42,0.4832,0.5857,0.527,4.03,29.33,0.5337837837837838
359959,43,0.4833,0.5849,0.527,3.99,29.45,0.5337837837837838
359959,44,0.4834,0.5857,0.527,3.96,29.73,0.5337837837837838
359959,45,0.4832,0.5842,0.527,3.96,29.95,0.5337837837837838
359959,46,0.4831,0.5872,0.5203,3.96,30.11,0.5337837837837838
359959,47,0.4833,0.5857,0.5338,3.95,30.35,0.5337837837837838
359959,48,0.4834,0.5857,0.527,3.92,30.52,0.5337837837837838
359959,49,0.4835,0.5849,0.527,3.9,30.69,0.5337837837837838
190146,0,0.6534,0.8147,0.7529,5.55,108.09,0.7647058823529411
190146,1,0.6534,0.8147,0.7529,5.55,108.09,0.7647058823529411
190146,2,0.6599,0.8922,0.7294,10.37,478.5,0.7647058823529411
190146,3,0.664,0.9277,0.7294,11.02,521.89,0.7647058823529411
190146,4,0.6662,0.9396,0.7412,10.69,498.94,0.7647058823529411
190146,5,0.668,0.9501,0.7412,10.77,478.51,0.7647058823529411
190146,6,0.6681,0.9553,0.7412,10.51,471.58,0.7647058823529411
190146,7,0.669,0.9593,0.7412,10.41,460.94,0.7647058823529411
190146,8,0.6704,0.9645,0.7412,9.88,453.8,0.7647058823529411
190146,9,0.6717,0.9737,0.7412,9.63,487.26,0.7647058823529411
190146,10,0.673,0.9737,0.7412,9.46,519.76,0.7647058823529411
190146,11,0.6729,0.9777,0.7412,9.28,534.34,0.7647058823529411
190146,12,0.6724,0.979,0.7294,9.38,549.82,0.7647058823529411
190146,13,0.6723,0.9803,0.7294,9.33,551.79,0.7647058823529411
190146,14,0.6722,0.9829,0.7412,9.54,543.34,0.7647058823529411
190146,15,0.672,0.9842,0.7412,9.64,540.9,0.7647058823529411
190146,16,0.6725,0.9842,0.7412,9.45,535.33,0.7647058823529411
190146,17,0.6727,0.9842,0.7412,9.29,525.95,0.7647058823529411
190146,18,0.6726,0.9855,0.7412,9.12,516.38,0.7647058823529411
190146,19,0.6731,0.9842,0.7412,9.04,506.93,0.7647058823529411
190146,20,0.6732,0.9869,0.7529,8.93,496.24,0.7647058823529411
190146,21,0.6732,0.9882,0.7529,8.8,493.03,0.7647058823529411
190146,22,0.6734,0.9882,0.7529,8.72,490.26,0.7647058823529411
190146,23,0.6737,0.9895,0.7529,8.65,487.56,0.7647058823529411
190146,24,0.6735,0.9895,0.7412,8.55,484.33,0.7647058823529411
190146,25,0.6734,0.9869,0.7529,8.43,482.72,0.7647058823529411
190146,26,0.6734,0.9869,0.7529,8.39,479.07,0.7647058823529411
190146,27,0.6736,0.9869,0.7529,8.31,474.35,0.7647058823529411
190146,28,0.6738,0.9855,0.7529,8.25,476.38,0.7647058823529411
190146,29,0.6738,0.9855,0.7529,8.19,478.56,0.7647058823529411
190146,30,0.6737,0.9855,0.7529,8.25,488.97,0.7647058823529411
190146,31,0.674,0.9855,0.7529,8.18,499.13,0.7647058823529411
190146,32,0.6741,0.9855,0.7529,8.14,509.05,0.7647058823529411
190146,33,0.674,0.9855,0.7412,8.12,525.03,0.7647058823529411
190146,34,0.6741,0.9855,0.7412,8.05,536.25,0.7647058823529411
190146,35,0.6744,0.9882,0.7529,8.1,545.91,0.7647058823529411
190146,36,0.6749,0.9895,0.7412,8.21,553.22,0.7647058823529411
190146,37,0.6751,0.9908,0.7529,8.32,559.48,0.7647058823529411
190146,38,0.6749,0.9895,0.7529,8.33,568.0,0.7647058823529411
190146,39,0.6749,0.9921,0.7529,8.3,573.71,0.7647058823529411
190146,40,0.6752,0.9908,0.7529,8.32,578.71,0.7647058823529411
190146,41,0.6752,0.9908,0.7529,8.33,584.64,0.7647058823529411
190146,42,0.6752,0.9921,0.7529,8.4,588.03,0.7647058823529411
190146,43,0.6752,0.9921,0.7529,8.38,590.53,0.7647058823529411
190146,44,0.6753,0.9921,0.7529,8.38,590.71,0.7647058823529411
190146,45,0.6753,0.9934,0.7529,8.34,591.61,0.7647058823529411
190146,46,0.6754,0.9934,0.7529,8.29,590.61,0.7647058823529411
190146,47,0.6753,0.9934,0.7529,8.28,589.91,0.7647058823529411
190146,48,0.6753,0.9934,0.7529,8.2,588.29,0.7647058823529411
190146,49,0.6752,0.9934,0.7529,8.17,587.63,0.7647058823529411
359959,0,0.4561,0.4272,0.4257,10.34,93.15,0.5405405405405406
359959,1,0.4561,0.4272,0.4257,10.34,93.15,0.5405405405405406
359959,2,0.467,0.5155,0.4865,20.93,348.54,0.5405405405405406
359959,3,0.4724,0.5804,0.4932,21.85,408.09,0.5405405405405406
359959,4,0.4747,0.606,0.5068,20.61,408.94,0.5405405405405406
359959,5,0.4768,0.6143,0.527,19.55,396.1,0.5405405405405406
359959,6,0.479,0.6128,0.527,17.92,373.06,0.5405405405405406
359959,7,0.4799,0.6158,0.5338,16.42,356.13,0.5405405405405406
359959,8,0.4803,0.6166,0.5473,15.23,339.87,0.5405405405405406
359959,9,0.4813,0.6181,0.5608,14.24,325.66,0.5405405405405406
359959,10,0.4823,0.6204,0.5676,13.49,309.89,0.5405405405405406
359959,11,0.4831,0.6219,0.5608,12.73,295.48,0.5405405405405406
359959,12,0.4845,0.6257,0.5608,12.19,290.92,0.5405405405405406
359959,13,0.4854,0.6257,0.5541,11.64,283.34,0.5405405405405406
359959,14,0.4864,0.6302,0.5541,11.1,274.62,0.5405405405405406
359959,15,0.4866,0.6317,0.5541,10.61,265.33,0.5405405405405406
359959,16,0.4872,0.6332,0.5608,10.17,256.55,0.5405405405405406
359959,17,0.487,0.6347,0.5608,9.86,250.32,0.5405405405405406
359959,18,0.4867,0.637,0.5541,9.6,248.24,0.5405405405405406
359959,19,0.4869,0.6392,0.5541,9.33,245.25,0.5405405405405406
359959,20,0.4869,0.634,0.5541,9.03,238.68,0.5405405405405406
359959,21,0.4873,0.6355,0.5541,8.75,233.51,0.5405405405405406
359959,22,0.4877,0.6362,0.5608,8.54,229.01,0.5405405405405406
359959,23,0.4875,0.6362,0.5608,8.36,226.73,0.5405405405405406
359959,24,0.4871,0.637,0.5541,8.15,223.5,0.5405405405405406
359959,25,0.4871,0.634,0.5541,7.98,221.01,0.5405405405405406
359959,26,0.4874,0.6355,0.5541,7.79,218.94,0.5405405405405406
359959,27,0.4876,0.6355,0.5541,7.61,216.45,0.5405405405405406
359959,28,0.4873,0.6362,0.5608,7.44,218.53,0.5405405405405406
359959,29,0.4876,0.6377,0.5541,7.3,220.29,0.5405405405405406
359959,30,0.4878,0.634,0.5608,7.17,221.82,0.5405405405405406
359959,31,0.4879,0.634,0.5608,7.08,224.34,0.5405405405405406
359959,32,0.4879,0.6362,0.5541,7.01,227.58,0.5405405405405406
359959,33,0.4875,0.6362,0.5541,6.89,231.47,0.5405405405405406
359959,34,0.4876,0.6385,0.5541,6.86,237.94,0.5405405405405406
359959,35,0.4876,0.6392,0.5541,6.75,241.9,0.5405405405405406
359959,36,0.4879,0.6408,0.5608,6.68,247.78,0.5405405405405406
359959,37,0.4881,0.6415,0.5608,6.65,259.73,0.5405405405405406
359959,38,0.4881,0.64,0.5608,6.59,269.67,0.5405405405405406
359959,39,0.4881,0.646,0.5608,6.55,278.35,0.5405405405405406
359959,40,0.4878,0.6453,0.5608,6.54,287.04,0.5405405405405406
359959,41,0.4876,0.646,0.5608,6.51,295.32,0.5405405405405406
359959,42,0.4875,0.6453,0.5608,6.47,301.98,0.5405405405405406
359959,43,0.4873,0.6453,0.5608,6.4,304.78,0.5405405405405406
359959,44,0.4871,0.6438,0.5608,6.34,305.73,0.5405405405405406
359959,45,0.487,0.6445,0.5608,6.3,307.62,0.5405405405405406
359959,46,0.4867,0.6445,0.5608,6.25,310.15,0.5405405405405406
359959,47,0.4867,0.6438,0.5608,6.24,313.91,0.5405405405405406
359959,48,0.4867,0.6445,0.5608,6.2,318.4,0.5405405405405406
359959,49,0.4867,0.6445,0.5608,6.17,319.37,0.5405405405405406
2073,0,0.4795,0.5843,0.604,15.32,182.41,0.7181208053691275
2073,1,0.4795,0.5843,0.604,15.32,182.41,0.7181208053691275
2073,2,0.4963,0.621,0.6242,31.15,1657.44,0.7181208053691275
2073,3,0.4972,0.6404,0.6309,30.83,1911.36,0.7181208053691275
2073,4,0.4982,0.6494,0.6309,30.71,2054.2,0.7181208053691275
2073,5,0.4984,0.6517,0.6376,30.35,1991.78,0.7181208053691275
2073,6,0.4999,0.6599,0.6376,29.86,1969.76,0.7181208053691275
2073,7,0.4988,0.6629,0.6376,28.88,1893.24,0.7181208053691275
2073,8,0.4982,0.6637,0.6376,28.27,1904.0,0.7181208053691275
2073,9,0.4994,0.6652,0.6376,28.2,1924.86,0.7181208053691275
2073,10,0.4987,0.6689,0.6309,27.72,1980.27,0.7181208053691275
2073,11,0.4987,0.6704,0.6376,27.25,1985.41,0.7181208053691275
2073,12,0.4976,0.6734,0.6376,27.51,2012.0,0.7181208053691275
2073,13,0.4972,0.6704,0.6376,28.3,2105.18,0.7181208053691275
2073,14,0.4971,0.6764,0.6376,28.17,2142.68,0.7181208053691275
2073,15,0.498,0.6854,0.6376,28.11,2199.74,0.7181208053691275
2073,16,0.4979,0.6906,0.6376,28.53,2277.5,0.7181208053691275
2073,17,0.4978,0.6899,0.6376,28.65,2360.7,0.7181208053691275
2073,18,0.4971,0.6929,0.6376,28.9,2435.85,0.7181208053691275
2073,19,0.4966,0.6929,0.6376,28.87,2463.8,0.7181208053691275
2073,20,0.4963,0.6936,0.6376,28.93,2501.65,0.7181208053691275
2073,21,0.4966,0.6936,0.6376,28.98,2528.83,0.7181208053691275
2073,22,0.497,0.6959,0.6376,29.02,2546.23,0.7181208053691275
2073,23,0.4965,0.6951,0.6376,29.36,2607.64,0.7181208053691275
2073,24,0.4966,0.6981,0.6443,29.88,2738.31,0.7181208053691275
2073,25,0.4961,0.6981,0.6443,30.59,2866.46,0.7181208053691275
2073,26,0.4962,0.6996,0.6376,30.65,2962.96,0.7181208053691275
2073,27,0.497,0.7026,0.6443,30.8,3063.56,0.7181208053691275
2073,28,0.4973,0.7049,0.6443,31.36,3392.29,0.7181208053691275
2073,29,0.498,0.7086,0.6443,32.0,3772.06,0.7181208053691275
2073,30,0.4984,0.7116,0.6443,32.23,4094.72,0.7181208053691275
2073,31,0.4986,0.7154,0.651,32.49,4384.73,0.7181208053691275
2073,32,0.4985,0.7206,0.651,32.76,4650.72,0.7181208053691275
2073,33,0.4989,0.7206,0.651,32.74,4901.41,0.7181208053691275
2073,34,0.4988,0.7288,0.651,32.99,5166.51,0.7181208053691275
2073,35,0.4985,0.7311,0.6376,33.13,5508.38,0.7181208053691275
2073,36,0.4982,0.7371,0.651,33.57,5914.09,0.7181208053691275
2073,37,0.4981,0.7393,0.651,33.81,6363.45,0.7181208053691275
2073,38,0.4979,0.7431,0.651,34.11,6670.12,0.7181208053691275
2073,39,0.4977,0.7476,0.6443,34.44,6987.62,0.7181208053691275
2073,40,0.4975,0.7498,0.6443,34.52,7237.86,0.7181208053691275
2073,41,0.4973,0.7543,0.6443,34.59,7410.1,0.7181208053691275
2073,42,0.4973,0.7558,0.6443,34.85,7575.05,0.7181208053691275
2073,43,0.4975,0.7603,0.6443,34.84,7768.85,0.7181208053691275
2073,44,0.4977,0.7625,0.6443,34.98,8096.11,0.7181208053691275
2073,45,0.498,0.7678,0.6443,35.22,8377.5,0.7181208053691275
2073,46,0.4979,0.77,0.6443,35.33,8712.01,0.7181208053691275
2073,47,0.498,0.7723,0.6443,35.35,8930.7,0.7181208053691275
2073,48,0.4981,0.776,0.6443,35.38,9131.09,0.7181208053691275
2073,49,0.498,0.7783,0.6443,35.37,9270.06,0.7181208053691275
359959,0,0.4654,0.4483,0.4392,9.3,65.73,0.5337837837837838
359959,1,0.4654,0.4483,0.4392,9.3,65.73,0.5337837837837838
359959,2,0.4718,0.5411,0.5068,24.55,515.83,0.5337837837837838
359959,3,0.4774,0.5902,0.5405,25.01,562.73,0.5337837837837838
359959,4,0.4783,0.6166,0.5473,23.26,607.67,0.5337837837837838
359959,5,0.4805,0.6309,0.5743,21.69,589.53,0.5337837837837838
359959,6,0.4823,0.637,0.5608,19.98,563.76,0.5337837837837838
359959,7,0.4829,0.6347,0.5743,18.53,548.97,0.5337837837837838
359959,8,0.4839,0.6377,0.5743,17.46,553.07,0.5337837837837838
359959,9,0.4849,0.6408,0.5608,16.41,535.85,0.5337837837837838
359959,10,0.4861,0.6445,0.5541,15.53,522.17,0.5337837837837838
359959,11,0.4866,0.6423,0.5676,14.81,531.25,0.5337837837837838
359959,12,0.4871,0.643,0.5541,14.16,545.11,0.5337837837837838
359959,13,0.4871,0.6415,0.5541,13.65,542.23,0.5337837837837838
359959,14,0.4871,0.6445,0.5541,13.14,531.03,0.5337837837837838
359959,15,0.4875,0.6468,0.5541,12.72,514.94,0.5337837837837838
359959,16,0.4873,0.646,0.5473,12.29,505.12,0.5337837837837838
359959,17,0.4874,0.6475,0.5608,11.89,493.59,0.5337837837837838
359959,18,0.4874,0.6521,0.5541,11.52,483.2,0.5337837837837838
359959,19,0.4873,0.6513,0.5473,11.2,475.65,0.5337837837837838
359959,20,0.487,0.6506,0.5541,10.85,465.98,0.5337837837837838
359959,21,0.4865,0.6536,0.5541,10.6,464.37,0.5337837837837838
359959,22,0.4861,0.6528,0.5608,10.45,499.9,0.5337837837837838
359959,23,0.4858,0.6589,0.5608,10.36,566.41,0.5337837837837838
359959,24,0.4852,0.6619,0.5608,10.19,609.6,0.5337837837837838
359959,25,0.4847,0.6642,0.5608,10.03,637.39,0.5337837837837838
359959,26,0.4842,0.6679,0.5608,9.93,658.21,0.5337837837837838
359959,27,0.4842,0.6679,0.5608,9.81,711.12,0.5337837837837838
359959,28,0.4842,0.6687,0.5608,9.78,765.23,0.5337837837837838
359959,29,0.4843,0.6687,0.5608,9.64,797.87,0.5337837837837838
359959,30,0.4843,0.6702,0.5541,9.56,836.7,0.5337837837837838
359959,31,0.4841,0.674,0.5473,9.42,859.09,0.5337837837837838
359959,32,0.484,0.6725,0.5541,9.34,884.5,0.5337837837837838
359959,33,0.4836,0.6725,0.5541,9.22,905.28,0.5337837837837838
359959,34,0.4834,0.6747,0.5541,9.18,938.58,0.5337837837837838
359959,35,0.4834,0.6762,0.5541,9.17,995.93,0.5337837837837838
359959,36,0.4833,0.6755,0.5541,9.18,1044.36,0.5337837837837838
359959,37,0.4829,0.677,0.5676,9.21,1098.02,0.5337837837837838
359959,38,0.4827,0.6785,0.5676,9.2,1147.7,0.5337837837837838
359959,39,0.4826,0.68,0.5676,9.14,1176.65,0.5337837837837838
359959,40,0.4825,0.6808,0.5676,9.1,1201.4,0.5337837837837838
359959,41,0.4824,0.68,0.5676,9.02,1218.74,0.5337837837837838
359959,42,0.4823,0.68,0.5676,8.97,1243.23,0.5337837837837838
359959,43,0.4821,0.6808,0.5676,8.92,1286.18,0.5337837837837838
359959,44,0.4823,0.6823,0.5676,8.85,1320.46,0.5337837837837838
359959,45,0.4822,0.6815,0.5676,8.8,1372.71,0.5337837837837838
359959,46,0.482,0.6823,0.5676,8.74,1425.89,0.5337837837837838
359959,47,0.4818,0.6838,0.5676,8.72,1494.16,0.5337837837837838
359959,48,0.4816,0.686,0.5676,8.72,1546.83,0.5337837837837838
359959,49,0.4813,0.6875,0.5676,8.71,1602.29,0.5337837837837838
359954,0,0.4708,0.6193,0.5,10.55,124.94,0.6756756756756757
359954,1,0.4708,0.6193,0.5,10.55,124.94,0.6756756756756757
359954,2,0.4889,0.7236,0.5541,11.12,809.1,0.6756756756756757
359954,3,0.4951,0.7613,0.6081,9.92,877.16,0.6756756756756757
359954,4,0.5006,0.8097,0.6216,12.33,1080.08,0.6756756756756757
359954,5,0.5057,0.8248,0.6216,12.55,1081.28,0.6756756756756757
359954,6,0.5092,0.8353,0.6216,12.16,1042.25,0.6756756756756757
359954,7,0.5112,0.8414,0.6216,11.1,969.41,0.6756756756756757
359954,8,0.5129,0.852,0.6351,10.21,917.43,0.6756756756756757
359954,9,0.5134,0.8565,0.6486,9.91,931.04,0.6756756756756757
359954,10,0.5139,0.858,0.6486,9.61,944.19,0.6756756756756757
359954,11,0.5145,0.8671,0.6622,9.22,939.22,0.6756756756756757
359954,12,0.5154,0.8761,0.6622,8.85,921.87,0.6756756756756757
359954,13,0.5159,0.8852,0.6622,8.54,914.28,0.6756756756756757
359954,14,0.5172,0.8897,0.6757,8.22,893.4,0.6756756756756757
359954,15,0.5176,0.8897,0.6622,7.98,885.15,0.6756756756756757
359954,16,0.5182,0.8958,0.6622,7.69,883.85,0.6756756756756757
359954,17,0.5186,0.8988,0.6622,7.47,878.67,0.6756756756756757
359954,18,0.5193,0.9048,0.6622,7.21,873.98,0.6756756756756757
359954,19,0.5194,0.9003,0.6622,6.95,857.25,0.6756756756756757
359954,20,0.5197,0.9033,0.6622,6.74,841.78,0.6756756756756757
359954,21,0.5193,0.9063,0.6622,6.71,842.35,0.6756756756756757
359954,22,0.52,0.9109,0.6622,7.04,857.86,0.6756756756756757
359954,23,0.5205,0.9124,0.6622,7.39,873.16,0.6756756756756757
359954,24,0.5205,0.9139,0.6622,7.57,901.64,0.6756756756756757
359954,25,0.5203,0.9184,0.6622,7.97,927.28,0.6756756756756757
359954,26,0.521,0.923,0.6622,8.27,977.89,0.6756756756756757
359954,27,0.5213,0.9215,0.6622,8.48,1013.55,0.6756756756756757
359954,28,0.5216,0.929,0.6622,8.52,1055.3,0.6756756756756757
359954,29,0.5217,0.9305,0.6622,8.57,1098.66,0.6756756756756757
359954,30,0.5221,0.9335,0.6622,8.54,1138.66,0.6756756756756757
359954,31,0.5221,0.9366,0.6622,8.55,1161.64,0.6756756756756757
359954,32,0.5218,0.9381,0.6622,8.53,1185.63,0.6756756756756757
359954,33,0.5217,0.9381,0.6622,8.5,1201.31,0.6756756756756757
359954,34,0.5216,0.9411,0.6622,8.85,1232.51,0.6756756756756757
359954,35,0.5217,0.9456,0.6622,9.06,1262.03,0.6756756756756757
359954,36,0.5217,0.9456,0.6622,9.35,1294.15,0.6756756756756757
359954,37,0.5221,0.9471,0.6622,9.65,1346.28,0.6756756756756757
359954,38,0.5225,0.9532,0.6757,9.84,1383.32,0.6756756756756757
359954,39,0.5228,0.9532,0.6757,10.08,1429.45,0.6756756756756757
359954,40,0.5231,0.9562,0.6622,10.31,1458.43,0.6756756756756757
359954,41,0.5235,0.9577,0.6622,10.49,1467.22,0.6756756756756757
359954,42,0.5239,0.9562,0.6622,10.65,1479.75,0.6756756756756757
359954,43,0.5238,0.9577,0.6622,10.79,1486.32,0.6756756756756757
359954,44,0.5239,0.9592,0.6757,10.94,1493.98,0.6756756756756757
359954,45,0.5244,0.9592,0.6486,11.08,1501.63,0.6756756756756757
359954,46,0.5245,0.9592,0.6622,11.16,1511.59,0.6756756756756757
359954,47,0.525,0.9622,0.6486,11.29,1513.04,0.6756756756756757
359954,48,0.5253,0.9637,0.6622,11.4,1520.52,0.6756756756756757
359954,49,0.5253,0.9668,0.6486,11.48,1530.04,0.6756756756756757
2073,0,0.4698,0.5933,0.5973,10.49,112.29,0.7181208053691275
2073,1,0.4698,0.5933,0.5973,10.49,112.29,0.7181208053691275
2073,2,0.4813,0.6135,0.6174,22.72,518.78,0.7181208053691275
2073,3,0.491,0.6315,0.6309,24.77,666.79,0.7181208053691275
2073,4,0.4986,0.6397,0.6376,24.99,689.22,0.7181208053691275
2073,5,0.5036,0.6464,0.6309,24.43,708.51,0.7181208053691275
2073,6,0.5066,0.6487,0.6309,24.33,711.3,0.7181208053691275
2073,7,0.509,0.6494,0.6376,23.39,703.76,0.7181208053691275
2073,8,0.5094,0.6554,0.6443,22.35,729.38,0.7181208053691275
2073,9,0.5116,0.6614,0.6443,21.58,751.08,0.7181208053691275
2073,10,0.5129,0.6622,0.6577,21.49,761.63,0.7181208053691275
2073,11,0.5129,0.6622,0.6577,21.86,775.88,0.7181208053691275
2073,12,0.5145,0.6659,0.6644,21.76,782.59,0.7181208053691275
2073,13,0.5156,0.6659,0.6644,22.14,797.84,0.7181208053691275
2073,14,0.5158,0.6719,0.6644,22.11,805.33,0.7181208053691275
2073,15,0.5165,0.6727,0.6644,21.65,791.37,0.7181208053691275
2073,16,0.5171,0.6742,0.6644,21.41,805.27,0.7181208053691275
2073,17,0.5173,0.6764,0.6644,21.11,804.29,0.7181208053691275
2073,18,0.5178,0.6787,0.6644,20.89,800.1,0.7181208053691275
2073,19,0.5177,0.6846,0.6779,20.66,799.89,0.7181208053691275
2073,20,0.5177,0.6839,0.6779,20.7,811.2,0.7181208053691275
2073,21,0.518,0.6876,0.6711,20.27,814.56,0.7181208053691275
2073,22,0.5185,0.6869,0.6779,19.95,822.62,0.7181208053691275
2073,23,0.5189,0.6884,0.6846,19.78,827.0,0.7181208053691275
2073,24,0.5186,0.6876,0.6846,19.63,829.73,0.7181208053691275
2073,25,0.5183,0.6891,0.6779,19.34,834.94,0.7181208053691275
2073,26,0.5182,0.6921,0.6846,19.31,868.56,0.7181208053691275
2073,27,0.5184,0.6936,0.6846,19.21,908.53,0.7181208053691275
2073,28,0.5183,0.6959,0.6846,19.21,991.1,0.7181208053691275
2073,29,0.5184,0.6989,0.6846,19.17,1063.62,0.7181208053691275
2073,30,0.5182,0.7026,0.6846,19.14,1117.86,0.7181208053691275
2073,31,0.5182,0.7056,0.6846,19.18,1162.55,0.7181208053691275
2073,32,0.5181,0.7086,0.6846,19.26,1214.72,0.7181208053691275
2073,33,0.518,0.7109,0.6846,19.27,1271.49,0.7181208053691275
2073,34,0.518,0.7131,0.6846,19.27,1329.99,0.7181208053691275
2073,35,0.5179,0.7131,0.6846,19.18,1390.3,0.7181208053691275
2073,36,0.5178,0.7146,0.6846,19.04,1466.72,0.7181208053691275
2073,37,0.5177,0.7176,0.6846,18.95,1545.05,0.7181208053691275
2073,38,0.5178,0.7191,0.6846,18.93,1596.24,0.7181208053691275
2073,39,0.5179,0.7206,0.6846,18.96,1648.71,0.7181208053691275
2073,40,0.5179,0.7228,0.6846,18.97,1693.7,0.7181208053691275
2073,41,0.5178,0.7221,0.6846,18.95,1734.04,0.7181208053691275
2073,42,0.5174,0.7228,0.6846,18.95,1772.0,0.7181208053691275
2073,43,0.5174,0.7236,0.6846,18.83,1802.26,0.7181208053691275
2073,44,0.5173,0.7281,0.6846,18.69,1831.35,0.7181208053691275
2073,45,0.5173,0.7273,0.6846,18.62,1856.9,0.7181208053691275
2073,46,0.5173,0.7288,0.6913,18.59,1870.81,0.7181208053691275
2073,47,0.5172,0.7296,0.698,18.59,1900.16,0.7181208053691275
2073,48,0.5172,0.7303,0.698,18.56,1935.17,0.7181208053691275
2073,49,0.517,0.7303,0.698,18.54,1964.62,0.7181208053691275
359959,0,0.4526,0.4272,0.4257,8.77,56.98,0.5337837837837838
359959,1,0.4526,0.4272,0.4257,8.77,56.98,0.5337837837837838
359959,2,0.4518,0.4272,0.4257,7.6,42.29,0.5337837837837838
359959,3,0.453,0.4272,0.4257,7.19,35.61,0.5337837837837838
359959,4,0.4559,0.4302,0.4257,7.52,33.57,0.5337837837837838
359959,5,0.4574,0.4309,0.4257,7.43,31.24,0.5337837837837838
359959,6,0.4587,0.4385,0.4257,7.42,29.4,0.5337837837837838
359959,7,0.46,0.4543,0.4392,7.34,28.41,0.5337837837837838
359959,8,0.4602,0.4551,0.4392,7.23,27.07,0.5337837837837838
359959,9,0.4613,0.4566,0.4392,7.29,26.77,0.5337837837837838
359959,10,0.4622,0.4657,0.4459,7.43,27.04,0.5337837837837838
359959,11,0.462,0.4664,0.4459,7.44,26.88,0.5337837837837838
359959,12,0.4614,0.4672,0.4392,7.41,26.55,0.5337837837837838
359959,13,0.4615,0.4679,0.4392,7.37,26.03,0.5337837837837838
359959,14,0.4612,0.4709,0.4324,7.28,25.81,0.5337837837837838
359959,15,0.4613,0.4702,0.4324,7.36,26.25,0.5337837837837838
359959,16,0.4605,0.4657,0.4324,7.32,26.2,0.5337837837837838
359959,17,0.461,0.4679,0.4392,7.28,26.04,0.5337837837837838
359959,18,0.4607,0.4702,0.4392,7.3,25.89,0.5337837837837838
359959,19,0.4611,0.4725,0.4459,7.4,26.52,0.5337837837837838
359959,20,0.4614,0.4732,0.4595,7.42,26.8,0.5337837837837838
359959,21,0.4621,0.4762,0.4595,7.45,27.09,0.5337837837837838
359959,22,0.4629,0.4838,0.4662,7.62,28.4,0.5337837837837838
359959,23,0.4633,0.4883,0.4595,7.64,28.61,0.5337837837837838
359959,24,0.4637,0.4898,0.4595,7.72,28.95,0.5337837837837838
359959,25,0.4646,0.4974,0.473,7.84,29.85,0.5337837837837838
359959,26,0.4652,0.5072,0.4797,8.02,30.94,0.5337837837837838
359959,27,0.4659,0.5102,0.473,8.13,32.07,0.5337837837837838
359959,28,0.4659,0.5132,0.4797,8.17,32.6,0.5337837837837838
359959,29,0.4667,0.5132,0.4797,8.16,33.09,0.5337837837837838
359959,30,0.4674,0.5117,0.5,8.14,33.37,0.5337837837837838
359959,31,0.4676,0.5117,0.5,8.11,33.15,0.5337837837837838
359959,32,0.468,0.5147,0.5203,8.12,33.33,0.5337837837837838
359959,33,0.4682,0.5192,0.5203,8.1,33.41,0.5337837837837838
359959,34,0.4687,0.5215,0.527,8.12,34.43,0.5337837837837838
359959,35,0.4691,0.5245,0.5203,8.2,35.45,0.5337837837837838
359959,36,0.4695,0.5306,0.527,8.25,36.57,0.5337837837837838
359959,37,0.4698,0.5343,0.5338,8.28,36.86,0.5337837837837838
359959,38,0.4697,0.5328,0.527,8.25,36.71,0.5337837837837838
359959,39,0.4697,0.5343,0.5338,8.2,36.5,0.5337837837837838
359959,40,0.4696,0.5321,0.527,8.2,36.6,0.5337837837837838
359959,41,0.4697,0.5321,0.527,8.2,36.5,0.5337837837837838
359959,42,0.4698,0.5343,0.5405,8.18,36.37,0.5337837837837838
359959,43,0.4698,0.5366,0.5405,8.18,36.38,0.5337837837837838
359959,44,0.4699,0.5351,0.5405,8.17,36.68,0.5337837837837838
359959,45,0.47,0.5374,0.5473,8.18,36.93,0.5337837837837838
359959,46,0.4701,0.5396,0.5541,8.19,37.5,0.5337837837837838
359959,47,0.4704,0.5381,0.5541,8.18,37.91,0.5337837837837838
359959,48,0.4705,0.5389,0.5541,8.21,38.33,0.5337837837837838
359959,49,0.4707,0.5358,0.5541,8.22,38.48,0.5337837837837838
2073,0,0.4726,0.5798,0.5772,11.92,87.17,0.7181208053691275
2073,1,0.4726,0.5798,0.5772,11.92,87.17,0.7181208053691275
2073,2,0.4852,0.6,0.6242,14.38,149.1,0.7181208053691275
2073,3,0.4936,0.6187,0.6242,14.92,156.88,0.7181208053691275
2073,4,0.4987,0.621,0.6309,13.98,155.98,0.7181208053691275
2073,5,0.5011,0.624,0.651,13.69,151.11,0.7181208053691275
2073,6,0.5028,0.6322,0.6443,13.49,152.51,0.7181208053691275
2073,7,0.5042,0.6322,0.6443,13.25,151.48,0.7181208053691275
2073,8,0.5036,0.633,0.6443,13.18,154.35,0.7181208053691275
2073,9,0.5063,0.6345,0.6577,13.22,155.01,0.7181208053691275
2073,10,0.5075,0.6337,0.651,12.93,156.26,0.7181208053691275
2073,11,0.5084,0.633,0.651,12.79,156.36,0.7181208053691275
2073,12,0.5089,0.6315,0.651,12.59,155.18,0.7181208053691275
2073,13,0.5094,0.6345,0.6443,12.39,155.04,0.7181208053691275
2073,14,0.5106,0.6345,0.651,12.2,155.55,0.7181208053691275
2073,15,0.5114,0.639,0.651,11.92,151.58,0.7181208053691275
2073,16,0.5115,0.6397,0.6577,11.8,149.51,0.7181208053691275
2073,17,0.513,0.6397,0.6577,11.63,146.17,0.7181208053691275
2073,18,0.5135,0.6404,0.651,11.49,144.0,0.7181208053691275
2073,19,0.5141,0.6397,0.6577,11.47,140.9,0.7181208053691275
2073,20,0.5147,0.639,0.6577,11.53,139.19,0.7181208053691275
2073,21,0.5149,0.6382,0.6577,11.52,138.22,0.7181208053691275
2073,22,0.5153,0.636,0.651,11.38,135.64,0.7181208053691275
2073,23,0.5153,0.6367,0.651,11.34,134.67,0.7181208053691275
2073,24,0.5157,0.6375,0.651,11.19,132.34,0.7181208053691275
2073,25,0.5158,0.6367,0.651,11.13,130.64,0.7181208053691275
2073,26,0.5161,0.6382,0.6577,11.08,129.11,0.7181208053691275
2073,27,0.5164,0.6367,0.6577,10.91,127.43,0.7181208053691275
2073,28,0.5168,0.6397,0.6577,10.76,126.0,0.7181208053691275
2073,29,0.5164,0.6397,0.6577,10.68,125.48,0.7181208053691275
2073,30,0.5165,0.6419,0.6577,10.67,124.71,0.7181208053691275
2073,31,0.5171,0.6419,0.6577,10.57,123.46,0.7181208053691275
2073,32,0.5175,0.6419,0.651,10.47,121.98,0.7181208053691275
2073,33,0.5177,0.6427,0.651,10.41,120.72,0.7181208053691275
2073,34,0.5177,0.6427,0.651,10.41,120.15,0.7181208053691275
2073,35,0.5181,0.6427,0.651,10.37,119.99,0.7181208053691275
2073,36,0.5181,0.6434,0.651,10.38,120.45,0.7181208053691275
2073,37,0.518,0.6427,0.651,10.37,122.95,0.7181208053691275
2073,38,0.5182,0.6427,0.651,10.33,125.24,0.7181208053691275
2073,39,0.5184,0.6427,0.651,10.34,127.75,0.7181208053691275
2073,40,0.5184,0.6449,0.651,10.46,132.26,0.7181208053691275
2073,41,0.5185,0.6442,0.651,10.41,136.4,0.7181208053691275
2073,42,0.5188,0.6434,0.651,10.4,141.9,0.7181208053691275
2073,43,0.5188,0.6442,0.651,10.48,147.58,0.7181208053691275
2073,44,0.519,0.6434,0.651,10.47,152.2,0.7181208053691275
2073,45,0.519,0.6434,0.651,10.56,158.37,0.7181208053691275
2073,46,0.5195,0.6464,0.651,10.57,165.16,0.7181208053691275
2073,47,0.5197,0.6479,0.651,10.58,172.2,0.7181208053691275
2073,48,0.5201,0.6487,0.651,10.7,183.95,0.7181208053691275
2073,49,0.5202,0.6494,0.651,10.85,196.28,0.7181208053691275
2073,0,0.4645,0.5775,0.5638,14.93,150.41,0.7114093959731543
2073,1,0.4645,0.5775,0.5638,14.93,150.41,0.7114093959731543
2073,2,0.4579,0.5551,0.5436,12.37,119.26,0.7114093959731543
2073,3,0.4597,0.564,0.5503,11.04,103.52,0.7114093959731543
2073,4,0.4587,0.5528,0.5369,10.72,102.05,0.7114093959731543
2073,5,0.4575,0.5333,0.5101,10.74,101.68,0.7114093959731543
2073,6,0.4573,0.5393,0.5034,10.84,108.54,0.7114093959731543
2073,7,0.4548,0.5041,0.4966,10.74,106.2,0.7114093959731543
2073,8,0.4549,0.5019,0.4899,10.66,104.3,0.7114093959731543
2073,9,0.4548,0.4996,0.4899,10.33,104.84,0.7114093959731543
2073,10,0.4558,0.5034,0.4966,10.47,108.59,0.7114093959731543
2073,11,0.4569,0.5034,0.4966,10.67,118.77,0.7114093959731543
2073,12,0.4563,0.5064,0.4966,10.9,124.5,0.7114093959731543
2073,13,0.4569,0.5116,0.4966,11.45,137.21,0.7114093959731543
2073,14,0.4569,0.5258,0.5101,11.46,142.32,0.7114093959731543
2073,15,0.4584,0.5311,0.5101,11.75,150.64,0.7114093959731543
2073,16,0.4583,0.5228,0.5168,11.68,147.85,0.7114093959731543
2073,17,0.46,0.5273,0.5168,12.34,162.79,0.7114093959731543
2073,18,0.4609,0.5543,0.5235,12.8,168.76,0.7114093959731543
2073,19,0.4617,0.5685,0.5235,13.33,180.27,0.7114093959731543
2073,20,0.4627,0.5768,0.5503,14.63,218.24,0.7114093959731543
2073,21,0.4645,0.5888,0.5705,15.99,274.17,0.7114093959731543
2073,22,0.4663,0.597,0.5705,17.1,322.69,0.7114093959731543
2073,23,0.469,0.6045,0.5772,18.12,369.21,0.7114093959731543
2073,24,0.4695,0.6097,0.5839,18.49,377.15,0.7114093959731543
2073,25,0.4705,0.6105,0.5839,18.85,387.07,0.7114093959731543
2073,26,0.4703,0.6135,0.5906,19.19,395.47,0.7114093959731543
2073,27,0.4711,0.6135,0.5839,20.14,429.33,0.7114093959731543
2073,28,0.4728,0.615,0.5906,21.21,471.64,0.7114093959731543
2073,29,0.4743,0.6187,0.5906,22.09,505.18,0.7114093959731543
2073,30,0.4759,0.621,0.5973,22.75,540.1,0.7114093959731543
2073,31,0.4771,0.6225,0.5973,23.28,565.99,0.7114093959731543
2073,32,0.478,0.627,0.5973,23.65,593.87,0.7114093959731543
2073,33,0.4794,0.63,0.5906,24.14,616.91,0.7114093959731543
2073,34,0.4797,0.63,0.5906,24.6,649.47,0.7114093959731543
2073,35,0.4801,0.63,0.5906,25.1,692.37,0.7114093959731543
2073,36,0.4806,0.6307,0.5906,25.59,722.52,0.7114093959731543
2073,37,0.4806,0.6307,0.5906,25.85,742.62,0.7114093959731543
2073,38,0.4808,0.6307,0.604,26.12,760.52,0.7114093959731543
2073,39,0.4817,0.6292,0.604,27.16,817.43,0.7114093959731543
2073,40,0.4825,0.6307,0.6107,28.43,906.16,0.7114093959731543
2073,41,0.4831,0.6322,0.6107,29.3,990.01,0.7114093959731543
2073,42,0.4836,0.6345,0.6107,30.2,1071.59,0.7114093959731543
2073,43,0.4843,0.6345,0.6107,31.04,1141.16,0.7114093959731543
2073,44,0.4851,0.636,0.6107,31.35,1193.46,0.7114093959731543
2073,45,0.4856,0.6382,0.6107,31.77,1260.89,0.7114093959731543
2073,46,0.4864,0.6419,0.6107,32.11,1329.71,0.7114093959731543
2073,47,0.4869,0.6427,0.6107,32.63,1419.44,0.7114093959731543
2073,48,0.4872,0.6442,0.6174,33.35,1537.63,0.7114093959731543
2073,49,0.4877,0.6449,0.6174,33.86,1615.45,0.7114093959731543
2073,0,0.4606,0.5603,0.5638,12.96,104.42,0.7181208053691275
2073,1,0.4606,0.5603,0.5638,12.96,104.42,0.7181208053691275
2073,2,0.4879,0.597,0.6376,20.42,171.51,0.7181208053691275
2073,3,0.5026,0.609,0.6443,20.85,169.43,0.7181208053691275
2073,4,0.5088,0.6217,0.6376,20.21,159.11,0.7181208053691275
2073,5,0.5147,0.627,0.6644,19.09,157.25,0.7181208053691275
2073,6,0.5185,0.6337,0.6779,17.88,153.4,0.7181208053691275
2073,7,0.5206,0.6472,0.6846,16.81,147.82,0.7181208053691275
2073,8,0.5234,0.6449,0.6779,16.17,142.41,0.7181208053691275
2073,9,0.5258,0.6449,0.6711,15.49,139.46,0.7181208053691275
2073,10,0.528,0.6479,0.6711,15.15,135.31,0.7181208053691275
2073,11,0.5288,0.6509,0.6779,14.83,133.95,0.7181208053691275
2073,12,0.5295,0.6494,0.6846,14.44,131.69,0.7181208053691275
2073,13,0.5309,0.6502,0.6846,13.83,126.72,0.7181208053691275
2073,14,0.5317,0.6502,0.6846,13.48,124.27,0.7181208053691275
2073,15,0.5326,0.6502,0.6846,13.02,121.84,0.7181208053691275
2073,16,0.5336,0.6502,0.6846,12.87,120.48,0.7181208053691275
2073,17,0.5342,0.6517,0.6846,12.55,118.88,0.7181208053691275
2073,18,0.535,0.6517,0.6711,12.33,117.45,0.7181208053691275
2073,19,0.5355,0.6539,0.6711,12.12,117.74,0.7181208053691275
2073,20,0.536,0.6532,0.6779,11.91,118.88,0.7181208053691275
2073,21,0.5363,0.6539,0.6779,11.68,118.19,0.7181208053691275
2073,22,0.5371,0.6532,0.6779,11.57,121.13,0.7181208053691275
2073,23,0.5375,0.6532,0.6779,11.43,120.05,0.7181208053691275
2073,24,0.5377,0.6562,0.6846,11.23,119.13,0.7181208053691275
2073,25,0.5378,0.6562,0.6846,11.06,119.45,0.7181208053691275
2073,26,0.5379,0.6562,0.6846,10.95,120.73,0.7181208053691275
2073,27,0.5383,0.6562,0.6846,10.84,121.69,0.7181208053691275
2073,28,0.5386,0.6562,0.6846,10.7,121.29,0.7181208053691275
2073,29,0.5389,0.6577,0.6846,10.55,123.92,0.7181208053691275
2073,30,0.5393,0.6562,0.6846,10.44,124.38,0.7181208053691275
2073,31,0.5391,0.6569,0.6846,10.58,138.27,0.7181208053691275
2073,32,0.539,0.6577,0.6846,10.67,152.02,0.7181208053691275
2073,33,0.5392,0.6577,0.6846,10.81,164.36,0.7181208053691275
2073,34,0.539,0.6599,0.6846,10.69,172.26,0.7181208053691275
2073,35,0.539,0.6622,0.6846,10.7,187.29,0.7181208053691275
2073,36,0.5388,0.6637,0.6846,10.75,198.36,0.7181208053691275
2073,37,0.5386,0.6659,0.6846,10.76,209.88,0.7181208053691275
2073,38,0.5381,0.6667,0.6846,10.85,227.5,0.7181208053691275
2073,39,0.538,0.6682,0.6846,10.9,242.84,0.7181208053691275
2073,40,0.5379,0.6689,0.6779,10.86,252.82,0.7181208053691275
2073,41,0.5379,0.6712,0.6846,10.82,266.91,0.7181208053691275
2073,42,0.5378,0.6719,0.6846,10.83,278.73,0.7181208053691275
2073,43,0.5379,0.6697,0.6846,10.86,289.82,0.7181208053691275
2073,44,0.5377,0.6704,0.6779,10.97,304.65,0.7181208053691275
2073,45,0.5377,0.6704,0.6846,10.99,316.48,0.7181208053691275
2073,46,0.5376,0.6719,0.6846,11.05,340.98,0.7181208053691275
2073,47,0.5374,0.6749,0.6846,11.11,369.72,0.7181208053691275
2073,48,0.5373,0.6749,0.6846,11.18,395.26,0.7181208053691275
2073,49,0.5373,0.6757,0.6779,11.27,418.61,0.7181208053691275
359959,0,0.457,0.4868,0.4527,9.39,44.25,0.5337837837837838
359959,1,0.457,0.4868,0.4527,9.39,44.25,0.5337837837837838
359959,2,0.4561,0.4513,0.4257,9.21,41.28,0.5337837837837838
359959,3,0.4581,0.4521,0.4257,9.41,38.56,0.5337837837837838
359959,4,0.4585,0.4513,0.4257,8.98,36.0,0.5337837837837838
359959,5,0.4598,0.4551,0.4257,9.6,40.12,0.5337837837837838
359959,6,0.4601,0.4513,0.4257,9.7,42.17,0.5337837837837838
359959,7,0.4618,0.4574,0.4324,9.95,44.55,0.5337837837837838
359959,8,0.4641,0.4808,0.4392,9.94,45.99,0.5337837837837838
359959,9,0.4643,0.4883,0.4527,9.94,47.67,0.5337837837837838
359959,10,0.4651,0.4974,0.4595,10.03,48.54,0.5337837837837838
359959,11,0.4666,0.5102,0.4865,9.95,48.94,0.5337837837837838
359959,12,0.4672,0.5177,0.5,10.04,51.3,0.5337837837837838
359959,13,0.468,0.5253,0.5068,10.2,54.53,0.5337837837837838
359959,14,0.4685,0.5291,0.4932,10.46,58.72,0.5337837837837838
359959,15,0.4686,0.5336,0.527,10.48,60.89,0.5337837837837838
359959,16,0.4693,0.5343,0.5203,10.51,63.61,0.5337837837837838
359959,17,0.4695,0.5358,0.527,10.56,67.53,0.5337837837837838
359959,18,0.4698,0.5419,0.5338,10.59,70.93,0.5337837837837838
359959,19,0.4701,0.5464,0.5338,10.7,74.94,0.5337837837837838
359959,20,0.4709,0.5502,0.5405,10.85,82.52,0.5337837837837838
359959,21,0.4717,0.5532,0.5338,10.93,86.85,0.5337837837837838
359959,22,0.472,0.5615,0.527,10.96,90.31,0.5337837837837838
359959,23,0.4724,0.5577,0.5338,10.97,95.06,0.5337837837837838
359959,24,0.473,0.5608,0.5405,10.94,98.1,0.5337837837837838
359959,25,0.4735,0.566,0.5473,11.04,105.69,0.5337837837837838
359959,26,0.4739,0.5683,0.5405,11.08,110.5,0.5337837837837838
359959,27,0.4743,0.5721,0.5405,11.04,115.22,0.5337837837837838
359959,28,0.4744,0.5713,0.5473,11.04,119.6,0.5337837837837838
359959,29,0.4748,0.5713,0.5541,11.03,121.37,0.5337837837837838
359959,30,0.475,0.5713,0.5541,10.97,121.93,0.5337837837837838
359959,31,0.4752,0.5736,0.5541,10.96,124.18,0.5337837837837838
359959,32,0.4756,0.5736,0.5608,10.98,126.45,0.5337837837837838
359959,33,0.4756,0.5796,0.5676,10.94,127.89,0.5337837837837838
359959,34,0.4756,0.5804,0.5541,10.92,131.02,0.5337837837837838
359959,35,0.4757,0.5811,0.5541,10.92,133.83,0.5337837837837838
359959,36,0.4757,0.5826,0.5608,10.93,137.6,0.5337837837837838
359959,37,0.4755,0.5834,0.5608,10.93,138.51,0.5337837837837838
359959,38,0.4757,0.5842,0.5608,10.88,138.76,0.5337837837837838
359959,39,0.476,0.5811,0.5608,10.84,140.57,0.5337837837837838
359959,40,0.476,0.5804,0.5676,10.85,143.02,0.5337837837837838
359959,41,0.4763,0.5834,0.5608,10.82,147.8,0.5337837837837838
359959,42,0.4766,0.5864,0.5608,10.83,152.47,0.5337837837837838
359959,43,0.4768,0.5872,0.5608,10.81,155.33,0.5337837837837838
359959,44,0.4773,0.5849,0.5608,10.84,160.43,0.5337837837837838
359959,45,0.4773,0.5902,0.5608,10.86,164.77,0.5337837837837838
359959,46,0.4774,0.5932,0.5608,10.83,165.52,0.5337837837837838
359959,47,0.4775,0.594,0.5608,10.77,166.37,0.5337837837837838
359959,48,0.4778,0.594,0.5541,10.69,167.5,0.5337837837837838
359959,49,0.478,0.5955,0.5541,10.68,172.19,0.5337837837837838
168784,0,0.6188,0.7503,0.7179,4.14,142.96,0.8153846153846154
168784,1,0.6188,0.7503,0.7179,4.14,142.96,0.8153846153846154
168784,2,0.6351,0.7835,0.7436,7.31,378.51,0.8153846153846154
168784,3,0.642,0.7938,0.759,7.25,404.55,0.8153846153846154
168784,4,0.6446,0.7995,0.7385,6.77,392.74,0.8153846153846154
168784,5,0.6472,0.807,0.7538,6.53,377.61,0.8153846153846154
168784,6,0.6467,0.811,0.7487,6.38,355.85,0.8153846153846154
168784,7,0.6468,0.8127,0.7487,6.25,336.72,0.8153846153846154
168784,8,0.6471,0.815,0.7436,6.02,318.3,0.8153846153846154
168784,9,0.6478,0.8162,0.7436,5.71,305.0,0.8153846153846154
168784,10,0.6483,0.8173,0.7436,5.91,310.12,0.8153846153846154
168784,11,0.6486,0.8162,0.7436,5.73,303.81,0.8153846153846154
168784,12,0.6487,0.8173,0.7487,5.83,303.0,0.8153846153846154
168784,13,0.6488,0.8202,0.7538,5.74,305.55,0.8153846153846154
168784,14,0.6485,0.8219,0.7538,5.86,317.58,0.8153846153846154
168784,15,0.648,0.8225,0.759,5.89,322.9,0.8153846153846154
168784,16,0.6483,0.823,0.759,5.76,321.0,0.8153846153846154
168784,17,0.6485,0.8253,0.7641,5.81,330.71,0.8153846153846154
168784,18,0.649,0.8265,0.759,5.71,335.99,0.8153846153846154
168784,19,0.6491,0.8282,0.759,5.69,336.69,0.8153846153846154
168784,20,0.6493,0.8299,0.759,5.62,347.83,0.8153846153846154
168784,21,0.649,0.8282,0.759,5.71,353.12,0.8153846153846154
168784,22,0.649,0.8293,0.759,5.8,356.59,0.8153846153846154
168784,23,0.6486,0.8276,0.759,5.81,358.78,0.8153846153846154
168784,24,0.6481,0.8282,0.7641,5.97,363.19,0.8153846153846154
168784,25,0.6482,0.8293,0.7641,5.97,364.84,0.8153846153846154
168784,26,0.6479,0.8288,0.7641,6.01,369.75,0.8153846153846154
168784,27,0.6472,0.8276,0.7538,6.13,375.64,0.8153846153846154
168784,28,0.6468,0.8293,0.7538,6.24,383.14,0.8153846153846154
168784,29,0.6467,0.827,0.759,6.24,388.33,0.8153846153846154
168784,30,0.6467,0.8282,0.759,6.3,408.03,0.8153846153846154
168784,31,0.6469,0.8288,0.759,6.33,419.64,0.8153846153846154
168784,32,0.647,0.8288,0.759,6.34,428.64,0.8153846153846154
168784,33,0.6471,0.8282,0.759,6.33,433.69,0.8153846153846154
168784,34,0.6472,0.8282,0.759,6.34,441.89,0.8153846153846154
168784,35,0.6473,0.8293,0.759,6.34,449.93,0.8153846153846154
168784,36,0.6471,0.8299,0.759,6.44,458.19,0.8153846153846154
168784,37,0.6472,0.8293,0.7538,6.48,466.19,0.8153846153846154
168784,38,0.6473,0.8305,0.7538,6.54,485.58,0.8153846153846154
168784,39,0.6474,0.8322,0.759,6.54,500.72,0.8153846153846154
168784,40,0.6477,0.8316,0.7538,6.53,506.45,0.8153846153846154
168784,41,0.6479,0.8322,0.7538,6.58,515.52,0.8153846153846154
168784,42,0.6483,0.8328,0.7538,6.58,522.95,0.8153846153846154
168784,43,0.6489,0.8356,0.7538,6.62,538.14,0.8153846153846154
168784,44,0.649,0.8356,0.7538,6.64,547.24,0.8153846153846154
168784,45,0.649,0.8391,0.7538,6.73,561.23,0.8153846153846154
168784,46,0.6494,0.8408,0.7538,6.77,575.64,0.8153846153846154
168784,47,0.6495,0.8414,0.7538,6.85,597.17,0.8153846153846154
168784,48,0.6497,0.8425,0.759,6.92,613.72,0.8153846153846154
168784,49,0.6499,0.8419,0.759,6.93,631.58,0.8153846153846154
359954,0,0.4739,0.6178,0.527,14.08,182.25,0.6756756756756757
359954,1,0.4739,0.6178,0.527,14.08,182.25,0.6756756756756757
359954,2,0.4908,0.7447,0.5811,28.81,1593.64,0.6756756756756757
359954,3,0.499,0.8142,0.5811,30.8,1969.54,0.6756756756756757
359954,4,0.5057,0.8489,0.5946,29.06,1953.97,0.6756756756756757
359954,5,0.5103,0.8882,0.6216,27.54,1891.48,0.6756756756756757
359954,6,0.5133,0.9003,0.6486,25.64,1770.23,0.6756756756756757
359954,7,0.5159,0.9048,0.6486,23.92,1680.92,0.6756756756756757
359954,8,0.5169,0.9124,0.6486,22.34,1642.9,0.6756756756756757
359954,9,0.5174,0.9154,0.6622,20.43,1618.5,0.6756756756756757
359954,10,0.5188,0.9275,0.6622,18.92,1564.67,0.6756756756756757
359954,11,0.5187,0.9275,0.6622,17.49,1510.18,0.6756756756756757
359954,12,0.5188,0.9305,0.6622,16.23,1452.45,0.6756756756756757
359954,13,0.52,0.9411,0.6622,15.13,1390.83,0.6756756756756757
359954,14,0.5212,0.9441,0.6622,14.31,1343.08,0.6756756756756757
359954,15,0.5209,0.9486,0.6622,13.55,1304.11,0.6756756756756757
359954,16,0.5217,0.9547,0.6622,12.82,1256.56,0.6756756756756757
359954,17,0.5224,0.9547,0.6622,12.17,1211.09,0.6756756756756757
359954,18,0.5236,0.9532,0.6486,11.61,1171.21,0.6756756756756757
359954,19,0.5247,0.9547,0.6486,11.1,1135.93,0.6756756756756757
359954,20,0.5248,0.9547,0.6622,11.07,1116.92,0.6756756756756757
359954,21,0.5247,0.9562,0.6622,10.93,1114.06,0.6756756756756757
359954,22,0.5248,0.9607,0.6622,10.78,1120.28,0.6756756756756757
359954,23,0.5246,0.9622,0.6486,10.65,1128.47,0.6756756756756757
359954,24,0.5252,0.9607,0.6486,10.66,1130.84,0.6756756756756757
359954,25,0.5257,0.9637,0.6486,10.72,1129.86,0.6756756756756757
359954,26,0.5259,0.9653,0.6757,10.69,1159.24,0.6756756756756757
359954,27,0.5259,0.9698,0.6757,10.65,1184.89,0.6756756756756757
359954,28,0.526,0.9698,0.6757,10.55,1202.6,0.6756756756756757
359954,29,0.5258,0.9713,0.6622,10.41,1213.12,0.6756756756756757
359954,30,0.5254,0.9743,0.6757,10.29,1213.98,0.6756756756756757
359954,31,0.5252,0.9743,0.6757,10.17,1215.38,0.6756756756756757
359954,32,0.5251,0.9743,0.6757,10.12,1216.16,0.6756756756756757
359954,33,0.5253,0.9743,0.6757,10.12,1224.17,0.6756756756756757
359954,34,0.5255,0.9743,0.6757,10.07,1236.43,0.6756756756756757
359954,35,0.526,0.9758,0.6622,10.08,1244.29,0.6756756756756757
359954,36,0.5261,0.9743,0.6622,10.08,1251.78,0.6756756756756757
359954,37,0.5261,0.9758,0.6757,10.08,1260.81,0.6756756756756757
359954,38,0.5261,0.9758,0.6757,10.06,1262.63,0.6756756756756757
359954,39,0.5263,0.9758,0.6757,9.99,1252.62,0.6756756756756757
359954,40,0.5267,0.9743,0.6757,9.92,1252.87,0.6756756756756757
359954,41,0.5269,0.9758,0.6757,9.88,1246.94,0.6756756756756757
359954,42,0.527,0.9758,0.6757,9.77,1238.06,0.6756756756756757
359954,43,0.5267,0.9773,0.6757,9.66,1231.33,0.6756756756756757
359954,44,0.5266,0.9773,0.6622,9.54,1224.87,0.6756756756756757
359954,45,0.5269,0.9789,0.6757,9.53,1226.86,0.6756756756756757
359954,46,0.5269,0.9819,0.6757,9.51,1228.75,0.6756756756756757
359954,47,0.5268,0.9819,0.6757,9.39,1225.27,0.6756756756756757
359954,48,0.5267,0.9834,0.6622,9.33,1224.75,0.6756756756756757
359954,49,0.5265,0.9834,0.6622,9.28,1220.88,0.6756756756756757
359959,0,0.4622,0.4596,0.4392,12.47,85.45,0.5337837837837838
359959,1,0.4622,0.4596,0.4392,12.47,85.45,0.5337837837837838
359959,2,0.4702,0.5555,0.5541,15.84,121.29,0.5337837837837838
359959,3,0.4739,0.5691,0.5338,15.49,128.94,0.5337837837837838
359959,4,0.4764,0.5758,0.5405,15.01,135.19,0.5337837837837838
359959,5,0.4786,0.5925,0.5203,14.16,139.19,0.5337837837837838
359959,6,0.4809,0.594,0.5203,13.46,133.64,0.5337837837837838
359959,7,0.4829,0.6015,0.5338,13.03,133.8,0.5337837837837838
359959,8,0.4834,0.6045,0.527,12.44,136.92,0.5337837837837838
359959,9,0.4836,0.6038,0.527,12.06,138.21,0.5337837837837838
359959,10,0.4842,0.6053,0.5338,11.54,137.86,0.5337837837837838
359959,11,0.4846,0.6091,0.5338,11.15,139.05,0.5337837837837838
359959,12,0.4842,0.6106,0.5405,10.97,138.42,0.5337837837837838
359959,13,0.4847,0.6106,0.5338,10.62,137.25,0.5337837837837838
359959,14,0.4849,0.6143,0.5338,10.39,137.58,0.5337837837837838
359959,15,0.4849,0.6106,0.5203,10.14,135.22,0.5337837837837838
359959,16,0.4849,0.6091,0.527,9.99,133.3,0.5337837837837838
359959,17,0.4851,0.6091,0.527,9.82,132.45,0.5337837837837838
359959,18,0.4853,0.6121,0.527,9.59,130.41,0.5337837837837838
359959,19,0.4853,0.6106,0.527,9.39,129.23,0.5337837837837838
359959,20,0.4856,0.6113,0.527,9.18,127.3,0.5337837837837838
359959,21,0.4855,0.6091,0.527,9.05,126.25,0.5337837837837838
359959,22,0.4855,0.6113,0.527,8.94,125.47,0.5337837837837838
359959,23,0.4857,0.6121,0.527,8.71,123.49,0.5337837837837838
359959,24,0.486,0.6128,0.527,8.53,122.03,0.5337837837837838
359959,25,0.4862,0.6143,0.527,8.46,123.48,0.5337837837837838
359959,26,0.4857,0.6136,0.527,8.56,125.38,0.5337837837837838
359959,27,0.4853,0.6151,0.527,8.55,127.96,0.5337837837837838
359959,28,0.4853,0.6166,0.527,8.59,134.45,0.5337837837837838
359959,29,0.4852,0.6151,0.527,8.74,140.19,0.5337837837837838
359959,30,0.4853,0.6136,0.527,8.78,146.14,0.5337837837837838
359959,31,0.4853,0.6136,0.527,8.82,152.43,0.5337837837837838
359959,32,0.4852,0.6136,0.5338,8.83,159.38,0.5337837837837838
359959,33,0.4852,0.6143,0.5405,8.86,165.97,0.5337837837837838
359959,34,0.4852,0.6143,0.5405,8.91,180.63,0.5337837837837838
359959,35,0.4851,0.6166,0.5405,9.02,216.03,0.5337837837837838
359959,36,0.4851,0.6174,0.5405,9.18,268.04,0.5337837837837838
359959,37,0.4852,0.6181,0.5405,9.37,331.51,0.5337837837837838
359959,38,0.485,0.6204,0.5405,9.61,400.91,0.5337837837837838
359959,39,0.4849,0.6226,0.5405,9.85,476.55,0.5337837837837838
359959,40,0.485,0.6242,0.5405,10.04,546.83,0.5337837837837838
359959,41,0.485,0.6242,0.5405,10.27,625.6,0.5337837837837838
359959,42,0.4852,0.6264,0.5405,10.47,681.72,0.5337837837837838
359959,43,0.4852,0.6272,0.5473,10.62,739.77,0.5337837837837838
359959,44,0.4852,0.6272,0.5473,10.72,787.36,0.5337837837837838
359959,45,0.4851,0.6257,0.5473,10.83,828.6,0.5337837837837838
359959,46,0.4849,0.6287,0.5541,10.93,874.33,0.5337837837837838
359959,47,0.4848,0.6279,0.5608,10.97,924.87,0.5337837837837838
359959,48,0.4847,0.6302,0.5608,11.03,964.19,0.5337837837837838
359959,49,0.4847,0.6287,0.5608,11.18,1019.25,0.5337837837837838
190146,0,0.6424,0.816,0.7412,5.35,93.1,0.7764705882352941
190146,1,0.6424,0.816,0.7412,5.35,93.1,0.7764705882352941
190146,2,0.6524,0.8673,0.7176,8.02,175.19,0.7764705882352941
190146,3,0.6574,0.8896,0.7176,8.18,169.39,0.7764705882352941
190146,4,0.6612,0.8975,0.7176,8.34,160.43,0.7764705882352941
190146,5,0.6628,0.8988,0.7294,8.19,143.26,0.7764705882352941
190146,6,0.663,0.9093,0.7294,7.93,131.07,0.7764705882352941
190146,7,0.6637,0.9093,0.7176,7.69,123.17,0.7764705882352941
190146,8,0.6644,0.912,0.7294,7.75,117.98,0.7764705882352941
190146,9,0.6651,0.9133,0.7059,7.89,124.71,0.7764705882352941
190146,10,0.6666,0.9159,0.7176,7.74,125.66,0.7764705882352941
190146,11,0.6671,0.9159,0.7294,7.68,131.69,0.7764705882352941
190146,12,0.6677,0.9146,0.7294,7.57,135.33,0.7764705882352941
190146,13,0.668,0.9172,0.7294,7.44,139.14,0.7764705882352941
190146,14,0.6684,0.9225,0.7176,7.27,138.98,0.7764705882352941
190146,15,0.6687,0.9251,0.7176,7.2,139.28,0.7764705882352941
190146,16,0.6688,0.929,0.7176,7.18,148.82,0.7764705882352941
190146,17,0.6699,0.9317,0.7176,7.03,159.07,0.7764705882352941
190146,18,0.6704,0.9343,0.7176,6.85,167.63,0.7764705882352941
190146,19,0.6708,0.9356,0.7176,6.79,176.18,0.7764705882352941
190146,20,0.6712,0.9369,0.7176,6.82,190.54,0.7764705882352941
190146,21,0.6718,0.9396,0.7176,6.93,210.11,0.7764705882352941
190146,22,0.672,0.9448,0.7176,6.99,230.15,0.7764705882352941
190146,23,0.6724,0.9501,0.7294,7.02,245.08,0.7764705882352941
190146,24,0.6727,0.9501,0.7294,7.03,259.94,0.7764705882352941
190146,25,0.6728,0.9514,0.7294,7.02,273.7,0.7764705882352941
190146,26,0.673,0.9553,0.7176,7.01,295.69,0.7764705882352941
190146,27,0.6732,0.9566,0.7176,6.96,311.58,0.7764705882352941
190146,28,0.6734,0.958,0.7176,7.02,325.89,0.7764705882352941
190146,29,0.6734,0.9606,0.7176,7.08,336.02,0.7764705882352941
190146,30,0.6736,0.9606,0.7176,7.04,343.49,0.7764705882352941
190146,31,0.674,0.9606,0.7176,7.0,352.25,0.7764705882352941
190146,32,0.6737,0.9645,0.7176,7.05,356.8,0.7764705882352941
190146,33,0.6733,0.9632,0.7176,7.03,359.61,0.7764705882352941
190146,34,0.6734,0.9645,0.7176,6.99,360.21,0.7764705882352941
190146,35,0.673,0.9645,0.7176,6.95,362.23,0.7764705882352941
190146,36,0.6729,0.9658,0.7176,6.96,359.57,0.7764705882352941
190146,37,0.673,0.9671,0.7294,6.98,356.87,0.7764705882352941
190146,38,0.673,0.9685,0.7176,6.92,352.79,0.7764705882352941
190146,39,0.6731,0.9711,0.7294,6.93,353.4,0.7764705882352941
190146,40,0.673,0.9724,0.7294,6.97,363.24,0.7764705882352941
190146,41,0.6729,0.9737,0.7294,6.97,371.45,0.7764705882352941
190146,42,0.6732,0.9737,0.7294,6.98,379.08,0.7764705882352941
190146,43,0.6732,0.9737,0.7294,7.01,385.09,0.7764705882352941
190146,44,0.6732,0.9737,0.7294,7.08,395.15,0.7764705882352941
190146,45,0.6731,0.9737,0.7294,7.11,412.54,0.7764705882352941
190146,46,0.6731,0.975,0.7294,7.07,430.14,0.7764705882352941
190146,47,0.6732,0.9763,0.7294,7.11,448.5,0.7764705882352941
190146,48,0.6732,0.9763,0.7294,7.15,466.4,0.7764705882352941
190146,49,0.6732,0.9777,0.7294,7.16,481.72,0.7764705882352941
359959,0,0.4516,0.4272,0.4257,10.18,52.0,0.527027027027027
359959,1,0.4516,0.4272,0.4257,10.18,52.0,0.527027027027027
359959,2,0.4618,0.5004,0.4797,17.9,208.09,0.527027027027027
359959,3,0.4691,0.5487,0.473,18.73,279.12,0.527027027027027
359959,4,0.4727,0.5675,0.5,18.0,279.74,0.527027027027027
359959,5,0.4754,0.5789,0.5135,16.87,276.64,0.527027027027027
359959,6,0.4773,0.5894,0.5338,15.64,263.82,0.527027027027027
359959,7,0.4789,0.5917,0.5473,14.38,246.06,0.527027027027027
359959,8,0.4805,0.5902,0.5473,13.4,229.44,0.527027027027027
359959,9,0.4815,0.5962,0.5405,12.65,228.91,0.527027027027027
359959,10,0.4828,0.6045,0.5473,12.06,223.05,0.527027027027027
359959,11,0.4833,0.6128,0.5473,11.55,219.08,0.527027027027027
359959,12,0.4838,0.6121,0.5541,11.05,214.35,0.527027027027027
359959,13,0.4845,0.6136,0.5608,10.6,206.87,0.527027027027027
359959,14,0.4846,0.6158,0.5608,10.12,200.69,0.527027027027027
359959,15,0.4848,0.6211,0.5608,9.75,195.34,0.527027027027027
359959,16,0.4851,0.6204,0.5608,9.35,189.73,0.527027027027027
359959,17,0.4854,0.6204,0.5541,9.01,183.75,0.527027027027027
359959,18,0.4855,0.6204,0.5541,8.74,181.21,0.527027027027027
359959,19,0.4863,0.6257,0.5541,8.47,181.68,0.527027027027027
359959,20,0.4865,0.6242,0.5541,8.27,184.91,0.527027027027027
359959,21,0.4865,0.6219,0.5541,8.08,186.48,0.527027027027027
359959,22,0.4866,0.6211,0.5541,7.96,191.43,0.527027027027027
359959,23,0.4868,0.6204,0.5608,7.84,199.83,0.527027027027027
359959,24,0.4867,0.6226,0.5608,7.71,207.79,0.527027027027027
359959,25,0.4869,0.6226,0.5608,7.6,213.53,0.527027027027027
359959,26,0.487,0.6211,0.5541,7.45,218.58,0.527027027027027
359959,27,0.4871,0.6211,0.5541,7.31,222.5,0.527027027027027
359959,28,0.4871,0.6204,0.5608,7.26,236.65,0.527027027027027
359959,29,0.4869,0.6226,0.5608,7.21,248.82,0.527027027027027
359959,30,0.4869,0.6234,0.5608,7.14,264.68,0.527027027027027
359959,31,0.4866,0.6257,0.5608,7.12,282.94,0.527027027027027
359959,32,0.4864,0.6279,0.5608,7.18,307.77,0.527027027027027
359959,33,0.4867,0.6264,0.5608,7.16,315.39,0.527027027027027
359959,34,0.4869,0.6249,0.5608,7.14,322.52,0.527027027027027
359959,35,0.4869,0.6249,0.5608,7.06,326.86,0.527027027027027
359959,36,0.487,0.6249,0.5608,7.01,327.28,0.527027027027027
359959,37,0.4871,0.6279,0.5608,6.96,326.71,0.527027027027027
359959,38,0.4872,0.6309,0.5608,6.97,344.5,0.527027027027027
359959,39,0.4872,0.6317,0.5608,6.98,356.78,0.527027027027027
359959,40,0.487,0.6309,0.5608,6.99,368.36,0.527027027027027
359959,41,0.4871,0.6325,0.5608,6.97,379.72,0.527027027027027
359959,42,0.487,0.6332,0.5608,6.95,391.14,0.527027027027027
359959,43,0.487,0.6332,0.5608,6.94,403.66,0.527027027027027
359959,44,0.4866,0.634,0.5608,6.94,411.66,0.527027027027027
359959,45,0.4868,0.634,0.5608,6.96,430.53,0.527027027027027
359959,46,0.4868,0.634,0.5608,7.03,446.62,0.527027027027027
359959,47,0.4867,0.6347,0.5608,7.06,464.74,0.527027027027027
359959,48,0.4865,0.6347,0.5608,7.04,481.81,0.527027027027027
359959,49,0.4864,0.6355,0.5608,7.04,500.27,0.527027027027027
359959,0,0.4539,0.4272,0.4257,10.63,73.02,0.5337837837837838
359959,1,0.4539,0.4272,0.4257,10.63,73.02,0.5337837837837838
359959,2,0.4632,0.4732,0.4324,20.44,290.65,0.5337837837837838
359959,3,0.4701,0.5442,0.5135,21.67,362.34,0.5337837837837838
359959,4,0.4746,0.5736,0.5541,20.9,396.68,0.5337837837837838
359959,5,0.4768,0.5977,0.5608,20.21,427.39,0.5337837837837838
359959,6,0.4798,0.606,0.5608,19.84,468.85,0.5337837837837838
359959,7,0.4805,0.6068,0.5405,18.96,480.94,0.5337837837837838
359959,8,0.4819,0.6106,0.5338,17.94,478.68,0.5337837837837838
359959,9,0.4822,0.6136,0.5405,17.51,499.66,0.5337837837837838
359959,10,0.4836,0.6151,0.5473,16.76,506.46,0.5337837837837838
359959,11,0.484,0.6166,0.5473,16.39,561.31,0.5337837837837838
359959,12,0.4845,0.6219,0.5541,15.91,581.79,0.5337837837837838
359959,13,0.4843,0.6196,0.5541,15.46,593.37,0.5337837837837838
359959,14,0.4843,0.6204,0.5541,14.9,587.54,0.5337837837837838
359959,15,0.4848,0.6234,0.5541,14.44,582.9,0.5337837837837838
359959,16,0.4848,0.6257,0.5541,14.06,583.56,0.5337837837837838
359959,17,0.485,0.6279,0.5541,13.63,568.9,0.5337837837837838
359959,18,0.485,0.6279,0.5541,13.39,561.94,0.5337837837837838
359959,19,0.4853,0.6272,0.5541,13.03,548.54,0.5337837837837838
359959,20,0.4853,0.6272,0.5608,12.68,547.24,0.5337837837837838
359959,21,0.4858,0.6317,0.5608,12.38,554.33,0.5337837837837838
359959,22,0.4859,0.6309,0.5608,12.25,556.73,0.5337837837837838
359959,23,0.486,0.6317,0.5608,12.05,558.74,0.5337837837837838
359959,24,0.486,0.634,0.5473,11.8,552.71,0.5337837837837838
359959,25,0.4858,0.6332,0.5473,11.58,549.03,0.5337837837837838
359959,26,0.4857,0.6325,0.5473,11.37,543.67,0.5337837837837838
359959,27,0.4858,0.6347,0.5473,11.12,539.28,0.5337837837837838
359959,28,0.4858,0.6347,0.5405,10.97,534.25,0.5337837837837838
359959,29,0.4863,0.6347,0.5405,10.83,532.6,0.5337837837837838
359959,30,0.4864,0.6347,0.5473,10.68,532.74,0.5337837837837838
359959,31,0.4866,0.634,0.5473,10.49,533.71,0.5337837837837838
359959,32,0.4867,0.634,0.5473,10.33,534.31,0.5337837837837838
359959,33,0.4866,0.634,0.5473,10.14,527.41,0.5337837837837838
359959,34,0.4865,0.6347,0.5473,10.05,527.84,0.5337837837837838
359959,35,0.4862,0.6347,0.5473,9.91,531.09,0.5337837837837838
359959,36,0.4861,0.6347,0.5473,9.86,537.2,0.5337837837837838
359959,37,0.4861,0.6392,0.5473,9.79,540.79,0.5337837837837838
359959,38,0.4862,0.6408,0.5473,9.66,543.59,0.5337837837837838
359959,39,0.4861,0.643,0.5473,9.62,540.58,0.5337837837837838
359959,40,0.4862,0.6415,0.5405,9.5,537.72,0.5337837837837838
359959,41,0.4861,0.643,0.5473,9.36,532.78,0.5337837837837838
359959,42,0.4858,0.6415,0.5405,9.24,536.85,0.5337837837837838
359959,43,0.4857,0.6445,0.5405,9.23,546.38,0.5337837837837838
359959,44,0.4859,0.6438,0.5405,9.21,557.97,0.5337837837837838
359959,45,0.4857,0.643,0.5473,9.17,565.62,0.5337837837837838
359959,46,0.4854,0.64,0.5473,9.11,572.91,0.5337837837837838
359959,47,0.4852,0.6445,0.5473,9.08,579.66,0.5337837837837838
359959,48,0.4852,0.646,0.5541,9.02,587.1,0.5337837837837838
359959,49,0.485,0.6491,0.5541,8.99,595.07,0.5337837837837838
168784,0,0.6111,0.7583,0.7385,5.11,207.11,0.8256410256410256
168784,1,0.6111,0.7583,0.7385,5.11,207.11,0.8256410256410256
168784,2,0.625,0.7795,0.7538,8.98,609.84,0.8256410256410256
168784,3,0.6339,0.795,0.759,9.56,687.77,0.8256410256410256
168784,4,0.6388,0.8081,0.759,9.12,704.01,0.8256410256410256
168784,5,0.6429,0.8104,0.759,8.67,675.59,0.8256410256410256
168784,6,0.6443,0.8156,0.7692,8.77,689.23,0.8256410256410256
168784,7,0.6447,0.8236,0.7692,8.66,673.14,0.8256410256410256
168784,8,0.6452,0.8265,0.7692,8.65,660.19,0.8256410256410256
168784,9,0.6466,0.8333,0.7641,8.81,749.99,0.8256410256410256
168784,10,0.6484,0.8414,0.7692,9.02,829.66,0.8256410256410256
168784,11,0.6496,0.8499,0.7692,9.04,882.07,0.8256410256410256
168784,12,0.65,0.8551,0.7641,8.96,908.38,0.8256410256410256
168784,13,0.6508,0.858,0.7641,8.84,955.81,0.8256410256410256
168784,14,0.6514,0.8625,0.7641,8.9,1055.93,0.8256410256410256
168784,15,0.6519,0.866,0.7641,8.91,1115.6,0.8256410256410256
168784,16,0.6524,0.8723,0.7692,8.81,1138.55,0.8256410256410256
168784,17,0.6529,0.8763,0.7692,8.83,1154.52,0.8256410256410256
168784,18,0.6535,0.8769,0.7692,8.7,1158.38,0.8256410256410256
168784,19,0.654,0.8786,0.7692,8.62,1170.91,0.8256410256410256
168784,20,0.6544,0.8809,0.7641,8.46,1168.49,0.8256410256410256
168784,21,0.6544,0.8843,0.7692,8.36,1165.47,0.8256410256410256
168784,22,0.6547,0.8849,0.7641,8.23,1178.82,0.8256410256410256
168784,23,0.655,0.8855,0.7641,8.1,1198.69,0.8256410256410256
168784,24,0.6554,0.8855,0.7692,7.99,1205.98,0.8256410256410256
168784,25,0.6553,0.886,0.7692,7.85,1212.23,0.8256410256410256
168784,26,0.6553,0.8895,0.7692,7.71,1211.69,0.8256410256410256
168784,27,0.6552,0.8912,0.7744,7.57,1205.16,0.8256410256410256
168784,28,0.6555,0.8929,0.7692,7.48,1194.71,0.8256410256410256
168784,29,0.6557,0.8923,0.7692,7.39,1193.47,0.8256410256410256
168784,30,0.6557,0.8946,0.7692,7.3,1211.25,0.8256410256410256
168784,31,0.6558,0.9003,0.7692,7.25,1229.77,0.8256410256410256
168784,32,0.656,0.9003,0.7692,7.17,1243.28,0.8256410256410256
168784,33,0.6559,0.9015,0.7744,7.1,1252.41,0.8256410256410256
168784,34,0.6561,0.9038,0.7795,7.04,1252.02,0.8256410256410256
168784,35,0.6563,0.9049,0.7795,7.03,1264.16,0.8256410256410256
168784,36,0.6564,0.9061,0.7795,7.08,1285.0,0.8256410256410256
168784,37,0.6563,0.9084,0.7795,7.13,1309.25,0.8256410256410256
168784,38,0.6563,0.9089,0.7795,7.12,1337.92,0.8256410256410256
168784,39,0.6564,0.9089,0.7795,7.1,1357.78,0.8256410256410256
168784,40,0.6565,0.9118,0.7846,7.1,1377.11,0.8256410256410256
168784,41,0.6566,0.9118,0.7795,7.08,1388.17,0.8256410256410256
168784,42,0.6568,0.9129,0.7846,7.06,1392.12,0.8256410256410256
168784,43,0.6568,0.9141,0.7846,7.1,1394.47,0.8256410256410256
168784,44,0.6569,0.9147,0.7795,7.07,1389.84,0.8256410256410256
168784,45,0.6569,0.9152,0.7795,7.0,1377.0,0.8256410256410256
168784,46,0.6569,0.9164,0.7846,6.93,1360.46,0.8256410256410256
168784,47,0.6569,0.917,0.7795,6.87,1345.79,0.8256410256410256
168784,48,0.6569,0.9181,0.7795,6.85,1370.32,0.8256410256410256
168784,49,0.6569,0.9181,0.7795,6.81,1395.74,0.8256410256410256
2073,0,0.4764,0.5843,0.6107,12.53,115.5,0.7181208053691275
2073,1,0.4764,0.5843,0.6107,12.53,115.5,0.7181208053691275
2073,2,0.488,0.5933,0.6309,13.74,107.32,0.7181208053691275
2073,3,0.4938,0.6067,0.6309,13.28,100.85,0.7181208053691275
2073,4,0.4968,0.6045,0.6242,13.33,95.68,0.7181208053691275
2073,5,0.4972,0.6037,0.6309,13.91,94.42,0.7181208053691275
2073,6,0.4973,0.6082,0.6242,14.1,101.71,0.7181208053691275
2073,7,0.4987,0.609,0.6242,14.34,109.36,0.7181208053691275
2073,8,0.4996,0.6067,0.6242,14.01,112.38,0.7181208053691275
2073,9,0.5016,0.6082,0.6242,13.8,117.82,0.7181208053691275
2073,10,0.5025,0.6112,0.6242,13.75,120.62,0.7181208053691275
2073,11,0.5044,0.6097,0.6242,13.41,119.26,0.7181208053691275
2073,12,0.5054,0.6112,0.6309,13.42,123.99,0.7181208053691275
2073,13,0.5045,0.6135,0.6443,13.83,130.76,0.7181208053691275
2073,14,0.5055,0.615,0.651,13.75,136.67,0.7181208053691275
2073,15,0.506,0.6165,0.651,13.97,146.51,0.7181208053691275
2073,16,0.5063,0.6195,0.6443,14.22,156.07,0.7181208053691275
2073,17,0.5068,0.621,0.6443,14.36,165.03,0.7181208053691275
2073,18,0.507,0.624,0.6443,14.44,169.16,0.7181208053691275
2073,19,0.5067,0.6247,0.6376,14.65,172.22,0.7181208053691275
2073,20,0.5063,0.624,0.6376,14.54,174.49,0.7181208053691275
2073,21,0.5065,0.6262,0.6376,14.48,175.93,0.7181208053691275
2073,22,0.5065,0.6277,0.6309,14.47,177.27,0.7181208053691275
2073,23,0.5064,0.6277,0.6242,14.39,179.07,0.7181208053691275
2073,24,0.5058,0.627,0.6242,14.46,182.3,0.7181208053691275
2073,25,0.5061,0.6292,0.6242,14.52,183.93,0.7181208053691275
2073,26,0.5065,0.6315,0.6309,14.57,184.67,0.7181208053691275
2073,27,0.5065,0.6322,0.6309,14.72,186.4,0.7181208053691275
2073,28,0.5067,0.633,0.6309,14.71,185.78,0.7181208053691275
2073,29,0.5072,0.6337,0.6309,14.8,187.76,0.7181208053691275
2073,30,0.5079,0.6352,0.651,14.84,189.87,0.7181208053691275
2073,31,0.508,0.636,0.6443,14.84,190.63,0.7181208053691275
2073,32,0.5085,0.636,0.651,14.73,190.99,0.7181208053691275
2073,33,0.5089,0.6352,0.651,14.59,190.93,0.7181208053691275
2073,34,0.5093,0.6375,0.651,14.49,191.08,0.7181208053691275
2073,35,0.5098,0.636,0.6577,14.48,191.23,0.7181208053691275
2073,36,0.5105,0.6375,0.6577,14.38,195.3,0.7181208053691275
2073,37,0.511,0.6375,0.6577,14.38,197.23,0.7181208053691275
2073,38,0.5117,0.6382,0.6577,14.39,200.24,0.7181208053691275
2073,39,0.5121,0.6382,0.6577,14.4,202.47,0.7181208053691275
2073,40,0.5121,0.639,0.651,14.51,208.19,0.7181208053691275
2073,41,0.5123,0.6404,0.651,14.52,213.35,0.7181208053691275
2073,42,0.5126,0.6419,0.651,14.56,220.47,0.7181208053691275
2073,43,0.5127,0.6419,0.651,14.69,229.23,0.7181208053691275
2073,44,0.513,0.6427,0.651,14.82,239.67,0.7181208053691275
2073,45,0.5132,0.6442,0.6577,15.09,254.36,0.7181208053691275
2073,46,0.5138,0.6464,0.6577,15.39,272.11,0.7181208053691275
2073,47,0.5144,0.6464,0.6577,15.64,290.31,0.7181208053691275
2073,48,0.5146,0.6464,0.6577,15.89,303.92,0.7181208053691275
2073,49,0.5149,0.6457,0.6577,16.14,330.42,0.7181208053691275
190146,0,0.6362,0.8029,0.7176,5.03,149.65,0.7647058823529411
190146,1,0.6362,0.8029,0.7176,5.03,149.65,0.7647058823529411
190146,2,0.6471,0.8739,0.7176,11.46,522.57,0.7647058823529411
190146,3,0.654,0.9093,0.7176,12.36,646.01,0.7647058823529411
190146,4,0.6577,0.9356,0.7176,11.82,612.0,0.7647058823529411
190146,5,0.6586,0.9474,0.7176,11.82,617.15,0.7647058823529411
190146,6,0.6623,0.9606,0.7176,11.63,594.3,0.7647058823529411
190146,7,0.6641,0.9619,0.7294,11.05,558.31,0.7647058823529411
190146,8,0.665,0.9645,0.7294,10.61,523.67,0.7647058823529411
190146,9,0.6662,0.9632,0.7294,10.12,492.85,0.7647058823529411
190146,10,0.6677,0.9645,0.7529,9.65,463.73,0.7647058823529411
190146,11,0.6679,0.9671,0.7176,9.2,433.55,0.7647058823529411
190146,12,0.6672,0.9685,0.7294,8.74,410.11,0.7647058823529411
190146,13,0.6675,0.9685,0.7529,8.35,385.59,0.7647058823529411
190146,14,0.6671,0.9698,0.7412,8.08,369.71,0.7647058823529411
190146,15,0.6666,0.975,0.7529,7.77,358.38,0.7647058823529411
190146,16,0.6667,0.975,0.7412,7.37,345.53,0.7647058823529411
190146,17,0.6668,0.9777,0.7412,7.01,339.16,0.7647058823529411
190146,18,0.6672,0.979,0.7412,6.7,328.6,0.7647058823529411
190146,19,0.6671,0.9777,0.7529,6.43,321.7,0.7647058823529411
190146,20,0.6676,0.979,0.7529,6.18,313.47,0.7647058823529411
190146,21,0.668,0.9829,0.7412,5.95,306.94,0.7647058823529411
190146,22,0.6682,0.9842,0.7294,5.84,306.27,0.7647058823529411
190146,23,0.6687,0.9855,0.7412,5.73,306.04,0.7647058823529411
190146,24,0.669,0.9855,0.7412,5.59,300.1,0.7647058823529411
190146,25,0.6697,0.9855,0.7412,5.45,297.11,0.7647058823529411
190146,26,0.6698,0.9855,0.7412,5.32,294.87,0.7647058823529411
190146,27,0.6703,0.9869,0.7412,5.19,291.69,0.7647058823529411
190146,28,0.6705,0.9855,0.7412,5.13,287.56,0.7647058823529411
190146,29,0.6705,0.9869,0.7412,5.08,289.42,0.7647058823529411
190146,30,0.6711,0.9882,0.7412,5.02,290.42,0.7647058823529411
190146,31,0.6713,0.9895,0.7412,4.98,292.75,0.7647058823529411
190146,32,0.6713,0.9895,0.7412,4.95,297.29,0.7647058823529411
190146,33,0.6708,0.9908,0.7412,4.92,303.91,0.7647058823529411
190146,34,0.6707,0.9908,0.7412,4.9,307.61,0.7647058823529411
190146,35,0.6706,0.9921,0.7412,4.83,309.07,0.7647058823529411
190146,36,0.6709,0.9921,0.7529,4.72,311.0,0.7647058823529411
190146,37,0.6707,0.9921,0.7647,4.62,313.66,0.7647058823529411
190146,38,0.6708,0.9947,0.7647,4.52,320.33,0.7647058823529411
190146,39,0.6707,0.9947,0.7647,4.43,322.69,0.7647058823529411
190146,40,0.6707,0.9947,0.7647,4.35,321.13,0.7647058823529411
190146,41,0.6708,0.9947,0.7647,4.28,320.97,0.7647058823529411
190146,42,0.6709,0.9934,0.7647,4.22,321.93,0.7647058823529411
190146,43,0.6709,0.9947,0.7647,4.24,325.58,0.7647058823529411
190146,44,0.671,0.9947,0.7647,4.25,328.41,0.7647058823529411
190146,45,0.6709,0.9934,0.7647,4.28,330.25,0.7647058823529411
190146,46,0.671,0.9934,0.7647,4.32,332.0,0.7647058823529411
190146,47,0.6709,0.9947,0.7647,4.38,333.15,0.7647058823529411
190146,48,0.6709,0.9947,0.7647,4.36,334.39,0.7647058823529411
190146,49,0.671,0.9947,0.7647,4.37,335.76,0.7647058823529411
2073,0,0.473,0.579,0.6174,11.79,94.61,0.7181208053691275
2073,1,0.473,0.579,0.6174,11.79,94.61,0.7181208053691275
2073,2,0.4863,0.603,0.6242,15.71,161.32,0.7181208053691275
2073,3,0.494,0.6067,0.6242,15.42,164.56,0.7181208053691275
2073,4,0.5009,0.621,0.6242,15.51,166.44,0.7181208053691275
2073,5,0.5062,0.6307,0.6309,15.06,176.38,0.7181208053691275
2073,6,0.5099,0.6367,0.651,14.53,180.47,0.7181208053691275
2073,7,0.5119,0.6412,0.651,14.36,215.95,0.7181208053691275
2073,8,0.5142,0.6464,0.651,14.33,277.13,0.7181208053691275
2073,9,0.5162,0.6509,0.6577,14.92,328.72,0.7181208053691275
2073,10,0.5179,0.6524,0.6577,15.1,365.48,0.7181208053691275
2073,11,0.5191,0.6569,0.6644,15.28,391.02,0.7181208053691275
2073,12,0.5195,0.6614,0.6644,15.65,424.04,0.7181208053691275
2073,13,0.5211,0.6652,0.6644,15.77,470.43,0.7181208053691275
2073,14,0.5218,0.6712,0.6644,15.89,540.39,0.7181208053691275
2073,15,0.5231,0.6757,0.6711,16.21,594.69,0.7181208053691275
2073,16,0.5236,0.6772,0.6779,15.97,620.85,0.7181208053691275
2073,17,0.5234,0.6779,0.6711,15.67,642.82,0.7181208053691275
2073,18,0.5236,0.6801,0.6644,15.61,692.25,0.7181208053691275
2073,19,0.5236,0.6824,0.6577,15.64,735.24,0.7181208053691275
2073,20,0.5239,0.6831,0.6644,15.59,750.78,0.7181208053691275
2073,21,0.5243,0.6839,0.6644,15.36,761.7,0.7181208053691275
2073,22,0.5242,0.6846,0.6644,15.24,788.48,0.7181208053691275
2073,23,0.5246,0.6839,0.6644,15.27,811.02,0.7181208053691275
2073,24,0.5249,0.6861,0.6711,15.06,828.12,0.7181208053691275
2073,25,0.5252,0.6869,0.6779,15.03,845.17,0.7181208053691275
2073,26,0.5256,0.6869,0.6779,14.89,860.93,0.7181208053691275
2073,27,0.5259,0.6891,0.6779,14.87,868.27,0.7181208053691275
2073,28,0.526,0.6906,0.6779,14.86,871.3,0.7181208053691275
2073,29,0.5259,0.6906,0.6779,14.74,873.08,0.7181208053691275
2073,30,0.5261,0.6906,0.6779,14.62,871.06,0.7181208053691275
2073,31,0.5261,0.6906,0.6779,14.42,861.24,0.7181208053691275
2073,32,0.526,0.6906,0.6779,14.21,856.12,0.7181208053691275
2073,33,0.526,0.6921,0.6913,14.16,877.86,0.7181208053691275
2073,34,0.5261,0.6944,0.6913,14.24,908.42,0.7181208053691275
2073,35,0.5264,0.6974,0.6913,14.24,936.31,0.7181208053691275
2073,36,0.5267,0.6959,0.6913,14.24,966.23,0.7181208053691275
2073,37,0.5267,0.6981,0.698,14.25,998.41,0.7181208053691275
2073,38,0.5268,0.6989,0.6913,14.23,1021.73,0.7181208053691275
2073,39,0.5268,0.7011,0.6913,14.34,1073.53,0.7181208053691275
2073,40,0.5269,0.7026,0.6913,14.39,1117.17,0.7181208053691275
2073,41,0.5267,0.7041,0.6913,14.46,1161.71,0.7181208053691275
2073,42,0.5266,0.7049,0.698,14.66,1214.83,0.7181208053691275
2073,43,0.5264,0.7049,0.698,14.77,1273.1,0.7181208053691275
2073,44,0.5262,0.7079,0.698,14.83,1320.61,0.7181208053691275
2073,45,0.5262,0.7109,0.698,14.78,1339.79,0.7181208053691275
2073,46,0.5262,0.7109,0.698,14.73,1356.39,0.7181208053691275
2073,47,0.5259,0.7124,0.698,14.68,1391.8,0.7181208053691275
2073,48,0.5259,0.7124,0.6913,14.6,1432.71,0.7181208053691275
2073,49,0.5259,0.7131,0.698,14.56,1439.97,0.7181208053691275
168784,0,0.6126,0.7405,0.7436,4.51,147.25,0.8102564102564103
168784,1,0.6126,0.7405,0.7436,4.51,147.25,0.8102564102564103
168784,2,0.6295,0.7875,0.759,8.74,538.63,0.8102564102564103
168784,3,0.6365,0.8053,0.759,9.1,578.78,0.8102564102564103
168784,4,0.6421,0.8196,0.759,9.01,607.04,0.8102564102564103
168784,5,0.6442,0.8276,0.759,8.82,613.18,0.8102564102564103
168784,6,0.6478,0.8328,0.7538,8.42,605.17,0.8102564102564103
168784,7,0.6499,0.8402,0.7641,7.9,645.04,0.8102564102564103
168784,8,0.6517,0.8448,0.7692,7.54,649.07,0.8102564102564103
168784,9,0.6529,0.8477,0.7641,7.17,651.22,0.8102564102564103
168784,10,0.653,0.8499,0.7641,6.97,662.55,0.8102564102564103
168784,11,0.654,0.8562,0.7641,6.83,644.37,0.8102564102564103
168784,12,0.655,0.8597,0.7692,6.58,624.62,0.8102564102564103
168784,13,0.6558,0.8631,0.7692,6.47,609.99,0.8102564102564103
168784,14,0.6561,0.8631,0.7692,6.27,621.04,0.8102564102564103
168784,15,0.6561,0.866,0.7692,6.2,663.02,0.8102564102564103
168784,16,0.6563,0.8654,0.7692,6.11,701.12,0.8102564102564103
168784,17,0.657,0.87,0.7692,6.17,739.13,0.8102564102564103
168784,18,0.6574,0.8717,0.7692,6.15,779.35,0.8102564102564103
168784,19,0.6576,0.8723,0.7692,6.16,804.43,0.8102564102564103
168784,20,0.6579,0.874,0.7744,6.13,840.11,0.8102564102564103
168784,21,0.6581,0.8751,0.7744,6.14,893.15,0.8102564102564103
168784,22,0.6582,0.8809,0.7744,6.17,936.05,0.8102564102564103
168784,23,0.6581,0.882,0.7744,6.12,955.06,0.8102564102564103
168784,24,0.6584,0.8837,0.7744,6.09,969.12,0.8102564102564103
168784,25,0.6584,0.8849,0.7744,6.11,989.83,0.8102564102564103
168784,26,0.6585,0.886,0.7744,6.06,1016.09,0.8102564102564103
168784,27,0.6584,0.8895,0.7744,6.1,1040.51,0.8102564102564103
168784,28,0.6586,0.89,0.7795,6.06,1046.8,0.8102564102564103
168784,29,0.6588,0.89,0.7795,5.99,1063.76,0.8102564102564103
168784,30,0.6589,0.8912,0.7744,6.02,1091.21,0.8102564102564103
168784,31,0.659,0.8963,0.7744,6.01,1119.18,0.8102564102564103
168784,32,0.6591,0.8998,0.7795,6.03,1162.12,0.8102564102564103
168784,33,0.6592,0.9026,0.7795,6.03,1242.52,0.8102564102564103
168784,34,0.6591,0.9044,0.7795,6.2,1322.3,0.8102564102564103
168784,35,0.6591,0.9061,0.7795,6.38,1395.64,0.8102564102564103
168784,36,0.6593,0.9095,0.7795,6.49,1439.1,0.8102564102564103
168784,37,0.6593,0.9118,0.7795,6.56,1494.24,0.8102564102564103
168784,38,0.6593,0.9135,0.7795,6.58,1547.81,0.8102564102564103
168784,39,0.6593,0.9141,0.7795,6.65,1587.85,0.8102564102564103
168784,40,0.6592,0.9152,0.7795,6.73,1648.68,0.8102564102564103
168784,41,0.6593,0.9198,0.7846,6.79,1719.16,0.8102564102564103
168784,42,0.6594,0.9221,0.7846,6.82,1776.82,0.8102564102564103
168784,43,0.6594,0.9238,0.7846,6.85,1859.65,0.8102564102564103
168784,44,0.6596,0.929,0.7846,6.91,1960.55,0.8102564102564103
168784,45,0.6596,0.9313,0.7846,6.93,2055.54,0.8102564102564103
168784,46,0.6597,0.9324,0.7897,6.93,2139.65,0.8102564102564103
168784,47,0.6597,0.9341,0.7897,6.93,2211.79,0.8102564102564103
168784,48,0.6598,0.9376,0.7897,6.9,2278.2,0.8102564102564103
168784,49,0.6599,0.9393,0.7949,6.89,2330.93,0.8102564102564103
2073,0,0.4607,0.5401,0.4899,12.07,193.03,0.7181208053691275
2073,1,0.4607,0.5401,0.4899,12.07,193.03,0.7181208053691275
2073,2,0.4694,0.561,0.5235,15.39,231.3,0.7181208053691275
2073,3,0.4699,0.5708,0.5302,16.01,231.92,0.7181208053691275
2073,4,0.4724,0.5865,0.557,17.62,248.36,0.7181208053691275
2073,5,0.4741,0.5985,0.5839,17.67,246.69,0.7181208053691275
2073,6,0.4749,0.6007,0.5906,17.82,257.5,0.7181208053691275
2073,7,0.4764,0.603,0.5906,18.32,275.73,0.7181208053691275
2073,8,0.4765,0.6045,0.5973,18.06,271.77,0.7181208053691275
2073,9,0.4775,0.6052,0.5906,18.92,300.42,0.7181208053691275
2073,10,0.4792,0.6097,0.604,21.14,397.29,0.7181208053691275
2073,11,0.4809,0.6112,0.6107,23.07,554.24,0.7181208053691275
2073,12,0.4818,0.6172,0.6107,24.93,743.17,0.7181208053691275
2073,13,0.483,0.624,0.604,26.65,928.97,0.7181208053691275
2073,14,0.4832,0.6285,0.604,28.46,1131.46,0.7181208053691275
2073,15,0.4824,0.6322,0.604,29.83,1352.98,0.7181208053691275
2073,16,0.4828,0.6375,0.604,31.19,1593.37,0.7181208053691275
2073,17,0.4827,0.6434,0.6107,32.78,1931.49,0.7181208053691275
2073,18,0.4835,0.6494,0.6174,34.48,2220.92,0.7181208053691275
2073,19,0.4844,0.6517,0.6174,35.73,2496.12,0.7181208053691275
2073,20,0.4846,0.6584,0.6174,36.54,2767.96,0.7181208053691275
2073,21,0.4852,0.6622,0.6242,37.46,3108.82,0.7181208053691275
2073,22,0.4856,0.6682,0.6309,37.81,3237.85,0.7181208053691275
2073,23,0.4858,0.6727,0.6309,38.42,3468.84,0.7181208053691275
2073,24,0.486,0.6794,0.6309,39.09,3592.37,0.7181208053691275
2073,25,0.4855,0.6801,0.6309,40.03,3763.12,0.7181208053691275
2073,26,0.4857,0.6839,0.6309,40.89,3955.24,0.7181208053691275
2073,27,0.4853,0.6884,0.6309,41.58,4114.35,0.7181208053691275
2073,28,0.4853,0.6929,0.6309,42.04,4241.95,0.7181208053691275
2073,29,0.4856,0.6959,0.6309,42.57,4463.94,0.7181208053691275
2073,30,0.4859,0.6966,0.6309,43.0,4705.49,0.7181208053691275
2073,31,0.4862,0.6974,0.6309,43.3,4912.81,0.7181208053691275
2073,32,0.4864,0.6996,0.6443,43.49,5056.13,0.7181208053691275
2073,33,0.4867,0.7041,0.6443,43.75,5282.94,0.7181208053691275
2073,34,0.4876,0.7116,0.6443,43.65,5494.3,0.7181208053691275
2073,35,0.4885,0.7154,0.6443,43.66,5670.31,0.7181208053691275
2073,36,0.4889,0.7184,0.6443,43.75,5875.48,0.7181208053691275
2073,37,0.4893,0.7206,0.6376,44.06,6086.79,0.7181208053691275
2073,38,0.4894,0.7236,0.6309,44.43,6284.1,0.7181208053691275
2073,39,0.4897,0.7266,0.6309,44.41,6419.95,0.7181208053691275
2073,40,0.4896,0.7311,0.6309,44.27,6627.45,0.7181208053691275
2073,41,0.4898,0.7341,0.6309,44.35,6890.79,0.7181208053691275
2073,42,0.49,0.7371,0.6309,44.04,7150.6,0.7181208053691275
2073,43,0.4902,0.7378,0.6309,43.71,7309.33,0.7181208053691275
2073,44,0.4904,0.7416,0.6309,43.18,7489.54,0.7181208053691275
2073,45,0.4907,0.7468,0.6309,42.56,7746.63,0.7181208053691275
2073,46,0.491,0.7498,0.6309,42.04,7920.68,0.7181208053691275
2073,47,0.491,0.7543,0.6309,41.63,8263.55,0.7181208053691275
2073,48,0.4911,0.7573,0.6376,41.29,8597.08,0.7181208053691275
2073,49,0.491,0.761,0.6309,41.22,8957.02,0.7181208053691275
190146,0,0.6433,0.7976,0.7412,4.46,101.33,0.7647058823529411
190146,1,0.6433,0.7976,0.7412,4.46,101.33,0.7647058823529411
190146,2,0.6495,0.8817,0.7294,11.88,529.2,0.7647058823529411
190146,3,0.6563,0.9277,0.7294,12.43,622.34,0.7647058823529411
190146,4,0.6579,0.9409,0.7412,12.19,625.82,0.7647058823529411
190146,5,0.6607,0.9474,0.7412,11.97,639.19,0.7647058823529411
190146,6,0.6622,0.954,0.7412,11.43,604.96,0.7647058823529411
190146,7,0.6627,0.9553,0.7412,10.59,571.13,0.7647058823529411
190146,8,0.6639,0.9553,0.7176,10.15,537.1,0.7647058823529411
190146,9,0.665,0.9553,0.7294,9.76,503.1,0.7647058823529411
190146,10,0.6659,0.9566,0.7294,9.49,490.12,0.7647058823529411
190146,11,0.6663,0.958,0.7294,9.28,477.38,0.7647058823529411
190146,12,0.6671,0.9606,0.7294,9.34,484.83,0.7647058823529411
190146,13,0.6676,0.9645,0.7294,9.38,490.76,0.7647058823529411
190146,14,0.6684,0.9645,0.7412,9.55,487.48,0.7647058823529411
190146,15,0.6683,0.9632,0.7412,9.5,486.01,0.7647058823529411
190146,16,0.6684,0.9645,0.7412,9.27,478.89,0.7647058823529411
190146,17,0.6687,0.9658,0.7412,9.32,482.41,0.7647058823529411
190146,18,0.6692,0.9658,0.7412,9.25,483.4,0.7647058823529411
190146,19,0.6695,0.9671,0.7412,9.15,480.84,0.7647058823529411
190146,20,0.6696,0.9711,0.7294,9.09,478.93,0.7647058823529411
190146,21,0.6701,0.975,0.7412,9.0,474.59,0.7647058823529411
190146,22,0.6706,0.975,0.7412,8.85,467.31,0.7647058823529411
190146,23,0.671,0.9777,0.7412,8.67,459.08,0.7647058823529411
190146,24,0.6709,0.9777,0.7412,8.53,451.95,0.7647058823529411
190146,25,0.6707,0.979,0.7412,8.44,444.4,0.7647058823529411
190146,26,0.6704,0.9777,0.7412,8.34,438.8,0.7647058823529411
190146,27,0.6708,0.975,0.7412,8.22,435.63,0.7647058823529411
190146,28,0.6711,0.9737,0.7529,8.13,430.18,0.7647058823529411
190146,29,0.6717,0.9737,0.7529,8.02,425.67,0.7647058823529411
190146,30,0.6721,0.9724,0.7529,7.95,420.22,0.7647058823529411
190146,31,0.6722,0.9737,0.7412,7.83,416.62,0.7647058823529411
190146,32,0.6726,0.9777,0.7412,7.76,416.5,0.7647058823529411
190146,33,0.6726,0.9777,0.7412,7.75,417.88,0.7647058823529411
190146,34,0.6726,0.9803,0.7412,7.73,415.78,0.7647058823529411
190146,35,0.6728,0.9803,0.7412,7.69,413.48,0.7647058823529411
190146,36,0.6732,0.9803,0.7412,7.67,409.63,0.7647058823529411
190146,37,0.6733,0.9803,0.7412,7.65,406.77,0.7647058823529411
190146,38,0.6731,0.9803,0.7412,7.6,409.99,0.7647058823529411
190146,39,0.6732,0.9803,0.7412,7.61,415.74,0.7647058823529411
190146,40,0.6732,0.9803,0.7412,7.65,422.19,0.7647058823529411
190146,41,0.6731,0.9816,0.7412,7.61,432.77,0.7647058823529411
190146,42,0.6731,0.9816,0.7412,7.6,443.32,0.7647058823529411
190146,43,0.6731,0.9816,0.7412,7.64,450.67,0.7647058823529411
190146,44,0.6731,0.9816,0.7412,7.61,451.57,0.7647058823529411
190146,45,0.6731,0.9816,0.7412,7.61,451.86,0.7647058823529411
190146,46,0.6732,0.9816,0.7412,7.58,451.49,0.7647058823529411
190146,47,0.6732,0.9803,0.7412,7.54,451.64,0.7647058823529411
190146,48,0.6732,0.979,0.7529,7.63,467.24,0.7647058823529411
190146,49,0.6732,0.979,0.7529,7.65,478.63,0.7647058823529411
190146,0,0.6474,0.8042,0.7294,4.1,130.4,0.7647058823529411
190146,1,0.6474,0.8042,0.7294,4.1,130.4,0.7647058823529411
190146,2,0.6535,0.9093,0.7059,9.37,543.89,0.7647058823529411
190146,3,0.655,0.9474,0.7294,11.78,642.21,0.7647058823529411
190146,4,0.6589,0.9566,0.7529,11.89,671.81,0.7647058823529411
190146,5,0.6611,0.9737,0.7294,11.49,673.14,0.7647058823529411
190146,6,0.6623,0.9763,0.7412,10.84,652.55,0.7647058823529411
190146,7,0.6639,0.9777,0.7412,10.16,625.47,0.7647058823529411
190146,8,0.6652,0.979,0.7294,9.74,605.15,0.7647058823529411
190146,9,0.665,0.9816,0.7176,9.27,578.69,0.7647058823529411
190146,10,0.665,0.9829,0.7176,8.72,551.8,0.7647058823529411
190146,11,0.6662,0.9829,0.7294,8.53,524.12,0.7647058823529411
190146,12,0.6669,0.9842,0.7412,8.28,502.91,0.7647058823529411
190146,13,0.6679,0.9855,0.7412,8.09,487.69,0.7647058823529411
190146,14,0.6685,0.9869,0.7294,7.95,478.37,0.7647058823529411
190146,15,0.6697,0.9908,0.7294,7.66,465.91,0.7647058823529411
190146,16,0.6702,0.9921,0.7412,7.37,453.73,0.7647058823529411
190146,17,0.6707,0.9908,0.7412,7.14,440.43,0.7647058823529411
190146,18,0.6707,0.9908,0.7529,6.91,433.93,0.7647058823529411
190146,19,0.6713,0.9908,0.7412,6.73,432.61,0.7647058823529411
190146,20,0.6722,0.9921,0.7294,6.66,430.5,0.7647058823529411
190146,21,0.6721,0.9934,0.7294,6.51,425.9,0.7647058823529411
190146,22,0.6719,0.9934,0.7294,6.3,423.19,0.7647058823529411
190146,23,0.6713,0.9934,0.7294,6.1,418.56,0.7647058823529411
190146,24,0.6712,0.9961,0.7294,5.94,422.32,0.7647058823529411
190146,25,0.6713,0.9961,0.7294,5.75,432.92,0.7647058823529411
190146,26,0.6715,0.9961,0.7294,5.68,434.04,0.7647058823529411
190146,27,0.6717,0.9961,0.7294,5.53,443.2,0.7647058823529411
190146,28,0.6717,0.9961,0.7412,5.39,446.94,0.7647058823529411
190146,29,0.6724,0.9961,0.7412,5.33,456.03,0.7647058823529411
190146,30,0.6729,0.9974,0.7412,5.29,465.45,0.7647058823529411
190146,31,0.6733,0.9987,0.7412,5.17,469.3,0.7647058823529411
190146,32,0.6737,0.9987,0.7412,5.06,470.27,0.7647058823529411
190146,33,0.6734,0.9987,0.7412,4.95,472.18,0.7647058823529411
190146,34,0.6731,0.9987,0.7294,4.85,476.69,0.7647058823529411
190146,35,0.6729,0.9987,0.7294,4.76,484.35,0.7647058823529411
190146,36,0.6728,0.9987,0.7176,4.67,490.6,0.7647058823529411
190146,37,0.6727,0.9974,0.7176,4.59,499.24,0.7647058823529411
190146,38,0.6728,0.9974,0.7176,4.5,503.8,0.7647058823529411
190146,39,0.6726,0.9974,0.7176,4.43,501.6,0.7647058823529411
190146,40,0.6725,0.9987,0.7176,4.38,499.81,0.7647058823529411
190146,41,0.6725,0.9987,0.7294,4.4,494.65,0.7647058823529411
190146,42,0.6725,0.9987,0.7294,4.35,493.68,0.7647058823529411
190146,43,0.6724,0.9987,0.7294,4.33,500.65,0.7647058823529411
190146,44,0.6723,0.9987,0.7294,4.29,505.64,0.7647058823529411
190146,45,0.6723,0.9987,0.7412,4.23,508.69,0.7647058823529411
190146,46,0.6721,0.9987,0.7412,4.17,510.2,0.7647058823529411
190146,47,0.6723,0.9987,0.7412,4.12,511.73,0.7647058823529411
190146,48,0.6723,0.9987,0.7412,4.13,515.12,0.7647058823529411
190146,49,0.6723,0.9987,0.7412,4.13,518.16,0.7647058823529411
359954,0,0.4665,0.636,0.5541,10.17,169.19,0.6621621621621622
359954,1,0.4665,0.636,0.5541,10.17,169.19,0.6621621621621622
359954,2,0.4824,0.7372,0.5811,28.33,1105.57,0.6621621621621622
359954,3,0.4894,0.7825,0.5676,30.57,1358.51,0.6621621621621622
359954,4,0.4946,0.8172,0.5946,29.28,1377.72,0.6621621621621622
359954,5,0.4981,0.8384,0.5676,27.69,1441.04,0.6621621621621622
359954,6,0.5006,0.852,0.5946,25.56,1414.53,0.6621621621621622
359954,7,0.5024,0.8656,0.5811,23.85,1355.66,0.6621621621621622
359954,8,0.504,0.8746,0.5946,22.48,1291.14,0.6621621621621622
359954,9,0.5059,0.8897,0.5946,21.17,1282.71,0.6621621621621622
359954,10,0.5074,0.8943,0.5946,20.1,1244.96,0.6621621621621622
359954,11,0.5096,0.8988,0.6081,19.32,1198.61,0.6621621621621622
359954,12,0.5113,0.9079,0.6081,18.21,1175.34,0.6621621621621622
359954,13,0.5128,0.9109,0.6081,17.3,1142.96,0.6621621621621622
359954,14,0.5137,0.9199,0.6081,16.27,1101.49,0.6621621621621622
359954,15,0.5145,0.9215,0.6216,15.38,1070.1,0.6621621621621622
359954,16,0.5148,0.9245,0.6216,14.55,1044.08,0.6621621621621622
359954,17,0.5151,0.929,0.6351,13.82,1050.39,0.6621621621621622
359954,18,0.5158,0.9305,0.6351,13.46,1082.93,0.6621621621621622
359954,19,0.5167,0.935,0.6486,13.0,1113.88,0.6621621621621622
359954,20,0.517,0.9396,0.6622,12.44,1153.18,0.6621621621621622
359954,21,0.5177,0.9426,0.6486,11.99,1164.29,0.6621621621621622
359954,22,0.5178,0.9426,0.6486,11.52,1173.93,0.6621621621621622
359954,23,0.5187,0.9486,0.6622,11.2,1155.12,0.6621621621621622
359954,24,0.5188,0.9486,0.6486,10.89,1136.19,0.6621621621621622
359954,25,0.5194,0.9456,0.6622,10.59,1130.46,0.6621621621621622
359954,26,0.5197,0.9456,0.6622,10.26,1149.56,0.6621621621621622
359954,27,0.5198,0.9471,0.6622,10.0,1169.8,0.6621621621621622
359954,28,0.5201,0.9471,0.6622,9.82,1189.26,0.6621621621621622
359954,29,0.5208,0.9471,0.6622,9.6,1206.6,0.6621621621621622
359954,30,0.5217,0.9486,0.6622,9.55,1227.18,0.6621621621621622
359954,31,0.5219,0.9486,0.6622,9.48,1246.34,0.6621621621621622
359954,32,0.5225,0.9517,0.6622,9.49,1267.75,0.6621621621621622
359954,33,0.5226,0.9547,0.6486,9.43,1278.05,0.6621621621621622
359954,34,0.5231,0.9577,0.6486,9.33,1282.78,0.6621621621621622
359954,35,0.5232,0.9592,0.6486,9.3,1288.51,0.6621621621621622
359954,36,0.5233,0.9592,0.6622,9.24,1292.38,0.6621621621621622
359954,37,0.5236,0.9592,0.6486,9.19,1299.28,0.6621621621621622
359954,38,0.524,0.9637,0.6622,9.1,1300.74,0.6621621621621622
359954,39,0.5241,0.9637,0.6622,9.16,1299.05,0.6621621621621622
359954,40,0.5241,0.9607,0.6622,9.16,1300.38,0.6621621621621622
359954,41,0.5243,0.9637,0.6622,9.16,1307.03,0.6621621621621622
359954,42,0.5245,0.9637,0.6622,9.18,1306.31,0.6621621621621622
359954,43,0.5248,0.9653,0.6622,9.32,1308.77,0.6621621621621622
359954,44,0.5247,0.9653,0.6622,9.32,1306.5,0.6621621621621622
359954,45,0.5246,0.9653,0.6622,9.25,1297.46,0.6621621621621622
359954,46,0.5247,0.9668,0.6622,9.1,1291.74,0.6621621621621622
359954,47,0.5251,0.9668,0.6622,8.97,1285.23,0.6621621621621622
359954,48,0.5255,0.9683,0.6622,8.82,1278.48,0.6621621621621622
359954,49,0.5255,0.9668,0.6622,8.67,1265.0,0.6621621621621622
2073,0,0.4719,0.567,0.6107,11.39,91.13,0.7181208053691275
2073,1,0.4719,0.567,0.6107,11.39,91.13,0.7181208053691275
2073,2,0.4874,0.6,0.6242,14.91,202.21,0.7181208053691275
2073,3,0.4953,0.6045,0.6376,15.82,225.67,0.7181208053691275
2073,4,0.5001,0.6112,0.6309,15.57,220.43,0.7181208053691275
2073,5,0.5024,0.612,0.6309,15.18,219.2,0.7181208053691275
2073,6,0.5059,0.6157,0.6443,14.71,217.13,0.7181208053691275
2073,7,0.5088,0.6195,0.6443,14.17,209.36,0.7181208053691275
2073,8,0.5115,0.6217,0.651,13.62,206.85,0.7181208053691275
2073,9,0.5132,0.6232,0.6443,13.24,211.98,0.7181208053691275
2073,10,0.5141,0.6262,0.6309,13.17,213.87,0.7181208053691275
2073,11,0.5161,0.6307,0.6309,12.96,225.79,0.7181208053691275
2073,12,0.5161,0.6307,0.6443,12.72,232.46,0.7181208053691275
2073,13,0.5168,0.6352,0.6443,12.79,257.35,0.7181208053691275
2073,14,0.518,0.6427,0.6443,12.66,284.84,0.7181208053691275
2073,15,0.519,0.6457,0.651,12.92,315.63,0.7181208053691275
2073,16,0.52,0.6479,0.6443,12.85,332.31,0.7181208053691275
2073,17,0.5208,0.6517,0.6443,12.9,350.97,0.7181208053691275
2073,18,0.5217,0.6509,0.6443,12.89,362.02,0.7181208053691275
2073,19,0.5221,0.6532,0.651,12.97,398.95,0.7181208053691275
2073,20,0.5227,0.6532,0.6644,13.06,422.83,0.7181208053691275
2073,21,0.5226,0.6532,0.6577,13.1,445.53,0.7181208053691275
2073,22,0.5228,0.6547,0.6644,13.08,466.68,0.7181208053691275
2073,23,0.523,0.6569,0.6644,13.26,513.31,0.7181208053691275
2073,24,0.5234,0.6592,0.6644,13.53,582.78,0.7181208053691275
2073,25,0.5234,0.6599,0.6644,13.71,632.28,0.7181208053691275
2073,26,0.5236,0.6599,0.6644,13.95,674.6,0.7181208053691275
2073,27,0.5236,0.6592,0.6644,14.13,702.48,0.7181208053691275
2073,28,0.524,0.6614,0.6711,14.08,718.18,0.7181208053691275
2073,29,0.5242,0.6614,0.6711,13.96,728.09,0.7181208053691275
2073,30,0.5243,0.6652,0.6711,14.03,757.45,0.7181208053691275
2073,31,0.5243,0.6682,0.6711,14.33,804.42,0.7181208053691275
2073,32,0.5244,0.6682,0.6711,14.38,842.13,0.7181208053691275
2073,33,0.5245,0.6682,0.6711,14.49,889.56,0.7181208053691275
2073,34,0.5244,0.6689,0.6711,14.6,942.35,0.7181208053691275
2073,35,0.5244,0.6712,0.6711,14.68,990.74,0.7181208053691275
2073,36,0.5245,0.6749,0.6711,14.93,1061.38,0.7181208053691275
2073,37,0.5245,0.6794,0.6644,15.05,1144.97,0.7181208053691275
2073,38,0.5245,0.6809,0.6577,15.25,1218.09,0.7181208053691275
2073,39,0.5244,0.6801,0.6644,15.47,1292.73,0.7181208053691275
2073,40,0.5243,0.6846,0.6644,15.69,1375.57,0.7181208053691275
2073,41,0.5242,0.6861,0.6644,15.89,1461.68,0.7181208053691275
2073,42,0.5242,0.6884,0.6644,16.1,1551.31,0.7181208053691275
2073,43,0.5241,0.6906,0.6711,16.48,1702.07,0.7181208053691275
2073,44,0.5239,0.6914,0.6711,16.75,1839.57,0.7181208053691275
2073,45,0.5237,0.6944,0.6711,17.26,1994.61,0.7181208053691275
2073,46,0.5236,0.6959,0.6711,17.86,2218.82,0.7181208053691275
2073,47,0.5234,0.6959,0.6711,18.47,2410.36,0.7181208053691275
2073,48,0.5232,0.6989,0.6711,18.65,2588.66,0.7181208053691275
2073,49,0.5234,0.7004,0.6711,18.9,2746.41,0.7181208053691275
2073,0,0.4693,0.5768,0.5906,11.8,115.96,0.7181208053691275
2073,1,0.4693,0.5768,0.5906,11.8,115.96,0.7181208053691275
2073,2,0.492,0.6165,0.6242,25.37,534.25,0.7181208053691275
2073,3,0.5025,0.6322,0.6174,28.55,589.94,0.7181208053691275
2073,4,0.5095,0.6397,0.6376,27.35,587.28,0.7181208053691275
2073,5,0.5114,0.6472,0.6443,25.46,548.84,0.7181208053691275
2073,6,0.5132,0.6562,0.6443,23.89,523.77,0.7181208053691275
2073,7,0.5155,0.6637,0.651,22.49,499.24,0.7181208053691275
2073,8,0.5187,0.6652,0.6644,21.04,502.81,0.7181208053691275
2073,9,0.5215,0.6682,0.651,20.53,538.84,0.7181208053691275
2073,10,0.5212,0.6697,0.6577,19.76,565.9,0.7181208053691275
2073,11,0.5217,0.6742,0.651,19.08,615.13,0.7181208053691275
2073,12,0.5231,0.6787,0.651,18.57,642.66,0.7181208053691275
2073,13,0.5238,0.6839,0.6577,18.04,693.22,0.7181208053691275
2073,14,0.524,0.6891,0.6644,18.2,736.21,0.7181208053691275
2073,15,0.5249,0.6921,0.6711,17.78,748.61,0.7181208053691275
2073,16,0.5252,0.6906,0.6644,17.25,752.25,0.7181208053691275
2073,17,0.5254,0.6936,0.6913,16.82,754.15,0.7181208053691275
2073,18,0.5254,0.6966,0.698,16.46,748.32,0.7181208053691275
2073,19,0.5256,0.6951,0.6913,16.05,739.21,0.7181208053691275
2073,20,0.5255,0.6951,0.6913,15.74,730.65,0.7181208053691275
2073,21,0.5261,0.6951,0.6913,15.35,721.88,0.7181208053691275
2073,22,0.5262,0.6951,0.6913,15.07,718.15,0.7181208053691275
2073,23,0.5264,0.6966,0.6913,14.76,726.73,0.7181208053691275
2073,24,0.5266,0.6974,0.6913,14.6,731.24,0.7181208053691275
2073,25,0.5269,0.6981,0.6913,14.69,741.51,0.7181208053691275
2073,26,0.5272,0.6996,0.6846,14.68,755.19,0.7181208053691275
2073,27,0.5271,0.7026,0.6779,14.76,784.43,0.7181208053691275
2073,28,0.5273,0.7041,0.6846,14.82,806.98,0.7181208053691275
2073,29,0.5274,0.7041,0.6913,14.82,831.68,0.7181208053691275
2073,30,0.5273,0.7079,0.6913,14.82,853.64,0.7181208053691275
2073,31,0.5274,0.7101,0.6913,14.64,868.34,0.7181208053691275
2073,32,0.5271,0.7109,0.6913,14.87,881.82,0.7181208053691275
2073,33,0.5271,0.7139,0.6913,14.92,894.55,0.7181208053691275
2073,34,0.527,0.7146,0.6913,14.88,920.38,0.7181208053691275
2073,35,0.5269,0.7146,0.6846,14.79,929.58,0.7181208053691275
2073,36,0.5269,0.7154,0.6846,14.69,938.89,0.7181208053691275
2073,37,0.5269,0.7161,0.6846,14.62,960.88,0.7181208053691275
2073,38,0.5269,0.7169,0.6846,14.71,983.42,0.7181208053691275
2073,39,0.527,0.7191,0.6846,14.72,1019.67,0.7181208053691275
2073,40,0.5273,0.7199,0.6913,14.72,1045.41,0.7181208053691275
2073,41,0.5271,0.7199,0.6913,14.61,1072.13,0.7181208053691275
2073,42,0.527,0.7206,0.6913,14.6,1091.76,0.7181208053691275
2073,43,0.5269,0.7221,0.698,14.49,1105.67,0.7181208053691275
2073,44,0.5269,0.7228,0.698,14.51,1128.39,0.7181208053691275
2073,45,0.527,0.7236,0.698,14.44,1152.08,0.7181208053691275
2073,46,0.5268,0.7266,0.698,14.45,1164.11,0.7181208053691275
2073,47,0.5266,0.7273,0.698,14.4,1171.44,0.7181208053691275
2073,48,0.5266,0.7281,0.698,14.45,1180.9,0.7181208053691275
2073,49,0.5265,0.7288,0.698,14.41,1183.02,0.7181208053691275
190146,0,0.6428,0.816,0.7412,2.75,68.38,0.7647058823529411
190146,1,0.6428,0.816,0.7412,2.75,68.38,0.7647058823529411
190146,2,0.653,0.8712,0.7294,8.27,243.65,0.7647058823529411
190146,3,0.6569,0.9014,0.7294,11.17,314.43,0.7647058823529411
190146,4,0.6587,0.9225,0.7294,11.73,352.11,0.7647058823529411
190146,5,0.6595,0.9304,0.7529,12.28,369.03,0.7647058823529411
190146,6,0.6606,0.9448,0.7529,12.14,376.5,0.7647058823529411
190146,7,0.6616,0.9461,0.7529,11.81,377.65,0.7647058823529411
190146,8,0.6626,0.9474,0.7765,11.34,367.09,0.7647058823529411
190146,9,0.6631,0.9514,0.7765,11.22,365.95,0.7647058823529411
190146,10,0.6638,0.9553,0.7765,10.99,357.61,0.7647058823529411
190146,11,0.664,0.9566,0.7765,10.65,348.55,0.7647058823529411
190146,12,0.6644,0.9566,0.7765,10.67,341.9,0.7647058823529411
190146,13,0.6646,0.9593,0.7765,10.46,334.75,0.7647058823529411
190146,14,0.6657,0.9606,0.7882,10.13,330.22,0.7647058823529411
190146,15,0.6661,0.9606,0.8,9.98,322.82,0.7647058823529411
190146,16,0.6665,0.9658,0.8,9.94,323.4,0.7647058823529411
190146,17,0.6672,0.9698,0.8,9.91,324.93,0.7647058823529411
190146,18,0.6679,0.9737,0.7882,9.71,323.94,0.7647058823529411
190146,19,0.6684,0.975,0.7882,9.47,332.72,0.7647058823529411
190146,20,0.6689,0.9737,0.7882,9.23,336.59,0.7647058823529411
190146,21,0.6698,0.9737,0.7882,9.07,332.1,0.7647058823529411
190146,22,0.6704,0.9763,0.8,9.05,329.2,0.7647058823529411
190146,23,0.6703,0.9803,0.7882,8.89,328.52,0.7647058823529411
190146,24,0.6699,0.9816,0.7882,8.7,327.5,0.7647058823529411
190146,25,0.67,0.9816,0.7882,8.54,326.91,0.7647058823529411
190146,26,0.6698,0.9816,0.7882,8.36,325.57,0.7647058823529411
190146,27,0.6699,0.9829,0.7882,8.2,330.61,0.7647058823529411
190146,28,0.6699,0.9855,0.7882,8.06,333.0,0.7647058823529411
190146,29,0.6699,0.9882,0.7882,7.94,333.3,0.7647058823529411
190146,30,0.67,0.9869,0.8,7.88,330.09,0.7647058823529411
190146,31,0.6705,0.9855,0.7765,7.82,327.91,0.7647058823529411
190146,32,0.6705,0.9869,0.7765,7.72,328.33,0.7647058823529411
190146,33,0.6708,0.9882,0.7765,7.68,327.16,0.7647058823529411
190146,34,0.6708,0.9869,0.7765,7.56,327.87,0.7647058823529411
190146,35,0.6708,0.9869,0.7647,7.52,327.3,0.7647058823529411
190146,36,0.671,0.9869,0.7765,7.47,327.07,0.7647058823529411
190146,37,0.6713,0.9869,0.7765,7.48,325.46,0.7647058823529411
190146,38,0.6715,0.9869,0.7765,7.46,323.09,0.7647058823529411
190146,39,0.6715,0.9908,0.7647,7.46,323.47,0.7647058823529411
190146,40,0.6718,0.9908,0.7647,7.47,322.78,0.7647058823529411
190146,41,0.6717,0.9908,0.7647,7.45,323.38,0.7647058823529411
190146,42,0.6718,0.9908,0.7647,7.44,323.99,0.7647058823529411
190146,43,0.6718,0.9908,0.7647,7.39,327.23,0.7647058823529411
190146,44,0.672,0.9895,0.7647,7.36,331.12,0.7647058823529411
190146,45,0.6721,0.9895,0.7647,7.35,335.93,0.7647058823529411
190146,46,0.672,0.9895,0.7647,7.37,344.64,0.7647058823529411
190146,47,0.6722,0.9895,0.7647,7.36,344.52,0.7647058823529411
190146,48,0.6724,0.9908,0.7647,7.37,346.3,0.7647058823529411
190146,49,0.6726,0.9908,0.7647,7.36,349.09,0.7647058823529411
2073,0,0.4786,0.5768,0.5839,12.21,159.29,0.7181208053691275
2073,1,0.4786,0.5768,0.5839,12.21,159.29,0.7181208053691275
2073,2,0.4939,0.6225,0.6376,26.61,578.7,0.7181208053691275
2073,3,0.5031,0.6427,0.651,29.72,681.15,0.7181208053691275
2073,4,0.5088,0.6539,0.651,29.34,679.82,0.7181208053691275
2073,5,0.5125,0.6592,0.6577,28.75,662.13,0.7181208053691275
2073,6,0.516,0.6712,0.6577,26.95,635.13,0.7181208053691275
2073,7,0.5189,0.6734,0.6577,25.86,646.23,0.7181208053691275
2073,8,0.5204,0.6787,0.6577,25.62,665.42,0.7181208053691275
2073,9,0.5219,0.6846,0.6644,25.3,675.25,0.7181208053691275
2073,10,0.5241,0.6854,0.6711,24.56,674.02,0.7181208053691275
2073,11,0.5255,0.6899,0.6711,23.88,667.93,0.7181208053691275
2073,12,0.5266,0.6951,0.6711,23.47,683.49,0.7181208053691275
2073,13,0.5278,0.6996,0.6779,22.86,667.18,0.7181208053691275
2073,14,0.5284,0.7011,0.6711,22.55,675.33,0.7181208053691275
2073,15,0.5286,0.7026,0.6779,21.65,662.86,0.7181208053691275
2073,16,0.5292,0.7026,0.6846,20.79,648.38,0.7181208053691275
2073,17,0.5298,0.7086,0.6846,20.29,635.51,0.7181208053691275
2073,18,0.5303,0.7094,0.6846,19.82,628.74,0.7181208053691275
2073,19,0.5305,0.7109,0.6846,19.38,622.68,0.7181208053691275
2073,20,0.5303,0.7131,0.6846,19.02,628.15,0.7181208053691275
2073,21,0.5303,0.7184,0.6846,18.9,635.19,0.7181208053691275
2073,22,0.5308,0.7206,0.6846,18.7,625.59,0.7181208053691275
2073,23,0.5307,0.7206,0.6846,18.46,622.22,0.7181208053691275
2073,24,0.531,0.7228,0.6846,18.14,607.88,0.7181208053691275
2073,25,0.5314,0.7236,0.6846,17.83,596.38,0.7181208053691275
2073,26,0.5315,0.7243,0.6913,17.56,583.58,0.7181208053691275
2073,27,0.5317,0.7236,0.6913,17.44,581.84,0.7181208053691275
2073,28,0.5317,0.7251,0.6913,17.13,577.38,0.7181208053691275
2073,29,0.5313,0.7273,0.6913,16.97,591.96,0.7181208053691275
2073,30,0.531,0.7288,0.6846,16.82,620.03,0.7181208053691275
2073,31,0.5308,0.7303,0.6846,16.7,639.29,0.7181208053691275
2073,32,0.5308,0.7318,0.6846,16.55,654.32,0.7181208053691275
2073,33,0.5307,0.7356,0.6846,16.41,671.62,0.7181208053691275
2073,34,0.5305,0.7371,0.6846,16.32,704.91,0.7181208053691275
2073,35,0.5306,0.7393,0.6846,16.25,758.46,0.7181208053691275
2073,36,0.5301,0.7416,0.6913,16.05,804.57,0.7181208053691275
2073,37,0.5297,0.7423,0.6913,15.89,876.31,0.7181208053691275
2073,38,0.5293,0.7438,0.698,15.83,948.37,0.7181208053691275
2073,39,0.5293,0.7461,0.698,15.87,1010.57,0.7181208053691275
2073,40,0.5291,0.7461,0.698,15.77,1080.64,0.7181208053691275
2073,41,0.529,0.7461,0.698,15.62,1125.72,0.7181208053691275
2073,42,0.5289,0.7461,0.698,15.49,1192.96,0.7181208053691275
2073,43,0.5287,0.7468,0.7047,15.36,1250.49,0.7181208053691275
2073,44,0.5285,0.7468,0.7047,15.32,1307.4,0.7181208053691275
2073,45,0.5282,0.7513,0.7047,15.32,1400.24,0.7181208053691275
2073,46,0.528,0.7513,0.7047,15.28,1472.32,0.7181208053691275
2073,47,0.5276,0.7566,0.6913,15.25,1594.33,0.7181208053691275
2073,48,0.5276,0.7566,0.698,15.11,1683.19,0.7181208053691275
2073,49,0.5271,0.7588,0.698,14.99,1840.79,0.7181208053691275
2073,0,0.4846,0.5895,0.6174,13.33,193.55,0.7181208053691275
2073,1,0.4846,0.5895,0.6174,13.33,193.55,0.7181208053691275
2073,2,0.4984,0.6412,0.6242,45.01,2514.2,0.7181208053691275
2073,3,0.5056,0.6712,0.6644,49.53,2964.11,0.7181208053691275
2073,4,0.5102,0.6966,0.6577,47.33,2994.61,0.7181208053691275
2073,5,0.5113,0.7154,0.6644,43.93,2872.6,0.7181208053691275
2073,6,0.5125,0.7288,0.6577,41.9,2873.65,0.7181208053691275
2073,7,0.5133,0.7408,0.651,39.65,3153.13,0.7181208053691275
2073,8,0.5134,0.7551,0.6779,37.98,3377.99,0.7181208053691275
2073,9,0.5142,0.7655,0.6779,37.23,3594.76,0.7181208053691275
2073,10,0.5131,0.7738,0.6779,36.01,3719.12,0.7181208053691275
2073,11,0.5135,0.7843,0.6779,34.97,3721.15,0.7181208053691275
2073,12,0.514,0.7955,0.6779,33.59,3997.84,0.7181208053691275
2073,13,0.5142,0.8052,0.6846,32.58,4127.16,0.7181208053691275
2073,14,0.5146,0.809,0.6846,31.56,4189.01,0.7181208053691275
2073,15,0.5149,0.815,0.6779,30.67,4207.82,0.7181208053691275
2073,16,0.515,0.8187,0.6779,29.9,4200.13,0.7181208053691275
2073,17,0.5152,0.8202,0.6779,28.97,4155.59,0.7181208053691275
2073,18,0.5156,0.8262,0.6779,28.22,4121.0,0.7181208053691275
2073,19,0.516,0.83,0.6846,27.4,4140.68,0.7181208053691275
2073,20,0.5161,0.8322,0.6846,26.75,4188.41,0.7181208053691275
2073,21,0.5154,0.8337,0.6779,26.26,4300.64,0.7181208053691275
2073,22,0.5148,0.8375,0.6846,25.76,4375.29,0.7181208053691275
2073,23,0.5143,0.8434,0.6846,25.36,4592.76,0.7181208053691275
2073,24,0.5137,0.8494,0.6846,24.87,4937.08,0.7181208053691275
2073,25,0.5132,0.8562,0.6846,24.51,5436.68,0.7181208053691275
2073,26,0.513,0.8592,0.6846,24.1,5810.32,0.7181208053691275
2073,27,0.5127,0.8659,0.6846,23.98,6099.48,0.7181208053691275
2073,28,0.5121,0.8682,0.6846,23.66,6327.31,0.7181208053691275
2073,29,0.5117,0.8719,0.6779,23.55,6666.9,0.7181208053691275
2073,30,0.5114,0.8764,0.6779,23.34,6927.1,0.7181208053691275
2073,31,0.511,0.8801,0.6846,23.06,7302.28,0.7181208053691275
2073,32,0.5109,0.8794,0.6913,22.89,7646.72,0.7181208053691275
2073,33,0.5107,0.8839,0.6846,22.81,7928.54,0.7181208053691275
2073,34,0.5105,0.8861,0.6846,22.65,8131.83,0.7181208053691275
2073,35,0.5103,0.8869,0.6846,22.48,8297.36,0.7181208053691275
2073,36,0.51,0.8884,0.6846,22.36,8445.92,0.7181208053691275
2073,37,0.5097,0.8914,0.6846,22.01,8522.61,0.7181208053691275
2073,38,0.5095,0.8929,0.6846,21.69,8642.97,0.7181208053691275
2073,39,0.5094,0.8936,0.6846,21.47,8754.37,0.7181208053691275
2073,40,0.5093,0.8951,0.6846,21.28,8859.02,0.7181208053691275
2073,41,0.5091,0.8966,0.6846,21.15,8925.25,0.7181208053691275
2073,42,0.509,0.8974,0.6846,20.97,8988.94,0.7181208053691275
2073,43,0.509,0.9011,0.6846,20.92,9042.72,0.7181208053691275
2073,44,0.5091,0.9026,0.6846,20.74,9079.83,0.7181208053691275
2073,45,0.5088,0.9064,0.6846,20.56,9058.79,0.7181208053691275
2073,46,0.5086,0.9079,0.6846,20.4,9065.53,0.7181208053691275
2073,47,0.5084,0.9101,0.6913,20.28,9078.24,0.7181208053691275
2073,48,0.5081,0.9146,0.6913,20.19,9094.75,0.7181208053691275
2073,49,0.5079,0.9169,0.6913,20.04,9101.83,0.7181208053691275
359959,0,0.4573,0.4377,0.4257,11.82,88.21,0.5337837837837838
359959,1,0.4573,0.4377,0.4257,11.82,88.21,0.5337837837837838
359959,2,0.4685,0.5358,0.473,18.08,198.5,0.5337837837837838
359959,3,0.471,0.5653,0.5135,18.24,218.63,0.5337837837837838
359959,4,0.4746,0.5864,0.527,17.42,238.64,0.5337837837837838
359959,5,0.4778,0.594,0.5405,16.83,268.78,0.5337837837837838
359959,6,0.4772,0.6038,0.5338,16.21,263.39,0.5337837837837838
359959,7,0.4776,0.6106,0.527,15.55,254.98,0.5337837837837838
359959,8,0.4787,0.6196,0.5338,14.83,247.89,0.5337837837837838
359959,9,0.4791,0.6242,0.5608,14.13,247.63,0.5337837837837838
359959,10,0.4793,0.6242,0.5608,13.55,242.39,0.5337837837837838
359959,11,0.4805,0.6234,0.5541,13.11,239.27,0.5337837837837838
359959,12,0.4814,0.6226,0.5473,12.67,237.95,0.5337837837837838
359959,13,0.4811,0.6226,0.5473,12.21,232.94,0.5337837837837838
359959,14,0.4813,0.6249,0.5473,11.81,231.2,0.5337837837837838
359959,15,0.4808,0.6226,0.5541,11.37,225.95,0.5337837837837838
359959,16,0.4806,0.6226,0.5473,11.05,223.02,0.5337837837837838
359959,17,0.4808,0.6219,0.5405,10.75,220.25,0.5337837837837838
359959,18,0.4808,0.6234,0.5405,10.51,217.02,0.5337837837837838
359959,19,0.4814,0.6264,0.5405,10.18,212.85,0.5337837837837838
359959,20,0.4822,0.6257,0.5473,9.91,208.93,0.5337837837837838
359959,21,0.4821,0.6234,0.5541,9.65,209.26,0.5337837837837838
359959,22,0.482,0.6257,0.5541,9.62,214.2,0.5337837837837838
359959,23,0.4818,0.6242,0.5473,9.53,222.52,0.5337837837837838
359959,24,0.4817,0.6249,0.5473,9.44,229.83,0.5337837837837838
359959,25,0.4818,0.6257,0.5473,9.3,236.52,0.5337837837837838
359959,26,0.4821,0.6249,0.5473,9.22,243.19,0.5337837837837838
359959,27,0.4825,0.6279,0.5473,9.16,244.28,0.5337837837837838
359959,28,0.4829,0.6294,0.5473,9.0,244.73,0.5337837837837838
359959,29,0.483,0.6302,0.5473,8.94,252.17,0.5337837837837838
359959,30,0.4831,0.6302,0.5473,8.95,262.79,0.5337837837837838
359959,31,0.4832,0.6332,0.5541,8.91,275.1,0.5337837837837838
359959,32,0.4831,0.6332,0.5608,8.87,282.8,0.5337837837837838
359959,33,0.4832,0.6332,0.5541,8.92,302.57,0.5337837837837838
359959,34,0.4832,0.634,0.5541,8.91,318.84,0.5337837837837838
359959,35,0.4832,0.634,0.5608,8.88,332.04,0.5337837837837838
359959,36,0.4832,0.634,0.5608,8.85,339.81,0.5337837837837838
359959,37,0.4832,0.6347,0.5608,8.87,348.63,0.5337837837837838
359959,38,0.4833,0.6355,0.5608,8.9,362.93,0.5337837837837838
359959,39,0.4834,0.6362,0.5608,8.86,379.77,0.5337837837837838
359959,40,0.4834,0.6385,0.5608,8.85,395.61,0.5337837837837838
359959,41,0.4833,0.6385,0.5608,8.83,409.09,0.5337837837837838
359959,42,0.4833,0.6377,0.5608,8.86,422.79,0.5337837837837838
359959,43,0.4835,0.6377,0.5608,8.84,441.71,0.5337837837837838
359959,44,0.4835,0.6385,0.5608,8.82,451.39,0.5337837837837838
359959,45,0.4836,0.64,0.5608,8.8,465.87,0.5337837837837838
359959,46,0.4835,0.64,0.5608,8.8,476.85,0.5337837837837838
359959,47,0.4836,0.6392,0.5608,8.82,491.38,0.5337837837837838
359959,48,0.4838,0.6385,0.5608,8.8,505.53,0.5337837837837838
359959,49,0.4839,0.6385,0.5608,8.79,515.36,0.5337837837837838
359954,0,0.4731,0.6616,0.5676,9.11,125.55,0.6621621621621622
359954,1,0.4731,0.6616,0.5676,9.11,125.55,0.6621621621621622
359954,2,0.4798,0.6601,0.5811,10.69,119.87,0.6621621621621622
359954,3,0.4743,0.6465,0.5405,13.23,141.24,0.6621621621621622
359954,4,0.4727,0.648,0.5405,14.09,146.42,0.6621621621621622
359954,5,0.47,0.6284,0.5405,15.1,147.44,0.6621621621621622
359954,6,0.4676,0.6193,0.527,15.82,148.06,0.6621621621621622
359954,7,0.466,0.6208,0.527,16.45,149.58,0.6621621621621622
359954,8,0.4645,0.6133,0.5,17.21,150.19,0.6621621621621622
359954,9,0.4648,0.6148,0.5,17.82,152.64,0.6621621621621622
359954,10,0.466,0.6178,0.5135,17.89,153.94,0.6621621621621622
359954,11,0.4652,0.6163,0.5135,17.91,153.52,0.6621621621621622
359954,12,0.4644,0.6088,0.4865,18.46,155.55,0.6621621621621622
359954,13,0.4642,0.6027,0.4865,18.72,154.5,0.6621621621621622
359954,14,0.4648,0.6027,0.4865,18.73,153.84,0.6621621621621622
359954,15,0.4654,0.6042,0.5,18.99,156.61,0.6621621621621622
359954,16,0.4664,0.6057,0.5,19.16,159.6,0.6621621621621622
359954,17,0.4669,0.6088,0.5,19.25,161.06,0.6621621621621622
359954,18,0.4667,0.6118,0.5,19.36,163.01,0.6621621621621622
359954,19,0.4668,0.6103,0.5,19.65,168.61,0.6621621621621622
359954,20,0.4671,0.6103,0.5,19.84,175.54,0.6621621621621622
359954,21,0.4678,0.6224,0.5,19.96,185.06,0.6621621621621622
359954,22,0.4684,0.6299,0.5,20.15,200.21,0.6621621621621622
359954,23,0.4694,0.6344,0.5135,20.3,217.85,0.6621621621621622
359954,24,0.4693,0.639,0.5135,20.4,225.15,0.6621621621621622
359954,25,0.4697,0.6375,0.5135,20.38,230.65,0.6621621621621622
359954,26,0.4699,0.6405,0.5135,20.34,233.31,0.6621621621621622
359954,27,0.471,0.645,0.527,20.09,236.62,0.6621621621621622
359954,28,0.4713,0.648,0.527,19.83,238.09,0.6621621621621622
359954,29,0.4721,0.6511,0.527,19.66,239.31,0.6621621621621622
359954,30,0.4727,0.6526,0.527,19.58,241.08,0.6621621621621622
359954,31,0.4731,0.6526,0.527,19.48,248.14,0.6621621621621622
359954,32,0.4736,0.6541,0.527,19.28,264.41,0.6621621621621622
359954,33,0.4742,0.6586,0.527,19.1,279.13,0.6621621621621622
359954,34,0.4749,0.6616,0.527,18.82,287.16,0.6621621621621622
359954,35,0.4759,0.6707,0.5405,18.49,297.37,0.6621621621621622
359954,36,0.476,0.6707,0.5405,18.36,300.27,0.6621621621621622
359954,37,0.4757,0.6707,0.5405,18.28,303.47,0.6621621621621622
359954,38,0.476,0.6707,0.5405,18.33,309.57,0.6621621621621622
359954,39,0.4767,0.6752,0.5405,18.24,313.48,0.6621621621621622
359954,40,0.4775,0.6752,0.5405,18.23,318.71,0.6621621621621622
359954,41,0.4775,0.6752,0.5405,18.4,325.38,0.6621621621621622
359954,42,0.4781,0.6752,0.5405,18.56,335.7,0.6621621621621622
359954,43,0.4788,0.6767,0.5405,18.64,344.23,0.6621621621621622
359954,44,0.4787,0.6767,0.5405,18.83,352.58,0.6621621621621622
359954,45,0.4798,0.6798,0.5405,18.9,371.24,0.6621621621621622
359954,46,0.4806,0.6858,0.5405,19.03,393.67,0.6621621621621622
359954,47,0.4809,0.6934,0.5541,19.31,419.9,0.6621621621621622
359954,48,0.4812,0.6994,0.5541,19.42,435.51,0.6621621621621622
359954,49,0.4813,0.6979,0.5541,19.61,456.05,0.6621621621621622
2073,0,0.4734,0.5685,0.5503,14.89,237.69,0.7248322147651006
2073,1,0.4734,0.5685,0.5503,14.89,237.69,0.7248322147651006
2073,2,0.4826,0.6157,0.604,29.91,1226.3,0.7248322147651006
2073,3,0.4883,0.6367,0.5973,33.12,1462.22,0.7248322147651006
2073,4,0.4933,0.6502,0.6174,32.84,1501.3,0.7248322147651006
2073,5,0.4955,0.6592,0.6309,31.58,1489.72,0.7248322147651006
2073,6,0.4976,0.6607,0.6242,29.67,1491.68,0.7248322147651006
2073,7,0.4981,0.6674,0.6309,28.99,1576.09,0.7248322147651006
2073,8,0.4961,0.6712,0.6309,30.2,1702.82,0.7248322147651006
2073,9,0.4969,0.6734,0.6309,30.72,1835.21,0.7248322147651006
2073,10,0.4988,0.6787,0.6376,30.49,1895.25,0.7248322147651006
2073,11,0.4995,0.6816,0.6443,31.32,2048.13,0.7248322147651006
2073,12,0.5012,0.6869,0.6376,30.88,2127.18,0.7248322147651006
2073,13,0.5016,0.6936,0.6443,30.67,2168.82,0.7248322147651006
2073,14,0.5017,0.7019,0.6443,30.92,2239.42,0.7248322147651006
2073,15,0.5022,0.7056,0.651,30.43,2313.53,0.7248322147651006
2073,16,0.5029,0.7116,0.651,29.95,2446.96,0.7248322147651006
2073,17,0.5031,0.7146,0.651,29.77,2583.12,0.7248322147651006
2073,18,0.504,0.7206,0.651,29.22,2669.99,0.7248322147651006
2073,19,0.5043,0.7341,0.6577,29.32,2871.78,0.7248322147651006
2073,20,0.5043,0.7423,0.6577,29.19,3237.3,0.7248322147651006
2073,21,0.5045,0.7461,0.6577,28.83,3632.63,0.7248322147651006
2073,22,0.5046,0.7521,0.6644,28.61,4110.68,0.7248322147651006
2073,23,0.5047,0.7588,0.6779,28.09,4591.3,0.7248322147651006
2073,24,0.5041,0.767,0.6779,27.68,5024.82,0.7248322147651006
2073,25,0.5039,0.7685,0.6711,27.72,5599.08,0.7248322147651006
2073,26,0.5038,0.7768,0.6711,27.73,6008.29,0.7248322147651006
2073,27,0.5035,0.7813,0.6711,27.55,6534.45,0.7248322147651006
2073,28,0.5032,0.7858,0.6779,27.62,7096.07,0.7248322147651006
2073,29,0.5034,0.7903,0.6711,27.63,7611.98,0.7248322147651006
2073,30,0.5031,0.7955,0.6711,27.75,8126.53,0.7248322147651006
2073,31,0.503,0.8,0.6711,27.87,8667.53,0.7248322147651006
2073,32,0.503,0.8045,0.6711,27.81,9144.4,0.7248322147651006
2073,33,0.503,0.8082,0.6711,27.72,9608.81,0.7248322147651006
2073,34,0.5032,0.8135,0.6711,27.85,10051.21,0.7248322147651006
2073,35,0.5032,0.8165,0.6711,28.03,10401.42,0.7248322147651006
2073,36,0.5031,0.8202,0.6779,28.03,10768.7,0.7248322147651006
2073,37,0.5032,0.8255,0.6779,27.93,11012.14,0.7248322147651006
2073,38,0.5032,0.827,0.6779,28.09,11266.5,0.7248322147651006
2073,39,0.5031,0.83,0.6779,28.0,11472.9,0.7248322147651006
2073,40,0.5031,0.83,0.6779,27.98,11631.27,0.7248322147651006
2073,41,0.5029,0.8322,0.6846,27.87,11764.25,0.7248322147651006
2073,42,0.5031,0.836,0.6846,27.76,11819.72,0.7248322147651006
2073,43,0.5032,0.8375,0.6846,27.97,11911.35,0.7248322147651006
2073,44,0.5033,0.8404,0.6913,28.08,12000.77,0.7248322147651006
2073,45,0.5034,0.8419,0.6913,28.03,12149.73,0.7248322147651006
2073,46,0.5035,0.8449,0.6913,27.84,12219.74,0.7248322147651006
2073,47,0.5035,0.8502,0.6913,27.84,12302.82,0.7248322147651006
2073,48,0.5036,0.8509,0.698,27.79,12376.35,0.7248322147651006
2073,49,0.5036,0.8524,0.698,27.77,12405.11,0.7248322147651006
359954,0,0.4681,0.6193,0.5,16.48,226.66,0.6756756756756757
359954,1,0.4681,0.6193,0.5,16.48,226.66,0.6756756756756757
359954,2,0.4862,0.6903,0.5541,18.69,193.44,0.6756756756756757
359954,3,0.4933,0.7175,0.5676,17.4,160.39,0.6756756756756757
359954,4,0.4981,0.7296,0.5811,16.6,139.91,0.6756756756756757
359954,5,0.4999,0.7311,0.6081,15.11,122.63,0.6756756756756757
359954,6,0.5029,0.7432,0.6081,13.69,110.34,0.6756756756756757
359954,7,0.5048,0.7492,0.6081,13.26,112.16,0.6756756756756757
359954,8,0.5075,0.7568,0.6081,13.31,127.98,0.6756756756756757
359954,9,0.5075,0.7613,0.6081,13.23,139.23,0.6756756756756757
359954,10,0.508,0.7689,0.6081,12.83,147.41,0.6756756756756757
359954,11,0.5084,0.7734,0.6081,12.46,150.66,0.6756756756756757
359954,12,0.5075,0.781,0.6081,12.37,151.62,0.6756756756756757
359954,13,0.5081,0.781,0.6081,12.05,151.2,0.6756756756756757
359954,14,0.5101,0.781,0.6216,11.88,150.06,0.6756756756756757
359954,15,0.5106,0.787,0.6351,11.56,150.47,0.6756756756756757
359954,16,0.5113,0.7931,0.6216,11.35,148.9,0.6756756756756757
359954,17,0.5116,0.7946,0.6216,11.19,152.32,0.6756756756756757
359954,18,0.5118,0.7991,0.6216,11.04,153.88,0.6756756756756757
359954,19,0.5123,0.8066,0.6216,11.08,154.39,0.6756756756756757
359954,20,0.5129,0.8082,0.6351,10.97,155.4,0.6756756756756757
359954,21,0.5134,0.8112,0.6351,10.94,161.52,0.6756756756756757
359954,22,0.5137,0.8127,0.6351,11.03,168.09,0.6756756756756757
359954,23,0.5141,0.8157,0.6351,10.9,174.59,0.6756756756756757
359954,24,0.5148,0.8172,0.6351,10.81,179.29,0.6756756756756757
359954,25,0.5152,0.8202,0.6351,10.68,186.45,0.6756756756756757
359954,26,0.5159,0.8187,0.6351,10.6,194.22,0.6756756756756757
359954,27,0.5166,0.8202,0.6351,10.56,199.16,0.6756756756756757
359954,28,0.5165,0.8248,0.6486,10.63,216.53,0.6756756756756757
359954,29,0.5173,0.8248,0.6486,10.54,228.62,0.6756756756756757
359954,30,0.5175,0.8263,0.6486,10.4,238.01,0.6756756756756757
359954,31,0.5174,0.8293,0.6622,10.39,251.92,0.6756756756756757
359954,32,0.5175,0.8338,0.6622,10.35,261.07,0.6756756756756757
359954,33,0.5173,0.8384,0.6622,10.28,267.26,0.6756756756756757
359954,34,0.5175,0.8399,0.6622,10.23,279.16,0.6756756756756757
359954,35,0.5174,0.8414,0.6622,10.05,279.61,0.6756756756756757
359954,36,0.5177,0.8489,0.6622,9.92,281.41,0.6756756756756757
359954,37,0.5179,0.8489,0.6622,9.77,283.63,0.6756756756756757
359954,38,0.5179,0.8459,0.6622,9.69,286.39,0.6756756756756757
359954,39,0.518,0.8505,0.6622,9.58,287.52,0.6756756756756757
359954,40,0.5184,0.852,0.6622,9.49,289.19,0.6756756756756757
359954,41,0.5188,0.8489,0.6622,9.43,295.92,0.6756756756756757
359954,42,0.519,0.852,0.6622,9.44,308.57,0.6756756756756757
359954,43,0.5194,0.8535,0.6622,9.45,322.37,0.6756756756756757
359954,44,0.5194,0.855,0.6622,9.46,336.16,0.6756756756756757
359954,45,0.5193,0.858,0.6622,9.39,345.44,0.6756756756756757
359954,46,0.5193,0.858,0.6622,9.33,361.21,0.6756756756756757
359954,47,0.5195,0.858,0.6622,9.2,389.81,0.6756756756756757
359954,48,0.5195,0.855,0.6622,9.21,429.18,0.6756756756756757
359954,49,0.5194,0.8565,0.6622,9.38,477.69,0.6756756756756757
190146,0,0.6451,0.8029,0.7412,4.47,99.44,0.788235294117647
190146,1,0.6451,0.8029,0.7412,4.47,99.44,0.788235294117647
190146,2,0.6514,0.8673,0.7412,7.99,237.35,0.788235294117647
190146,3,0.6565,0.8922,0.7412,8.78,265.07,0.788235294117647
190146,4,0.6592,0.9041,0.7529,8.38,256.11,0.788235294117647
190146,5,0.6604,0.9159,0.7529,8.45,276.04,0.788235294117647
190146,6,0.6614,0.9277,0.7412,8.56,279.83,0.788235294117647
190146,7,0.6635,0.9264,0.7412,8.24,261.05,0.788235294117647
190146,8,0.664,0.9277,0.7412,7.84,246.02,0.788235294117647
190146,9,0.6646,0.9304,0.7412,7.62,233.51,0.788235294117647
190146,10,0.6655,0.9317,0.7412,7.59,224.59,0.788235294117647
190146,11,0.6654,0.9277,0.7412,7.5,218.83,0.788235294117647
190146,12,0.6658,0.929,0.7412,7.21,212.8,0.788235294117647
190146,13,0.666,0.9304,0.7412,7.16,210.7,0.788235294117647
190146,14,0.6672,0.9304,0.7529,6.97,204.62,0.788235294117647
190146,15,0.6684,0.9304,0.7529,6.84,215.71,0.788235294117647
190146,16,0.6698,0.929,0.7529,6.82,228.28,0.788235294117647
190146,17,0.6706,0.929,0.7529,6.87,239.44,0.788235294117647
190146,18,0.6712,0.9304,0.7529,6.93,248.14,0.788235294117647
190146,19,0.6712,0.9382,0.7529,7.03,254.33,0.788235294117647
190146,20,0.6709,0.9382,0.7529,6.99,259.19,0.788235294117647
190146,21,0.6707,0.9435,0.7529,6.96,264.99,0.788235294117647
190146,22,0.6706,0.9461,0.7529,7.05,275.28,0.788235294117647
190146,23,0.6705,0.9488,0.7529,7.08,286.37,0.788235294117647
190146,24,0.6706,0.9501,0.7412,7.09,297.58,0.788235294117647
190146,25,0.6704,0.9501,0.7412,7.14,304.31,0.788235294117647
190146,26,0.6706,0.954,0.7412,7.13,309.71,0.788235294117647
190146,27,0.6713,0.9566,0.7412,7.21,317.93,0.788235294117647
190146,28,0.6715,0.9606,0.7412,7.32,332.46,0.788235294117647
190146,29,0.6717,0.9619,0.7412,7.52,347.93,0.788235294117647
190146,30,0.6719,0.9619,0.7412,7.54,358.39,0.788235294117647
190146,31,0.672,0.9619,0.7412,7.7,368.88,0.788235294117647
190146,32,0.6721,0.9632,0.7412,7.82,384.09,0.788235294117647
190146,33,0.6719,0.9632,0.7412,7.88,397.53,0.788235294117647
190146,34,0.6719,0.9632,0.7412,7.98,409.69,0.788235294117647
190146,35,0.6721,0.9658,0.7412,8.05,427.36,0.788235294117647
190146,36,0.6722,0.9645,0.7412,8.12,441.1,0.788235294117647
190146,37,0.6725,0.9645,0.7412,8.19,449.77,0.788235294117647
190146,38,0.6724,0.9645,0.7412,8.14,460.74,0.788235294117647
190146,39,0.6725,0.9658,0.7412,8.23,468.23,0.788235294117647
190146,40,0.6727,0.9658,0.7412,8.32,475.82,0.788235294117647
190146,41,0.6727,0.9658,0.7412,8.43,487.0,0.788235294117647
190146,42,0.6726,0.9671,0.7412,8.44,493.63,0.788235294117647
190146,43,0.6724,0.9711,0.7412,8.54,498.69,0.788235294117647
190146,44,0.6722,0.9724,0.7412,8.5,504.22,0.788235294117647
190146,45,0.6722,0.9724,0.7412,8.51,507.76,0.788235294117647
190146,46,0.6725,0.9737,0.7412,8.5,512.17,0.788235294117647
190146,47,0.6725,0.975,0.7412,8.52,522.95,0.788235294117647
190146,48,0.6727,0.975,0.7412,8.54,534.34,0.788235294117647
190146,49,0.6727,0.9763,0.7412,8.55,541.64,0.788235294117647
168784,0,0.616,0.7342,0.7282,4.56,204.26,0.8205128205128205
168784,1,0.616,0.7342,0.7282,4.56,204.26,0.8205128205128205
168784,2,0.6317,0.7881,0.7385,13.63,1054.4,0.8205128205128205
168784,3,0.6383,0.8162,0.7538,14.34,1087.28,0.8205128205128205
168784,4,0.6426,0.8299,0.7487,13.59,1136.84,0.8205128205128205
168784,5,0.6456,0.8419,0.7538,12.87,1102.64,0.8205128205128205
168784,6,0.6471,0.8482,0.7538,12.41,1122.48,0.8205128205128205
168784,7,0.6481,0.8545,0.7538,11.6,1096.84,0.8205128205128205
168784,8,0.6491,0.8608,0.7487,10.84,1047.65,0.8205128205128205
168784,9,0.6508,0.8614,0.7487,10.25,995.34,0.8205128205128205
168784,10,0.6514,0.8671,0.7487,9.71,980.64,0.8205128205128205
168784,11,0.6514,0.8729,0.7436,9.19,959.81,0.8205128205128205
168784,12,0.6518,0.8757,0.7436,8.9,940.83,0.8205128205128205
168784,13,0.6517,0.878,0.7487,8.61,921.71,0.8205128205128205
168784,14,0.652,0.8792,0.7487,8.39,931.84,0.8205128205128205
168784,15,0.6528,0.8803,0.7538,8.13,989.54,0.8205128205128205
168784,16,0.6535,0.8843,0.7538,7.88,1040.96,0.8205128205128205
168784,17,0.6539,0.8877,0.759,7.7,1082.05,0.8205128205128205
168784,18,0.6542,0.8889,0.7692,7.49,1106.76,0.8205128205128205
168784,19,0.6543,0.8906,0.7692,7.33,1144.69,0.8205128205128205
168784,20,0.6546,0.8946,0.7692,7.24,1176.43,0.8205128205128205
168784,21,0.6549,0.8981,0.7692,7.12,1198.17,0.8205128205128205
168784,22,0.655,0.9021,0.7692,7.18,1250.04,0.8205128205128205
168784,23,0.655,0.9021,0.7692,7.18,1291.82,0.8205128205128205
168784,24,0.6551,0.9061,0.7692,7.05,1316.02,0.8205128205128205
168784,25,0.6553,0.9084,0.7692,7.01,1337.94,0.8205128205128205
168784,26,0.6554,0.9124,0.7692,6.94,1366.75,0.8205128205128205
168784,27,0.6555,0.9129,0.7744,6.93,1388.23,0.8205128205128205
168784,28,0.6556,0.9158,0.7692,6.84,1388.83,0.8205128205128205
168784,29,0.6557,0.917,0.7692,6.79,1393.36,0.8205128205128205
168784,30,0.6557,0.9198,0.7692,6.7,1396.33,0.8205128205128205
168784,31,0.656,0.9233,0.7692,6.63,1390.05,0.8205128205128205
168784,32,0.6561,0.925,0.7744,6.57,1387.54,0.8205128205128205
168784,33,0.6562,0.9261,0.7692,6.51,1385.0,0.8205128205128205
168784,34,0.6562,0.9261,0.7641,6.45,1390.22,0.8205128205128205
168784,35,0.6563,0.9267,0.7692,6.38,1406.89,0.8205128205128205
168784,36,0.6564,0.9273,0.7692,6.31,1419.8,0.8205128205128205
168784,37,0.6563,0.9296,0.7692,6.25,1425.33,0.8205128205128205
168784,38,0.6563,0.9307,0.7692,6.25,1439.09,0.8205128205128205
168784,39,0.6564,0.9313,0.7692,6.23,1440.75,0.8205128205128205
168784,40,0.6565,0.933,0.7692,6.24,1445.93,0.8205128205128205
168784,41,0.6567,0.933,0.7692,6.22,1455.03,0.8205128205128205
168784,42,0.6568,0.9341,0.7692,6.22,1473.69,0.8205128205128205
168784,43,0.6567,0.9347,0.7692,6.2,1492.29,0.8205128205128205
168784,44,0.6569,0.9353,0.7692,6.2,1532.55,0.8205128205128205
168784,45,0.6568,0.9364,0.7744,6.21,1598.05,0.8205128205128205
168784,46,0.6569,0.9399,0.7795,6.18,1652.4,0.8205128205128205
168784,47,0.6569,0.9387,0.7744,6.15,1701.39,0.8205128205128205
168784,48,0.657,0.9404,0.7795,6.15,1779.74,0.8205128205128205
168784,49,0.6571,0.9416,0.7846,6.11,1853.22,0.8205128205128205
190146,0,0.6506,0.8121,0.7176,7.75,137.13,0.7764705882352941
190146,1,0.6506,0.8121,0.7176,7.75,137.13,0.7764705882352941
190146,2,0.6555,0.8896,0.7647,13.7,495.44,0.7764705882352941
190146,3,0.66,0.929,0.7647,14.68,578.49,0.7764705882352941
190146,4,0.6628,0.9501,0.7412,14.6,585.86,0.7764705882352941
190146,5,0.6658,0.9606,0.7412,13.35,540.49,0.7764705882352941
190146,6,0.6674,0.9671,0.7412,13.01,551.81,0.7764705882352941
190146,7,0.6676,0.9711,0.7412,12.65,579.25,0.7764705882352941
190146,8,0.6679,0.9763,0.7176,12.28,634.4,0.7764705882352941
190146,9,0.6681,0.9763,0.7412,12.01,656.39,0.7764705882352941
190146,10,0.6688,0.9816,0.7412,11.77,667.03,0.7764705882352941
190146,11,0.6701,0.9842,0.7412,11.17,674.96,0.7764705882352941
190146,12,0.6709,0.9842,0.7647,10.75,665.74,0.7764705882352941
190146,13,0.6716,0.9869,0.7647,10.23,645.66,0.7764705882352941
190146,14,0.6718,0.9869,0.7647,9.93,626.86,0.7764705882352941
190146,15,0.6724,0.9882,0.7529,9.54,607.48,0.7764705882352941
190146,16,0.6726,0.9869,0.7529,9.17,586.48,0.7764705882352941
190146,17,0.6732,0.9882,0.7529,8.77,568.29,0.7764705882352941
190146,18,0.673,0.9895,0.7529,8.43,560.1,0.7764705882352941
190146,19,0.6735,0.9934,0.7529,8.13,562.92,0.7764705882352941
190146,20,0.6734,0.9934,0.7529,7.83,549.59,0.7764705882352941
190146,21,0.6736,0.9934,0.7529,7.53,540.5,0.7764705882352941
190146,22,0.6742,0.9934,0.7529,7.26,541.25,0.7764705882352941
190146,23,0.674,0.9934,0.7529,7.03,545.71,0.7764705882352941
190146,24,0.6741,0.9934,0.7529,6.79,551.28,0.7764705882352941
190146,25,0.6743,0.9947,0.7529,6.59,559.12,0.7764705882352941
190146,26,0.6745,0.9947,0.7529,6.41,563.53,0.7764705882352941
190146,27,0.6744,0.9947,0.7529,6.22,566.42,0.7764705882352941
190146,28,0.6744,0.9947,0.7529,6.05,566.86,0.7764705882352941
190146,29,0.6744,0.9947,0.7529,5.92,565.85,0.7764705882352941
190146,30,0.6744,0.9947,0.7529,5.8,565.98,0.7764705882352941
190146,31,0.6745,0.9947,0.7529,5.68,562.66,0.7764705882352941
190146,32,0.6744,0.9947,0.7412,5.57,558.17,0.7764705882352941
190146,33,0.6744,0.9947,0.7412,5.47,551.85,0.7764705882352941
190146,34,0.6746,0.9947,0.7529,5.39,545.97,0.7764705882352941
190146,35,0.6748,0.9947,0.7529,5.37,540.39,0.7764705882352941
190146,36,0.675,0.9947,0.7412,5.41,536.39,0.7764705882352941
190146,37,0.6751,0.9947,0.7412,5.38,530.63,0.7764705882352941
190146,38,0.6752,0.9961,0.7412,5.38,524.95,0.7764705882352941
190146,39,0.6753,0.9947,0.7412,5.36,519.14,0.7764705882352941
190146,40,0.6753,0.9947,0.7412,5.35,512.99,0.7764705882352941
190146,41,0.6752,0.9947,0.7294,5.37,507.22,0.7764705882352941
190146,42,0.6753,0.9934,0.7294,5.37,502.61,0.7764705882352941
190146,43,0.6754,0.9921,0.7412,5.34,499.03,0.7764705882352941
190146,44,0.6756,0.9921,0.7412,5.35,496.8,0.7764705882352941
190146,45,0.6755,0.9921,0.7412,5.37,494.44,0.7764705882352941
190146,46,0.6755,0.9921,0.7412,5.36,491.56,0.7764705882352941
190146,47,0.6755,0.9921,0.7412,5.39,488.1,0.7764705882352941
190146,48,0.6754,0.9934,0.7412,5.41,485.29,0.7764705882352941
190146,49,0.6755,0.9947,0.7294,5.47,483.36,0.7764705882352941
2073,0,0.484,0.585,0.6376,11.21,94.79,0.7181208053691275
2073,1,0.484,0.585,0.6376,11.21,94.79,0.7181208053691275
2073,2,0.4926,0.5978,0.6376,13.1,131.79,0.7181208053691275
2073,3,0.4957,0.5963,0.6376,13.98,115.33,0.7181208053691275
2073,4,0.5007,0.5948,0.6376,13.97,101.44,0.7181208053691275
2073,5,0.5048,0.6022,0.6309,13.85,91.48,0.7181208053691275
2073,6,0.5064,0.6052,0.6443,13.04,83.26,0.7181208053691275
2073,7,0.5044,0.6052,0.6443,13.08,81.07,0.7181208053691275
2073,8,0.5056,0.6052,0.6309,12.9,77.84,0.7181208053691275
2073,9,0.506,0.6045,0.6309,12.82,74.56,0.7181208053691275
2073,10,0.5079,0.6037,0.6242,12.36,70.65,0.7181208053691275
2073,11,0.5095,0.6082,0.6309,11.84,67.24,0.7181208053691275
2073,12,0.5112,0.6097,0.6309,11.59,64.19,0.7181208053691275
2073,13,0.5127,0.609,0.6376,11.46,61.13,0.7181208053691275
2073,14,0.5144,0.6112,0.6443,11.19,58.76,0.7181208053691275
2073,15,0.5146,0.6105,0.6443,11.22,57.6,0.7181208053691275
2073,16,0.5147,0.6112,0.651,11.23,56.51,0.7181208053691275
2073,17,0.5162,0.6105,0.6443,11.04,54.93,0.7181208053691275
2073,18,0.5168,0.6097,0.651,10.85,53.52,0.7181208053691275
2073,19,0.5173,0.609,0.651,10.82,52.55,0.7181208053691275
2073,20,0.5179,0.6105,0.651,10.74,51.47,0.7181208053691275
2073,21,0.5189,0.6112,0.651,10.56,50.26,0.7181208053691275
2073,22,0.5195,0.6105,0.651,10.61,52.25,0.7181208053691275
2073,23,0.5195,0.6127,0.651,10.74,54.36,0.7181208053691275
2073,24,0.5193,0.6142,0.651,10.92,56.5,0.7181208053691275
2073,25,0.5198,0.6165,0.6443,10.84,58.48,0.7181208053691275
2073,26,0.5201,0.6165,0.6443,10.91,60.96,0.7181208053691275
2073,27,0.521,0.6157,0.651,10.96,62.04,0.7181208053691275
2073,28,0.5215,0.615,0.651,10.97,63.98,0.7181208053691275
2073,29,0.522,0.618,0.651,11.07,65.18,0.7181208053691275
2073,30,0.5226,0.6195,0.651,10.92,64.61,0.7181208053691275
2073,31,0.5234,0.6195,0.651,10.82,64.12,0.7181208053691275
2073,32,0.5241,0.618,0.651,10.72,63.33,0.7181208053691275
2073,33,0.5247,0.6187,0.651,10.73,62.86,0.7181208053691275
2073,34,0.5253,0.618,0.651,10.65,62.03,0.7181208053691275
2073,35,0.5256,0.6187,0.6577,10.52,61.31,0.7181208053691275
2073,36,0.5259,0.6202,0.6577,10.46,61.25,0.7181208053691275
2073,37,0.5261,0.6225,0.6577,10.35,61.13,0.7181208053691275
2073,38,0.5261,0.6225,0.6644,10.29,60.86,0.7181208053691275
2073,39,0.5266,0.6217,0.6644,10.2,60.72,0.7181208053691275
2073,40,0.5267,0.6202,0.6644,10.15,60.76,0.7181208053691275
2073,41,0.527,0.621,0.6644,10.13,60.68,0.7181208053691275
2073,42,0.5273,0.6217,0.6644,10.11,60.74,0.7181208053691275
2073,43,0.5273,0.6247,0.6644,10.14,61.16,0.7181208053691275
2073,44,0.5273,0.6255,0.6644,10.15,61.89,0.7181208053691275
2073,45,0.5275,0.6255,0.6644,10.11,62.29,0.7181208053691275
2073,46,0.5274,0.624,0.6644,10.13,62.27,0.7181208053691275
2073,47,0.5276,0.6232,0.6711,10.1,61.9,0.7181208053691275
2073,48,0.5276,0.6262,0.6711,10.18,65.81,0.7181208053691275
2073,49,0.528,0.6262,0.6711,10.28,71.43,0.7181208053691275
359954,0,0.4573,0.577,0.527,16.44,126.69,0.6756756756756757
359954,1,0.4573,0.577,0.527,16.44,126.69,0.6756756756756757
359954,2,0.4749,0.6692,0.5676,18.87,265.65,0.6756756756756757
359954,3,0.4868,0.6994,0.5811,17.05,305.06,0.6756756756756757
359954,4,0.4953,0.7356,0.5946,15.46,300.57,0.6756756756756757
359954,5,0.5002,0.7553,0.6216,13.89,285.36,0.6756756756756757
359954,6,0.501,0.7674,0.6216,12.25,261.87,0.6756756756756757
359954,7,0.5042,0.7749,0.6351,10.91,239.88,0.6756756756756757
359954,8,0.5067,0.7825,0.6351,9.88,233.09,0.6756756756756757
359954,9,0.5089,0.7931,0.6622,9.04,242.17,0.6756756756756757
359954,10,0.5093,0.7961,0.6351,8.24,238.05,0.6756756756756757
359954,11,0.51,0.7976,0.6351,7.6,239.35,0.6756756756756757
359954,12,0.511,0.8036,0.6351,7.07,232.11,0.6756756756756757
359954,13,0.5113,0.8051,0.6486,6.62,228.28,0.6756756756756757
359954,14,0.5116,0.8021,0.6351,6.23,226.19,0.6756756756756757
359954,15,0.5123,0.8082,0.6486,5.9,230.01,0.6756756756756757
359954,16,0.5127,0.8097,0.6486,5.61,228.34,0.6756756756756757
359954,17,0.5128,0.8157,0.6486,5.36,225.88,0.6756756756756757
359954,18,0.5131,0.8187,0.6351,5.12,223.53,0.6756756756756757
359954,19,0.5138,0.8233,0.6351,4.92,221.56,0.6756756756756757
359954,20,0.5137,0.8248,0.6351,5.11,232.55,0.6756756756756757
359954,21,0.5137,0.8293,0.6351,5.25,231.78,0.6756756756756757
359954,22,0.5148,0.8308,0.6486,5.32,230.43,0.6756756756756757
359954,23,0.5144,0.8323,0.6486,5.36,228.56,0.6756756756756757
359954,24,0.5146,0.8338,0.6486,5.43,227.3,0.6756756756756757
359954,25,0.5148,0.8353,0.6486,5.63,223.31,0.6756756756756757
359954,26,0.5149,0.8338,0.6486,5.67,220.84,0.6756756756756757
359954,27,0.5152,0.8353,0.6486,5.75,217.73,0.6756756756756757
359954,28,0.5158,0.8353,0.6486,5.87,218.24,0.6756756756756757
359954,29,0.5161,0.8353,0.6486,5.96,218.29,0.6756756756756757
359954,30,0.516,0.8353,0.6486,6.02,220.63,0.6756756756756757
359954,31,0.5162,0.8323,0.6486,6.04,219.53,0.6756756756756757
359954,32,0.5162,0.8338,0.6486,6.04,218.4,0.6756756756756757
359954,33,0.5163,0.8353,0.6486,6.0,217.38,0.6756756756756757
359954,34,0.5165,0.8353,0.6486,5.96,219.4,0.6756756756756757
359954,35,0.5165,0.8384,0.6486,5.88,224.11,0.6756756756756757
359954,36,0.5166,0.8414,0.6486,5.78,228.16,0.6756756756756757
359954,37,0.5169,0.8459,0.6486,5.7,231.66,0.6756756756756757
359954,38,0.5172,0.8429,0.6486,5.61,235.11,0.6756756756756757
359954,39,0.5171,0.8459,0.6486,5.53,238.12,0.6756756756756757
359954,40,0.517,0.8489,0.6486,5.45,241.12,0.6756756756756757
359954,41,0.5171,0.8489,0.6486,5.39,246.01,0.6756756756756757
359954,42,0.5173,0.855,0.6486,5.45,252.68,0.6756756756756757
359954,43,0.5174,0.855,0.6486,5.51,259.26,0.6756756756756757
359954,44,0.5175,0.8565,0.6622,5.61,265.09,0.6756756756756757
359954,45,0.5175,0.8565,0.6622,5.7,269.47,0.6756756756756757
359954,46,0.5177,0.858,0.6622,5.8,274.19,0.6756756756756757
359954,47,0.5178,0.8595,0.6622,5.92,282.15,0.6756756756756757
359954,48,0.5183,0.861,0.6622,5.97,293.96,0.6756756756756757
359954,49,0.5184,0.8595,0.6622,6.03,302.9,0.6756756756756757
