run_id,generation,avg_tree_test_acc,ensemble_train_acc,ensemble_test_acc,height_var,leaves_var,RF_baseline
2073,0,0.4719,0.567,0.6107,11.39,91.13,0.7181208053691275
2073,1,0.4719,0.567,0.6107,11.39,91.13,0.7181208053691275
2073,2,0.4872,0.5963,0.6309,17.76,152.38,0.7181208053691275
2073,3,0.4982,0.6075,0.6443,22.94,220.78,0.7181208053691275
2073,4,0.5055,0.6195,0.6577,26.08,268.52,0.7181208053691275
2073,5,0.5113,0.6337,0.6577,25.08,280.74,0.7181208053691275
2073,6,0.5167,0.6457,0.6577,24.47,286.15,0.7181208053691275
2073,7,0.5207,0.6494,0.6577,23.78,289.11,0.7181208053691275
2073,8,0.5231,0.6539,0.6644,23.21,305.32,0.7181208053691275
2073,9,0.5251,0.6592,0.6644,23.26,341.22,0.7181208053691275
2073,10,0.5268,0.6622,0.6711,23.25,395.38,0.7181208053691275
2073,11,0.5275,0.6629,0.6711,24.11,538.97,0.7181208053691275
2073,12,0.5283,0.6689,0.6779,24.11,640.09,0.7181208053691275
2073,13,0.5294,0.6779,0.6846,24.45,726.45,0.7181208053691275
2073,14,0.5298,0.6794,0.6779,24.63,810.66,0.7181208053691275
2073,15,0.53,0.6831,0.6846,24.51,902.2,0.7181208053691275
2073,16,0.5301,0.6876,0.6913,24.31,1025.27,0.7181208053691275
2073,17,0.53,0.6914,0.6913,24.3,1146.87,0.7181208053691275
2073,18,0.5299,0.6966,0.6913,24.36,1363.42,0.7181208053691275
2073,19,0.5292,0.7026,0.6913,24.42,1687.1,0.7181208053691275
2073,20,0.5286,0.7116,0.6913,24.35,2076.54,0.7181208053691275
2073,21,0.5283,0.7169,0.6913,24.36,2449.16,0.7181208053691275
2073,22,0.5279,0.7213,0.698,24.65,2836.78,0.7181208053691275
2073,23,0.5271,0.7281,0.698,24.58,3222.9,0.7181208053691275
2073,24,0.5265,0.7296,0.698,24.33,3598.37,0.7181208053691275
2073,25,0.5259,0.7333,0.7047,24.17,3963.98,0.7181208053691275
2073,26,0.5251,0.7393,0.7047,24.17,4405.7,0.7181208053691275
2073,27,0.5245,0.7446,0.7047,24.17,4861.25,0.7181208053691275
2073,28,0.5237,0.7506,0.7047,24.4,5378.04,0.7181208053691275
2073,29,0.5228,0.7573,0.7047,24.59,5990.55,0.7181208053691275
2073,30,0.5222,0.7618,0.7047,24.67,6532.99,0.7181208053691275
2073,31,0.5216,0.7685,0.7047,24.78,7060.98,0.7181208053691275
2073,32,0.5209,0.7738,0.7047,24.89,7638.53,0.7181208053691275
2073,33,0.5204,0.7835,0.7047,25.11,8146.07,0.7181208053691275
2073,34,0.5197,0.7865,0.7047,25.27,8669.99,0.7181208053691275
2073,35,0.5192,0.791,0.698,25.3,9184.17,0.7181208053691275
2073,36,0.5187,0.7948,0.698,25.37,9686.62,0.7181208053691275
2073,37,0.5184,0.7993,0.698,25.4,10190.65,0.7181208053691275
2073,38,0.5179,0.8052,0.698,25.36,10692.7,0.7181208053691275
2073,39,0.5177,0.8112,0.698,25.26,11194.68,0.7181208053691275
2073,40,0.5175,0.8157,0.698,25.28,11626.18,0.7181208053691275
2073,41,0.517,0.8202,0.698,25.35,12047.97,0.7181208053691275
2073,42,0.5165,0.8247,0.6913,25.37,12415.21,0.7181208053691275
2073,43,0.5162,0.83,0.6913,25.38,12718.74,0.7181208053691275
2073,44,0.5159,0.8352,0.6913,25.23,13014.08,0.7181208053691275
2073,45,0.5155,0.839,0.6913,25.26,13245.52,0.7181208053691275
2073,46,0.5151,0.8412,0.6913,25.27,13480.06,0.7181208053691275
2073,47,0.5149,0.8457,0.6913,25.23,13703.52,0.7181208053691275
2073,48,0.5146,0.8487,0.6913,25.11,13911.48,0.7181208053691275
2073,49,0.5144,0.8494,0.698,25.1,14082.26,0.7181208053691275
2073,0,0.4734,0.5685,0.5503,14.89,237.69,0.7248322147651006
2073,1,0.4734,0.5685,0.5503,14.89,237.69,0.7248322147651006
2073,2,0.4812,0.6045,0.5973,21.21,528.78,0.7248322147651006
2073,3,0.4894,0.6322,0.6174,28.63,942.88,0.7248322147651006
2073,4,0.4948,0.6427,0.6242,31.29,1272.33,0.7248322147651006
2073,5,0.4957,0.6547,0.6376,31.18,1367.39,0.7248322147651006
2073,6,0.4969,0.6577,0.6376,30.76,1497.36,0.7248322147651006
2073,7,0.4983,0.6659,0.6376,30.94,1631.02,0.7248322147651006
2073,8,0.4975,0.6712,0.6376,31.88,1784.34,0.7248322147651006
2073,9,0.4987,0.6779,0.6376,31.92,2025.03,0.7248322147651006
2073,10,0.4991,0.6839,0.6443,31.87,2292.6,0.7248322147651006
2073,11,0.4994,0.6936,0.6376,31.63,2590.69,0.7248322147651006
2073,12,0.4997,0.7004,0.6376,31.21,2865.32,0.7248322147651006
2073,13,0.5006,0.7056,0.6376,30.97,3092.35,0.7248322147651006
2073,14,0.5006,0.7094,0.6309,30.55,3285.47,0.7248322147651006
2073,15,0.5008,0.7184,0.6309,30.07,3489.91,0.7248322147651006
2073,16,0.5004,0.7213,0.6309,30.25,3599.43,0.7248322147651006
2073,17,0.5005,0.7258,0.6376,29.86,3755.43,0.7248322147651006
2073,18,0.5007,0.7311,0.6376,29.75,3905.83,0.7248322147651006
2073,19,0.5013,0.7356,0.6376,29.53,4023.39,0.7248322147651006
2073,20,0.5011,0.7371,0.6376,29.26,4219.1,0.7248322147651006
2073,21,0.5008,0.7423,0.6443,29.03,4534.42,0.7248322147651006
2073,22,0.5009,0.7476,0.651,29.01,5005.54,0.7248322147651006
2073,23,0.501,0.7498,0.651,29.31,5522.2,0.7248322147651006
2073,24,0.501,0.7581,0.651,29.49,6003.11,0.7248322147651006
2073,25,0.5008,0.7618,0.651,29.79,6578.59,0.7248322147651006
2073,26,0.501,0.7723,0.651,29.72,7188.5,0.7248322147651006
2073,27,0.5011,0.7738,0.6577,29.73,7753.76,0.7248322147651006
2073,28,0.5012,0.7813,0.6577,29.65,8264.42,0.7248322147651006
2073,29,0.501,0.791,0.6577,29.79,8715.23,0.7248322147651006
2073,30,0.5012,0.7978,0.6577,29.9,9178.07,0.7248322147651006
2073,31,0.5011,0.8052,0.6577,30.06,9589.25,0.7248322147651006
2073,32,0.5011,0.809,0.6577,30.02,9865.79,0.7248322147651006
2073,33,0.5014,0.818,0.6644,30.0,10155.33,0.7248322147651006
2073,34,0.5013,0.8225,0.6644,30.07,10463.29,0.7248322147651006
2073,35,0.5012,0.8277,0.6644,30.19,10793.85,0.7248322147651006
2073,36,0.5015,0.83,0.6644,30.16,11087.85,0.7248322147651006
2073,37,0.5016,0.833,0.6779,30.22,11377.61,0.7248322147651006
2073,38,0.5016,0.836,0.6779,30.21,11573.21,0.7248322147651006
2073,39,0.5016,0.8404,0.6779,30.16,11765.31,0.7248322147651006
2073,40,0.5017,0.8442,0.6779,30.05,11960.67,0.7248322147651006
2073,41,0.5017,0.8457,0.6846,30.02,12103.09,0.7248322147651006
2073,42,0.5017,0.8479,0.6846,29.96,12231.03,0.7248322147651006
2073,43,0.5017,0.8509,0.6913,29.8,12380.53,0.7248322147651006
2073,44,0.5018,0.8539,0.6913,29.71,12506.06,0.7248322147651006
2073,45,0.5018,0.8577,0.6913,29.51,12586.65,0.7248322147651006
2073,46,0.5015,0.8614,0.6913,29.38,12669.83,0.7248322147651006
2073,47,0.5016,0.8629,0.6913,29.27,12733.27,0.7248322147651006
2073,48,0.5015,0.8659,0.6913,29.18,12795.39,0.7248322147651006
2073,49,0.5014,0.8674,0.6913,28.99,12816.33,0.7248322147651006
190146,0,0.6531,0.8279,0.7294,5.91,126.77,0.7529411764705882
190146,1,0.6531,0.8279,0.7294,5.91,126.77,0.7529411764705882
190146,2,0.6553,0.8712,0.7176,8.12,228.5,0.7529411764705882
190146,3,0.6587,0.9146,0.7176,9.63,337.7,0.7529411764705882
190146,4,0.6609,0.9356,0.7059,10.25,379.94,0.7529411764705882
190146,5,0.661,0.9448,0.7059,10.14,424.32,0.7529411764705882
190146,6,0.6627,0.9514,0.7294,10.31,442.0,0.7529411764705882
190146,7,0.6651,0.9553,0.7176,10.63,454.5,0.7529411764705882
190146,8,0.6666,0.9606,0.7176,10.58,468.91,0.7529411764705882
190146,9,0.6673,0.9658,0.7176,10.32,482.86,0.7529411764705882
190146,10,0.6672,0.9711,0.7294,10.33,488.77,0.7529411764705882
190146,11,0.6676,0.9737,0.7176,10.04,516.73,0.7529411764705882
190146,12,0.6689,0.9763,0.7294,9.98,541.77,0.7529411764705882
190146,13,0.6695,0.9763,0.7176,9.94,562.48,0.7529411764705882
190146,14,0.6697,0.9816,0.7176,9.97,581.91,0.7529411764705882
190146,15,0.67,0.9829,0.7176,9.84,605.86,0.7529411764705882
190146,16,0.6699,0.9842,0.7176,9.63,625.14,0.7529411764705882
190146,17,0.6705,0.9842,0.7176,9.45,646.48,0.7529411764705882
190146,18,0.6709,0.9869,0.7176,9.39,668.14,0.7529411764705882
190146,19,0.6708,0.9895,0.7176,9.28,685.69,0.7529411764705882
190146,20,0.6711,0.9908,0.7294,9.22,696.97,0.7529411764705882
190146,21,0.6717,0.9908,0.7294,9.14,706.88,0.7529411764705882
190146,22,0.6718,0.9921,0.7176,9.03,715.71,0.7529411764705882
190146,23,0.6723,0.9921,0.7176,8.93,729.89,0.7529411764705882
190146,24,0.6725,0.9934,0.7176,8.96,749.73,0.7529411764705882
190146,25,0.6723,0.9934,0.7294,9.02,768.61,0.7529411764705882
190146,26,0.6726,0.9961,0.7294,9.07,780.62,0.7529411764705882
190146,27,0.6728,0.9974,0.7412,9.07,788.36,0.7529411764705882
190146,28,0.6728,0.9974,0.7412,9.02,795.9,0.7529411764705882
190146,29,0.6727,0.9974,0.7412,8.92,799.06,0.7529411764705882
190146,30,0.673,0.9974,0.7412,8.84,799.46,0.7529411764705882
190146,31,0.6732,0.9974,0.7412,8.84,804.09,0.7529411764705882
190146,32,0.6731,0.9974,0.7412,8.86,811.39,0.7529411764705882
190146,33,0.673,0.9974,0.7412,8.86,815.38,0.7529411764705882
190146,34,0.673,0.9974,0.7412,8.89,818.69,0.7529411764705882
190146,35,0.6729,0.9987,0.7412,8.87,821.56,0.7529411764705882
190146,36,0.673,0.9987,0.7412,8.8,823.64,0.7529411764705882
190146,37,0.6732,0.9987,0.7412,8.83,824.28,0.7529411764705882
190146,38,0.6732,0.9987,0.7412,8.8,823.57,0.7529411764705882
190146,39,0.673,0.9987,0.7412,8.77,825.34,0.7529411764705882
190146,40,0.673,1.0,0.7412,8.8,824.31,0.7529411764705882
190146,41,0.6729,1.0,0.7412,8.74,822.09,0.7529411764705882
190146,42,0.6729,1.0,0.7412,8.7,819.41,0.7529411764705882
190146,43,0.673,1.0,0.7412,8.67,817.34,0.7529411764705882
190146,44,0.673,1.0,0.7412,8.6,813.33,0.7529411764705882
190146,45,0.673,1.0,0.7412,8.54,809.06,0.7529411764705882
190146,46,0.6729,1.0,0.7412,8.52,806.28,0.7529411764705882
190146,47,0.6731,1.0,0.7412,8.47,801.13,0.7529411764705882
190146,48,0.6732,1.0,0.7412,8.41,796.31,0.7529411764705882
190146,49,0.6732,1.0,0.7412,8.38,792.39,0.7529411764705882
168784,0,0.6092,0.7423,0.7179,4.21,116.28,0.8205128205128205
168784,1,0.6092,0.7423,0.7179,4.21,116.28,0.8205128205128205
168784,2,0.6194,0.7669,0.7231,5.3,215.69,0.8205128205128205
168784,3,0.6306,0.7869,0.7436,7.0,426.41,0.8205128205128205
168784,4,0.6363,0.8058,0.7538,8.17,545.37,0.8205128205128205
168784,5,0.6405,0.815,0.759,8.4,586.92,0.8205128205128205
168784,6,0.6441,0.8242,0.7744,8.42,595.45,0.8205128205128205
168784,7,0.6464,0.8322,0.7641,8.4,605.21,0.8205128205128205
168784,8,0.6474,0.8351,0.7641,8.35,615.1,0.8205128205128205
168784,9,0.6493,0.8379,0.7692,8.4,633.56,0.8205128205128205
168784,10,0.6509,0.8431,0.7692,8.18,656.37,0.8205128205128205
168784,11,0.652,0.8465,0.7744,8.25,710.7,0.8205128205128205
168784,12,0.653,0.8517,0.7692,8.27,758.45,0.8205128205128205
168784,13,0.6536,0.854,0.7744,8.33,858.04,0.8205128205128205
168784,14,0.6543,0.8585,0.7744,8.29,1010.9,0.8205128205128205
168784,15,0.6547,0.8648,0.7744,8.39,1177.06,0.8205128205128205
168784,16,0.6556,0.87,0.7795,8.44,1340.95,0.8205128205128205
168784,17,0.6558,0.874,0.7744,8.48,1539.82,0.8205128205128205
168784,18,0.6558,0.878,0.7692,8.58,1753.12,0.8205128205128205
168784,19,0.6562,0.8855,0.7692,8.7,1988.71,0.8205128205128205
168784,20,0.6561,0.8912,0.7692,8.9,2258.7,0.8205128205128205
168784,21,0.6561,0.894,0.7692,9.22,2523.53,0.8205128205128205
168784,22,0.656,0.8981,0.7692,9.37,2814.75,0.8205128205128205
168784,23,0.6561,0.9032,0.7692,9.53,3067.99,0.8205128205128205
168784,24,0.6563,0.9084,0.7692,9.63,3262.55,0.8205128205128205
168784,25,0.6563,0.9095,0.7692,9.89,3437.17,0.8205128205128205
168784,26,0.6565,0.9141,0.7692,9.98,3612.68,0.8205128205128205
168784,27,0.6566,0.9204,0.7692,10.18,3789.78,0.8205128205128205
168784,28,0.6567,0.9255,0.7795,10.32,3993.44,0.8205128205128205
168784,29,0.6569,0.9313,0.7744,10.35,4193.71,0.8205128205128205
168784,30,0.6571,0.9347,0.7744,10.46,4394.48,0.8205128205128205
168784,31,0.6572,0.941,0.7744,10.55,4635.74,0.8205128205128205
168784,32,0.6572,0.945,0.7744,10.63,4915.4,0.8205128205128205
168784,33,0.6572,0.9485,0.7795,10.7,5199.34,0.8205128205128205
168784,34,0.6573,0.9507,0.7795,10.8,5446.88,0.8205128205128205
168784,35,0.6576,0.9525,0.7795,10.83,5708.15,0.8205128205128205
168784,36,0.6576,0.957,0.7795,10.83,5943.99,0.8205128205128205
168784,37,0.6577,0.9599,0.7795,10.86,6181.08,0.8205128205128205
168784,38,0.658,0.9628,0.7795,10.86,6373.18,0.8205128205128205
168784,39,0.6581,0.9685,0.7795,10.78,6554.44,0.8205128205128205
168784,40,0.6581,0.9731,0.7795,10.79,6719.49,0.8205128205128205
168784,41,0.6583,0.9754,0.7795,10.75,6862.24,0.8205128205128205
168784,42,0.6583,0.9765,0.7795,10.7,6980.51,0.8205128205128205
168784,43,0.6585,0.9782,0.7795,10.7,7072.99,0.8205128205128205
168784,44,0.6586,0.9805,0.7795,10.62,7153.4,0.8205128205128205
168784,45,0.6587,0.9822,0.7846,10.6,7224.36,0.8205128205128205
168784,46,0.6587,0.9822,0.7846,10.57,7287.87,0.8205128205128205
168784,47,0.6589,0.9822,0.7846,10.49,7329.55,0.8205128205128205
168784,48,0.6589,0.9828,0.7897,10.53,7384.13,0.8205128205128205
168784,49,0.6589,0.9834,0.7897,10.49,7418.12,0.8205128205128205
168784,0,0.6181,0.7383,0.7333,3.18,256.73,0.8153846153846154
168784,1,0.6181,0.7383,0.7333,3.18,256.73,0.8153846153846154
168784,2,0.6269,0.7606,0.7333,7.49,661.53,0.8153846153846154
168784,3,0.6348,0.7967,0.7538,11.46,1498.41,0.8153846153846154
168784,4,0.6398,0.8236,0.7641,13.1,1918.23,0.8153846153846154
168784,5,0.6437,0.8482,0.759,14.47,2174.04,0.8153846153846154
168784,6,0.6461,0.8631,0.7641,14.68,2393.09,0.8153846153846154
168784,7,0.6473,0.874,0.7692,14.61,2652.21,0.8153846153846154
168784,8,0.6491,0.8849,0.7692,14.4,2791.96,0.8153846153846154
168784,9,0.6507,0.8923,0.7641,14.19,2889.9,0.8153846153846154
168784,10,0.6521,0.8986,0.7641,13.9,2934.39,0.8153846153846154
168784,11,0.6531,0.9009,0.759,13.32,2934.67,0.8153846153846154
168784,12,0.6537,0.9078,0.759,12.87,2929.8,0.8153846153846154
168784,13,0.6542,0.9112,0.759,12.58,2933.34,0.8153846153846154
168784,14,0.6547,0.9141,0.7641,12.39,2939.35,0.8153846153846154
168784,15,0.655,0.921,0.7641,12.19,2953.69,0.8153846153846154
168784,16,0.6554,0.9284,0.7692,11.93,3007.72,0.8153846153846154
168784,17,0.6558,0.9341,0.7692,11.68,3115.65,0.8153846153846154
168784,18,0.6558,0.9404,0.7692,11.53,3229.23,0.8153846153846154
168784,19,0.6557,0.9427,0.7744,11.42,3348.05,0.8153846153846154
168784,20,0.6564,0.9444,0.7692,11.31,3431.7,0.8153846153846154
168784,21,0.6565,0.9473,0.7744,11.33,3532.28,0.8153846153846154
168784,22,0.6564,0.9525,0.7744,11.11,3643.95,0.8153846153846154
168784,23,0.6565,0.9542,0.7744,11.03,3777.6,0.8153846153846154
168784,24,0.6567,0.9576,0.7744,10.91,3884.45,0.8153846153846154
168784,25,0.6569,0.9599,0.7795,10.91,4015.5,0.8153846153846154
168784,26,0.6569,0.9645,0.7744,10.83,4134.96,0.8153846153846154
168784,27,0.6569,0.9679,0.7692,10.73,4247.17,0.8153846153846154
168784,28,0.657,0.9708,0.7744,10.68,4363.19,0.8153846153846154
168784,29,0.657,0.9719,0.7795,10.69,4488.95,0.8153846153846154
168784,30,0.657,0.9765,0.7846,10.62,4654.62,0.8153846153846154
168784,31,0.6571,0.9794,0.7795,10.65,4770.32,0.8153846153846154
168784,32,0.6571,0.9822,0.7795,10.64,4889.75,0.8153846153846154
168784,33,0.6572,0.984,0.7795,10.62,5016.2,0.8153846153846154
168784,34,0.6574,0.9868,0.7846,10.59,5122.55,0.8153846153846154
168784,35,0.6577,0.9874,0.7846,10.54,5220.75,0.8153846153846154
168784,36,0.6581,0.9885,0.7846,10.48,5292.52,0.8153846153846154
168784,37,0.6581,0.9891,0.7846,10.39,5337.67,0.8153846153846154
168784,38,0.6582,0.9903,0.7846,10.36,5398.5,0.8153846153846154
168784,39,0.6583,0.9914,0.7846,10.33,5429.77,0.8153846153846154
168784,40,0.6583,0.992,0.7897,10.28,5458.04,0.8153846153846154
168784,41,0.6585,0.992,0.7897,10.22,5480.33,0.8153846153846154
168784,42,0.6586,0.9926,0.7949,10.16,5490.73,0.8153846153846154
168784,43,0.6587,0.9931,0.8,10.06,5499.2,0.8153846153846154
168784,44,0.6588,0.9931,0.8,9.99,5490.15,0.8153846153846154
168784,45,0.6589,0.9937,0.8,9.95,5485.19,0.8153846153846154
168784,46,0.6589,0.9943,0.8,9.87,5476.3,0.8153846153846154
168784,47,0.6589,0.9943,0.8,9.86,5460.26,0.8153846153846154
168784,48,0.6589,0.9943,0.7949,9.79,5448.55,0.8153846153846154
168784,49,0.6592,0.9943,0.7949,9.74,5424.53,0.8153846153846154
190146,0,0.6428,0.816,0.7412,2.75,68.38,0.7647058823529411
190146,1,0.6428,0.816,0.7412,2.75,68.38,0.7647058823529411
190146,2,0.6502,0.8515,0.7294,4.94,125.38,0.7647058823529411
190146,3,0.6557,0.8896,0.7412,7.11,211.26,0.7647058823529411
190146,4,0.6598,0.912,0.7412,8.78,268.4,0.7647058823529411
190146,5,0.6615,0.9185,0.7294,9.35,287.46,0.7647058823529411
190146,6,0.6625,0.9317,0.7294,9.31,290.19,0.7647058823529411
190146,7,0.6629,0.9369,0.7294,9.34,297.34,0.7647058823529411
190146,8,0.6639,0.9448,0.7412,9.5,308.98,0.7647058823529411
190146,9,0.6648,0.9514,0.7412,9.75,323.6,0.7647058823529411
190146,10,0.6651,0.9514,0.7294,9.52,334.87,0.7647058823529411
190146,11,0.6657,0.9566,0.7294,9.42,341.66,0.7647058823529411
190146,12,0.6662,0.958,0.7294,9.36,360.04,0.7647058823529411
190146,13,0.6667,0.9619,0.7294,9.36,379.35,0.7647058823529411
190146,14,0.6678,0.9658,0.7294,9.44,409.12,0.7647058823529411
190146,15,0.6679,0.9698,0.7294,9.47,427.69,0.7647058823529411
190146,16,0.6681,0.9711,0.7294,9.44,456.08,0.7647058823529411
190146,17,0.6685,0.9724,0.7294,9.45,480.3,0.7647058823529411
190146,18,0.6687,0.9724,0.7294,9.46,506.15,0.7647058823529411
190146,19,0.669,0.9737,0.7294,9.38,527.66,0.7647058823529411
190146,20,0.669,0.9763,0.7294,9.42,544.72,0.7647058823529411
190146,21,0.6692,0.9763,0.7294,9.35,559.89,0.7647058823529411
190146,22,0.6697,0.9763,0.7294,9.41,574.56,0.7647058823529411
190146,23,0.6702,0.9763,0.7294,9.41,586.29,0.7647058823529411
190146,24,0.6707,0.9763,0.7294,9.6,600.8,0.7647058823529411
190146,25,0.6709,0.979,0.7294,9.62,614.03,0.7647058823529411
190146,26,0.671,0.9816,0.7294,9.63,628.62,0.7647058823529411
190146,27,0.6713,0.9829,0.7294,9.64,639.57,0.7647058823529411
190146,28,0.6715,0.9869,0.7294,9.68,654.09,0.7647058823529411
190146,29,0.6714,0.9882,0.7294,9.66,666.43,0.7647058823529411
190146,30,0.6713,0.9882,0.7294,9.61,680.93,0.7647058823529411
190146,31,0.6716,0.9908,0.7294,9.7,697.63,0.7647058823529411
190146,32,0.6716,0.9908,0.7294,9.75,715.84,0.7647058823529411
190146,33,0.6717,0.9908,0.7294,9.71,737.75,0.7647058823529411
190146,34,0.6717,0.9908,0.7294,9.65,751.36,0.7647058823529411
190146,35,0.6716,0.9908,0.7294,9.78,770.52,0.7647058823529411
190146,36,0.6716,0.9908,0.7412,9.74,790.74,0.7647058823529411
190146,37,0.6717,0.9908,0.7412,9.75,810.04,0.7647058823529411
190146,38,0.6717,0.9921,0.7412,9.7,827.84,0.7647058823529411
190146,39,0.6716,0.9934,0.7412,9.68,841.58,0.7647058823529411
190146,40,0.6718,0.9934,0.7294,9.67,854.76,0.7647058823529411
190146,41,0.6717,0.9934,0.7412,9.7,865.37,0.7647058823529411
190146,42,0.6718,0.9947,0.7412,9.73,874.62,0.7647058823529411
190146,43,0.6717,0.9947,0.7294,9.66,882.62,0.7647058823529411
190146,44,0.6716,0.9947,0.7412,9.67,891.33,0.7647058823529411
190146,45,0.6716,0.9947,0.7412,9.64,896.99,0.7647058823529411
190146,46,0.6715,0.9961,0.7412,9.62,904.68,0.7647058823529411
190146,47,0.6715,0.9961,0.7412,9.6,908.82,0.7647058823529411
190146,48,0.6715,0.9961,0.7412,9.58,911.12,0.7647058823529411
190146,49,0.6714,0.9961,0.7412,9.52,913.37,0.7647058823529411
190146,0,0.6516,0.841,0.7412,5.43,171.09,0.7529411764705882
190146,1,0.6516,0.841,0.7412,5.43,171.09,0.7529411764705882
190146,2,0.6572,0.883,0.7294,7.32,323.59,0.7529411764705882
190146,3,0.6604,0.9264,0.7294,8.72,506.72,0.7529411764705882
190146,4,0.6627,0.9488,0.7412,10.26,607.79,0.7529411764705882
190146,5,0.6625,0.9606,0.7294,10.66,649.49,0.7529411764705882
190146,6,0.6644,0.9671,0.7294,10.62,679.79,0.7529411764705882
190146,7,0.6647,0.9724,0.7294,10.39,713.84,0.7529411764705882
190146,8,0.6659,0.9777,0.7176,10.09,740.4,0.7529411764705882
190146,9,0.667,0.9829,0.7176,9.72,747.85,0.7529411764705882
190146,10,0.6672,0.9855,0.7176,9.38,764.47,0.7529411764705882
190146,11,0.6673,0.9908,0.7294,9.04,780.77,0.7529411764705882
190146,12,0.6676,0.9947,0.7294,8.56,785.75,0.7529411764705882
190146,13,0.668,0.9961,0.7294,8.24,794.4,0.7529411764705882
190146,14,0.6686,0.9974,0.7294,8.21,804.6,0.7529411764705882
190146,15,0.6683,0.9974,0.7294,8.2,819.05,0.7529411764705882
190146,16,0.669,0.9974,0.7412,8.24,835.54,0.7529411764705882
190146,17,0.6695,0.9974,0.7529,8.09,848.92,0.7529411764705882
190146,18,0.6698,0.9974,0.7529,7.93,853.06,0.7529411764705882
190146,19,0.6703,0.9987,0.7529,7.73,851.36,0.7529411764705882
190146,20,0.67,0.9987,0.7529,7.69,851.02,0.7529411764705882
190146,21,0.6703,0.9987,0.7529,7.56,847.53,0.7529411764705882
190146,22,0.6705,1.0,0.7529,7.45,842.1,0.7529411764705882
190146,23,0.6708,1.0,0.7529,7.31,839.24,0.7529411764705882
190146,24,0.6708,1.0,0.7529,7.21,836.82,0.7529411764705882
190146,25,0.6709,1.0,0.7529,7.09,830.66,0.7529411764705882
190146,26,0.6712,1.0,0.7529,6.94,823.53,0.7529411764705882
190146,27,0.6713,1.0,0.7529,6.91,818.33,0.7529411764705882
190146,28,0.6712,1.0,0.7529,6.81,813.25,0.7529411764705882
190146,29,0.6712,1.0,0.7529,6.79,810.0,0.7529411764705882
190146,30,0.6709,1.0,0.7529,6.76,802.65,0.7529411764705882
190146,31,0.6709,1.0,0.7529,6.73,797.42,0.7529411764705882
190146,32,0.6709,1.0,0.7529,6.71,791.87,0.7529411764705882
190146,33,0.6709,1.0,0.7529,6.71,784.7,0.7529411764705882
190146,34,0.671,1.0,0.7529,6.67,776.24,0.7529411764705882
190146,35,0.6708,1.0,0.7529,6.67,769.01,0.7529411764705882
190146,36,0.671,1.0,0.7529,6.63,763.97,0.7529411764705882
190146,37,0.6712,1.0,0.7529,6.6,755.97,0.7529411764705882
190146,38,0.6714,1.0,0.7529,6.57,748.07,0.7529411764705882
190146,39,0.6715,1.0,0.7529,6.51,738.47,0.7529411764705882
190146,40,0.6715,1.0,0.7529,6.43,730.89,0.7529411764705882
190146,41,0.6717,1.0,0.7529,6.41,722.58,0.7529411764705882
190146,42,0.6719,1.0,0.7529,6.34,714.26,0.7529411764705882
190146,43,0.672,1.0,0.7529,6.28,704.97,0.7529411764705882
190146,44,0.6722,1.0,0.7529,6.26,696.87,0.7529411764705882
190146,45,0.6725,1.0,0.7529,6.25,689.54,0.7529411764705882
190146,46,0.6727,1.0,0.7647,6.29,683.99,0.7529411764705882
190146,47,0.6727,1.0,0.7647,6.33,680.65,0.7529411764705882
190146,48,0.6726,1.0,0.7647,6.39,677.76,0.7529411764705882
190146,49,0.6726,1.0,0.7647,6.48,673.91,0.7529411764705882
168784,0,0.6148,0.7331,0.7333,5.91,188.72,0.8256410256410256
168784,1,0.6148,0.7331,0.7333,5.91,188.72,0.8256410256410256
168784,2,0.6237,0.7572,0.7385,7.62,320.45,0.8256410256410256
168784,3,0.6328,0.7812,0.7385,9.2,623.94,0.8256410256410256
168784,4,0.6365,0.8081,0.759,10.45,986.69,0.8256410256410256
168784,5,0.6404,0.8247,0.759,10.9,1159.79,0.8256410256410256
168784,6,0.644,0.8379,0.7641,11.0,1281.2,0.8256410256410256
168784,7,0.6461,0.8465,0.759,10.87,1374.05,0.8256410256410256
168784,8,0.6479,0.8494,0.7744,10.56,1409.26,0.8256410256410256
168784,9,0.6498,0.8597,0.7795,10.53,1481.29,0.8256410256410256
168784,10,0.6512,0.8671,0.7795,10.3,1573.06,0.8256410256410256
168784,11,0.6517,0.8734,0.7795,10.33,1692.23,0.8256410256410256
168784,12,0.6521,0.8792,0.7744,10.42,1787.99,0.8256410256410256
168784,13,0.6529,0.8866,0.7795,10.47,1916.27,0.8256410256410256
168784,14,0.6539,0.8895,0.7795,10.47,2091.01,0.8256410256410256
168784,15,0.6544,0.8969,0.7795,10.64,2336.29,0.8256410256410256
168784,16,0.6547,0.9015,0.7795,10.58,2586.52,0.8256410256410256
168784,17,0.6551,0.9061,0.7795,10.74,2819.08,0.8256410256410256
168784,18,0.6556,0.9107,0.7744,11.03,3047.31,0.8256410256410256
168784,19,0.6559,0.9141,0.7744,11.17,3271.36,0.8256410256410256
168784,20,0.656,0.9192,0.7744,11.25,3508.44,0.8256410256410256
168784,21,0.6562,0.9238,0.7641,11.32,3736.79,0.8256410256410256
168784,22,0.6563,0.9324,0.7692,11.43,3978.44,0.8256410256410256
168784,23,0.6565,0.937,0.7692,11.56,4300.02,0.8256410256410256
168784,24,0.6567,0.9422,0.7692,11.7,4659.66,0.8256410256410256
168784,25,0.6569,0.9456,0.7692,11.73,4989.55,0.8256410256410256
168784,26,0.6569,0.949,0.7795,11.76,5281.62,0.8256410256410256
168784,27,0.6569,0.9548,0.7795,11.89,5539.28,0.8256410256410256
168784,28,0.6568,0.9565,0.7795,11.87,5786.43,0.8256410256410256
168784,29,0.6569,0.9605,0.7846,12.01,6010.48,0.8256410256410256
168784,30,0.6569,0.9639,0.7795,12.01,6195.2,0.8256410256410256
168784,31,0.657,0.9674,0.7846,12.04,6378.81,0.8256410256410256
168784,32,0.6572,0.9719,0.7846,12.05,6568.52,0.8256410256410256
168784,33,0.6573,0.9742,0.7897,12.03,6691.16,0.8256410256410256
168784,34,0.6575,0.9782,0.7897,12.05,6810.19,0.8256410256410256
168784,35,0.6576,0.9794,0.7949,12.0,6905.86,0.8256410256410256
168784,36,0.6577,0.9822,0.7949,11.94,6960.6,0.8256410256410256
168784,37,0.6577,0.9834,0.7949,11.93,7004.83,0.8256410256410256
168784,38,0.658,0.9857,0.7949,11.84,7039.86,0.8256410256410256
168784,39,0.658,0.9863,0.7949,11.83,7072.51,0.8256410256410256
168784,40,0.6581,0.9874,0.7949,11.7,7088.98,0.8256410256410256
168784,41,0.6582,0.9891,0.7949,11.6,7087.42,0.8256410256410256
168784,42,0.6582,0.9897,0.7897,11.51,7097.51,0.8256410256410256
168784,43,0.6583,0.9897,0.7897,11.42,7097.5,0.8256410256410256
168784,44,0.6583,0.9897,0.7897,11.33,7090.69,0.8256410256410256
168784,45,0.6582,0.9908,0.7897,11.3,7087.58,0.8256410256410256
168784,46,0.6584,0.9914,0.7897,11.27,7074.75,0.8256410256410256
168784,47,0.6584,0.9914,0.7897,11.18,7052.62,0.8256410256410256
168784,48,0.6584,0.9914,0.7897,11.1,7034.5,0.8256410256410256
168784,49,0.6584,0.9926,0.7846,11.0,7010.27,0.8256410256410256
359954,0,0.4712,0.6208,0.5676,12.44,125.99,0.6756756756756757
359954,1,0.4712,0.6208,0.5676,12.44,125.99,0.6756756756756757
359954,2,0.4754,0.6601,0.5811,15.7,221.03,0.6756756756756757
359954,3,0.4837,0.6964,0.5811,19.2,363.3,0.6756756756756757
359954,4,0.4927,0.7251,0.5946,21.29,451.81,0.6756756756756757
359954,5,0.4954,0.7432,0.5946,21.43,484.77,0.6756756756756757
359954,6,0.4998,0.7659,0.6216,20.83,488.57,0.6756756756756757
359954,7,0.5017,0.7795,0.6216,20.19,480.88,0.6756756756756757
359954,8,0.5042,0.7915,0.6216,19.09,466.91,0.6756756756756757
359954,9,0.5052,0.7976,0.6216,18.72,459.07,0.6756756756756757
359954,10,0.5063,0.8006,0.6216,18.16,462.3,0.6756756756756757
359954,11,0.5076,0.8172,0.6216,17.43,475.63,0.6756756756756757
359954,12,0.5082,0.8248,0.6216,17.04,496.74,0.6756756756756757
359954,13,0.5096,0.8323,0.6351,16.77,532.62,0.6756756756756757
359954,14,0.5103,0.8353,0.6351,16.61,562.95,0.6756756756756757
359954,15,0.5112,0.8384,0.6351,16.41,599.55,0.6756756756756757
359954,16,0.5122,0.8399,0.6216,16.2,636.53,0.6756756756756757
359954,17,0.5128,0.8429,0.6216,16.15,694.31,0.6756756756756757
359954,18,0.5131,0.8535,0.6351,15.99,765.21,0.6756756756756757
359954,19,0.5132,0.8625,0.6351,15.78,836.9,0.6756756756756757
359954,20,0.5133,0.8731,0.6351,15.68,891.91,0.6756756756756757
359954,21,0.5137,0.8792,0.6351,15.46,931.77,0.6756756756756757
359954,22,0.5142,0.8807,0.6486,15.33,981.57,0.6756756756756757
359954,23,0.5144,0.8852,0.6486,15.31,1030.87,0.6756756756756757
359954,24,0.515,0.8867,0.6486,15.3,1076.92,0.6756756756756757
359954,25,0.5155,0.8897,0.6486,15.2,1108.76,0.6756756756756757
359954,26,0.5156,0.8958,0.6622,15.27,1152.75,0.6756756756756757
359954,27,0.5157,0.9033,0.6622,15.4,1218.52,0.6756756756756757
359954,28,0.5162,0.9048,0.6622,15.41,1289.76,0.6756756756756757
359954,29,0.5165,0.9109,0.6622,15.44,1366.58,0.6756756756756757
359954,30,0.5171,0.9184,0.6622,15.4,1438.4,0.6756756756756757
359954,31,0.5175,0.9215,0.6622,15.5,1510.39,0.6756756756756757
359954,32,0.5179,0.9275,0.6622,15.46,1578.6,0.6756756756756757
359954,33,0.5182,0.9305,0.6622,15.45,1630.11,0.6756756756756757
359954,34,0.5183,0.9305,0.6622,15.43,1682.76,0.6756756756756757
359954,35,0.5186,0.932,0.6622,15.44,1737.94,0.6756756756756757
359954,36,0.519,0.9366,0.6622,15.43,1787.21,0.6756756756756757
359954,37,0.5195,0.9411,0.6622,15.48,1843.66,0.6756756756756757
359954,38,0.5199,0.9426,0.6622,15.4,1894.03,0.6756756756756757
359954,39,0.5205,0.9456,0.6622,15.32,1932.86,0.6756756756756757
359954,40,0.5204,0.9502,0.6622,15.27,1976.19,0.6756756756756757
359954,41,0.5206,0.9547,0.6622,15.21,2018.42,0.6756756756756757
359954,42,0.5207,0.9562,0.6622,15.13,2052.67,0.6756756756756757
359954,43,0.5209,0.9562,0.6622,15.08,2074.7,0.6756756756756757
359954,44,0.5211,0.9577,0.6622,15.06,2103.75,0.6756756756756757
359954,45,0.5211,0.9577,0.6622,14.98,2131.6,0.6756756756756757
359954,46,0.5213,0.9577,0.6622,14.86,2149.44,0.6756756756756757
359954,47,0.5214,0.9577,0.6622,14.8,2166.03,0.6756756756756757
359954,48,0.5216,0.9577,0.6622,14.77,2176.81,0.6756756756756757
359954,49,0.5217,0.9622,0.6622,14.71,2188.94,0.6756756756756757
190146,0,0.6534,0.8147,0.7529,5.55,108.09,0.7647058823529411
190146,1,0.6534,0.8147,0.7529,5.55,108.09,0.7647058823529411
190146,2,0.6589,0.8568,0.7294,6.71,185.26,0.7647058823529411
190146,3,0.6626,0.8988,0.7412,9.08,327.07,0.7647058823529411
190146,4,0.6645,0.9251,0.7294,10.42,419.75,0.7647058823529411
190146,5,0.6656,0.9435,0.7412,10.42,456.7,0.7647058823529411
190146,6,0.6672,0.9488,0.7529,9.93,456.51,0.7647058823529411
190146,7,0.6688,0.9566,0.7412,9.67,456.81,0.7647058823529411
190146,8,0.6694,0.9606,0.7412,9.48,465.87,0.7647058823529411
190146,9,0.6703,0.9671,0.7529,9.43,470.98,0.7647058823529411
190146,10,0.6698,0.9671,0.7412,9.25,471.41,0.7647058823529411
190146,11,0.6699,0.9711,0.7294,9.44,475.71,0.7647058823529411
190146,12,0.6698,0.9711,0.7294,9.48,480.57,0.7647058823529411
190146,13,0.6701,0.9698,0.7294,9.42,478.97,0.7647058823529411
190146,14,0.6702,0.9724,0.7294,9.35,477.05,0.7647058823529411
190146,15,0.671,0.9724,0.7294,9.23,472.25,0.7647058823529411
190146,16,0.6714,0.975,0.7412,9.16,477.4,0.7647058823529411
190146,17,0.6716,0.975,0.7412,9.07,490.81,0.7647058823529411
190146,18,0.6717,0.975,0.7412,9.0,495.89,0.7647058823529411
190146,19,0.672,0.9777,0.7412,8.98,504.3,0.7647058823529411
190146,20,0.6724,0.979,0.7294,9.12,516.08,0.7647058823529411
190146,21,0.673,0.979,0.7294,9.28,524.45,0.7647058823529411
190146,22,0.6731,0.9803,0.7294,9.34,538.51,0.7647058823529411
190146,23,0.6731,0.9816,0.7294,9.29,550.76,0.7647058823529411
190146,24,0.6733,0.9816,0.7294,9.43,569.58,0.7647058823529411
190146,25,0.6731,0.9842,0.7294,9.58,590.46,0.7647058823529411
190146,26,0.6733,0.9855,0.7294,9.72,611.56,0.7647058823529411
190146,27,0.6734,0.9855,0.7294,9.7,634.3,0.7647058823529411
190146,28,0.6734,0.9882,0.7294,9.6,654.88,0.7647058823529411
190146,29,0.6734,0.9895,0.7294,9.61,668.64,0.7647058823529411
190146,30,0.6735,0.9908,0.7294,9.61,685.58,0.7647058823529411
190146,31,0.6736,0.9908,0.7294,9.65,701.08,0.7647058823529411
190146,32,0.6736,0.9934,0.7294,9.59,714.01,0.7647058823529411
190146,33,0.6737,0.9934,0.7294,9.58,728.92,0.7647058823529411
190146,34,0.6737,0.9947,0.7294,9.62,740.48,0.7647058823529411
190146,35,0.6738,0.9947,0.7294,9.54,752.97,0.7647058823529411
190146,36,0.6739,0.9947,0.7294,9.59,761.55,0.7647058823529411
190146,37,0.6741,0.9947,0.7294,9.62,770.82,0.7647058823529411
190146,38,0.674,0.9961,0.7294,9.61,777.89,0.7647058823529411
190146,39,0.6742,0.9961,0.7294,9.53,784.57,0.7647058823529411
190146,40,0.6742,0.9961,0.7412,9.48,786.91,0.7647058823529411
190146,41,0.6744,0.9961,0.7412,9.47,788.57,0.7647058823529411
190146,42,0.6745,0.9961,0.7412,9.45,790.28,0.7647058823529411
190146,43,0.6745,0.9961,0.7412,9.41,791.43,0.7647058823529411
190146,44,0.6745,0.9961,0.7412,9.35,794.11,0.7647058823529411
190146,45,0.6746,0.9961,0.7412,9.35,796.46,0.7647058823529411
190146,46,0.6747,0.9961,0.7412,9.38,800.47,0.7647058823529411
190146,47,0.6748,0.9961,0.7412,9.45,803.63,0.7647058823529411
190146,48,0.6751,0.9961,0.7412,9.45,807.39,0.7647058823529411
190146,49,0.6751,0.9961,0.7412,9.45,810.32,0.7647058823529411
168784,0,0.6231,0.7451,0.7692,4.05,248.63,0.8153846153846154
168784,1,0.6231,0.7451,0.7692,4.05,248.63,0.8153846153846154
168784,2,0.6316,0.7732,0.7641,8.39,530.69,0.8153846153846154
168784,3,0.6382,0.8007,0.7744,9.88,745.93,0.8153846153846154
168784,4,0.6437,0.8196,0.7692,10.75,973.43,0.8153846153846154
168784,5,0.6463,0.8282,0.7744,10.72,1091.7,0.8153846153846154
168784,6,0.6489,0.8379,0.7795,10.82,1152.78,0.8153846153846154
168784,7,0.6505,0.8448,0.7795,10.63,1179.45,0.8153846153846154
168784,8,0.6522,0.8511,0.7846,10.25,1207.91,0.8153846153846154
168784,9,0.6526,0.8574,0.7795,10.21,1246.05,0.8153846153846154
168784,10,0.6531,0.8625,0.7795,10.02,1296.31,0.8153846153846154
168784,11,0.6538,0.8688,0.7795,9.92,1368.24,0.8153846153846154
168784,12,0.654,0.8746,0.7795,10.02,1461.65,0.8153846153846154
168784,13,0.6546,0.8792,0.7692,9.94,1530.49,0.8153846153846154
168784,14,0.6543,0.8826,0.7795,10.01,1654.62,0.8153846153846154
168784,15,0.6546,0.8849,0.7641,9.89,1732.34,0.8153846153846154
168784,16,0.6551,0.8872,0.7692,9.81,1789.75,0.8153846153846154
168784,17,0.6554,0.8906,0.7795,9.84,1876.43,0.8153846153846154
168784,18,0.6558,0.8963,0.7744,9.88,1971.3,0.8153846153846154
168784,19,0.6561,0.9003,0.7846,9.97,2111.8,0.8153846153846154
168784,20,0.6563,0.9038,0.7846,10.09,2266.46,0.8153846153846154
168784,21,0.6566,0.9072,0.7795,10.07,2417.07,0.8153846153846154
168784,22,0.6567,0.9118,0.7795,10.14,2586.87,0.8153846153846154
168784,23,0.657,0.917,0.7949,10.15,2763.0,0.8153846153846154
168784,24,0.6572,0.9192,0.7949,10.21,2921.75,0.8153846153846154
168784,25,0.6575,0.9221,0.7949,10.33,3122.98,0.8153846153846154
168784,26,0.6577,0.9255,0.7949,10.41,3299.95,0.8153846153846154
168784,27,0.6578,0.9296,0.7897,10.47,3492.7,0.8153846153846154
168784,28,0.658,0.9376,0.7846,10.51,3697.44,0.8153846153846154
168784,29,0.6581,0.9433,0.7846,10.69,4002.87,0.8153846153846154
168784,30,0.6583,0.9444,0.7897,10.82,4289.14,0.8153846153846154
168784,31,0.6583,0.9467,0.7897,10.93,4547.6,0.8153846153846154
168784,32,0.6585,0.949,0.7897,11.02,4810.13,0.8153846153846154
168784,33,0.6587,0.9507,0.7897,11.03,5051.88,0.8153846153846154
168784,34,0.6587,0.9548,0.7897,11.05,5270.4,0.8153846153846154
168784,35,0.6588,0.9576,0.7897,11.12,5476.93,0.8153846153846154
168784,36,0.6588,0.9605,0.7897,11.18,5644.66,0.8153846153846154
168784,37,0.6588,0.9628,0.7897,11.28,5830.04,0.8153846153846154
168784,38,0.6588,0.9685,0.7897,11.37,5969.46,0.8153846153846154
168784,39,0.6591,0.9708,0.7897,11.42,6093.35,0.8153846153846154
168784,40,0.6591,0.9731,0.7897,11.45,6201.21,0.8153846153846154
168784,41,0.6592,0.9754,0.7949,11.51,6309.59,0.8153846153846154
168784,42,0.6592,0.9788,0.7949,11.55,6403.71,0.8153846153846154
168784,43,0.6592,0.9794,0.7949,11.53,6471.77,0.8153846153846154
168784,44,0.6592,0.9817,0.7949,11.49,6518.13,0.8153846153846154
168784,45,0.6593,0.9828,0.8,11.45,6560.46,0.8153846153846154
168784,46,0.6594,0.9845,0.7949,11.42,6590.93,0.8153846153846154
168784,47,0.6595,0.9845,0.8,11.35,6609.13,0.8153846153846154
168784,48,0.6596,0.9851,0.8,11.33,6632.31,0.8153846153846154
168784,49,0.6596,0.9863,0.8,11.28,6655.39,0.8153846153846154
359959,0,0.4539,0.4272,0.4257,10.63,73.02,0.5337837837837838
359959,1,0.4539,0.4272,0.4257,10.63,73.02,0.5337837837837838
359959,2,0.4617,0.4498,0.4324,12.74,90.2,0.5337837837837838
359959,3,0.4656,0.5026,0.4797,14.74,134.44,0.5337837837837838
359959,4,0.4695,0.5336,0.5068,16.15,192.79,0.5337837837837838
359959,5,0.4726,0.5494,0.527,16.02,216.46,0.5337837837837838
359959,6,0.4742,0.566,0.5541,15.98,260.54,0.5337837837837838
359959,7,0.4732,0.5728,0.5473,15.98,295.81,0.5337837837837838
359959,8,0.4744,0.5819,0.5473,15.95,335.5,0.5337837837837838
359959,9,0.4747,0.5849,0.5405,16.06,377.74,0.5337837837837838
359959,10,0.4756,0.5947,0.5405,16.23,425.06,0.5337837837837838
359959,11,0.4758,0.5992,0.527,16.1,455.1,0.5337837837837838
359959,12,0.4765,0.6038,0.527,16.17,480.56,0.5337837837837838
359959,13,0.4766,0.6091,0.527,15.91,512.53,0.5337837837837838
359959,14,0.4765,0.6106,0.5203,15.94,543.5,0.5337837837837838
359959,15,0.477,0.6158,0.5203,15.71,578.41,0.5337837837837838
359959,16,0.4772,0.6181,0.5203,15.63,598.44,0.5337837837837838
359959,17,0.4776,0.6204,0.5405,15.44,619.34,0.5337837837837838
359959,18,0.4776,0.6234,0.5405,15.26,634.44,0.5337837837837838
359959,19,0.4778,0.6249,0.5405,15.07,645.55,0.5337837837837838
359959,20,0.478,0.6249,0.5338,14.88,654.37,0.5337837837837838
359959,21,0.478,0.6264,0.5338,14.68,666.99,0.5337837837837838
359959,22,0.4783,0.6264,0.5405,14.43,676.27,0.5337837837837838
359959,23,0.4787,0.6272,0.5473,14.34,691.1,0.5337837837837838
359959,24,0.4789,0.6302,0.5473,14.14,704.12,0.5337837837837838
359959,25,0.4792,0.6332,0.5473,13.97,716.31,0.5337837837837838
359959,26,0.4792,0.6332,0.5473,13.79,722.43,0.5337837837837838
359959,27,0.4793,0.6347,0.5541,13.62,735.79,0.5337837837837838
359959,28,0.4798,0.6347,0.5608,13.51,744.97,0.5337837837837838
359959,29,0.4799,0.634,0.5608,13.35,757.7,0.5337837837837838
359959,30,0.4798,0.6347,0.5608,13.15,766.33,0.5337837837837838
359959,31,0.4797,0.6362,0.5608,12.97,773.91,0.5337837837837838
359959,32,0.4798,0.6347,0.5608,12.86,789.42,0.5337837837837838
359959,33,0.4801,0.6355,0.5608,12.78,808.97,0.5337837837837838
359959,34,0.4802,0.6377,0.5608,12.71,830.51,0.5337837837837838
359959,35,0.4804,0.6392,0.5608,12.61,861.13,0.5337837837837838
359959,36,0.4805,0.6415,0.5608,12.52,885.7,0.5337837837837838
359959,37,0.4806,0.643,0.5608,12.45,913.92,0.5337837837837838
359959,38,0.4807,0.6445,0.5608,12.39,941.59,0.5337837837837838
359959,39,0.4809,0.6475,0.5608,12.35,984.97,0.5337837837837838
359959,40,0.4809,0.6483,0.5608,12.3,1022.82,0.5337837837837838
359959,41,0.481,0.6498,0.5608,12.29,1075.3,0.5337837837837838
359959,42,0.481,0.6528,0.5608,12.35,1138.52,0.5337837837837838
359959,43,0.481,0.6543,0.5608,12.4,1217.02,0.5337837837837838
359959,44,0.4811,0.6566,0.5608,12.46,1300.71,0.5337837837837838
359959,45,0.4809,0.6566,0.5608,12.52,1388.82,0.5337837837837838
359959,46,0.4809,0.6574,0.5608,12.53,1478.53,0.5337837837837838
359959,47,0.4808,0.6596,0.5608,12.6,1575.9,0.5337837837837838
359959,48,0.4808,0.6611,0.5608,12.63,1656.27,0.5337837837837838
359959,49,0.4807,0.6619,0.5608,12.7,1771.92,0.5337837837837838
168784,0,0.6188,0.7503,0.7179,4.14,142.96,0.8153846153846154
168784,1,0.6188,0.7503,0.7179,4.14,142.96,0.8153846153846154
168784,2,0.6277,0.7698,0.7333,5.56,266.3,0.8153846153846154
168784,3,0.635,0.7847,0.7385,6.98,441.93,0.8153846153846154
168784,4,0.6398,0.7973,0.7436,7.8,665.83,0.8153846153846154
168784,5,0.643,0.8116,0.7487,8.1,792.87,0.8153846153846154
168784,6,0.6455,0.8207,0.7538,8.02,861.25,0.8153846153846154
168784,7,0.647,0.8288,0.7487,8.01,948.94,0.8153846153846154
168784,8,0.648,0.8379,0.7538,8.09,1059.16,0.8153846153846154
168784,9,0.6488,0.8454,0.7641,8.17,1136.47,0.8153846153846154
168784,10,0.6496,0.8505,0.7641,8.05,1184.3,0.8153846153846154
168784,11,0.6504,0.8534,0.7692,8.07,1230.79,0.8153846153846154
168784,12,0.6512,0.8585,0.7692,8.28,1290.6,0.8153846153846154
168784,13,0.6511,0.8608,0.7692,8.34,1361.31,0.8153846153846154
168784,14,0.6516,0.8666,0.7692,8.31,1420.83,0.8153846153846154
168784,15,0.6524,0.8694,0.7744,8.2,1491.22,0.8153846153846154
168784,16,0.6528,0.8711,0.7795,8.22,1595.57,0.8153846153846154
168784,17,0.6532,0.8757,0.7795,8.33,1701.07,0.8153846153846154
168784,18,0.6533,0.8792,0.7795,8.54,1810.15,0.8153846153846154
168784,19,0.6536,0.8837,0.7795,8.51,1905.47,0.8153846153846154
168784,20,0.6539,0.8912,0.7744,8.46,2027.88,0.8153846153846154
168784,21,0.6542,0.8952,0.7744,8.55,2159.51,0.8153846153846154
168784,22,0.6541,0.8998,0.7692,8.56,2277.71,0.8153846153846154
168784,23,0.6542,0.9055,0.7641,8.61,2413.06,0.8153846153846154
168784,24,0.6545,0.9084,0.7744,8.71,2562.8,0.8153846153846154
168784,25,0.6548,0.9107,0.7692,8.72,2680.05,0.8153846153846154
168784,26,0.6549,0.9147,0.7744,8.73,2814.24,0.8153846153846154
168784,27,0.6551,0.9175,0.7795,8.83,2934.27,0.8153846153846154
168784,28,0.6553,0.9204,0.7846,8.88,3040.6,0.8153846153846154
168784,29,0.6554,0.9238,0.7846,9.0,3201.06,0.8153846153846154
168784,30,0.6555,0.9278,0.7846,9.16,3387.77,0.8153846153846154
168784,31,0.6557,0.9313,0.7846,9.23,3562.03,0.8153846153846154
168784,32,0.6557,0.9353,0.7846,9.27,3728.76,0.8153846153846154
168784,33,0.6558,0.9376,0.7846,9.36,3869.4,0.8153846153846154
168784,34,0.656,0.9399,0.7846,9.42,4003.47,0.8153846153846154
168784,35,0.6561,0.9467,0.7846,9.46,4115.15,0.8153846153846154
168784,36,0.6565,0.9496,0.7846,9.49,4233.32,0.8153846153846154
168784,37,0.6566,0.953,0.7846,9.54,4352.12,0.8153846153846154
168784,38,0.6567,0.9565,0.7846,9.69,4496.49,0.8153846153846154
168784,39,0.657,0.9588,0.7897,9.82,4642.46,0.8153846153846154
168784,40,0.6569,0.9605,0.7846,9.9,4769.71,0.8153846153846154
168784,41,0.657,0.9628,0.7897,9.92,4910.36,0.8153846153846154
168784,42,0.6573,0.9651,0.7897,9.99,5047.86,0.8153846153846154
168784,43,0.6575,0.9674,0.7897,10.03,5184.21,0.8153846153846154
168784,44,0.6577,0.9691,0.7949,10.04,5319.09,0.8153846153846154
168784,45,0.6579,0.9725,0.7949,10.1,5446.06,0.8153846153846154
168784,46,0.6581,0.9754,0.7897,10.1,5550.72,0.8153846153846154
168784,47,0.6582,0.9765,0.7897,10.1,5650.2,0.8153846153846154
168784,48,0.6583,0.9777,0.7949,10.1,5739.77,0.8153846153846154
168784,49,0.6584,0.9794,0.7949,10.07,5819.55,0.8153846153846154
359959,0,0.4551,0.4287,0.4257,12.71,87.08,0.527027027027027
359959,1,0.4551,0.4287,0.4257,12.71,87.08,0.527027027027027
359959,2,0.4624,0.5004,0.473,14.81,157.45,0.527027027027027
359959,3,0.4677,0.5479,0.5135,16.06,241.39,0.527027027027027
359959,4,0.4705,0.5781,0.5473,16.2,276.25,0.527027027027027
359959,5,0.473,0.5887,0.527,16.33,320.79,0.527027027027027
359959,6,0.4748,0.5925,0.5405,16.11,363.54,0.527027027027027
359959,7,0.4756,0.5992,0.5338,15.54,386.17,0.527027027027027
359959,8,0.4765,0.6038,0.5405,15.11,431.94,0.527027027027027
359959,9,0.477,0.6091,0.5203,14.8,461.58,0.527027027027027
359959,10,0.4776,0.6106,0.5135,14.33,486.53,0.527027027027027
359959,11,0.4778,0.6174,0.5135,14.06,524.34,0.527027027027027
359959,12,0.4783,0.6181,0.5203,13.82,560.06,0.527027027027027
359959,13,0.4785,0.6204,0.527,13.65,583.35,0.527027027027027
359959,14,0.4788,0.6204,0.5338,13.37,588.7,0.527027027027027
359959,15,0.4796,0.6219,0.5405,13.17,599.99,0.527027027027027
359959,16,0.4798,0.6242,0.5405,12.89,606.67,0.527027027027027
359959,17,0.4799,0.6242,0.5405,12.56,611.09,0.527027027027027
359959,18,0.48,0.6257,0.5405,12.37,622.98,0.527027027027027
359959,19,0.4801,0.6279,0.5405,12.37,655.69,0.527027027027027
359959,20,0.4804,0.6287,0.5405,12.23,679.36,0.527027027027027
359959,21,0.4804,0.6294,0.5405,12.13,704.28,0.527027027027027
359959,22,0.4805,0.6332,0.5473,12.13,731.74,0.527027027027027
359959,23,0.4802,0.634,0.5473,12.01,764.31,0.527027027027027
359959,24,0.4801,0.6377,0.5541,11.95,804.31,0.527027027027027
359959,25,0.4799,0.6377,0.5541,11.91,850.14,0.527027027027027
359959,26,0.4801,0.64,0.5541,11.94,926.04,0.527027027027027
359959,27,0.4801,0.6438,0.5541,11.95,1003.94,0.527027027027027
359959,28,0.48,0.6475,0.5541,12.04,1088.62,0.527027027027027
359959,29,0.4801,0.6498,0.5541,12.09,1164.84,0.527027027027027
359959,30,0.4801,0.6498,0.5541,12.1,1249.99,0.527027027027027
359959,31,0.4801,0.6513,0.5541,12.11,1340.4,0.527027027027027
359959,32,0.4803,0.6536,0.5541,12.2,1444.74,0.527027027027027
359959,33,0.4802,0.6543,0.5541,12.24,1552.52,0.527027027027027
359959,34,0.4802,0.6581,0.5541,12.28,1718.31,0.527027027027027
359959,35,0.48,0.6596,0.5541,12.28,1820.31,0.527027027027027
359959,36,0.4799,0.6611,0.5608,12.26,1925.03,0.527027027027027
359959,37,0.4798,0.6619,0.5608,12.27,2030.57,0.527027027027027
359959,38,0.4798,0.6642,0.5608,12.25,2114.86,0.527027027027027
359959,39,0.4797,0.6657,0.5608,12.25,2188.81,0.527027027027027
359959,40,0.4797,0.6687,0.5608,12.22,2268.93,0.527027027027027
359959,41,0.4797,0.6694,0.5608,12.22,2340.68,0.527027027027027
359959,42,0.4797,0.6702,0.5608,12.23,2420.21,0.527027027027027
359959,43,0.4798,0.674,0.5608,12.23,2532.55,0.527027027027027
359959,44,0.4797,0.6747,0.5608,12.27,2663.11,0.527027027027027
359959,45,0.4796,0.677,0.5608,12.32,2835.2,0.527027027027027
359959,46,0.4794,0.68,0.5608,12.36,3014.3,0.527027027027027
359959,47,0.4793,0.6838,0.5608,12.45,3190.69,0.527027027027027
359959,48,0.4792,0.6845,0.5608,12.46,3354.29,0.527027027027027
359959,49,0.4792,0.6906,0.5608,12.5,3512.75,0.527027027027027
359954,0,0.4597,0.6239,0.527,14.22,160.3,0.6756756756756757
359954,1,0.4597,0.6239,0.527,14.22,160.3,0.6756756756756757
359954,2,0.4762,0.6692,0.5676,14.67,259.18,0.6756756756756757
359954,3,0.4831,0.6934,0.6081,19.14,457.69,0.6756756756756757
359954,4,0.4898,0.7372,0.6081,22.3,638.31,0.6756756756756757
359954,5,0.4934,0.7628,0.6081,22.84,710.69,0.6756756756756757
359954,6,0.498,0.7764,0.6216,22.47,731.89,0.6756756756756757
359954,7,0.5012,0.7915,0.6216,21.38,721.15,0.6756756756756757
359954,8,0.5044,0.8051,0.6351,20.32,724.26,0.6756756756756757
359954,9,0.5063,0.8142,0.6216,19.76,746.9,0.6756756756756757
359954,10,0.5076,0.8248,0.6486,19.23,804.9,0.6756756756756757
359954,11,0.509,0.8399,0.6622,18.63,832.69,0.6756756756756757
359954,12,0.5093,0.8474,0.6486,18.53,864.78,0.6756756756756757
359954,13,0.5098,0.858,0.6486,18.51,893.51,0.6756756756756757
359954,14,0.5109,0.8625,0.6486,18.16,914.74,0.6756756756756757
359954,15,0.5119,0.8671,0.6486,17.69,926.99,0.6756756756756757
359954,16,0.5123,0.8776,0.6622,17.38,945.29,0.6756756756756757
359954,17,0.5129,0.8852,0.6622,17.04,963.95,0.6756756756756757
359954,18,0.5134,0.8897,0.6486,16.7,985.38,0.6756756756756757
359954,19,0.5138,0.8988,0.6486,16.46,1015.87,0.6756756756756757
359954,20,0.5141,0.9003,0.6486,16.24,1056.65,0.6756756756756757
359954,21,0.5144,0.9048,0.6486,15.97,1092.46,0.6756756756756757
359954,22,0.515,0.9048,0.6757,15.8,1146.53,0.6756756756756757
359954,23,0.5157,0.9139,0.6486,15.53,1199.6,0.6756756756756757
359954,24,0.5157,0.9199,0.6486,15.38,1276.6,0.6756756756756757
359954,25,0.5164,0.9245,0.6622,15.13,1343.67,0.6756756756756757
359954,26,0.517,0.9305,0.6622,14.88,1395.5,0.6756756756756757
359954,27,0.5171,0.932,0.6622,14.64,1455.45,0.6756756756756757
359954,28,0.5178,0.935,0.6622,14.47,1504.12,0.6756756756756757
359954,29,0.5179,0.9366,0.6622,14.34,1562.57,0.6756756756756757
359954,30,0.5184,0.9381,0.6622,14.14,1613.97,0.6756756756756757
359954,31,0.5189,0.9381,0.6622,13.94,1672.73,0.6756756756756757
359954,32,0.519,0.9381,0.6622,13.75,1716.07,0.6756756756756757
359954,33,0.5191,0.9381,0.6622,13.65,1765.37,0.6756756756756757
359954,34,0.5195,0.9381,0.6622,13.46,1806.4,0.6756756756756757
359954,35,0.5201,0.9411,0.6622,13.31,1831.1,0.6756756756756757
359954,36,0.5206,0.9471,0.6622,13.16,1860.45,0.6756756756756757
359954,37,0.5208,0.9547,0.6757,12.99,1881.08,0.6756756756756757
359954,38,0.521,0.9577,0.6757,12.79,1896.74,0.6756756756756757
359954,39,0.5215,0.9577,0.6757,12.63,1908.11,0.6756756756756757
359954,40,0.5218,0.9592,0.6757,12.46,1923.32,0.6756756756756757
359954,41,0.522,0.9592,0.6757,12.29,1931.47,0.6756756756756757
359954,42,0.5223,0.9607,0.6757,12.14,1938.59,0.6756756756756757
359954,43,0.5226,0.9622,0.6757,12.06,1947.67,0.6756756756756757
359954,44,0.5229,0.9622,0.6757,11.98,1954.18,0.6756756756756757
359954,45,0.523,0.9622,0.6757,11.85,1954.13,0.6756756756756757
359954,46,0.5235,0.9622,0.6757,11.76,1959.44,0.6756756756756757
359954,47,0.5237,0.9622,0.6757,11.7,1963.31,0.6756756756756757
359954,48,0.5241,0.9653,0.6757,11.62,1964.19,0.6756756756756757
359954,49,0.5244,0.9653,0.6757,11.52,1957.66,0.6756756756756757
168784,0,0.6175,0.7423,0.7333,3.88,94.74,0.8205128205128205
168784,1,0.6175,0.7423,0.7333,3.88,94.74,0.8205128205128205
168784,2,0.6271,0.7635,0.7436,5.96,229.53,0.8205128205128205
168784,3,0.6358,0.7881,0.7487,8.34,490.13,0.8205128205128205
168784,4,0.6411,0.8036,0.7385,9.73,651.88,0.8205128205128205
168784,5,0.6443,0.8139,0.7538,10.11,736.98,0.8205128205128205
168784,6,0.6465,0.8242,0.7744,10.28,831.74,0.8205128205128205
168784,7,0.6485,0.8356,0.7692,10.31,898.05,0.8205128205128205
168784,8,0.6495,0.8436,0.7641,10.08,952.76,0.8205128205128205
168784,9,0.6507,0.8511,0.7692,9.94,1012.76,0.8205128205128205
168784,10,0.6515,0.8557,0.7795,9.92,1061.25,0.8205128205128205
168784,11,0.6524,0.8614,0.7795,9.73,1085.58,0.8205128205128205
168784,12,0.6532,0.8637,0.7744,9.44,1105.79,0.8205128205128205
168784,13,0.6537,0.8683,0.7795,9.11,1112.63,0.8205128205128205
168784,14,0.6541,0.8723,0.7795,8.92,1135.07,0.8205128205128205
168784,15,0.6546,0.8751,0.7846,8.8,1185.01,0.8205128205128205
168784,16,0.6553,0.8763,0.7846,8.79,1253.4,0.8205128205128205
168784,17,0.6557,0.8797,0.7846,8.71,1357.03,0.8205128205128205
168784,18,0.6562,0.8832,0.7846,8.64,1464.19,0.8205128205128205
168784,19,0.6561,0.8855,0.7846,8.56,1567.72,0.8205128205128205
168784,20,0.6562,0.8883,0.7846,8.43,1694.77,0.8205128205128205
168784,21,0.6562,0.894,0.7846,8.34,1809.03,0.8205128205128205
168784,22,0.6565,0.8975,0.7846,8.39,1911.38,0.8205128205128205
168784,23,0.6567,0.9003,0.7897,8.34,1999.41,0.8205128205128205
168784,24,0.6568,0.9055,0.7949,8.28,2115.03,0.8205128205128205
168784,25,0.6569,0.9072,0.7846,8.24,2223.38,0.8205128205128205
168784,26,0.6571,0.9107,0.7846,8.35,2358.5,0.8205128205128205
168784,27,0.6571,0.9141,0.7846,8.33,2497.13,0.8205128205128205
168784,28,0.6572,0.9187,0.7795,8.41,2621.08,0.8205128205128205
168784,29,0.6573,0.9198,0.7846,8.42,2745.91,0.8205128205128205
168784,30,0.657,0.9221,0.7846,8.45,2935.97,0.8205128205128205
168784,31,0.657,0.9261,0.7846,8.49,3138.24,0.8205128205128205
168784,32,0.6571,0.9296,0.7846,8.56,3351.53,0.8205128205128205
168784,33,0.6571,0.933,0.7846,8.57,3559.7,0.8205128205128205
168784,34,0.6572,0.9393,0.7846,8.77,3813.2,0.8205128205128205
168784,35,0.6573,0.945,0.7897,8.99,4078.71,0.8205128205128205
168784,36,0.6574,0.9502,0.7897,9.1,4352.8,0.8205128205128205
168784,37,0.6576,0.953,0.7897,9.24,4605.5,0.8205128205128205
168784,38,0.6575,0.9548,0.7897,9.37,4876.19,0.8205128205128205
168784,39,0.6575,0.9582,0.7897,9.43,5132.08,0.8205128205128205
168784,40,0.6575,0.9611,0.7949,9.58,5387.42,0.8205128205128205
168784,41,0.6576,0.9633,0.7949,9.64,5625.83,0.8205128205128205
168784,42,0.6578,0.9651,0.7949,9.77,5830.96,0.8205128205128205
168784,43,0.6579,0.9691,0.7949,9.81,6021.22,0.8205128205128205
168784,44,0.658,0.9725,0.7949,9.85,6188.96,0.8205128205128205
168784,45,0.6581,0.9742,0.7949,9.85,6343.3,0.8205128205128205
168784,46,0.6581,0.9771,0.7949,9.88,6490.04,0.8205128205128205
168784,47,0.6582,0.9788,0.7949,9.96,6621.3,0.8205128205128205
168784,48,0.6582,0.9811,0.7949,9.93,6730.34,0.8205128205128205
168784,49,0.6584,0.9822,0.7949,9.92,6816.93,0.8205128205128205
2073,0,0.4817,0.597,0.5839,11.95,149.57,0.7248322147651006
2073,1,0.4817,0.597,0.5839,11.95,149.57,0.7248322147651006
2073,2,0.4831,0.6015,0.5839,14.53,191.79,0.7248322147651006
2073,3,0.4862,0.6067,0.5973,15.77,230.4,0.7248322147651006
2073,4,0.4907,0.6067,0.6174,16.91,269.34,0.7248322147651006
2073,5,0.4951,0.612,0.6309,17.49,310.58,0.7248322147651006
2073,6,0.496,0.6135,0.6376,17.61,340.82,0.7248322147651006
2073,7,0.4944,0.6165,0.6242,18.53,372.21,0.7248322147651006
2073,8,0.4962,0.621,0.6309,18.69,399.3,0.7248322147651006
2073,9,0.4987,0.6225,0.6443,19.0,426.39,0.7248322147651006
2073,10,0.5012,0.6292,0.6443,19.68,448.44,0.7248322147651006
2073,11,0.5028,0.6337,0.6443,19.78,465.72,0.7248322147651006
2073,12,0.5048,0.6397,0.6443,20.06,483.21,0.7248322147651006
2073,13,0.5064,0.6434,0.6309,20.14,509.83,0.7248322147651006
2073,14,0.508,0.6472,0.6309,20.59,552.93,0.7248322147651006
2073,15,0.5087,0.6502,0.6376,20.56,588.51,0.7248322147651006
2073,16,0.5088,0.6509,0.6376,20.87,616.29,0.7248322147651006
2073,17,0.5092,0.6532,0.6443,21.27,647.2,0.7248322147651006
2073,18,0.5093,0.6562,0.6443,21.62,682.38,0.7248322147651006
2073,19,0.5101,0.6592,0.6376,21.63,722.44,0.7248322147651006
2073,20,0.5107,0.6629,0.6443,21.66,758.74,0.7248322147651006
2073,21,0.5112,0.6652,0.6376,21.96,806.47,0.7248322147651006
2073,22,0.5104,0.6659,0.6376,22.67,872.8,0.7248322147651006
2073,23,0.51,0.6667,0.6376,23.03,919.55,0.7248322147651006
2073,24,0.51,0.6682,0.6376,23.41,973.79,0.7248322147651006
2073,25,0.5104,0.6689,0.6443,23.58,1043.49,0.7248322147651006
2073,26,0.5105,0.6712,0.6443,24.04,1122.07,0.7248322147651006
2073,27,0.5105,0.6719,0.6376,24.23,1197.81,0.7248322147651006
2073,28,0.5103,0.6742,0.6443,24.39,1288.89,0.7248322147651006
2073,29,0.5103,0.6779,0.6443,24.72,1377.55,0.7248322147651006
2073,30,0.5104,0.6809,0.6443,24.97,1487.07,0.7248322147651006
2073,31,0.5108,0.6839,0.6443,25.29,1612.24,0.7248322147651006
2073,32,0.5108,0.6869,0.6443,25.63,1761.37,0.7248322147651006
2073,33,0.5108,0.6899,0.6443,26.01,1995.86,0.7248322147651006
2073,34,0.5104,0.6936,0.6443,26.58,2295.57,0.7248322147651006
2073,35,0.5102,0.6974,0.651,27.19,2650.08,0.7248322147651006
2073,36,0.5099,0.7011,0.6577,27.65,3034.54,0.7248322147651006
2073,37,0.5096,0.7026,0.651,28.13,3403.74,0.7248322147651006
2073,38,0.5093,0.7049,0.6577,28.76,3819.76,0.7248322147651006
2073,39,0.5091,0.7109,0.6577,29.04,4164.6,0.7248322147651006
2073,40,0.5091,0.7146,0.6577,29.38,4542.6,0.7248322147651006
2073,41,0.509,0.7191,0.6577,29.78,5009.46,0.7248322147651006
2073,42,0.5086,0.7243,0.6577,30.46,5670.08,0.7248322147651006
2073,43,0.5083,0.7296,0.6577,30.97,6265.97,0.7248322147651006
2073,44,0.5081,0.7356,0.6644,31.49,6882.22,0.7248322147651006
2073,45,0.508,0.7386,0.6644,32.04,7475.58,0.7248322147651006
2073,46,0.5077,0.7423,0.6644,32.28,7993.62,0.7248322147651006
2073,47,0.5074,0.7461,0.6711,32.62,8463.67,0.7248322147651006
2073,48,0.5073,0.7491,0.6644,32.99,8974.66,0.7248322147651006
2073,49,0.5073,0.7513,0.6711,33.45,9524.75,0.7248322147651006
359954,0,0.4765,0.6541,0.5405,9.54,144.23,0.6621621621621622
359954,1,0.4765,0.6541,0.5405,9.54,144.23,0.6621621621621622
359954,2,0.4825,0.6737,0.5405,13.26,328.58,0.6621621621621622
359954,3,0.4872,0.7175,0.5676,18.89,656.56,0.6621621621621622
359954,4,0.4939,0.7568,0.5676,20.2,849.2,0.6621621621621622
359954,5,0.4965,0.7795,0.5946,19.77,907.41,0.6621621621621622
359954,6,0.5005,0.7976,0.5811,18.99,952.41,0.6621621621621622
359954,7,0.5017,0.8112,0.6081,18.93,1003.27,0.6621621621621622
359954,8,0.5046,0.8233,0.6351,18.06,1027.37,0.6621621621621622
359954,9,0.506,0.8414,0.6486,17.5,1128.74,0.6621621621621622
359954,10,0.5074,0.8595,0.6486,16.87,1211.91,0.6621621621621622
359954,11,0.5089,0.864,0.6486,16.46,1294.01,0.6621621621621622
359954,12,0.5103,0.8746,0.6486,16.16,1395.84,0.6621621621621622
359954,13,0.5117,0.8897,0.6486,15.97,1502.01,0.6621621621621622
359954,14,0.5129,0.8927,0.6622,15.82,1574.04,0.6621621621621622
359954,15,0.5138,0.8988,0.6757,15.61,1637.83,0.6621621621621622
359954,16,0.5154,0.9033,0.6757,15.69,1713.57,0.6621621621621622
359954,17,0.5159,0.9109,0.6757,15.78,1788.15,0.6621621621621622
359954,18,0.5161,0.9215,0.6757,15.6,1835.89,0.6621621621621622
359954,19,0.5167,0.9305,0.6757,15.53,1902.74,0.6621621621621622
359954,20,0.5173,0.9411,0.6622,15.65,1949.25,0.6621621621621622
359954,21,0.5176,0.9486,0.6622,15.62,1985.45,0.6621621621621622
359954,22,0.5181,0.9486,0.6622,15.42,1992.5,0.6621621621621622
359954,23,0.5187,0.9486,0.6622,15.19,2001.88,0.6621621621621622
359954,24,0.5189,0.9517,0.6622,15.03,2003.24,0.6621621621621622
359954,25,0.5194,0.9532,0.6622,14.79,2011.81,0.6621621621621622
359954,26,0.52,0.9547,0.6622,14.74,2028.78,0.6621621621621622
359954,27,0.5204,0.9562,0.6622,14.66,2050.0,0.6621621621621622
359954,28,0.5211,0.9622,0.6622,14.53,2061.51,0.6621621621621622
359954,29,0.5213,0.9622,0.6622,14.46,2072.16,0.6621621621621622
359954,30,0.5215,0.9637,0.6622,14.39,2070.74,0.6621621621621622
359954,31,0.5215,0.9637,0.6622,14.31,2076.48,0.6621621621621622
359954,32,0.5216,0.9637,0.6622,14.24,2073.82,0.6621621621621622
359954,33,0.5215,0.9637,0.6622,14.12,2070.62,0.6621621621621622
359954,34,0.5217,0.9637,0.6622,14.13,2063.41,0.6621621621621622
359954,35,0.5222,0.9637,0.6622,13.94,2053.51,0.6621621621621622
359954,36,0.5223,0.9653,0.6622,13.85,2038.49,0.6621621621621622
359954,37,0.5226,0.9653,0.6622,13.8,2032.29,0.6621621621621622
359954,38,0.5228,0.9653,0.6622,13.75,2016.4,0.6621621621621622
359954,39,0.5232,0.9668,0.6622,13.67,2004.41,0.6621621621621622
359954,40,0.5234,0.9668,0.6757,13.55,1986.53,0.6621621621621622
359954,41,0.5234,0.9668,0.6757,13.45,1973.63,0.6621621621621622
359954,42,0.5238,0.9668,0.6757,13.42,1957.25,0.6621621621621622
359954,43,0.5239,0.9668,0.6757,13.34,1938.33,0.6621621621621622
359954,44,0.524,0.9668,0.6757,13.18,1920.38,0.6621621621621622
359954,45,0.5241,0.9668,0.6757,13.12,1901.24,0.6621621621621622
359954,46,0.524,0.9668,0.6757,13.02,1881.45,0.6621621621621622
359954,47,0.5243,0.9683,0.6757,12.95,1865.43,0.6621621621621622
359954,48,0.5243,0.9713,0.6757,12.85,1851.13,0.6621621621621622
359954,49,0.5243,0.9713,0.6757,12.81,1836.56,0.6621621621621622
190146,0,0.6362,0.8029,0.7176,5.03,149.65,0.7647058823529411
190146,1,0.6362,0.8029,0.7176,5.03,149.65,0.7647058823529411
190146,2,0.6466,0.8449,0.7294,7.6,315.39,0.7647058823529411
190146,3,0.6531,0.9106,0.7176,10.59,507.67,0.7647058823529411
190146,4,0.657,0.9382,0.7294,10.54,608.97,0.7647058823529411
190146,5,0.6593,0.9474,0.7176,10.04,652.56,0.7647058823529411
190146,6,0.66,0.9527,0.7176,9.63,666.92,0.7647058823529411
190146,7,0.6613,0.9593,0.7176,9.02,654.6,0.7647058823529411
190146,8,0.6616,0.9698,0.7294,8.61,647.1,0.7647058823529411
190146,9,0.6631,0.9711,0.7294,8.11,644.56,0.7647058823529411
190146,10,0.6644,0.9724,0.7294,7.81,638.67,0.7647058823529411
190146,11,0.6649,0.975,0.7294,7.46,627.46,0.7647058823529411
190146,12,0.6656,0.975,0.7412,7.18,625.11,0.7647058823529411
190146,13,0.6655,0.979,0.7294,6.96,627.49,0.7647058823529411
190146,14,0.6657,0.9816,0.7294,6.85,632.58,0.7647058823529411
190146,15,0.6661,0.9855,0.7294,6.69,646.2,0.7647058823529411
190146,16,0.6664,0.9855,0.7294,6.51,650.7,0.7647058823529411
190146,17,0.6669,0.9855,0.7294,6.29,655.4,0.7647058823529411
190146,18,0.6672,0.9869,0.7294,6.08,661.52,0.7647058823529411
190146,19,0.6673,0.9908,0.7294,5.92,665.46,0.7647058823529411
190146,20,0.6673,0.9921,0.7294,5.84,665.96,0.7647058823529411
190146,21,0.6678,0.9947,0.7294,5.76,664.96,0.7647058823529411
190146,22,0.668,0.9947,0.7294,5.82,669.19,0.7647058823529411
190146,23,0.6681,0.9947,0.7294,5.82,674.52,0.7647058823529411
190146,24,0.6682,0.9961,0.7294,6.06,685.53,0.7647058823529411
190146,25,0.6684,0.9974,0.7294,6.16,697.17,0.7647058823529411
190146,26,0.6685,0.9987,0.7294,6.33,713.04,0.7647058823529411
190146,27,0.6686,0.9987,0.7294,6.43,728.79,0.7647058823529411
190146,28,0.6688,0.9987,0.7412,6.48,740.85,0.7647058823529411
190146,29,0.6691,0.9987,0.7412,6.56,752.69,0.7647058823529411
190146,30,0.6695,1.0,0.7529,6.66,763.43,0.7647058823529411
190146,31,0.6695,1.0,0.7529,6.77,776.64,0.7647058823529411
190146,32,0.6697,1.0,0.7412,6.85,787.97,0.7647058823529411
190146,33,0.67,1.0,0.7412,6.89,795.86,0.7647058823529411
190146,34,0.6699,1.0,0.7412,6.98,802.37,0.7647058823529411
190146,35,0.6703,1.0,0.7529,7.03,808.61,0.7647058823529411
190146,36,0.6703,1.0,0.7529,7.04,810.51,0.7647058823529411
190146,37,0.6704,1.0,0.7529,7.04,811.41,0.7647058823529411
190146,38,0.6704,1.0,0.7529,7.09,813.92,0.7647058823529411
190146,39,0.6703,1.0,0.7529,7.14,814.81,0.7647058823529411
190146,40,0.6704,1.0,0.7529,7.15,814.2,0.7647058823529411
190146,41,0.6706,1.0,0.7529,7.19,811.59,0.7647058823529411
190146,42,0.6707,1.0,0.7529,7.21,809.34,0.7647058823529411
190146,43,0.6708,1.0,0.7529,7.22,807.06,0.7647058823529411
190146,44,0.6709,1.0,0.7529,7.24,803.7,0.7647058823529411
190146,45,0.6711,1.0,0.7529,7.19,799.32,0.7647058823529411
190146,46,0.6712,1.0,0.7529,7.18,795.01,0.7647058823529411
190146,47,0.6712,1.0,0.7529,7.17,790.86,0.7647058823529411
190146,48,0.6713,1.0,0.7529,7.23,785.7,0.7647058823529411
190146,49,0.6714,1.0,0.7529,7.24,782.12,0.7647058823529411
190146,0,0.6544,0.8344,0.7412,4.44,112.46,0.7764705882352941
190146,1,0.6544,0.8344,0.7412,4.44,112.46,0.7764705882352941
190146,2,0.6544,0.8739,0.7412,7.36,220.25,0.7764705882352941
190146,3,0.6567,0.8988,0.7412,9.88,295.3,0.7764705882352941
190146,4,0.658,0.9198,0.7412,11.33,357.68,0.7764705882352941
190146,5,0.6596,0.9369,0.7412,12.21,413.51,0.7764705882352941
190146,6,0.6622,0.9474,0.7412,12.22,448.84,0.7764705882352941
190146,7,0.663,0.954,0.7176,12.3,483.67,0.7764705882352941
190146,8,0.6636,0.9553,0.7176,12.24,517.43,0.7764705882352941
190146,9,0.6646,0.9632,0.7294,12.12,571.03,0.7764705882352941
190146,10,0.6651,0.9737,0.7294,12.06,634.77,0.7764705882352941
190146,11,0.6662,0.975,0.7294,11.72,682.39,0.7764705882352941
190146,12,0.6673,0.9777,0.7294,11.6,727.38,0.7764705882352941
190146,13,0.668,0.9855,0.7176,11.57,776.38,0.7764705882352941
190146,14,0.6684,0.9895,0.7294,11.36,819.26,0.7764705882352941
190146,15,0.6686,0.9934,0.7294,11.17,863.16,0.7764705882352941
190146,16,0.6689,0.9961,0.7294,11.08,901.7,0.7764705882352941
190146,17,0.6695,0.9961,0.7294,11.12,932.95,0.7764705882352941
190146,18,0.6697,0.9961,0.7176,11.09,962.64,0.7764705882352941
190146,19,0.6701,0.9961,0.7294,11.05,983.06,0.7764705882352941
190146,20,0.6704,0.9974,0.7294,10.93,1011.87,0.7764705882352941
190146,21,0.6705,0.9974,0.7294,10.87,1027.33,0.7764705882352941
190146,22,0.6706,0.9987,0.7294,10.81,1036.74,0.7764705882352941
190146,23,0.6712,0.9987,0.7176,10.74,1038.59,0.7764705882352941
190146,24,0.6716,1.0,0.7294,10.54,1040.38,0.7764705882352941
190146,25,0.6717,1.0,0.7294,10.39,1041.94,0.7764705882352941
190146,26,0.6718,1.0,0.7529,10.28,1037.83,0.7764705882352941
190146,27,0.6719,1.0,0.7529,10.18,1032.92,0.7764705882352941
190146,28,0.6721,1.0,0.7529,10.05,1024.15,0.7764705882352941
190146,29,0.6723,1.0,0.7529,9.87,1017.5,0.7764705882352941
190146,30,0.6723,1.0,0.7529,9.77,1010.91,0.7764705882352941
190146,31,0.6725,1.0,0.7529,9.6,998.65,0.7764705882352941
190146,32,0.6725,1.0,0.7529,9.49,986.53,0.7764705882352941
190146,33,0.6725,1.0,0.7529,9.44,977.53,0.7764705882352941
190146,34,0.6726,1.0,0.7529,9.33,967.0,0.7764705882352941
190146,35,0.6726,1.0,0.7529,9.19,955.81,0.7764705882352941
190146,36,0.6724,1.0,0.7529,9.13,945.6,0.7764705882352941
190146,37,0.6725,1.0,0.7647,9.1,936.53,0.7764705882352941
190146,38,0.6727,1.0,0.7647,9.11,926.71,0.7764705882352941
190146,39,0.6726,1.0,0.7647,9.02,915.34,0.7764705882352941
190146,40,0.6725,1.0,0.7647,8.98,905.9,0.7764705882352941
190146,41,0.6725,1.0,0.7647,8.92,896.13,0.7764705882352941
190146,42,0.6725,1.0,0.7647,8.87,885.99,0.7764705882352941
190146,43,0.6722,1.0,0.7647,8.84,877.24,0.7764705882352941
190146,44,0.6724,1.0,0.7647,8.76,867.96,0.7764705882352941
190146,45,0.6724,1.0,0.7647,8.67,858.85,0.7764705882352941
190146,46,0.6724,1.0,0.7647,8.64,849.74,0.7764705882352941
190146,47,0.6721,1.0,0.7647,8.59,840.17,0.7764705882352941
190146,48,0.6721,1.0,0.7647,8.54,832.26,0.7764705882352941
190146,49,0.672,1.0,0.7647,8.5,823.15,0.7764705882352941
168784,0,0.6127,0.7463,0.7128,4.48,151.67,0.8153846153846154
168784,1,0.6127,0.7463,0.7128,4.48,151.67,0.8153846153846154
168784,2,0.6186,0.7543,0.7385,6.53,244.45,0.8153846153846154
168784,3,0.6275,0.7772,0.7538,9.27,638.79,0.8153846153846154
168784,4,0.6321,0.8007,0.759,12.09,1111.3,0.8153846153846154
168784,5,0.638,0.823,0.759,13.21,1348.63,0.8153846153846154
168784,6,0.6408,0.8379,0.759,13.75,1530.53,0.8153846153846154
168784,7,0.643,0.8459,0.7641,14.26,1700.65,0.8153846153846154
168784,8,0.6449,0.8517,0.759,14.08,1822.86,0.8153846153846154
168784,9,0.6461,0.8677,0.7641,13.95,2028.15,0.8153846153846154
168784,10,0.6471,0.8757,0.7641,13.86,2191.83,0.8153846153846154
168784,11,0.648,0.882,0.7744,13.83,2414.62,0.8153846153846154
168784,12,0.6488,0.8906,0.7692,13.62,2578.09,0.8153846153846154
168784,13,0.6493,0.8975,0.7692,13.54,2721.75,0.8153846153846154
168784,14,0.6501,0.9044,0.7744,13.5,2816.08,0.8153846153846154
168784,15,0.6506,0.9078,0.7692,13.45,2983.63,0.8153846153846154
168784,16,0.6511,0.9101,0.7692,13.36,3131.76,0.8153846153846154
168784,17,0.6516,0.9129,0.7692,13.26,3290.4,0.8153846153846154
168784,18,0.6519,0.9187,0.7744,13.1,3468.65,0.8153846153846154
168784,19,0.6525,0.925,0.7744,13.02,3603.66,0.8153846153846154
168784,20,0.6527,0.9336,0.7744,13.07,3753.25,0.8153846153846154
168784,21,0.6529,0.9399,0.7744,12.99,3916.7,0.8153846153846154
168784,22,0.6533,0.9467,0.7846,12.95,4134.19,0.8153846153846154
168784,23,0.6541,0.953,0.7846,12.98,4346.49,0.8153846153846154
168784,24,0.6545,0.957,0.7795,12.87,4520.58,0.8153846153846154
168784,25,0.6547,0.9605,0.7744,12.84,4710.9,0.8153846153846154
168784,26,0.6549,0.9639,0.7795,12.76,4918.49,0.8153846153846154
168784,27,0.6552,0.9668,0.7795,12.75,5116.99,0.8153846153846154
168784,28,0.6555,0.9719,0.7795,12.67,5301.16,0.8153846153846154
168784,29,0.6556,0.9731,0.7795,12.55,5453.4,0.8153846153846154
168784,30,0.6559,0.9759,0.7897,12.45,5605.51,0.8153846153846154
168784,31,0.6561,0.9782,0.7897,12.32,5754.04,0.8153846153846154
168784,32,0.6564,0.9834,0.7897,12.23,5895.78,0.8153846153846154
168784,33,0.6567,0.9845,0.7897,12.16,6019.43,0.8153846153846154
168784,34,0.657,0.9863,0.7897,12.14,6142.95,0.8153846153846154
168784,35,0.6573,0.9863,0.7897,12.04,6234.55,0.8153846153846154
168784,36,0.6574,0.988,0.7949,12.03,6315.58,0.8153846153846154
168784,37,0.6576,0.9897,0.7949,11.93,6383.75,0.8153846153846154
168784,38,0.6577,0.9914,0.7949,11.84,6439.69,0.8153846153846154
168784,39,0.6578,0.992,0.7949,11.81,6496.61,0.8153846153846154
168784,40,0.6579,0.9926,0.8051,11.81,6546.76,0.8153846153846154
168784,41,0.6579,0.9948,0.8051,11.75,6578.49,0.8153846153846154
168784,42,0.6579,0.9954,0.8051,11.62,6613.97,0.8153846153846154
168784,43,0.6579,0.9971,0.8051,11.6,6627.72,0.8153846153846154
168784,44,0.6581,0.9971,0.8051,11.65,6639.84,0.8153846153846154
168784,45,0.6581,0.9971,0.8,11.58,6646.71,0.8153846153846154
168784,46,0.6583,0.9977,0.8,11.58,6652.64,0.8153846153846154
168784,47,0.6582,0.9977,0.8,11.6,6656.58,0.8153846153846154
168784,48,0.6584,0.9977,0.8051,11.47,6642.34,0.8153846153846154
168784,49,0.6584,0.9977,0.8051,11.41,6625.0,0.8153846153846154
168784,0,0.6119,0.7371,0.7282,4.32,172.93,0.8205128205128205
168784,1,0.6119,0.7371,0.7282,4.32,172.93,0.8205128205128205
168784,2,0.6233,0.7606,0.7385,6.64,446.57,0.8205128205128205
168784,3,0.631,0.7944,0.759,12.14,1185.24,0.8205128205128205
168784,4,0.6366,0.8276,0.7538,14.78,1725.67,0.8205128205128205
168784,5,0.64,0.8368,0.759,16.04,1979.35,0.8205128205128205
168784,6,0.6427,0.854,0.7744,16.24,2068.07,0.8205128205128205
168784,7,0.6448,0.8608,0.7744,15.97,2074.67,0.8205128205128205
168784,8,0.6468,0.8706,0.7744,15.68,2066.74,0.8205128205128205
168784,9,0.6482,0.8797,0.7744,15.06,2068.7,0.8205128205128205
168784,10,0.6499,0.8849,0.7692,14.79,2102.93,0.8205128205128205
168784,11,0.6507,0.8912,0.7641,14.41,2161.66,0.8205128205128205
168784,12,0.6517,0.8958,0.7641,14.0,2231.0,0.8205128205128205
168784,13,0.652,0.9003,0.7692,13.77,2282.55,0.8205128205128205
168784,14,0.6521,0.9066,0.7692,13.48,2358.97,0.8205128205128205
168784,15,0.6526,0.9107,0.7641,13.23,2443.97,0.8205128205128205
168784,16,0.6534,0.9181,0.7692,13.01,2564.1,0.8205128205128205
168784,17,0.6538,0.921,0.7692,12.85,2676.72,0.8205128205128205
168784,18,0.6543,0.9278,0.7641,12.62,2770.71,0.8205128205128205
168784,19,0.6545,0.9307,0.7744,12.42,2877.96,0.8205128205128205
168784,20,0.6549,0.9347,0.7692,12.27,2993.7,0.8205128205128205
168784,21,0.6554,0.9376,0.7744,12.11,3126.61,0.8205128205128205
168784,22,0.656,0.9427,0.7846,11.97,3254.11,0.8205128205128205
168784,23,0.656,0.9456,0.7897,11.86,3408.62,0.8205128205128205
168784,24,0.6561,0.9485,0.7897,11.79,3579.95,0.8205128205128205
168784,25,0.656,0.9513,0.7846,11.64,3755.12,0.8205128205128205
168784,26,0.656,0.9559,0.7897,11.52,3936.76,0.8205128205128205
168784,27,0.6562,0.9576,0.7897,11.33,4104.69,0.8205128205128205
168784,28,0.6562,0.9605,0.7897,11.21,4277.82,0.8205128205128205
168784,29,0.6564,0.9639,0.7897,11.19,4472.36,0.8205128205128205
168784,30,0.6565,0.9656,0.7897,11.13,4654.8,0.8205128205128205
168784,31,0.6565,0.9702,0.7897,11.08,4830.42,0.8205128205128205
168784,32,0.6564,0.9737,0.7897,11.02,4995.72,0.8205128205128205
168784,33,0.6567,0.9782,0.7846,10.97,5150.32,0.8205128205128205
168784,34,0.6567,0.9805,0.7846,10.86,5286.68,0.8205128205128205
168784,35,0.6569,0.9828,0.7846,10.81,5400.87,0.8205128205128205
168784,36,0.6569,0.9851,0.7846,10.72,5506.22,0.8205128205128205
168784,37,0.6569,0.988,0.7846,10.66,5617.43,0.8205128205128205
168784,38,0.657,0.9885,0.7846,10.61,5703.39,0.8205128205128205
168784,39,0.6572,0.9885,0.7846,10.56,5758.14,0.8205128205128205
168784,40,0.6574,0.9903,0.7846,10.5,5812.51,0.8205128205128205
168784,41,0.6575,0.9908,0.7846,10.39,5853.21,0.8205128205128205
168784,42,0.6575,0.9914,0.7897,10.31,5886.06,0.8205128205128205
168784,43,0.6575,0.992,0.7897,10.23,5918.73,0.8205128205128205
168784,44,0.6576,0.9926,0.7949,10.11,5923.4,0.8205128205128205
168784,45,0.6578,0.9926,0.7949,10.02,5929.81,0.8205128205128205
168784,46,0.6577,0.9926,0.7949,9.97,5934.69,0.8205128205128205
168784,47,0.6577,0.9937,0.7949,9.96,5942.27,0.8205128205128205
168784,48,0.6579,0.9937,0.7949,9.87,5945.21,0.8205128205128205
168784,49,0.6578,0.9943,0.7949,9.79,5960.43,0.8205128205128205
168784,0,0.6212,0.7554,0.7385,4.75,173.81,0.8205128205128205
168784,1,0.6212,0.7554,0.7385,4.75,173.81,0.8205128205128205
168784,2,0.6295,0.7761,0.7333,6.14,334.07,0.8205128205128205
168784,3,0.6362,0.7955,0.7385,8.06,649.86,0.8205128205128205
168784,4,0.6406,0.8144,0.759,9.59,985.21,0.8205128205128205
168784,5,0.6441,0.8282,0.7641,10.17,1116.48,0.8205128205128205
168784,6,0.6467,0.8362,0.7641,10.44,1150.64,0.8205128205128205
168784,7,0.6484,0.8425,0.7744,10.23,1156.96,0.8205128205128205
168784,8,0.6502,0.8465,0.7692,10.1,1164.57,0.8205128205128205
168784,9,0.6515,0.8517,0.7641,9.92,1181.28,0.8205128205128205
168784,10,0.652,0.8574,0.7795,9.85,1249.18,0.8205128205128205
168784,11,0.6533,0.8614,0.7744,9.75,1310.5,0.8205128205128205
168784,12,0.6537,0.8683,0.7744,9.61,1387.84,0.8205128205128205
168784,13,0.6545,0.8734,0.7744,9.68,1487.71,0.8205128205128205
168784,14,0.6549,0.878,0.7795,9.59,1626.18,0.8205128205128205
168784,15,0.6552,0.8832,0.7846,9.54,1764.69,0.8205128205128205
168784,16,0.6552,0.8906,0.7846,9.43,1907.62,0.8205128205128205
168784,17,0.6552,0.894,0.7744,9.45,2058.7,0.8205128205128205
168784,18,0.6549,0.9026,0.7692,9.47,2224.5,0.8205128205128205
168784,19,0.6551,0.9061,0.7744,9.43,2439.85,0.8205128205128205
168784,20,0.6556,0.9147,0.7795,9.41,2623.22,0.8205128205128205
168784,21,0.6557,0.9181,0.7846,9.46,2843.09,0.8205128205128205
168784,22,0.6557,0.9221,0.7846,9.58,3075.46,0.8205128205128205
168784,23,0.6556,0.9273,0.7846,9.55,3317.83,0.8205128205128205
168784,24,0.6557,0.9307,0.7846,9.62,3555.73,0.8205128205128205
168784,25,0.6559,0.9364,0.7846,9.68,3754.51,0.8205128205128205
168784,26,0.656,0.941,0.7846,9.76,3916.85,0.8205128205128205
168784,27,0.6562,0.9439,0.7846,9.79,4062.02,0.8205128205128205
168784,28,0.6562,0.9479,0.7795,9.81,4203.25,0.8205128205128205
168784,29,0.6564,0.9502,0.7795,9.87,4325.58,0.8205128205128205
168784,30,0.6565,0.9519,0.7795,9.82,4451.52,0.8205128205128205
168784,31,0.6566,0.9559,0.7846,9.82,4567.73,0.8205128205128205
168784,32,0.6567,0.9593,0.7846,9.78,4689.36,0.8205128205128205
168784,33,0.6567,0.9628,0.7846,9.84,4785.96,0.8205128205128205
168784,34,0.6568,0.9685,0.7846,9.82,4895.97,0.8205128205128205
168784,35,0.6568,0.9702,0.7846,9.85,5033.85,0.8205128205128205
168784,36,0.6566,0.9719,0.7897,9.93,5207.2,0.8205128205128205
168784,37,0.6567,0.9765,0.7897,9.95,5399.46,0.8205128205128205
168784,38,0.6568,0.9788,0.7897,9.93,5580.15,0.8205128205128205
168784,39,0.6569,0.9794,0.7846,9.95,5716.87,0.8205128205128205
168784,40,0.657,0.9822,0.7846,9.96,5844.03,0.8205128205128205
168784,41,0.657,0.9851,0.7897,9.94,5953.58,0.8205128205128205
168784,42,0.6572,0.9868,0.7897,9.94,6047.61,0.8205128205128205
168784,43,0.6572,0.988,0.7949,9.92,6136.19,0.8205128205128205
168784,44,0.6573,0.9891,0.7949,9.89,6213.54,0.8205128205128205
168784,45,0.6574,0.9891,0.7949,9.84,6267.48,0.8205128205128205
168784,46,0.6574,0.9903,0.7949,9.84,6317.04,0.8205128205128205
168784,47,0.6575,0.992,0.8,9.82,6350.71,0.8205128205128205
168784,48,0.6576,0.9926,0.8,9.83,6368.1,0.8205128205128205
168784,49,0.6576,0.9926,0.8,9.8,6395.53,0.8205128205128205
359954,0,0.4681,0.6193,0.5,16.48,226.66,0.6756756756756757
359954,1,0.4681,0.6193,0.5,16.48,226.66,0.6756756756756757
359954,2,0.4781,0.6752,0.527,19.32,464.26,0.6756756756756757
359954,3,0.4864,0.7221,0.5405,23.94,963.24,0.6756756756756757
359954,4,0.4931,0.7628,0.5676,25.62,1168.17,0.6756756756756757
359954,5,0.4946,0.7779,0.5811,26.08,1241.27,0.6756756756756757
359954,6,0.497,0.7946,0.5946,25.65,1282.71,0.6756756756756757
359954,7,0.5003,0.8036,0.6351,25.43,1282.32,0.6756756756756757
359954,8,0.5032,0.8218,0.6486,24.13,1263.01,0.6756756756756757
359954,9,0.5046,0.8369,0.6486,23.12,1259.85,0.6756756756756757
359954,10,0.5059,0.8535,0.6486,22.01,1250.27,0.6756756756756757
359954,11,0.5075,0.864,0.6622,21.78,1278.1,0.6756756756756757
359954,12,0.5086,0.8701,0.6486,21.14,1327.01,0.6756756756756757
359954,13,0.5102,0.8807,0.6622,20.93,1425.46,0.6756756756756757
359954,14,0.5115,0.8897,0.6622,20.78,1519.64,0.6756756756756757
359954,15,0.5124,0.8958,0.6622,20.39,1595.23,0.6756756756756757
359954,16,0.5133,0.8988,0.6622,20.39,1645.37,0.6756756756756757
359954,17,0.5133,0.9018,0.6622,20.2,1690.35,0.6756756756756757
359954,18,0.5139,0.9063,0.6622,19.74,1724.06,0.6756756756756757
359954,19,0.5147,0.9063,0.6757,19.54,1756.71,0.6756756756756757
359954,20,0.5154,0.9139,0.6757,19.35,1780.83,0.6756756756756757
359954,21,0.5157,0.9169,0.6757,19.12,1796.39,0.6756756756756757
359954,22,0.5159,0.923,0.6757,18.93,1824.16,0.6756756756756757
359954,23,0.5163,0.926,0.6757,18.71,1842.25,0.6756756756756757
359954,24,0.5167,0.929,0.6757,18.37,1871.06,0.6756756756756757
359954,25,0.517,0.9366,0.6622,18.13,1896.86,0.6756756756756757
359954,26,0.5175,0.9411,0.6757,18.03,1916.03,0.6756756756756757
359954,27,0.5177,0.9426,0.6757,17.84,1940.68,0.6756756756756757
359954,28,0.5181,0.9456,0.6757,17.81,1949.12,0.6756756756756757
359954,29,0.5182,0.9486,0.6622,17.52,1953.68,0.6756756756756757
359954,30,0.5184,0.9486,0.6622,17.35,1966.44,0.6756756756756757
359954,31,0.5188,0.9502,0.6622,17.19,1976.09,0.6756756756756757
359954,32,0.5193,0.9517,0.6622,17.1,1987.11,0.6756756756756757
359954,33,0.5195,0.9532,0.6622,17.0,1988.53,0.6756756756756757
359954,34,0.5199,0.9577,0.6622,16.77,1987.42,0.6756756756756757
359954,35,0.5202,0.9607,0.6622,16.5,1980.25,0.6756756756756757
359954,36,0.5204,0.9607,0.6622,16.34,1969.75,0.6756756756756757
359954,37,0.5206,0.9607,0.6622,16.26,1967.24,0.6756756756756757
359954,38,0.5206,0.9622,0.6622,16.16,1960.35,0.6756756756756757
359954,39,0.5209,0.9637,0.6622,16.04,1949.62,0.6756756756756757
359954,40,0.5211,0.9637,0.6622,15.86,1938.09,0.6756756756756757
359954,41,0.5215,0.9637,0.6622,15.69,1927.95,0.6756756756756757
359954,42,0.5216,0.9653,0.6622,15.56,1923.17,0.6756756756756757
359954,43,0.5218,0.9668,0.6622,15.41,1913.97,0.6756756756756757
359954,44,0.5221,0.9668,0.6622,15.22,1896.37,0.6756756756756757
359954,45,0.5223,0.9683,0.6622,15.07,1883.25,0.6756756756756757
359954,46,0.5224,0.9713,0.6622,14.92,1867.45,0.6756756756756757
359954,47,0.5225,0.9728,0.6622,14.8,1850.85,0.6756756756756757
359954,48,0.5227,0.9728,0.6622,14.66,1838.83,0.6756756756756757
359954,49,0.5228,0.9728,0.6622,14.55,1822.96,0.6756756756756757
190146,0,0.6451,0.8029,0.7412,4.47,99.44,0.788235294117647
190146,1,0.6451,0.8029,0.7412,4.47,99.44,0.788235294117647
190146,2,0.6516,0.8463,0.7294,6.28,214.96,0.788235294117647
190146,3,0.6549,0.8949,0.7294,8.87,371.27,0.788235294117647
190146,4,0.6576,0.9317,0.7412,10.39,457.34,0.788235294117647
190146,5,0.6611,0.9409,0.7529,11.05,477.48,0.788235294117647
190146,6,0.6633,0.9514,0.7412,11.32,498.39,0.788235294117647
190146,7,0.6648,0.958,0.7412,11.27,502.4,0.788235294117647
190146,8,0.6667,0.9658,0.7294,11.2,513.45,0.788235294117647
190146,9,0.6667,0.9698,0.7294,11.16,531.78,0.788235294117647
190146,10,0.6675,0.9724,0.7294,11.05,556.57,0.788235294117647
190146,11,0.6687,0.9737,0.7412,10.77,569.17,0.788235294117647
190146,12,0.6696,0.975,0.7294,10.62,589.99,0.788235294117647
190146,13,0.6711,0.9763,0.7412,10.37,616.31,0.788235294117647
190146,14,0.6709,0.9777,0.7294,10.26,652.46,0.788235294117647
190146,15,0.6709,0.9777,0.7294,10.05,684.39,0.788235294117647
190146,16,0.6713,0.9803,0.7294,9.83,711.72,0.788235294117647
190146,17,0.6712,0.9816,0.7294,9.56,743.48,0.788235294117647
190146,18,0.6715,0.9855,0.7294,9.27,766.78,0.788235294117647
190146,19,0.6715,0.9882,0.7294,9.15,794.11,0.788235294117647
190146,20,0.6718,0.9882,0.7294,9.07,817.73,0.788235294117647
190146,21,0.6721,0.9895,0.7294,8.96,844.13,0.788235294117647
190146,22,0.6724,0.9895,0.7294,8.91,850.73,0.788235294117647
190146,23,0.6724,0.9895,0.7294,8.79,854.55,0.788235294117647
190146,24,0.6725,0.9895,0.7294,8.71,859.91,0.788235294117647
190146,25,0.6729,0.9895,0.7294,8.57,862.06,0.788235294117647
190146,26,0.6733,0.9895,0.7294,8.46,863.02,0.788235294117647
190146,27,0.6738,0.9908,0.7412,8.36,864.83,0.788235294117647
190146,28,0.6739,0.9895,0.7412,8.26,867.77,0.788235294117647
190146,29,0.674,0.9921,0.7529,8.2,871.77,0.788235294117647
190146,30,0.6741,0.9921,0.7529,8.23,876.16,0.788235294117647
190146,31,0.674,0.9921,0.7529,8.31,881.26,0.788235294117647
190146,32,0.6741,0.9921,0.7529,8.37,891.13,0.788235294117647
190146,33,0.6741,0.9934,0.7529,8.32,896.39,0.788235294117647
190146,34,0.674,0.9934,0.7529,8.25,900.04,0.788235294117647
190146,35,0.6739,0.9934,0.7529,8.23,897.82,0.788235294117647
190146,36,0.6741,0.9934,0.7529,8.25,896.87,0.788235294117647
190146,37,0.674,0.9934,0.7529,8.24,898.19,0.788235294117647
190146,38,0.6738,0.9947,0.7529,8.21,897.68,0.788235294117647
190146,39,0.6736,0.9947,0.7529,8.2,896.72,0.788235294117647
190146,40,0.6736,0.9947,0.7529,8.26,897.43,0.788235294117647
190146,41,0.6737,0.9947,0.7529,8.29,894.22,0.788235294117647
190146,42,0.6737,0.9947,0.7412,8.29,890.58,0.788235294117647
190146,43,0.6738,0.9947,0.7412,8.31,887.63,0.788235294117647
190146,44,0.6738,0.9947,0.7529,8.3,885.19,0.788235294117647
190146,45,0.6738,0.9947,0.7529,8.3,882.36,0.788235294117647
190146,46,0.6737,0.9947,0.7529,8.29,880.13,0.788235294117647
190146,47,0.6737,0.9947,0.7529,8.29,875.23,0.788235294117647
190146,48,0.6737,0.9947,0.7647,8.28,872.31,0.788235294117647
190146,49,0.6737,0.9947,0.7647,8.29,868.13,0.788235294117647
190146,0,0.6452,0.7911,0.7412,4.19,112.59,0.7764705882352941
190146,1,0.6452,0.7911,0.7412,4.19,112.59,0.7764705882352941
190146,2,0.6508,0.8423,0.7176,6.32,197.1,0.7764705882352941
190146,3,0.6539,0.8988,0.7176,7.95,285.59,0.7764705882352941
190146,4,0.6585,0.912,0.7294,8.47,337.93,0.7764705882352941
190146,5,0.6602,0.9277,0.7294,8.56,365.11,0.7764705882352941
190146,6,0.6606,0.9396,0.7412,8.67,376.58,0.7764705882352941
190146,7,0.6614,0.9461,0.7412,8.94,388.86,0.7764705882352941
190146,8,0.663,0.9527,0.7412,9.18,399.27,0.7764705882352941
190146,9,0.6638,0.9566,0.7176,9.32,420.83,0.7764705882352941
190146,10,0.6648,0.9632,0.7294,9.25,437.08,0.7764705882352941
190146,11,0.6651,0.9671,0.7176,9.22,452.68,0.7764705882352941
190146,12,0.6659,0.9685,0.7294,9.36,468.85,0.7764705882352941
190146,13,0.6665,0.9685,0.7294,9.55,504.43,0.7764705882352941
190146,14,0.6671,0.9711,0.7294,9.48,543.38,0.7764705882352941
190146,15,0.6672,0.9724,0.7294,9.73,584.68,0.7764705882352941
190146,16,0.6679,0.975,0.7176,9.86,624.41,0.7764705882352941
190146,17,0.6689,0.9763,0.7176,9.79,668.62,0.7764705882352941
190146,18,0.6696,0.9816,0.7294,9.88,705.16,0.7764705882352941
190146,19,0.6699,0.9842,0.7294,9.89,733.83,0.7764705882352941
190146,20,0.6703,0.9855,0.7294,9.82,751.17,0.7764705882352941
190146,21,0.671,0.9869,0.7294,9.83,774.57,0.7764705882352941
190146,22,0.6712,0.9895,0.7294,9.78,789.84,0.7764705882352941
190146,23,0.6718,0.9908,0.7294,9.86,800.23,0.7764705882352941
190146,24,0.6719,0.9921,0.7294,9.87,804.55,0.7764705882352941
190146,25,0.6719,0.9921,0.7294,9.9,808.14,0.7764705882352941
190146,26,0.6722,0.9921,0.7294,9.88,804.87,0.7764705882352941
190146,27,0.6723,0.9921,0.7294,9.87,803.0,0.7764705882352941
190146,28,0.6728,0.9921,0.7176,9.79,800.31,0.7764705882352941
190146,29,0.6733,0.9921,0.7176,9.81,799.74,0.7764705882352941
190146,30,0.6734,0.9921,0.7176,9.7,795.94,0.7764705882352941
190146,31,0.6734,0.9921,0.7176,9.67,793.46,0.7764705882352941
190146,32,0.6735,0.9921,0.7176,9.61,791.9,0.7764705882352941
190146,33,0.6735,0.9921,0.7176,9.66,790.37,0.7764705882352941
190146,34,0.6737,0.9921,0.7176,9.57,792.98,0.7764705882352941
190146,35,0.6739,0.9921,0.7176,9.53,795.46,0.7764705882352941
190146,36,0.6741,0.9934,0.7176,9.5,795.21,0.7764705882352941
190146,37,0.6741,0.9934,0.7176,9.48,794.36,0.7764705882352941
190146,38,0.6741,0.9934,0.7176,9.45,792.42,0.7764705882352941
190146,39,0.6742,0.9934,0.7176,9.37,791.76,0.7764705882352941
190146,40,0.6741,0.9934,0.7176,9.38,792.3,0.7764705882352941
190146,41,0.6741,0.9947,0.7176,9.4,793.63,0.7764705882352941
190146,42,0.6744,0.9947,0.7294,9.4,793.64,0.7764705882352941
190146,43,0.6744,0.9947,0.7294,9.39,797.92,0.7764705882352941
190146,44,0.6745,0.9947,0.7294,9.3,800.42,0.7764705882352941
190146,45,0.6747,0.9947,0.7294,9.31,802.23,0.7764705882352941
190146,46,0.6748,0.9947,0.7412,9.35,804.15,0.7764705882352941
190146,47,0.6749,0.9947,0.7412,9.3,803.83,0.7764705882352941
190146,48,0.675,0.9947,0.7412,9.29,804.29,0.7764705882352941
190146,49,0.675,0.9947,0.7412,9.26,804.35,0.7764705882352941
190146,0,0.6481,0.8213,0.6941,3.83,98.61,0.788235294117647
190146,1,0.6481,0.8213,0.6941,3.83,98.61,0.788235294117647
190146,2,0.6529,0.8541,0.7294,5.91,195.06,0.788235294117647
190146,3,0.6577,0.887,0.7412,6.38,285.13,0.788235294117647
190146,4,0.6596,0.9172,0.7412,6.66,328.15,0.788235294117647
190146,5,0.6615,0.9343,0.7529,6.69,352.69,0.788235294117647
190146,6,0.6626,0.9382,0.7412,6.63,376.87,0.788235294117647
190146,7,0.6624,0.9435,0.7294,6.53,386.99,0.788235294117647
190146,8,0.6627,0.9488,0.7529,6.11,385.51,0.788235294117647
190146,9,0.6626,0.9553,0.7529,5.61,390.4,0.788235294117647
190146,10,0.6634,0.9566,0.7529,5.21,397.34,0.788235294117647
190146,11,0.6648,0.9619,0.7412,4.93,402.1,0.788235294117647
190146,12,0.6649,0.9645,0.7412,4.71,411.29,0.788235294117647
190146,13,0.6652,0.9671,0.7412,4.64,426.4,0.788235294117647
190146,14,0.6663,0.9711,0.7294,4.75,452.82,0.788235294117647
190146,15,0.6666,0.975,0.7294,4.86,483.83,0.788235294117647
190146,16,0.6668,0.975,0.7294,5.01,506.91,0.788235294117647
190146,17,0.6668,0.9763,0.7294,5.24,531.81,0.788235294117647
190146,18,0.6675,0.9777,0.7294,5.42,550.6,0.788235294117647
190146,19,0.6676,0.9777,0.7294,5.65,568.8,0.788235294117647
190146,20,0.668,0.9777,0.7294,5.98,589.99,0.788235294117647
190146,21,0.6679,0.9777,0.7294,6.29,614.46,0.788235294117647
190146,22,0.668,0.9816,0.7294,6.62,639.95,0.788235294117647
190146,23,0.6685,0.9829,0.7294,6.76,660.19,0.788235294117647
190146,24,0.6684,0.9829,0.7294,6.87,676.11,0.788235294117647
190146,25,0.6687,0.9882,0.7294,6.95,694.39,0.788235294117647
190146,26,0.6688,0.9908,0.7294,7.05,708.63,0.788235294117647
190146,27,0.669,0.9921,0.7294,7.24,723.35,0.788235294117647
190146,28,0.6694,0.9921,0.7294,7.32,734.42,0.788235294117647
190146,29,0.6697,0.9934,0.7294,7.46,742.98,0.788235294117647
190146,30,0.6699,0.9934,0.7412,7.57,746.95,0.788235294117647
190146,31,0.6704,0.9934,0.7412,7.69,757.96,0.788235294117647
190146,32,0.6706,0.9934,0.7412,7.77,764.62,0.788235294117647
190146,33,0.6709,0.9908,0.7412,7.81,766.93,0.788235294117647
190146,34,0.671,0.9908,0.7412,7.87,771.51,0.788235294117647
190146,35,0.6714,0.9921,0.7412,7.92,775.74,0.788235294117647
190146,36,0.672,0.9921,0.7412,7.98,781.07,0.788235294117647
190146,37,0.6721,0.9908,0.7412,8.05,783.61,0.788235294117647
190146,38,0.6723,0.9908,0.7412,8.11,787.45,0.788235294117647
190146,39,0.6724,0.9934,0.7412,8.07,790.65,0.788235294117647
190146,40,0.6726,0.9934,0.7412,8.09,792.13,0.788235294117647
190146,41,0.6726,0.9934,0.7412,8.14,791.88,0.788235294117647
190146,42,0.6727,0.9934,0.7412,8.12,792.28,0.788235294117647
190146,43,0.6727,0.9947,0.7412,8.1,791.98,0.788235294117647
190146,44,0.6729,0.9947,0.7412,8.1,792.39,0.788235294117647
190146,45,0.673,0.9947,0.7412,8.13,791.34,0.788235294117647
190146,46,0.6733,0.9947,0.7412,8.1,790.37,0.788235294117647
190146,47,0.6734,0.9947,0.7412,8.12,788.3,0.788235294117647
190146,48,0.6735,0.9947,0.7412,8.15,786.24,0.788235294117647
190146,49,0.6737,0.9947,0.7412,8.16,782.57,0.788235294117647
359959,0,0.4618,0.4468,0.4324,10.07,51.22,0.527027027027027
359959,1,0.4618,0.4468,0.4324,10.07,51.22,0.527027027027027
359959,2,0.4662,0.4883,0.4527,11.31,67.32,0.527027027027027
359959,3,0.4698,0.517,0.5068,12.02,98.01,0.527027027027027
359959,4,0.4726,0.5426,0.5405,12.21,121.73,0.527027027027027
359959,5,0.4748,0.5525,0.5338,12.74,166.05,0.527027027027027
359959,6,0.4782,0.5706,0.5405,13.01,214.9,0.527027027027027
359959,7,0.4793,0.5834,0.5405,13.46,296.12,0.527027027027027
359959,8,0.4799,0.5879,0.5405,13.63,345.76,0.527027027027027
359959,9,0.4803,0.5962,0.5338,13.86,379.6,0.527027027027027
359959,10,0.4804,0.6,0.5338,14.01,408.97,0.527027027027027
359959,11,0.4812,0.597,0.527,13.91,435.71,0.527027027027027
359959,12,0.4818,0.6023,0.5338,14.01,478.15,0.527027027027027
359959,13,0.482,0.6068,0.5405,13.96,528.76,0.527027027027027
359959,14,0.4826,0.6068,0.5608,13.96,582.81,0.527027027027027
359959,15,0.4827,0.6083,0.5608,13.9,620.11,0.527027027027027
359959,16,0.4828,0.6136,0.5541,13.58,643.3,0.527027027027027
359959,17,0.4833,0.6174,0.5541,13.32,660.77,0.527027027027027
359959,18,0.4831,0.6189,0.5541,13.11,686.35,0.527027027027027
359959,19,0.4834,0.6204,0.5541,12.9,710.49,0.527027027027027
359959,20,0.4829,0.6211,0.5541,12.59,730.98,0.527027027027027
359959,21,0.4829,0.6264,0.5608,12.29,748.83,0.527027027027027
359959,22,0.483,0.6272,0.5541,12.09,762.24,0.527027027027027
359959,23,0.4831,0.6272,0.5608,11.84,781.18,0.527027027027027
359959,24,0.4832,0.6294,0.5608,11.61,805.8,0.527027027027027
359959,25,0.4829,0.6325,0.5608,11.49,830.47,0.527027027027027
359959,26,0.4829,0.6347,0.5608,11.3,854.21,0.527027027027027
359959,27,0.4831,0.6362,0.5608,11.15,882.17,0.527027027027027
359959,28,0.4833,0.6408,0.5608,11.04,905.49,0.527027027027027
359959,29,0.4833,0.6438,0.5608,10.89,932.76,0.527027027027027
359959,30,0.4832,0.6445,0.5608,10.8,957.4,0.527027027027027
359959,31,0.4834,0.6438,0.5608,10.7,1002.88,0.527027027027027
359959,32,0.4837,0.6475,0.5608,10.63,1043.72,0.527027027027027
359959,33,0.4834,0.6513,0.5608,10.58,1084.24,0.527027027027027
359959,34,0.4833,0.6521,0.5608,10.51,1130.01,0.527027027027027
359959,35,0.4832,0.6528,0.5608,10.51,1167.0,0.527027027027027
359959,36,0.4833,0.6551,0.5608,10.43,1204.61,0.527027027027027
359959,37,0.4833,0.6574,0.5608,10.36,1235.16,0.527027027027027
359959,38,0.4833,0.6589,0.5608,10.29,1280.82,0.527027027027027
359959,39,0.4831,0.6604,0.5608,10.27,1334.16,0.527027027027027
359959,40,0.4829,0.6619,0.5608,10.2,1392.8,0.527027027027027
359959,41,0.483,0.6634,0.5608,10.17,1451.6,0.527027027027027
359959,42,0.4829,0.6642,0.5608,10.17,1517.82,0.527027027027027
359959,43,0.4829,0.6649,0.5608,10.18,1615.01,0.527027027027027
359959,44,0.483,0.6657,0.5608,10.26,1736.81,0.527027027027027
359959,45,0.483,0.6679,0.5608,10.36,1845.62,0.527027027027027
359959,46,0.4828,0.6702,0.5676,10.48,1978.85,0.527027027027027
359959,47,0.4828,0.6725,0.5676,10.59,2112.94,0.527027027027027
359959,48,0.4828,0.674,0.5676,10.71,2263.73,0.527027027027027
359959,49,0.4829,0.6755,0.5676,10.8,2402.12,0.527027027027027
2073,0,0.4728,0.585,0.5839,12.71,122.63,0.7181208053691275
2073,1,0.4728,0.585,0.5839,12.71,122.63,0.7181208053691275
2073,2,0.4763,0.6022,0.6107,17.27,368.06,0.7181208053691275
2073,3,0.4855,0.624,0.6242,22.34,821.79,0.7181208053691275
2073,4,0.4912,0.636,0.6376,25.68,1191.47,0.7181208053691275
2073,5,0.496,0.6494,0.6443,27.05,1422.46,0.7181208053691275
2073,6,0.4988,0.6599,0.6443,28.3,1599.8,0.7181208053691275
2073,7,0.5001,0.6629,0.6376,28.18,1698.63,0.7181208053691275
2073,8,0.503,0.6682,0.6443,28.64,1756.17,0.7181208053691275
2073,9,0.5048,0.6742,0.651,28.54,1837.54,0.7181208053691275
2073,10,0.5066,0.6757,0.651,28.56,1995.05,0.7181208053691275
2073,11,0.5073,0.6816,0.651,28.87,2165.39,0.7181208053691275
2073,12,0.5063,0.6869,0.651,28.91,2317.53,0.7181208053691275
2073,13,0.5062,0.6929,0.651,28.72,2487.86,0.7181208053691275
2073,14,0.5059,0.6951,0.651,28.74,2636.69,0.7181208053691275
2073,15,0.5055,0.7011,0.651,29.35,2873.34,0.7181208053691275
2073,16,0.505,0.7064,0.651,29.54,3199.71,0.7181208053691275
2073,17,0.5052,0.7139,0.651,29.62,3410.18,0.7181208053691275
2073,18,0.505,0.7191,0.6376,30.1,3689.7,0.7181208053691275
2073,19,0.5045,0.7228,0.6376,30.33,3896.14,0.7181208053691275
2073,20,0.5049,0.7296,0.6376,30.66,4205.62,0.7181208053691275
2073,21,0.5047,0.7333,0.6376,30.77,4493.01,0.7181208053691275
2073,22,0.5043,0.7348,0.6376,30.9,4802.5,0.7181208053691275
2073,23,0.5036,0.7386,0.6376,31.29,5150.56,0.7181208053691275
2073,24,0.5031,0.7408,0.6376,32.01,5509.1,0.7181208053691275
2073,25,0.5031,0.7491,0.6443,32.34,5936.62,0.7181208053691275
2073,26,0.5027,0.7536,0.651,32.69,6475.82,0.7181208053691275
2073,27,0.5022,0.7566,0.651,32.82,6924.13,0.7181208053691275
2073,28,0.502,0.7618,0.651,33.19,7373.68,0.7181208053691275
2073,29,0.5018,0.7648,0.651,33.41,7865.49,0.7181208053691275
2073,30,0.5018,0.77,0.6577,33.41,8305.59,0.7181208053691275
2073,31,0.5018,0.7768,0.6577,33.46,8786.97,0.7181208053691275
2073,32,0.5017,0.788,0.6644,33.85,9385.93,0.7181208053691275
2073,33,0.502,0.7918,0.6779,33.89,9847.89,0.7181208053691275
2073,34,0.5022,0.7985,0.6779,33.83,10347.43,0.7181208053691275
2073,35,0.5022,0.8022,0.6779,33.87,10754.63,0.7181208053691275
2073,36,0.5022,0.8105,0.6846,33.78,11119.79,0.7181208053691275
2073,37,0.5021,0.8157,0.6846,33.79,11447.69,0.7181208053691275
2073,38,0.5023,0.8202,0.6846,33.71,11739.73,0.7181208053691275
2073,39,0.5022,0.8225,0.6846,33.8,11987.72,0.7181208053691275
2073,40,0.5023,0.8277,0.6846,33.67,12201.68,0.7181208053691275
2073,41,0.5022,0.8322,0.6846,33.53,12335.86,0.7181208053691275
2073,42,0.502,0.8375,0.6846,33.47,12565.53,0.7181208053691275
2073,43,0.5018,0.839,0.6846,33.28,12703.98,0.7181208053691275
2073,44,0.5017,0.8434,0.6913,33.23,12822.43,0.7181208053691275
2073,45,0.5019,0.8457,0.6913,33.04,12965.33,0.7181208053691275
2073,46,0.502,0.8464,0.6913,32.74,13047.34,0.7181208053691275
2073,47,0.5021,0.8494,0.6913,32.44,13117.22,0.7181208053691275
2073,48,0.5022,0.8554,0.6913,32.24,13233.32,0.7181208053691275
2073,49,0.5021,0.8584,0.6913,31.98,13253.4,0.7181208053691275
168784,0,0.6147,0.744,0.7231,5.29,232.44,0.8205128205128205
168784,1,0.6147,0.744,0.7231,5.29,232.44,0.8205128205128205
168784,2,0.6254,0.7703,0.7487,8.13,420.75,0.8205128205128205
168784,3,0.6359,0.7955,0.759,10.94,779.25,0.8205128205128205
168784,4,0.6404,0.8167,0.7692,12.44,971.85,0.8205128205128205
168784,5,0.6437,0.831,0.7692,13.3,1076.8,0.8205128205128205
168784,6,0.6467,0.8454,0.7692,13.15,1122.09,0.8205128205128205
168784,7,0.6486,0.8534,0.759,12.99,1170.25,0.8205128205128205
168784,8,0.65,0.8608,0.759,12.85,1248.58,0.8205128205128205
168784,9,0.651,0.8666,0.7641,12.88,1326.93,0.8205128205128205
168784,10,0.6521,0.8717,0.759,12.58,1398.28,0.8205128205128205
168784,11,0.6528,0.8774,0.7641,12.27,1431.76,0.8205128205128205
168784,12,0.6534,0.8866,0.7641,12.09,1498.43,0.8205128205128205
168784,13,0.6538,0.8895,0.7641,11.78,1628.22,0.8205128205128205
168784,14,0.6546,0.8935,0.7641,11.66,1805.6,0.8205128205128205
168784,15,0.6549,0.8981,0.7692,11.44,1976.57,0.8205128205128205
168784,16,0.655,0.9038,0.7744,11.34,2169.82,0.8205128205128205
168784,17,0.6553,0.9101,0.7744,11.16,2418.65,0.8205128205128205
168784,18,0.6554,0.9175,0.7795,11.11,2719.62,0.8205128205128205
168784,19,0.6559,0.9233,0.7795,11.07,3085.92,0.8205128205128205
168784,20,0.6562,0.9324,0.7795,11.07,3443.41,0.8205128205128205
168784,21,0.6565,0.9381,0.7846,11.05,3787.47,0.8205128205128205
168784,22,0.6568,0.941,0.7846,10.93,4087.32,0.8205128205128205
168784,23,0.657,0.945,0.7846,10.9,4395.8,0.8205128205128205
168784,24,0.6572,0.949,0.7846,10.87,4700.92,0.8205128205128205
168784,25,0.6573,0.9542,0.7897,10.82,4986.44,0.8205128205128205
168784,26,0.6577,0.9582,0.7897,10.76,5244.4,0.8205128205128205
168784,27,0.6576,0.9622,0.7897,10.72,5478.81,0.8205128205128205
168784,28,0.6576,0.9656,0.7897,10.71,5646.03,0.8205128205128205
168784,29,0.6578,0.9685,0.7846,10.65,5788.3,0.8205128205128205
168784,30,0.6579,0.9719,0.7846,10.56,5928.02,0.8205128205128205
168784,31,0.658,0.9754,0.7846,10.5,6055.67,0.8205128205128205
168784,32,0.6582,0.9777,0.7897,10.41,6166.38,0.8205128205128205
168784,33,0.6583,0.9788,0.7846,10.3,6260.19,0.8205128205128205
168784,34,0.6586,0.9805,0.7897,10.18,6353.58,0.8205128205128205
168784,35,0.6587,0.9817,0.7897,10.04,6432.05,0.8205128205128205
168784,36,0.6589,0.984,0.7949,9.92,6507.34,0.8205128205128205
168784,37,0.6588,0.9868,0.7949,9.8,6576.7,0.8205128205128205
168784,38,0.6588,0.988,0.7949,9.66,6619.66,0.8205128205128205
168784,39,0.6588,0.9903,0.7949,9.59,6656.61,0.8205128205128205
168784,40,0.6589,0.9903,0.7949,9.52,6690.25,0.8205128205128205
168784,41,0.659,0.9903,0.7949,9.44,6705.72,0.8205128205128205
168784,42,0.6589,0.992,0.7949,9.37,6715.96,0.8205128205128205
168784,43,0.659,0.9931,0.7949,9.34,6717.56,0.8205128205128205
168784,44,0.659,0.9931,0.7949,9.27,6731.59,0.8205128205128205
168784,45,0.6591,0.9937,0.7949,9.25,6727.03,0.8205128205128205
168784,46,0.6591,0.9943,0.7949,9.19,6724.27,0.8205128205128205
168784,47,0.6592,0.9948,0.8,9.11,6711.01,0.8205128205128205
168784,48,0.6592,0.9954,0.8,9.04,6695.83,0.8205128205128205
168784,49,0.6591,0.996,0.8051,8.95,6675.2,0.8205128205128205
359954,0,0.4708,0.6193,0.5,10.55,124.94,0.6756756756756757
359954,1,0.4708,0.6193,0.5,10.55,124.94,0.6756756756756757
359954,2,0.4766,0.6616,0.5405,11.46,225.06,0.6756756756756757
359954,3,0.4885,0.7054,0.5676,13.65,551.84,0.6756756756756757
359954,4,0.4952,0.7417,0.5946,12.85,803.28,0.6756756756756757
359954,5,0.5017,0.7734,0.5946,12.38,945.54,0.6756756756756757
359954,6,0.5062,0.8006,0.6216,12.71,1118.01,0.6756756756756757
359954,7,0.5087,0.8202,0.6486,13.48,1244.0,0.6756756756756757
359954,8,0.5104,0.8505,0.6486,14.54,1388.34,0.6756756756756757
359954,9,0.5124,0.8625,0.6486,14.45,1467.54,0.6756756756756757
359954,10,0.5135,0.8686,0.6351,14.4,1500.91,0.6756756756756757
359954,11,0.5144,0.8807,0.6622,14.55,1539.01,0.6756756756756757
359954,12,0.5147,0.8897,0.6892,14.82,1595.35,0.6756756756756757
359954,13,0.5156,0.8988,0.6757,14.78,1648.34,0.6756756756756757
359954,14,0.5168,0.9048,0.6757,14.65,1674.11,0.6756756756756757
359954,15,0.5172,0.9139,0.6757,14.67,1706.96,0.6756756756756757
359954,16,0.5179,0.9169,0.6757,14.78,1712.12,0.6756756756756757
359954,17,0.518,0.923,0.6757,14.76,1726.35,0.6756756756756757
359954,18,0.5185,0.9275,0.6757,14.65,1735.41,0.6756756756756757
359954,19,0.5191,0.932,0.6757,14.59,1754.55,0.6756756756756757
359954,20,0.5195,0.9335,0.6757,14.61,1779.85,0.6756756756756757
359954,21,0.5199,0.9396,0.6757,14.59,1803.89,0.6756756756756757
359954,22,0.5203,0.9456,0.6757,14.46,1809.42,0.6756756756756757
359954,23,0.5207,0.9532,0.6757,14.34,1819.2,0.6756756756756757
359954,24,0.521,0.9562,0.6757,14.37,1829.2,0.6756756756756757
359954,25,0.5212,0.9562,0.6757,14.5,1840.32,0.6756756756756757
359954,26,0.5215,0.9577,0.6757,14.57,1843.9,0.6756756756756757
359954,27,0.5221,0.9592,0.6757,14.51,1842.22,0.6756756756756757
359954,28,0.5222,0.9592,0.6757,14.3,1845.22,0.6756756756756757
359954,29,0.5224,0.9592,0.6757,14.36,1848.46,0.6756756756756757
359954,30,0.5228,0.9607,0.6757,14.33,1847.22,0.6756756756756757
359954,31,0.5229,0.9607,0.6757,14.27,1847.22,0.6756756756756757
359954,32,0.523,0.9607,0.6757,14.22,1845.01,0.6756756756756757
359954,33,0.5229,0.9622,0.6757,14.13,1845.85,0.6756756756756757
359954,34,0.5229,0.9622,0.6757,14.03,1847.21,0.6756756756756757
359954,35,0.5233,0.9622,0.6757,14.0,1844.48,0.6756756756756757
359954,36,0.5236,0.9653,0.6757,13.95,1840.35,0.6756756756756757
359954,37,0.5238,0.9653,0.6757,13.87,1835.87,0.6756756756756757
359954,38,0.524,0.9653,0.6757,13.88,1829.45,0.6756756756756757
359954,39,0.5241,0.9683,0.6757,13.83,1816.63,0.6756756756756757
359954,40,0.5242,0.9683,0.6757,13.84,1806.97,0.6756756756756757
359954,41,0.524,0.9683,0.6757,13.81,1801.14,0.6756756756756757
359954,42,0.5242,0.9698,0.6757,13.71,1791.38,0.6756756756756757
359954,43,0.5245,0.9713,0.6757,13.76,1783.88,0.6756756756756757
359954,44,0.5245,0.9728,0.6757,13.74,1774.2,0.6756756756756757
359954,45,0.5246,0.9728,0.6757,13.67,1764.81,0.6756756756756757
359954,46,0.5249,0.9728,0.6757,13.62,1755.28,0.6756756756756757
359954,47,0.5248,0.9743,0.6757,13.55,1741.51,0.6756756756756757
359954,48,0.525,0.9728,0.6757,13.56,1731.85,0.6756756756756757
359954,49,0.525,0.9743,0.6757,13.53,1719.01,0.6756756756756757
190146,0,0.6522,0.8305,0.7412,4.23,85.97,0.7647058823529411
190146,1,0.6522,0.8305,0.7412,4.23,85.97,0.7647058823529411
190146,2,0.6548,0.8594,0.7176,6.73,157.11,0.7647058823529411
190146,3,0.6589,0.9014,0.7294,8.53,235.25,0.7647058823529411
190146,4,0.6611,0.9198,0.7412,8.87,285.41,0.7647058823529411
190146,5,0.6613,0.929,0.7529,9.05,311.81,0.7647058823529411
190146,6,0.6624,0.9435,0.7412,8.89,331.18,0.7647058823529411
190146,7,0.6644,0.9474,0.7529,9.27,353.91,0.7647058823529411
190146,8,0.6662,0.954,0.7529,9.29,385.95,0.7647058823529411
190146,9,0.667,0.9619,0.7412,9.51,405.77,0.7647058823529411
190146,10,0.6682,0.9619,0.7412,9.58,418.21,0.7647058823529411
190146,11,0.6684,0.9658,0.7412,9.64,434.42,0.7647058823529411
190146,12,0.6689,0.9671,0.7294,9.65,451.92,0.7647058823529411
190146,13,0.6695,0.9698,0.7294,9.51,466.9,0.7647058823529411
190146,14,0.6697,0.9698,0.7294,9.53,474.56,0.7647058823529411
190146,15,0.6703,0.9737,0.7294,9.62,485.65,0.7647058823529411
190146,16,0.6706,0.975,0.7294,9.61,499.86,0.7647058823529411
190146,17,0.6712,0.9763,0.7294,9.55,512.71,0.7647058823529411
190146,18,0.6718,0.9803,0.7294,9.71,534.82,0.7647058823529411
190146,19,0.6722,0.9816,0.7294,9.59,554.6,0.7647058823529411
190146,20,0.6726,0.9842,0.7294,9.53,569.31,0.7647058823529411
190146,21,0.673,0.9869,0.7294,9.52,584.22,0.7647058823529411
190146,22,0.6734,0.9882,0.7294,9.5,594.59,0.7647058823529411
190146,23,0.6737,0.9895,0.7294,9.38,606.48,0.7647058823529411
190146,24,0.6743,0.9908,0.7294,9.31,626.76,0.7647058823529411
190146,25,0.6744,0.9908,0.7294,9.28,647.29,0.7647058823529411
190146,26,0.6747,0.9908,0.7294,9.3,667.3,0.7647058823529411
190146,27,0.6751,0.9908,0.7294,9.31,688.3,0.7647058823529411
190146,28,0.6753,0.9921,0.7412,9.25,708.1,0.7647058823529411
190146,29,0.6756,0.9921,0.7412,9.22,726.74,0.7647058823529411
190146,30,0.6757,0.9921,0.7412,9.24,742.48,0.7647058823529411
190146,31,0.6759,0.9921,0.7529,9.28,760.37,0.7647058823529411
190146,32,0.6757,0.9921,0.7529,9.28,775.71,0.7647058823529411
190146,33,0.676,0.9921,0.7647,9.34,787.84,0.7647058823529411
190146,34,0.6761,0.9934,0.7647,9.35,795.94,0.7647058823529411
190146,35,0.6761,0.9934,0.7647,9.3,803.28,0.7647058823529411
190146,36,0.6765,0.9934,0.7647,9.29,809.19,0.7647058823529411
190146,37,0.6766,0.9934,0.7647,9.2,816.02,0.7647058823529411
190146,38,0.6765,0.9934,0.7647,9.19,821.91,0.7647058823529411
190146,39,0.6765,0.9934,0.7647,9.1,822.69,0.7647058823529411
190146,40,0.6766,0.9934,0.7647,9.05,825.36,0.7647058823529411
190146,41,0.6767,0.9934,0.7765,9.01,827.96,0.7647058823529411
190146,42,0.6768,0.9934,0.7765,8.99,827.71,0.7647058823529411
190146,43,0.6772,0.9934,0.7765,8.97,826.53,0.7647058823529411
190146,44,0.6773,0.9934,0.7765,8.98,827.99,0.7647058823529411
190146,45,0.6776,0.9934,0.7765,8.92,829.45,0.7647058823529411
190146,46,0.6777,0.9934,0.7765,8.88,829.62,0.7647058823529411
190146,47,0.6778,0.9934,0.7765,8.86,832.83,0.7647058823529411
190146,48,0.6779,0.9934,0.7765,8.79,832.31,0.7647058823529411
190146,49,0.6779,0.9934,0.7765,8.76,831.05,0.7647058823529411
359959,0,0.4601,0.4385,0.4257,8.29,49.52,0.5202702702702703
359959,1,0.4601,0.4385,0.4257,8.29,49.52,0.5202702702702703
359959,2,0.4667,0.5072,0.4797,10.97,102.55,0.5202702702702703
359959,3,0.4715,0.5442,0.5068,14.88,191.54,0.5202702702702703
359959,4,0.4767,0.5713,0.5541,16.77,249.2,0.5202702702702703
359959,5,0.4793,0.5872,0.5608,18.73,326.52,0.5202702702702703
359959,6,0.4823,0.6038,0.5541,19.38,371.95,0.5202702702702703
359959,7,0.4833,0.6136,0.527,19.21,407.65,0.5202702702702703
359959,8,0.4845,0.6174,0.5338,19.11,471.72,0.5202702702702703
359959,9,0.4852,0.6234,0.5608,19.11,586.6,0.5202702702702703
359959,10,0.4852,0.6302,0.5608,18.97,665.2,0.5202702702702703
359959,11,0.4854,0.6317,0.5608,18.59,739.24,0.5202702702702703
359959,12,0.4855,0.634,0.5608,18.3,789.48,0.5202702702702703
359959,13,0.4855,0.6377,0.5608,18.02,841.78,0.5202702702702703
359959,14,0.4857,0.6392,0.5608,17.84,914.52,0.5202702702702703
359959,15,0.4857,0.6415,0.5608,17.74,987.36,0.5202702702702703
359959,16,0.4853,0.6468,0.5608,17.42,1056.36,0.5202702702702703
359959,17,0.4851,0.6483,0.5608,17.28,1125.05,0.5202702702702703
359959,18,0.4849,0.6483,0.5608,17.18,1264.39,0.5202702702702703
359959,19,0.4844,0.6543,0.5608,17.07,1419.34,0.5202702702702703
359959,20,0.484,0.6566,0.5608,17.05,1586.1,0.5202702702702703
359959,21,0.4836,0.6604,0.5608,17.01,1762.92,0.5202702702702703
359959,22,0.4836,0.6649,0.5608,16.96,1950.47,0.5202702702702703
359959,23,0.483,0.6672,0.5608,16.86,2075.39,0.5202702702702703
359959,24,0.4827,0.6709,0.5676,16.81,2219.12,0.5202702702702703
359959,25,0.4826,0.6732,0.5676,16.75,2351.49,0.5202702702702703
359959,26,0.4823,0.6792,0.5676,16.65,2526.06,0.5202702702702703
359959,27,0.4822,0.6808,0.5676,16.55,2694.22,0.5202702702702703
359959,28,0.4821,0.6808,0.5676,16.42,2828.75,0.5202702702702703
359959,29,0.4819,0.6838,0.5676,16.26,2964.27,0.5202702702702703
359959,30,0.4817,0.6845,0.5676,16.24,3132.41,0.5202702702702703
359959,31,0.4817,0.686,0.5676,16.09,3283.82,0.5202702702702703
359959,32,0.4815,0.6875,0.5676,16.01,3426.91,0.5202702702702703
359959,33,0.4814,0.6928,0.5676,15.86,3585.36,0.5202702702702703
359959,34,0.4812,0.6951,0.5676,15.79,3725.73,0.5202702702702703
359959,35,0.4812,0.6989,0.5676,15.66,3833.29,0.5202702702702703
359959,36,0.4811,0.7004,0.5676,15.52,3934.13,0.5202702702702703
359959,37,0.4811,0.7026,0.5676,15.4,4056.76,0.5202702702702703
359959,38,0.4812,0.7057,0.5676,15.3,4162.2,0.5202702702702703
359959,39,0.4811,0.7057,0.5676,15.16,4236.64,0.5202702702702703
359959,40,0.4808,0.7072,0.5676,15.06,4319.52,0.5202702702702703
359959,41,0.4807,0.7079,0.5676,14.98,4375.99,0.5202702702702703
359959,42,0.4807,0.7087,0.5676,14.85,4448.11,0.5202702702702703
359959,43,0.4807,0.7094,0.5676,14.75,4516.52,0.5202702702702703
359959,44,0.4806,0.7102,0.5676,14.65,4593.19,0.5202702702702703
359959,45,0.4805,0.7125,0.5676,14.52,4662.62,0.5202702702702703
359959,46,0.4804,0.7147,0.5676,14.41,4703.34,0.5202702702702703
359959,47,0.4802,0.717,0.5676,14.27,4737.83,0.5202702702702703
359959,48,0.4803,0.7208,0.5676,14.16,4779.85,0.5202702702702703
359959,49,0.4801,0.7215,0.5676,14.04,4842.07,0.5202702702702703
2073,0,0.4606,0.5603,0.5638,12.96,104.42,0.7181208053691275
2073,1,0.4606,0.5603,0.5638,12.96,104.42,0.7181208053691275
2073,2,0.4704,0.573,0.5973,16.09,144.88,0.7181208053691275
2073,3,0.4828,0.6037,0.6242,21.34,282.62,0.7181208053691275
2073,4,0.4914,0.6225,0.6376,28.26,616.81,0.7181208053691275
2073,5,0.4983,0.6404,0.6376,32.69,1010.65,0.7181208053691275
2073,6,0.5034,0.6547,0.6376,35.29,1233.38,0.7181208053691275
2073,7,0.5065,0.6637,0.6443,37.0,1453.89,0.7181208053691275
2073,8,0.5088,0.6801,0.651,36.9,1684.44,0.7181208053691275
2073,9,0.5104,0.6899,0.6577,37.1,1837.04,0.7181208053691275
2073,10,0.5112,0.7026,0.6577,36.8,2102.32,0.7181208053691275
2073,11,0.5117,0.7116,0.6779,36.7,2399.8,0.7181208053691275
2073,12,0.512,0.7161,0.6779,36.66,2708.34,0.7181208053691275
2073,13,0.5121,0.7199,0.6846,36.37,3221.05,0.7181208053691275
2073,14,0.5118,0.7258,0.6846,36.11,3788.36,0.7181208053691275
2073,15,0.5113,0.7371,0.6913,36.27,4571.66,0.7181208053691275
2073,16,0.5103,0.7513,0.6913,36.37,5291.57,0.7181208053691275
2073,17,0.5102,0.7581,0.6913,36.06,5828.14,0.7181208053691275
2073,18,0.5096,0.7618,0.6913,35.84,6314.12,0.7181208053691275
2073,19,0.5095,0.7678,0.6913,35.4,6754.66,0.7181208053691275
2073,20,0.5093,0.7738,0.698,35.02,7076.63,0.7181208053691275
2073,21,0.5093,0.7805,0.698,34.57,7299.66,0.7181208053691275
2073,22,0.5092,0.7858,0.698,34.33,7568.82,0.7181208053691275
2073,23,0.5085,0.7903,0.698,34.06,8009.34,0.7181208053691275
2073,24,0.5083,0.7948,0.7047,34.2,8457.18,0.7181208053691275
2073,25,0.5079,0.8015,0.7047,33.76,8980.43,0.7181208053691275
2073,26,0.5077,0.8082,0.7047,33.54,9395.43,0.7181208053691275
2073,27,0.5076,0.8135,0.7047,33.67,9834.73,0.7181208053691275
2073,28,0.5073,0.818,0.7047,33.33,10124.29,0.7181208053691275
2073,29,0.5072,0.824,0.7047,33.2,10422.65,0.7181208053691275
2073,30,0.5069,0.8322,0.698,32.8,10693.74,0.7181208053691275
2073,31,0.5068,0.8382,0.698,32.61,10943.35,0.7181208053691275
2073,32,0.5065,0.8427,0.7047,32.46,11238.9,0.7181208053691275
2073,33,0.5065,0.8487,0.7047,32.13,11527.28,0.7181208053691275
2073,34,0.5064,0.8517,0.7047,31.91,11758.41,0.7181208053691275
2073,35,0.5064,0.8554,0.7047,31.61,11925.01,0.7181208053691275
2073,36,0.5061,0.8592,0.7047,31.61,12076.25,0.7181208053691275
2073,37,0.506,0.8644,0.7047,31.27,12165.12,0.7181208053691275
2073,38,0.5059,0.8652,0.7047,31.04,12279.0,0.7181208053691275
2073,39,0.5059,0.8682,0.7047,30.68,12353.49,0.7181208053691275
2073,40,0.506,0.8727,0.7047,30.32,12421.23,0.7181208053691275
2073,41,0.506,0.8764,0.698,29.99,12480.77,0.7181208053691275
2073,42,0.5058,0.8772,0.7047,29.78,12525.11,0.7181208053691275
2073,43,0.5058,0.8801,0.698,29.57,12537.83,0.7181208053691275
2073,44,0.5056,0.8816,0.6913,29.23,12548.24,0.7181208053691275
2073,45,0.5054,0.8854,0.698,28.98,12596.27,0.7181208053691275
2073,46,0.5053,0.8861,0.6913,28.72,12593.23,0.7181208053691275
2073,47,0.5051,0.8884,0.6913,28.56,12582.38,0.7181208053691275
2073,48,0.505,0.8906,0.6913,28.28,12547.31,0.7181208053691275
2073,49,0.505,0.8929,0.6913,28.04,12524.54,0.7181208053691275
168784,0,0.6186,0.7486,0.7333,3.08,87.48,0.8205128205128205
168784,1,0.6186,0.7486,0.7333,3.08,87.48,0.8205128205128205
168784,2,0.6256,0.7635,0.7333,4.33,162.86,0.8205128205128205
168784,3,0.6341,0.7749,0.7487,5.33,225.62,0.8205128205128205
168784,4,0.6392,0.7858,0.7538,5.95,288.18,0.8205128205128205
168784,5,0.6427,0.7932,0.759,6.28,314.19,0.8205128205128205
168784,6,0.6447,0.7984,0.7538,6.63,341.23,0.8205128205128205
168784,7,0.6455,0.803,0.7641,6.66,356.32,0.8205128205128205
168784,8,0.6462,0.8093,0.7692,6.87,389.24,0.8205128205128205
168784,9,0.6466,0.8167,0.7692,6.81,413.37,0.8205128205128205
168784,10,0.6476,0.8225,0.7641,7.05,430.4,0.8205128205128205
168784,11,0.6491,0.8288,0.7744,7.04,438.58,0.8205128205128205
168784,12,0.6502,0.8328,0.7744,6.92,449.47,0.8205128205128205
168784,13,0.6508,0.8339,0.7795,7.02,465.77,0.8205128205128205
168784,14,0.6513,0.8368,0.7744,6.93,471.98,0.8205128205128205
168784,15,0.6518,0.8396,0.7744,7.1,495.53,0.8205128205128205
168784,16,0.6521,0.8396,0.7692,7.1,530.02,0.8205128205128205
168784,17,0.6525,0.8408,0.7692,7.17,586.49,0.8205128205128205
168784,18,0.6533,0.8425,0.7692,7.13,652.42,0.8205128205128205
168784,19,0.6537,0.8431,0.7692,7.2,747.72,0.8205128205128205
168784,20,0.6538,0.8488,0.7692,7.42,862.86,0.8205128205128205
168784,21,0.6538,0.8522,0.7692,7.71,1003.79,0.8205128205128205
168784,22,0.6542,0.858,0.7692,7.86,1138.38,0.8205128205128205
168784,23,0.6545,0.8614,0.7744,8.04,1284.77,0.8205128205128205
168784,24,0.655,0.8643,0.7744,8.24,1439.74,0.8205128205128205
168784,25,0.6551,0.8706,0.7744,8.37,1623.78,0.8205128205128205
168784,26,0.6552,0.8751,0.7692,8.6,1820.81,0.8205128205128205
168784,27,0.6555,0.8786,0.7692,8.78,2012.31,0.8205128205128205
168784,28,0.6557,0.8797,0.7692,9.02,2217.93,0.8205128205128205
168784,29,0.6559,0.8826,0.7641,9.21,2448.07,0.8205128205128205
168784,30,0.6562,0.8877,0.7641,9.44,2693.81,0.8205128205128205
168784,31,0.6561,0.8912,0.7538,9.67,2934.64,0.8205128205128205
168784,32,0.6565,0.8935,0.7538,9.83,3155.45,0.8205128205128205
168784,33,0.6564,0.8975,0.7538,10.01,3384.21,0.8205128205128205
168784,34,0.6565,0.9015,0.7538,10.12,3600.68,0.8205128205128205
168784,35,0.6567,0.9061,0.7538,10.2,3799.97,0.8205128205128205
168784,36,0.657,0.9112,0.7538,10.37,4006.48,0.8205128205128205
168784,37,0.657,0.9141,0.759,10.57,4278.38,0.8205128205128205
168784,38,0.6571,0.9175,0.759,10.73,4538.51,0.8205128205128205
168784,39,0.6573,0.921,0.759,10.93,4791.86,0.8205128205128205
168784,40,0.6574,0.9255,0.759,11.12,5030.57,0.8205128205128205
168784,41,0.6576,0.9296,0.759,11.27,5247.71,0.8205128205128205
168784,42,0.6577,0.933,0.7641,11.39,5452.57,0.8205128205128205
168784,43,0.6578,0.9364,0.7641,11.51,5648.46,0.8205128205128205
168784,44,0.658,0.9393,0.7744,11.58,5867.58,0.8205128205128205
168784,45,0.658,0.9416,0.7744,11.68,6055.82,0.8205128205128205
168784,46,0.6582,0.945,0.7744,11.72,6223.54,0.8205128205128205
168784,47,0.6583,0.9462,0.7744,11.73,6391.9,0.8205128205128205
168784,48,0.6586,0.9485,0.7744,11.83,6539.42,0.8205128205128205
168784,49,0.6587,0.9507,0.7795,11.87,6690.3,0.8205128205128205
2073,0,0.473,0.579,0.6174,11.79,94.61,0.7181208053691275
2073,1,0.473,0.579,0.6174,11.79,94.61,0.7181208053691275
2073,2,0.4753,0.5903,0.604,14.98,155.58,0.7181208053691275
2073,3,0.4784,0.6007,0.6174,17.35,230.18,0.7181208053691275
2073,4,0.4867,0.6165,0.6309,20.19,346.93,0.7181208053691275
2073,5,0.4919,0.6255,0.6309,21.52,462.8,0.7181208053691275
2073,6,0.4981,0.6315,0.6376,21.92,580.2,0.7181208053691275
2073,7,0.5025,0.6404,0.6443,22.9,710.31,0.7181208053691275
2073,8,0.5049,0.6449,0.6376,23.13,820.96,0.7181208053691275
2073,9,0.5077,0.6532,0.6443,23.28,882.96,0.7181208053691275
2073,10,0.5101,0.6547,0.651,23.32,950.29,0.7181208053691275
2073,11,0.5115,0.6592,0.6577,22.82,995.11,0.7181208053691275
2073,12,0.5127,0.6637,0.6443,22.5,1047.44,0.7181208053691275
2073,13,0.5145,0.6719,0.651,22.35,1086.2,0.7181208053691275
2073,14,0.5161,0.6734,0.651,21.83,1131.76,0.7181208053691275
2073,15,0.5169,0.6764,0.6577,21.6,1223.16,0.7181208053691275
2073,16,0.5172,0.6801,0.6577,21.54,1355.07,0.7181208053691275
2073,17,0.5175,0.6809,0.6577,21.34,1443.85,0.7181208053691275
2073,18,0.5171,0.6876,0.6577,21.03,1553.19,0.7181208053691275
2073,19,0.5179,0.6914,0.6577,20.74,1658.37,0.7181208053691275
2073,20,0.5179,0.6959,0.6577,20.56,1816.36,0.7181208053691275
2073,21,0.518,0.6974,0.6644,20.42,2042.95,0.7181208053691275
2073,22,0.518,0.7004,0.6711,20.38,2234.41,0.7181208053691275
2073,23,0.5184,0.7034,0.6711,20.37,2479.04,0.7181208053691275
2073,24,0.5182,0.7101,0.6711,20.46,2729.36,0.7181208053691275
2073,25,0.5181,0.7139,0.6711,20.74,3040.96,0.7181208053691275
2073,26,0.5178,0.7228,0.6779,20.82,3366.21,0.7181208053691275
2073,27,0.5173,0.7303,0.6846,20.84,3679.14,0.7181208053691275
2073,28,0.5171,0.7348,0.6846,20.8,3996.43,0.7181208053691275
2073,29,0.5167,0.7401,0.6846,20.64,4270.13,0.7181208053691275
2073,30,0.5165,0.7431,0.6846,20.43,4483.63,0.7181208053691275
2073,31,0.5164,0.7491,0.6846,20.22,4758.67,0.7181208053691275
2073,32,0.5162,0.7536,0.6846,20.24,5066.6,0.7181208053691275
2073,33,0.5158,0.7603,0.6913,20.28,5449.47,0.7181208053691275
2073,34,0.5155,0.7655,0.6913,20.26,5867.1,0.7181208053691275
2073,35,0.5149,0.7693,0.698,20.3,6340.92,0.7181208053691275
2073,36,0.5143,0.7753,0.698,20.45,6910.57,0.7181208053691275
2073,37,0.514,0.7775,0.698,20.75,7551.99,0.7181208053691275
2073,38,0.5138,0.7828,0.698,21.33,8196.25,0.7181208053691275
2073,39,0.5136,0.7888,0.698,21.76,8747.3,0.7181208053691275
2073,40,0.5136,0.7948,0.698,22.12,9240.04,0.7181208053691275
2073,41,0.5135,0.7978,0.698,22.5,9736.91,0.7181208053691275
2073,42,0.5132,0.803,0.698,22.92,10203.53,0.7181208053691275
2073,43,0.5129,0.8082,0.698,23.23,10618.09,0.7181208053691275
2073,44,0.5128,0.8127,0.698,23.74,11026.87,0.7181208053691275
2073,45,0.5126,0.8187,0.7047,23.99,11342.57,0.7181208053691275
2073,46,0.5123,0.827,0.7047,24.26,11657.94,0.7181208053691275
2073,47,0.512,0.8322,0.7047,24.62,11957.04,0.7181208053691275
2073,48,0.5117,0.836,0.7047,24.82,12185.08,0.7181208053691275
2073,49,0.5114,0.8382,0.7114,24.99,12411.9,0.7181208053691275
2073,0,0.4698,0.5933,0.5973,10.49,112.29,0.7181208053691275
2073,1,0.4698,0.5933,0.5973,10.49,112.29,0.7181208053691275
2073,2,0.4794,0.6007,0.6242,15.04,233.5,0.7181208053691275
2073,3,0.4894,0.615,0.6309,20.31,442.17,0.7181208053691275
2073,4,0.4963,0.6315,0.6376,23.88,654.29,0.7181208053691275
2073,5,0.4995,0.6375,0.6376,25.48,813.6,0.7181208053691275
2073,6,0.5039,0.6442,0.6376,26.08,928.55,0.7181208053691275
2073,7,0.5062,0.6524,0.6443,27.15,997.65,0.7181208053691275
2073,8,0.5089,0.6577,0.651,27.93,1052.07,0.7181208053691275
2073,9,0.5107,0.6659,0.651,27.55,1068.33,0.7181208053691275
2073,10,0.5113,0.6704,0.6443,26.86,1065.73,0.7181208053691275
2073,11,0.5125,0.6742,0.651,26.3,1086.97,0.7181208053691275
2073,12,0.5121,0.6772,0.6443,26.44,1129.5,0.7181208053691275
2073,13,0.5124,0.6831,0.6443,26.78,1203.05,0.7181208053691275
2073,14,0.5128,0.6876,0.651,26.64,1300.89,0.7181208053691275
2073,15,0.5135,0.6921,0.651,26.53,1444.83,0.7181208053691275
2073,16,0.5136,0.6936,0.6577,26.34,1651.0,0.7181208053691275
2073,17,0.5139,0.7011,0.6577,26.39,1895.04,0.7181208053691275
2073,18,0.5142,0.7056,0.6577,26.06,2177.25,0.7181208053691275
2073,19,0.5142,0.7124,0.6644,26.0,2532.07,0.7181208053691275
2073,20,0.5141,0.7184,0.6711,25.74,3085.9,0.7181208053691275
2073,21,0.5142,0.7243,0.6779,25.63,3681.72,0.7181208053691275
2073,22,0.5139,0.7273,0.6779,25.46,4212.8,0.7181208053691275
2073,23,0.5136,0.7296,0.6779,25.41,4632.15,0.7181208053691275
2073,24,0.5131,0.7341,0.6846,25.37,4987.36,0.7181208053691275
2073,25,0.5127,0.7378,0.6913,25.08,5360.92,0.7181208053691275
2073,26,0.5125,0.7453,0.6913,25.06,5630.88,0.7181208053691275
2073,27,0.512,0.7566,0.6913,25.1,5943.57,0.7181208053691275
2073,28,0.5117,0.7625,0.6913,25.37,6336.73,0.7181208053691275
2073,29,0.5114,0.7685,0.6913,25.73,6741.88,0.7181208053691275
2073,30,0.5114,0.7738,0.6913,25.74,7110.01,0.7181208053691275
2073,31,0.5112,0.7783,0.698,25.95,7543.48,0.7181208053691275
2073,32,0.5108,0.782,0.698,26.13,7901.54,0.7181208053691275
2073,33,0.5105,0.7858,0.698,26.24,8229.0,0.7181208053691275
2073,34,0.5104,0.7895,0.698,26.25,8621.08,0.7181208053691275
2073,35,0.5102,0.7933,0.698,26.31,8965.46,0.7181208053691275
2073,36,0.5099,0.7978,0.698,26.21,9289.46,0.7181208053691275
2073,37,0.5097,0.8007,0.698,26.0,9619.15,0.7181208053691275
2073,38,0.5096,0.8045,0.698,25.94,9914.26,0.7181208053691275
2073,39,0.5092,0.8082,0.698,25.78,10169.81,0.7181208053691275
2073,40,0.5091,0.8112,0.698,25.56,10408.43,0.7181208053691275
2073,41,0.5088,0.8157,0.698,25.53,10627.92,0.7181208053691275
2073,42,0.5088,0.821,0.698,25.39,10869.81,0.7181208053691275
2073,43,0.5085,0.827,0.6913,25.4,11107.12,0.7181208053691275
2073,44,0.5086,0.8285,0.6913,25.38,11317.6,0.7181208053691275
2073,45,0.5085,0.8307,0.698,25.27,11479.57,0.7181208053691275
2073,46,0.5084,0.8337,0.698,25.28,11655.44,0.7181208053691275
2073,47,0.5083,0.8382,0.698,25.32,11801.91,0.7181208053691275
2073,48,0.5082,0.8404,0.6913,25.48,11948.07,0.7181208053691275
2073,49,0.508,0.8434,0.6913,25.66,12123.78,0.7181208053691275
359959,0,0.4591,0.4272,0.4257,9.3,43.47,0.5337837837837838
359959,1,0.4591,0.4272,0.4257,9.3,43.47,0.5337837837837838
359959,2,0.4627,0.446,0.4257,10.49,56.54,0.5337837837837838
359959,3,0.47,0.5087,0.4797,11.75,80.92,0.5337837837837838
359959,4,0.4726,0.5366,0.5203,12.98,114.1,0.5337837837837838
359959,5,0.4764,0.5645,0.5405,14.15,144.02,0.5337837837837838
359959,6,0.4788,0.5698,0.5338,14.74,164.35,0.5337837837837838
359959,7,0.4804,0.5796,0.5473,14.77,176.61,0.5337837837837838
359959,8,0.4811,0.5842,0.5405,14.67,181.76,0.5337837837837838
359959,9,0.4818,0.5857,0.5473,14.34,184.13,0.5337837837837838
359959,10,0.482,0.5894,0.5405,13.72,184.36,0.5337837837837838
359959,11,0.4827,0.594,0.5405,13.26,181.71,0.5337837837837838
359959,12,0.4831,0.5955,0.527,12.83,180.89,0.5337837837837838
359959,13,0.4835,0.6,0.5203,12.41,180.68,0.5337837837837838
359959,14,0.4839,0.5985,0.5203,12.08,181.81,0.5337837837837838
359959,15,0.4845,0.6023,0.5203,11.95,187.88,0.5337837837837838
359959,16,0.4848,0.6053,0.5203,11.84,194.3,0.5337837837837838
359959,17,0.4855,0.6075,0.5203,11.67,200.05,0.5337837837837838
359959,18,0.4856,0.6098,0.527,11.45,208.05,0.5337837837837838
359959,19,0.4856,0.6098,0.527,11.19,215.73,0.5337837837837838
359959,20,0.4859,0.6106,0.5338,11.08,226.21,0.5337837837837838
359959,21,0.4863,0.6113,0.5405,10.87,235.78,0.5337837837837838
359959,22,0.4866,0.6128,0.5473,10.79,250.61,0.5337837837837838
359959,23,0.4867,0.6121,0.5541,10.76,266.62,0.5337837837837838
359959,24,0.4866,0.6136,0.5541,10.7,280.24,0.5337837837837838
359959,25,0.4865,0.6136,0.5541,10.6,295.87,0.5337837837837838
359959,26,0.4866,0.6158,0.5541,10.5,311.14,0.5337837837837838
359959,27,0.4865,0.6158,0.5541,10.42,332.72,0.5337837837837838
359959,28,0.4865,0.6166,0.5541,10.36,354.72,0.5337837837837838
359959,29,0.4864,0.6196,0.5608,10.34,374.58,0.5337837837837838
359959,30,0.4865,0.6219,0.5608,10.28,395.88,0.5337837837837838
359959,31,0.4865,0.6226,0.5608,10.31,425.44,0.5337837837837838
359959,32,0.4865,0.6242,0.5608,10.29,453.29,0.5337837837837838
359959,33,0.4863,0.6257,0.5608,10.29,478.96,0.5337837837837838
359959,34,0.4862,0.6279,0.5608,10.22,496.54,0.5337837837837838
359959,35,0.4864,0.6287,0.5608,10.17,520.54,0.5337837837837838
359959,36,0.4863,0.6287,0.5608,10.17,541.98,0.5337837837837838
359959,37,0.4863,0.6287,0.5608,10.11,562.67,0.5337837837837838
359959,38,0.4862,0.6302,0.5608,10.05,581.83,0.5337837837837838
359959,39,0.4861,0.6332,0.5608,10.05,599.05,0.5337837837837838
359959,40,0.4861,0.634,0.5608,10.06,614.08,0.5337837837837838
359959,41,0.4861,0.6347,0.5608,10.0,629.73,0.5337837837837838
359959,42,0.4863,0.6355,0.5608,9.99,649.58,0.5337837837837838
359959,43,0.4862,0.6362,0.5608,9.93,658.91,0.5337837837837838
359959,44,0.4862,0.637,0.5608,9.86,669.51,0.5337837837837838
359959,45,0.4863,0.637,0.5608,9.83,677.34,0.5337837837837838
359959,46,0.4864,0.6377,0.5608,9.77,684.2,0.5337837837837838
359959,47,0.4863,0.6385,0.5608,9.73,696.81,0.5337837837837838
359959,48,0.4863,0.64,0.5608,9.69,709.55,0.5337837837837838
359959,49,0.4863,0.6392,0.5608,9.68,729.54,0.5337837837837838
2073,0,0.4846,0.5895,0.6174,13.33,193.55,0.7181208053691275
2073,1,0.4846,0.5895,0.6174,13.33,193.55,0.7181208053691275
2073,2,0.4855,0.5985,0.6174,16.72,431.94,0.7181208053691275
2073,3,0.4923,0.6202,0.6309,27.86,1457.73,0.7181208053691275
2073,4,0.4978,0.6479,0.6376,40.71,2763.88,0.7181208053691275
2073,5,0.5016,0.6682,0.6376,43.78,3311.85,0.7181208053691275
2073,6,0.5051,0.6816,0.6577,44.73,3536.87,0.7181208053691275
2073,7,0.5055,0.7011,0.6577,43.88,3602.82,0.7181208053691275
2073,8,0.5069,0.7139,0.651,42.62,3804.5,0.7181208053691275
2073,9,0.508,0.7258,0.651,41.69,4063.93,0.7181208053691275
2073,10,0.5078,0.7363,0.6577,40.42,4316.34,0.7181208053691275
2073,11,0.5079,0.7513,0.6577,39.56,4654.99,0.7181208053691275
2073,12,0.5079,0.7603,0.6644,38.86,4989.31,0.7181208053691275
2073,13,0.5084,0.7678,0.6913,38.06,5266.34,0.7181208053691275
2073,14,0.5085,0.773,0.698,37.2,5505.82,0.7181208053691275
2073,15,0.5083,0.7813,0.698,36.5,5736.6,0.7181208053691275
2073,16,0.5086,0.7903,0.698,35.9,6046.82,0.7181208053691275
2073,17,0.5081,0.7963,0.698,35.29,6379.76,0.7181208053691275
2073,18,0.5077,0.8045,0.698,34.94,6741.71,0.7181208053691275
2073,19,0.5073,0.8105,0.698,34.39,7112.2,0.7181208053691275
2073,20,0.5075,0.8172,0.6913,33.82,7525.54,0.7181208053691275
2073,21,0.507,0.8232,0.7047,33.47,7915.92,0.7181208053691275
2073,22,0.5067,0.8315,0.7047,32.95,8397.51,0.7181208053691275
2073,23,0.5067,0.8367,0.6913,32.46,8759.49,0.7181208053691275
2073,24,0.5063,0.8419,0.698,32.16,9131.03,0.7181208053691275
2073,25,0.5062,0.8487,0.6913,31.75,9422.68,0.7181208053691275
2073,26,0.5061,0.8547,0.698,31.33,9578.16,0.7181208053691275
2073,27,0.5058,0.8599,0.698,31.08,9823.9,0.7181208053691275
2073,28,0.5059,0.8652,0.698,30.56,9999.15,0.7181208053691275
2073,29,0.5059,0.8704,0.698,30.06,10140.33,0.7181208053691275
2073,30,0.5058,0.8742,0.698,29.66,10316.05,0.7181208053691275
2073,31,0.5058,0.8787,0.698,29.16,10498.1,0.7181208053691275
2073,32,0.5058,0.8816,0.698,28.75,10596.94,0.7181208053691275
2073,33,0.5058,0.8824,0.698,28.38,10660.61,0.7181208053691275
2073,34,0.5058,0.8854,0.7047,27.98,10731.23,0.7181208053691275
2073,35,0.5057,0.8899,0.7047,27.61,10761.73,0.7181208053691275
2073,36,0.5056,0.8929,0.6913,27.21,10788.17,0.7181208053691275
2073,37,0.5054,0.8959,0.698,26.82,10823.66,0.7181208053691275
2073,38,0.5053,0.9004,0.6846,26.47,10818.83,0.7181208053691275
2073,39,0.5054,0.9019,0.6779,26.23,10822.33,0.7181208053691275
2073,40,0.5053,0.9041,0.6779,26.05,10828.39,0.7181208053691275
2073,41,0.5052,0.9071,0.6846,25.72,10826.11,0.7181208053691275
2073,42,0.5051,0.9101,0.6846,25.47,10815.33,0.7181208053691275
2073,43,0.5049,0.9154,0.6779,25.14,10816.16,0.7181208053691275
2073,44,0.5046,0.9176,0.6846,24.79,10798.86,0.7181208053691275
2073,45,0.5045,0.9191,0.6846,24.57,10772.24,0.7181208053691275
2073,46,0.5044,0.9228,0.6846,24.43,10754.65,0.7181208053691275
2073,47,0.5042,0.9258,0.6846,24.23,10726.91,0.7181208053691275
2073,48,0.5041,0.9266,0.6846,24.06,10701.0,0.7181208053691275
2073,49,0.5041,0.9273,0.6846,23.79,10639.82,0.7181208053691275
359959,0,0.4618,0.4498,0.4392,11.69,56.67,0.5202702702702703
359959,1,0.4618,0.4498,0.4392,11.69,56.67,0.5202702702702703
359959,2,0.4662,0.4936,0.4527,12.39,78.69,0.5202702702702703
359959,3,0.4705,0.5275,0.5068,13.05,139.95,0.5202702702702703
359959,4,0.4728,0.5706,0.5473,15.93,243.43,0.5202702702702703
359959,5,0.4755,0.5879,0.5473,17.69,324.73,0.5202702702702703
359959,6,0.4782,0.5955,0.5405,18.27,375.23,0.5202702702702703
359959,7,0.4796,0.6023,0.5405,18.39,402.91,0.5202702702702703
359959,8,0.4806,0.6128,0.527,18.14,434.93,0.5202702702702703
359959,9,0.4818,0.6166,0.527,17.74,441.52,0.5202702702702703
359959,10,0.4827,0.6204,0.5405,17.15,445.65,0.5202702702702703
359959,11,0.4825,0.6196,0.5338,16.65,448.2,0.5202702702702703
359959,12,0.4833,0.6219,0.5473,16.15,455.98,0.5202702702702703
359959,13,0.4836,0.6234,0.5473,15.72,473.59,0.5202702702702703
359959,14,0.4842,0.6242,0.5405,15.61,496.93,0.5202702702702703
359959,15,0.4847,0.6272,0.5541,15.16,504.42,0.5202702702702703
359959,16,0.485,0.6272,0.5541,14.93,516.36,0.5202702702702703
359959,17,0.4852,0.6264,0.5541,14.65,529.97,0.5202702702702703
359959,18,0.4852,0.6264,0.5608,14.34,538.74,0.5202702702702703
359959,19,0.4856,0.6264,0.5608,14.06,548.28,0.5202702702702703
359959,20,0.4858,0.634,0.5608,13.89,563.44,0.5202702702702703
359959,21,0.4859,0.6317,0.5608,13.6,571.13,0.5202702702702703
359959,22,0.4858,0.6325,0.5608,13.37,573.99,0.5202702702702703
359959,23,0.4858,0.6355,0.5608,13.1,572.61,0.5202702702702703
359959,24,0.486,0.6392,0.5608,12.82,575.32,0.5202702702702703
359959,25,0.4861,0.6392,0.5608,12.65,581.37,0.5202702702702703
359959,26,0.4861,0.6408,0.5608,12.43,594.08,0.5202702702702703
359959,27,0.4861,0.6423,0.5608,12.29,614.34,0.5202702702702703
359959,28,0.486,0.6438,0.5608,12.17,640.61,0.5202702702702703
359959,29,0.4862,0.646,0.5608,12.05,673.98,0.5202702702702703
359959,30,0.4862,0.6513,0.5608,12.06,732.55,0.5202702702702703
359959,31,0.4862,0.6513,0.5608,12.15,792.29,0.5202702702702703
359959,32,0.4864,0.6513,0.5608,12.16,842.41,0.5202702702702703
359959,33,0.4863,0.6528,0.5676,12.05,878.73,0.5202702702702703
359959,34,0.4861,0.6536,0.5676,11.97,920.47,0.5202702702702703
359959,35,0.4859,0.6536,0.5676,11.93,969.05,0.5202702702702703
359959,36,0.4859,0.6566,0.5676,11.88,1025.72,0.5202702702702703
359959,37,0.4858,0.6574,0.5676,11.88,1087.91,0.5202702702702703
359959,38,0.4858,0.6581,0.5676,11.85,1153.08,0.5202702702702703
359959,39,0.4857,0.6589,0.5676,11.83,1210.98,0.5202702702702703
359959,40,0.4856,0.6619,0.5676,11.78,1284.85,0.5202702702702703
359959,41,0.4854,0.6642,0.5676,11.79,1355.41,0.5202702702702703
359959,42,0.4853,0.6657,0.5676,11.76,1417.08,0.5202702702702703
359959,43,0.4852,0.6664,0.5676,11.77,1494.71,0.5202702702702703
359959,44,0.4852,0.6687,0.5676,11.74,1572.66,0.5202702702702703
359959,45,0.4851,0.6709,0.5676,11.71,1647.25,0.5202702702702703
359959,46,0.485,0.6717,0.5676,11.7,1739.15,0.5202702702702703
359959,47,0.485,0.6717,0.5676,11.69,1829.26,0.5202702702702703
359959,48,0.4849,0.6717,0.5676,11.73,1927.32,0.5202702702702703
359959,49,0.4847,0.6725,0.5676,11.75,2032.98,0.5202702702702703
359959,0,0.4622,0.4596,0.4392,12.47,85.45,0.5337837837837838
359959,1,0.4622,0.4596,0.4392,12.47,85.45,0.5337837837837838
359959,2,0.4649,0.4891,0.4797,14.09,104.17,0.5337837837837838
359959,3,0.4694,0.5374,0.5135,14.95,122.56,0.5337837837837838
359959,4,0.4731,0.5608,0.5473,14.34,130.29,0.5337837837837838
359959,5,0.4743,0.5683,0.5608,13.73,134.35,0.5337837837837838
359959,6,0.4757,0.5743,0.5541,13.43,143.78,0.5337837837837838
359959,7,0.4765,0.5811,0.5541,13.23,150.43,0.5337837837837838
359959,8,0.4781,0.5857,0.527,13.01,158.83,0.5337837837837838
359959,9,0.4795,0.5887,0.527,12.99,168.46,0.5337837837837838
359959,10,0.4808,0.5917,0.527,12.81,182.06,0.5337837837837838
359959,11,0.4821,0.597,0.5405,12.83,193.69,0.5337837837837838
359959,12,0.4822,0.5992,0.5338,12.57,202.78,0.5337837837837838
359959,13,0.4824,0.6038,0.527,12.38,214.81,0.5337837837837838
359959,14,0.4831,0.6083,0.5203,12.26,229.0,0.5337837837837838
359959,15,0.4837,0.6121,0.5203,12.08,237.62,0.5337837837837838
359959,16,0.4844,0.6113,0.5203,11.99,254.51,0.5337837837837838
359959,17,0.4845,0.6166,0.5338,11.96,276.13,0.5337837837837838
359959,18,0.4845,0.6189,0.5405,11.94,291.06,0.5337837837837838
359959,19,0.4852,0.6196,0.5473,11.83,304.79,0.5337837837837838
359959,20,0.4854,0.6204,0.5541,11.73,328.12,0.5337837837837838
359959,21,0.4856,0.6204,0.5541,11.75,361.48,0.5337837837837838
359959,22,0.4856,0.6196,0.5608,11.71,393.33,0.5337837837837838
359959,23,0.4858,0.6211,0.5608,11.66,420.94,0.5337837837837838
359959,24,0.4856,0.6226,0.5608,11.65,448.08,0.5337837837837838
359959,25,0.4856,0.6234,0.5608,11.59,469.23,0.5337837837837838
359959,26,0.4858,0.6242,0.5608,11.57,500.6,0.5337837837837838
359959,27,0.4857,0.6249,0.5608,11.54,527.41,0.5337837837837838
359959,28,0.4856,0.6264,0.5608,11.51,556.38,0.5337837837837838
359959,29,0.4854,0.6272,0.5608,11.47,590.53,0.5337837837837838
359959,30,0.4856,0.6272,0.5608,11.47,625.07,0.5337837837837838
359959,31,0.4853,0.6287,0.5608,11.47,658.33,0.5337837837837838
359959,32,0.4853,0.6325,0.5608,11.5,707.75,0.5337837837837838
359959,33,0.485,0.6332,0.5608,11.6,770.07,0.5337837837837838
359959,34,0.4849,0.6362,0.5608,11.66,835.29,0.5337837837837838
359959,35,0.4848,0.6377,0.5608,11.81,930.57,0.5337837837837838
359959,36,0.4847,0.6423,0.5608,11.87,1029.74,0.5337837837837838
359959,37,0.4847,0.6445,0.5608,12.0,1149.45,0.5337837837837838
359959,38,0.4846,0.6468,0.5608,12.09,1263.44,0.5337837837837838
359959,39,0.4845,0.6498,0.5608,12.26,1385.0,0.5337837837837838
359959,40,0.4844,0.6536,0.5608,12.38,1531.95,0.5337837837837838
359959,41,0.4842,0.6574,0.5608,12.52,1669.47,0.5337837837837838
359959,42,0.4842,0.6574,0.5676,12.76,1851.46,0.5337837837837838
359959,43,0.4841,0.6611,0.5608,12.85,2042.8,0.5337837837837838
359959,44,0.4841,0.6626,0.5676,12.94,2210.46,0.5337837837837838
359959,45,0.484,0.6634,0.5676,13.03,2377.33,0.5337837837837838
359959,46,0.4839,0.6664,0.5676,13.13,2564.48,0.5337837837837838
359959,47,0.4838,0.6687,0.5676,13.24,2724.89,0.5337837837837838
359959,48,0.4839,0.6702,0.5676,13.32,2874.64,0.5337837837837838
359959,49,0.4837,0.6732,0.5676,13.35,3029.31,0.5337837837837838
359954,0,0.4531,0.5846,0.5135,13.99,101.83,0.6621621621621622
359954,1,0.4531,0.5846,0.5135,13.99,101.83,0.6621621621621622
359954,2,0.4705,0.6556,0.5405,13.78,148.42,0.6621621621621622
359954,3,0.4806,0.6888,0.527,15.86,216.5,0.6621621621621622
359954,4,0.4872,0.7145,0.5541,16.85,293.69,0.6621621621621622
359954,5,0.4932,0.7326,0.5811,16.94,351.75,0.6621621621621622
359954,6,0.496,0.7523,0.5811,17.08,375.93,0.6621621621621622
359954,7,0.4974,0.7719,0.5946,16.59,393.29,0.6621621621621622
359954,8,0.5006,0.7795,0.6081,16.11,393.9,0.6621621621621622
359954,9,0.5026,0.7885,0.6216,15.51,404.99,0.6621621621621622
359954,10,0.5049,0.79,0.6351,14.89,410.13,0.6621621621621622
359954,11,0.5069,0.8006,0.6351,14.38,416.3,0.6621621621621622
359954,12,0.5091,0.8097,0.6351,14.37,433.34,0.6621621621621622
359954,13,0.5095,0.8202,0.6351,14.31,450.97,0.6621621621621622
359954,14,0.51,0.8233,0.6351,14.35,475.53,0.6621621621621622
359954,15,0.5104,0.8353,0.6351,14.27,498.94,0.6621621621621622
359954,16,0.5121,0.8459,0.6486,14.06,527.93,0.6621621621621622
359954,17,0.513,0.852,0.6351,13.89,558.5,0.6621621621621622
359954,18,0.5138,0.855,0.6351,13.75,579.92,0.6621621621621622
359954,19,0.5144,0.8625,0.6486,13.64,611.88,0.6621621621621622
359954,20,0.5148,0.8671,0.6486,13.52,647.62,0.6621621621621622
359954,21,0.5151,0.8746,0.6486,13.5,682.55,0.6621621621621622
359954,22,0.5158,0.8761,0.6622,13.42,736.38,0.6621621621621622
359954,23,0.5165,0.8792,0.6622,13.52,796.22,0.6621621621621622
359954,24,0.5171,0.8867,0.6622,13.59,864.33,0.6621621621621622
359954,25,0.5172,0.8927,0.6622,13.63,947.8,0.6621621621621622
359954,26,0.5174,0.8958,0.6622,13.52,1019.57,0.6621621621621622
359954,27,0.5179,0.8988,0.6622,13.48,1102.15,0.6621621621621622
359954,28,0.5185,0.9003,0.6622,13.49,1176.33,0.6621621621621622
359954,29,0.519,0.9033,0.6622,13.41,1238.69,0.6621621621621622
359954,30,0.5195,0.9079,0.6622,13.36,1300.86,0.6621621621621622
359954,31,0.5199,0.9109,0.6622,13.35,1373.46,0.6621621621621622
359954,32,0.52,0.9109,0.6622,13.34,1452.98,0.6621621621621622
359954,33,0.5202,0.9169,0.6622,13.37,1520.4,0.6621621621621622
359954,34,0.5204,0.9184,0.6622,13.39,1582.53,0.6621621621621622
359954,35,0.5203,0.9184,0.6622,13.4,1650.38,0.6621621621621622
359954,36,0.5204,0.926,0.6622,13.5,1716.65,0.6621621621621622
359954,37,0.521,0.932,0.6622,13.5,1776.72,0.6621621621621622
359954,38,0.521,0.9366,0.6622,13.49,1848.93,0.6621621621621622
359954,39,0.5211,0.9396,0.6622,13.51,1907.29,0.6621621621621622
359954,40,0.5211,0.9441,0.6622,13.52,1963.56,0.6621621621621622
359954,41,0.5212,0.9471,0.6622,13.48,2004.84,0.6621621621621622
359954,42,0.5211,0.9471,0.6622,13.4,2045.11,0.6621621621621622
359954,43,0.5211,0.9502,0.6622,13.38,2081.98,0.6621621621621622
359954,44,0.5213,0.9502,0.6622,13.39,2109.58,0.6621621621621622
359954,45,0.5212,0.9517,0.6622,13.33,2135.32,0.6621621621621622
359954,46,0.5214,0.9517,0.6622,13.41,2160.82,0.6621621621621622
359954,47,0.5217,0.9517,0.6622,13.46,2178.58,0.6621621621621622
359954,48,0.5218,0.9562,0.6622,13.54,2190.81,0.6621621621621622
359954,49,0.5219,0.9577,0.6622,13.51,2200.46,0.6621621621621622
359954,0,0.4665,0.636,0.5541,10.17,169.19,0.6621621621621622
359954,1,0.4665,0.636,0.5541,10.17,169.19,0.6621621621621622
359954,2,0.4766,0.6662,0.5676,14.58,350.64,0.6621621621621622
359954,3,0.4844,0.713,0.5541,22.02,769.45,0.6621621621621622
359954,4,0.491,0.7553,0.5811,25.07,1061.72,0.6621621621621622
359954,5,0.4976,0.79,0.6081,24.86,1181.85,0.6621621621621622
359954,6,0.5017,0.8142,0.6486,24.99,1288.14,0.6621621621621622
359954,7,0.5042,0.8414,0.6486,24.58,1373.15,0.6621621621621622
359954,8,0.5057,0.8565,0.6622,23.6,1410.45,0.6621621621621622
359954,9,0.5093,0.8686,0.6622,22.74,1427.77,0.6621621621621622
359954,10,0.5114,0.8837,0.6622,21.55,1446.49,0.6621621621621622
359954,11,0.5132,0.8927,0.6622,20.42,1460.17,0.6621621621621622
359954,12,0.5148,0.9094,0.6622,19.38,1468.07,0.6621621621621622
359954,13,0.5159,0.9109,0.6622,18.5,1501.74,0.6621621621621622
359954,14,0.5167,0.9199,0.6622,17.77,1553.61,0.6621621621621622
359954,15,0.5173,0.923,0.6622,16.92,1607.57,0.6621621621621622
359954,16,0.5188,0.926,0.6622,16.17,1638.33,0.6621621621621622
359954,17,0.5193,0.932,0.6622,15.58,1661.27,0.6621621621621622
359954,18,0.5196,0.935,0.6622,15.12,1675.79,0.6621621621621622
359954,19,0.5194,0.9381,0.6622,14.62,1703.2,0.6621621621621622
359954,20,0.5199,0.9426,0.6622,14.2,1724.46,0.6621621621621622
359954,21,0.5204,0.9426,0.6622,13.79,1733.57,0.6621621621621622
359954,22,0.5206,0.9456,0.6622,13.43,1741.01,0.6621621621621622
359954,23,0.5204,0.9502,0.6622,13.16,1746.77,0.6621621621621622
359954,24,0.5208,0.9577,0.6622,12.87,1760.97,0.6621621621621622
359954,25,0.5209,0.9577,0.6622,12.64,1769.02,0.6621621621621622
359954,26,0.521,0.9592,0.6622,12.38,1773.02,0.6621621621621622
359954,27,0.5213,0.9607,0.6622,12.18,1768.4,0.6621621621621622
359954,28,0.5216,0.9622,0.6622,11.94,1757.12,0.6621621621621622
359954,29,0.5216,0.9653,0.6622,11.79,1743.98,0.6621621621621622
359954,30,0.5217,0.9653,0.6622,11.64,1735.05,0.6621621621621622
359954,31,0.5214,0.9653,0.6622,11.43,1723.89,0.6621621621621622
359954,32,0.5215,0.9653,0.6622,11.31,1711.13,0.6621621621621622
359954,33,0.522,0.9653,0.6622,11.3,1705.91,0.6621621621621622
359954,34,0.5221,0.9653,0.6622,11.3,1705.04,0.6621621621621622
359954,35,0.5224,0.9653,0.6622,11.25,1699.02,0.6621621621621622
359954,36,0.5228,0.9668,0.6622,11.13,1689.72,0.6621621621621622
359954,37,0.5232,0.9698,0.6622,11.07,1680.21,0.6621621621621622
359954,38,0.5236,0.9713,0.6622,10.95,1677.28,0.6621621621621622
359954,39,0.5239,0.9743,0.6622,10.93,1671.08,0.6621621621621622
359954,40,0.5243,0.9743,0.6622,10.91,1664.25,0.6621621621621622
359954,41,0.5244,0.9743,0.6486,10.89,1661.26,0.6621621621621622
359954,42,0.5244,0.9743,0.6486,10.89,1654.74,0.6621621621621622
359954,43,0.5243,0.9743,0.6622,10.82,1649.8,0.6621621621621622
359954,44,0.5246,0.9743,0.6486,10.79,1644.18,0.6621621621621622
359954,45,0.5249,0.9743,0.6486,10.79,1635.27,0.6621621621621622
359954,46,0.5247,0.9743,0.6486,10.74,1629.23,0.6621621621621622
359954,47,0.525,0.9743,0.6486,10.73,1621.15,0.6621621621621622
359954,48,0.525,0.9743,0.6486,10.73,1611.89,0.6621621621621622
359954,49,0.525,0.9758,0.6486,10.68,1604.86,0.6621621621621622
359959,0,0.4624,0.4453,0.4392,9.96,58.0,0.5337837837837838
359959,1,0.4624,0.4453,0.4392,9.96,58.0,0.5337837837837838
359959,2,0.4684,0.4943,0.4797,12.02,101.14,0.5337837837837838
359959,3,0.4737,0.5532,0.5203,14.39,177.75,0.5337837837837838
359959,4,0.4777,0.5879,0.5541,16.3,255.97,0.5337837837837838
359959,5,0.479,0.597,0.5338,16.59,291.57,0.5337837837837838
359959,6,0.481,0.606,0.5338,16.48,322.92,0.5337837837837838
359959,7,0.4814,0.6128,0.5338,16.05,334.36,0.5337837837837838
359959,8,0.4829,0.6158,0.5405,15.54,337.33,0.5337837837837838
359959,9,0.4846,0.6204,0.5473,15.01,348.72,0.5337837837837838
359959,10,0.485,0.6211,0.5405,14.54,361.47,0.5337837837837838
359959,11,0.4857,0.6226,0.5405,14.11,371.36,0.5337837837837838
359959,12,0.4861,0.6219,0.5473,13.83,382.41,0.5337837837837838
359959,13,0.4862,0.6226,0.5473,13.5,387.79,0.5337837837837838
359959,14,0.4863,0.6211,0.5541,13.14,393.47,0.5337837837837838
359959,15,0.4863,0.6204,0.5608,12.82,401.74,0.5337837837837838
359959,16,0.4866,0.6226,0.5608,12.57,415.08,0.5337837837837838
359959,17,0.4863,0.6264,0.5676,12.25,426.66,0.5337837837837838
359959,18,0.4861,0.6294,0.5676,12.0,450.08,0.5337837837837838
359959,19,0.4864,0.6287,0.5608,11.77,465.43,0.5337837837837838
359959,20,0.4865,0.6325,0.5608,11.49,477.09,0.5337837837837838
359959,21,0.486,0.6347,0.5608,11.31,506.49,0.5337837837837838
359959,22,0.4859,0.6362,0.5608,11.15,547.77,0.5337837837837838
359959,23,0.4855,0.6385,0.5608,11.04,604.15,0.5337837837837838
359959,24,0.4853,0.6392,0.5608,10.87,658.86,0.5337837837837838
359959,25,0.4849,0.6392,0.5608,10.72,705.18,0.5337837837837838
359959,26,0.485,0.6438,0.5608,10.53,763.34,0.5337837837837838
359959,27,0.4849,0.6445,0.5608,10.38,808.67,0.5337837837837838
359959,28,0.4849,0.6453,0.5608,10.26,876.1,0.5337837837837838
359959,29,0.485,0.646,0.5608,10.16,941.03,0.5337837837837838
359959,30,0.4852,0.6513,0.5608,10.06,1013.62,0.5337837837837838
359959,31,0.4851,0.6536,0.5608,10.0,1075.79,0.5337837837837838
359959,32,0.4854,0.6551,0.5608,9.98,1137.52,0.5337837837837838
359959,33,0.4853,0.6589,0.5608,10.0,1203.5,0.5337837837837838
359959,34,0.4852,0.6596,0.5608,10.02,1268.64,0.5337837837837838
359959,35,0.4853,0.6604,0.5608,10.03,1344.04,0.5337837837837838
359959,36,0.4852,0.6611,0.5608,10.09,1412.61,0.5337837837837838
359959,37,0.4852,0.6626,0.5608,10.16,1487.69,0.5337837837837838
359959,38,0.4852,0.6626,0.5608,10.22,1548.63,0.5337837837837838
359959,39,0.4852,0.6634,0.5608,10.21,1605.13,0.5337837837837838
359959,40,0.485,0.6672,0.5608,10.18,1655.42,0.5337837837837838
359959,41,0.4848,0.6687,0.5608,10.16,1707.54,0.5337837837837838
359959,42,0.4847,0.6709,0.5541,10.21,1784.95,0.5337837837837838
359959,43,0.4846,0.6725,0.5541,10.2,1861.31,0.5337837837837838
359959,44,0.4845,0.6747,0.5541,10.18,1935.84,0.5337837837837838
359959,45,0.4843,0.6762,0.5541,10.14,2013.83,0.5337837837837838
359959,46,0.4842,0.6762,0.5541,10.07,2080.12,0.5337837837837838
359959,47,0.484,0.6747,0.5541,9.97,2137.81,0.5337837837837838
359959,48,0.484,0.6747,0.5541,9.89,2203.2,0.5337837837837838
359959,49,0.4839,0.6755,0.5541,9.84,2270.45,0.5337837837837838
359954,0,0.4631,0.636,0.5541,13.96,132.64,0.6621621621621622
359954,1,0.4631,0.636,0.5541,13.96,132.64,0.6621621621621622
359954,2,0.4684,0.6571,0.5676,16.71,236.04,0.6621621621621622
359954,3,0.4759,0.6843,0.5811,20.2,344.64,0.6621621621621622
359954,4,0.4823,0.7145,0.5676,22.58,408.42,0.6621621621621622
359954,5,0.4872,0.7402,0.5676,22.41,469.44,0.6621621621621622
359954,6,0.4894,0.7508,0.5811,22.73,523.88,0.6621621621621622
359954,7,0.4919,0.7704,0.6081,23.55,617.58,0.6621621621621622
359954,8,0.4941,0.787,0.6216,23.81,731.01,0.6621621621621622
359954,9,0.4955,0.7946,0.6216,24.47,852.6,0.6621621621621622
359954,10,0.4984,0.8036,0.6622,24.13,927.16,0.6621621621621622
359954,11,0.5001,0.8142,0.6622,24.14,994.93,0.6621621621621622
359954,12,0.5003,0.8233,0.6622,23.96,1043.15,0.6621621621621622
359954,13,0.5014,0.8308,0.6622,23.73,1108.78,0.6621621621621622
359954,14,0.5022,0.8353,0.6757,23.84,1162.35,0.6621621621621622
359954,15,0.5025,0.8444,0.6757,23.48,1212.75,0.6621621621621622
359954,16,0.5028,0.8489,0.6757,23.6,1270.75,0.6621621621621622
359954,17,0.5033,0.8535,0.6757,23.49,1368.29,0.6621621621621622
359954,18,0.5042,0.861,0.6622,23.57,1468.4,0.6621621621621622
359954,19,0.5048,0.8671,0.6622,23.28,1531.03,0.6621621621621622
359954,20,0.5054,0.8716,0.6622,23.38,1624.26,0.6621621621621622
359954,21,0.5057,0.8746,0.6622,23.58,1738.06,0.6621621621621622
359954,22,0.5061,0.8761,0.6622,23.82,1810.62,0.6621621621621622
359954,23,0.506,0.8792,0.6622,24.08,1885.57,0.6621621621621622
359954,24,0.5061,0.8867,0.6622,24.03,1974.49,0.6621621621621622
359954,25,0.5066,0.8867,0.6622,23.96,2025.68,0.6621621621621622
359954,26,0.5068,0.8912,0.6622,23.99,2092.58,0.6621621621621622
359954,27,0.5079,0.9003,0.6622,23.74,2162.25,0.6621621621621622
359954,28,0.509,0.9079,0.6622,23.53,2216.77,0.6621621621621622
359954,29,0.5099,0.9124,0.6757,23.28,2262.34,0.6621621621621622
359954,30,0.511,0.9124,0.6757,23.12,2292.38,0.6621621621621622
359954,31,0.5118,0.9184,0.6757,23.03,2336.12,0.6621621621621622
359954,32,0.512,0.9215,0.6757,22.88,2382.79,0.6621621621621622
359954,33,0.5125,0.923,0.6757,22.67,2407.14,0.6621621621621622
359954,34,0.5129,0.926,0.6757,22.48,2442.02,0.6621621621621622
359954,35,0.5135,0.932,0.6757,22.31,2461.94,0.6621621621621622
359954,36,0.5142,0.9366,0.6757,22.17,2481.06,0.6621621621621622
359954,37,0.5144,0.9411,0.6757,21.98,2500.01,0.6621621621621622
359954,38,0.515,0.9426,0.6757,21.77,2512.02,0.6621621621621622
359954,39,0.5154,0.9441,0.6757,21.59,2521.02,0.6621621621621622
359954,40,0.5159,0.9486,0.6892,21.44,2534.13,0.6621621621621622
359954,41,0.5163,0.9517,0.6757,21.27,2544.39,0.6621621621621622
359954,42,0.5169,0.9547,0.6757,21.07,2546.94,0.6621621621621622
359954,43,0.517,0.9562,0.6757,20.97,2551.97,0.6621621621621622
359954,44,0.5174,0.9592,0.6757,20.76,2558.62,0.6621621621621622
359954,45,0.5175,0.9622,0.6757,20.55,2557.82,0.6621621621621622
359954,46,0.5178,0.9622,0.6757,20.29,2555.5,0.6621621621621622
359954,47,0.5182,0.9637,0.6757,20.19,2550.8,0.6621621621621622
359954,48,0.5184,0.9637,0.6757,20.02,2547.4,0.6621621621621622
359954,49,0.5187,0.9637,0.6757,19.91,2537.96,0.6621621621621622
359954,0,0.4739,0.6178,0.527,14.08,182.25,0.6756756756756757
359954,1,0.4739,0.6178,0.527,14.08,182.25,0.6756756756756757
359954,2,0.4864,0.6767,0.527,17.58,459.21,0.6756756756756757
359954,3,0.4954,0.7326,0.5946,23.91,1224.1,0.6756756756756757
359954,4,0.5024,0.7915,0.5946,26.02,1612.08,0.6756756756756757
359954,5,0.5068,0.8278,0.6351,25.43,1740.85,0.6756756756756757
359954,6,0.5091,0.861,0.6351,24.06,1866.21,0.6756756756756757
359954,7,0.5112,0.8776,0.6351,23.15,1932.2,0.6756756756756757
359954,8,0.512,0.8927,0.6351,22.32,1980.68,0.6756756756756757
359954,9,0.514,0.9048,0.6622,21.67,2018.97,0.6756756756756757
359954,10,0.5149,0.9154,0.6622,21.03,2075.12,0.6756756756756757
359954,11,0.5161,0.926,0.6622,20.42,2090.87,0.6756756756756757
359954,12,0.5176,0.932,0.6757,19.88,2112.94,0.6756756756756757
359954,13,0.5181,0.9381,0.6622,19.34,2123.51,0.6756756756756757
359954,14,0.5187,0.9441,0.6757,18.99,2103.14,0.6756756756756757
359954,15,0.5188,0.9486,0.6622,18.47,2093.72,0.6756756756756757
359954,16,0.5196,0.9532,0.6622,17.94,2074.48,0.6756756756756757
359954,17,0.52,0.9577,0.6622,17.59,2060.6,0.6756756756756757
359954,18,0.5203,0.9607,0.6486,17.28,2052.5,0.6756756756756757
359954,19,0.5214,0.9622,0.6486,16.83,2045.27,0.6756756756756757
359954,20,0.5221,0.9653,0.6486,16.46,2040.08,0.6756756756756757
359954,21,0.5224,0.9668,0.6622,16.17,2050.17,0.6756756756756757
359954,22,0.5227,0.9668,0.6622,15.82,2051.86,0.6756756756756757
359954,23,0.5228,0.9668,0.6622,15.61,2045.09,0.6756756756756757
359954,24,0.523,0.9728,0.6622,15.47,2039.75,0.6756756756756757
359954,25,0.5228,0.9743,0.6622,15.47,2034.98,0.6756756756756757
359954,26,0.5229,0.9789,0.6757,15.24,2022.27,0.6756756756756757
359954,27,0.5233,0.9789,0.6757,15.09,2002.08,0.6756756756756757
359954,28,0.5235,0.9789,0.6757,14.83,1986.57,0.6756756756756757
359954,29,0.5234,0.9789,0.6757,14.64,1965.44,0.6756756756756757
359954,30,0.5234,0.9804,0.6757,14.49,1943.55,0.6756756756756757
359954,31,0.5237,0.9804,0.6757,14.26,1920.41,0.6756756756756757
359954,32,0.5237,0.9834,0.6622,14.09,1899.99,0.6756756756756757
359954,33,0.5236,0.9834,0.6622,13.9,1879.03,0.6756756756756757
359954,34,0.5238,0.9819,0.6622,13.8,1852.95,0.6756756756756757
359954,35,0.524,0.9834,0.6622,13.68,1828.06,0.6756756756756757
359954,36,0.5243,0.9834,0.6622,13.51,1806.85,0.6756756756756757
359954,37,0.5244,0.9849,0.6622,13.44,1786.64,0.6756756756756757
359954,38,0.5249,0.9849,0.6622,13.33,1764.6,0.6756756756756757
359954,39,0.525,0.9849,0.6622,13.19,1743.9,0.6756756756756757
359954,40,0.5249,0.9849,0.6622,13.04,1720.34,0.6756756756756757
359954,41,0.5249,0.9849,0.6622,12.89,1702.53,0.6756756756756757
359954,42,0.525,0.9864,0.6622,12.76,1682.1,0.6756756756756757
359954,43,0.5251,0.9864,0.6622,12.6,1661.63,0.6756756756756757
359954,44,0.5252,0.9864,0.6622,12.43,1645.55,0.6756756756756757
359954,45,0.5253,0.9879,0.6622,12.28,1633.62,0.6756756756756757
359954,46,0.5254,0.9894,0.6622,12.13,1624.27,0.6756756756756757
359954,47,0.5256,0.9909,0.6622,11.97,1611.78,0.6756756756756757
359954,48,0.5258,0.9894,0.6622,11.83,1596.74,0.6756756756756757
359954,49,0.526,0.9909,0.6622,11.69,1583.53,0.6756756756756757
359959,0,0.4573,0.4475,0.4257,11.69,98.88,0.527027027027027
359959,1,0.4573,0.4475,0.4257,11.69,98.88,0.527027027027027
359959,2,0.4641,0.5034,0.4662,14.22,165.16,0.527027027027027
359959,3,0.4698,0.557,0.5135,18.0,411.43,0.527027027027027
359959,4,0.4715,0.5894,0.5338,21.49,788.24,0.527027027027027
359959,5,0.4742,0.6068,0.5338,23.68,1139.33,0.527027027027027
359959,6,0.4765,0.6249,0.5405,24.32,1316.99,0.527027027027027
359959,7,0.4779,0.6362,0.5473,23.97,1425.36,0.527027027027027
359959,8,0.4794,0.637,0.5608,23.23,1439.51,0.527027027027027
359959,9,0.48,0.6453,0.5608,22.51,1446.88,0.527027027027027
359959,10,0.4796,0.6453,0.5676,21.55,1445.77,0.527027027027027
359959,11,0.4801,0.6475,0.5608,20.91,1455.6,0.527027027027027
359959,12,0.4806,0.6528,0.5676,20.33,1498.84,0.527027027027027
359959,13,0.4804,0.6566,0.5608,19.76,1569.78,0.527027027027027
359959,14,0.4806,0.6596,0.5608,19.4,1664.5,0.527027027027027
359959,15,0.4807,0.6611,0.5608,18.94,1763.2,0.527027027027027
359959,16,0.4808,0.6657,0.5608,18.52,1871.33,0.527027027027027
359959,17,0.4808,0.6709,0.5608,18.16,1918.9,0.527027027027027
359959,18,0.481,0.6732,0.5676,17.66,1941.12,0.527027027027027
359959,19,0.4811,0.6762,0.5676,17.27,1979.62,0.527027027027027
359959,20,0.4814,0.6777,0.5676,16.91,2001.31,0.527027027027027
359959,21,0.4813,0.6785,0.5676,16.54,2062.44,0.527027027027027
359959,22,0.4813,0.6785,0.5676,16.27,2098.13,0.527027027027027
359959,23,0.4813,0.6845,0.5676,15.96,2121.31,0.527027027027027
359959,24,0.4811,0.6875,0.5676,15.69,2159.83,0.527027027027027
359959,25,0.4813,0.6891,0.5676,15.43,2206.51,0.527027027027027
359959,26,0.4812,0.6883,0.5676,15.19,2259.52,0.527027027027027
359959,27,0.4813,0.6891,0.5676,14.96,2336.9,0.527027027027027
359959,28,0.481,0.6921,0.5676,14.8,2436.12,0.527027027027027
359959,29,0.4809,0.6921,0.5676,14.61,2563.82,0.527027027027027
359959,30,0.4807,0.6951,0.5608,14.43,2735.95,0.527027027027027
359959,31,0.4806,0.6974,0.5608,14.3,2889.33,0.527027027027027
359959,32,0.4804,0.7019,0.5608,14.27,3060.28,0.527027027027027
359959,33,0.4802,0.7026,0.5608,14.15,3196.19,0.527027027027027
359959,34,0.4799,0.7072,0.5608,14.02,3321.88,0.527027027027027
359959,35,0.4798,0.7079,0.5608,13.91,3437.15,0.527027027027027
359959,36,0.4795,0.7132,0.5608,13.79,3565.8,0.527027027027027
359959,37,0.4795,0.717,0.5608,13.68,3689.05,0.527027027027027
359959,38,0.4796,0.7177,0.5608,13.55,3773.31,0.527027027027027
359959,39,0.4796,0.7208,0.5608,13.48,3859.27,0.527027027027027
359959,40,0.4795,0.7215,0.5608,13.37,3929.11,0.527027027027027
359959,41,0.4795,0.7208,0.5608,13.27,4019.72,0.527027027027027
359959,42,0.4795,0.7245,0.5608,13.18,4062.62,0.527027027027027
359959,43,0.4795,0.7291,0.5608,13.07,4126.73,0.527027027027027
359959,44,0.4796,0.7313,0.5608,12.99,4169.86,0.527027027027027
359959,45,0.4797,0.7343,0.5608,12.85,4226.92,0.527027027027027
359959,46,0.4797,0.7351,0.5608,12.74,4287.42,0.527027027027027
359959,47,0.4797,0.7366,0.5608,12.61,4319.22,0.527027027027027
359959,48,0.4796,0.7381,0.5608,12.49,4365.36,0.527027027027027
359959,49,0.4796,0.7419,0.5608,12.41,4405.3,0.527027027027027
2073,0,0.4844,0.5865,0.6309,13.12,119.14,0.7181208053691275
2073,1,0.4844,0.5865,0.6309,13.12,119.14,0.7181208053691275
2073,2,0.4862,0.5955,0.6376,15.58,147.48,0.7181208053691275
2073,3,0.4949,0.6067,0.6443,18.8,213.27,0.7181208053691275
2073,4,0.5028,0.621,0.6443,23.02,310.37,0.7181208053691275
2073,5,0.5095,0.636,0.651,25.05,439.06,0.7181208053691275
2073,6,0.5136,0.6449,0.6711,27.21,528.62,0.7181208053691275
2073,7,0.5164,0.6517,0.6644,27.25,553.23,0.7181208053691275
2073,8,0.5176,0.6614,0.6644,27.73,602.6,0.7181208053691275
2073,9,0.5193,0.6682,0.6644,27.85,656.82,0.7181208053691275
2073,10,0.5212,0.6727,0.6644,27.47,702.07,0.7181208053691275
2073,11,0.5221,0.6772,0.6577,26.84,732.69,0.7181208053691275
2073,12,0.5226,0.6839,0.6711,26.52,788.77,0.7181208053691275
2073,13,0.5233,0.6861,0.6644,26.49,942.19,0.7181208053691275
2073,14,0.5225,0.6884,0.6577,26.22,1067.31,0.7181208053691275
2073,15,0.5223,0.6959,0.6711,26.37,1232.1,0.7181208053691275
2073,16,0.5225,0.6981,0.6846,26.57,1421.62,0.7181208053691275
2073,17,0.5221,0.7011,0.6846,26.44,1619.82,0.7181208053691275
2073,18,0.521,0.7056,0.6779,26.8,1832.01,0.7181208053691275
2073,19,0.5209,0.7116,0.6846,27.05,2075.29,0.7181208053691275
2073,20,0.5209,0.7146,0.6913,27.23,2370.04,0.7181208053691275
2073,21,0.5207,0.7206,0.6913,27.5,2645.16,0.7181208053691275
2073,22,0.52,0.7273,0.698,27.79,3010.68,0.7181208053691275
2073,23,0.5196,0.7311,0.698,27.84,3355.91,0.7181208053691275
2073,24,0.5194,0.7348,0.698,27.97,3718.8,0.7181208053691275
2073,25,0.5194,0.7393,0.698,27.94,4072.75,0.7181208053691275
2073,26,0.5187,0.7446,0.698,27.82,4406.82,0.7181208053691275
2073,27,0.5182,0.7461,0.698,28.02,4724.82,0.7181208053691275
2073,28,0.5175,0.7528,0.698,28.18,5070.85,0.7181208053691275
2073,29,0.5168,0.7596,0.698,28.32,5558.63,0.7181208053691275
2073,30,0.5162,0.7648,0.698,28.37,5995.92,0.7181208053691275
2073,31,0.5158,0.7693,0.698,28.55,6511.26,0.7181208053691275
2073,32,0.5156,0.7753,0.698,28.71,7043.09,0.7181208053691275
2073,33,0.5151,0.782,0.7047,28.97,7617.23,0.7181208053691275
2073,34,0.515,0.785,0.7047,29.12,8182.87,0.7181208053691275
2073,35,0.5147,0.7918,0.7047,29.15,8715.13,0.7181208053691275
2073,36,0.5143,0.7955,0.7047,29.19,9108.26,0.7181208053691275
2073,37,0.5139,0.8,0.7047,29.13,9550.0,0.7181208053691275
2073,38,0.5136,0.806,0.7047,29.15,9982.07,0.7181208053691275
2073,39,0.5131,0.8097,0.7047,29.11,10369.23,0.7181208053691275
2073,40,0.5127,0.8157,0.7047,29.27,10785.52,0.7181208053691275
2073,41,0.5126,0.821,0.7047,29.26,11088.6,0.7181208053691275
2073,42,0.5122,0.8232,0.7047,29.26,11449.32,0.7181208053691275
2073,43,0.512,0.8285,0.7047,29.16,11759.98,0.7181208053691275
2073,44,0.5118,0.8315,0.7047,28.98,12012.2,0.7181208053691275
2073,45,0.5117,0.833,0.7047,28.87,12261.6,0.7181208053691275
2073,46,0.5115,0.836,0.7047,28.96,12490.22,0.7181208053691275
2073,47,0.5112,0.8382,0.7047,28.82,12667.44,0.7181208053691275
2073,48,0.511,0.8449,0.7047,28.69,12847.76,0.7181208053691275
2073,49,0.5108,0.8472,0.7047,28.5,12982.98,0.7181208053691275
359954,0,0.4691,0.636,0.5541,13.42,199.3,0.6756756756756757
359954,1,0.4691,0.636,0.5541,13.42,199.3,0.6756756756756757
359954,2,0.4814,0.6843,0.5946,17.11,505.12,0.6756756756756757
359954,3,0.4945,0.7447,0.6216,27.5,1358.28,0.6756756756756757
359954,4,0.5008,0.7961,0.6216,29.79,1816.31,0.6756756756756757
359954,5,0.5031,0.8308,0.6351,30.02,2031.08,0.6756756756756757
359954,6,0.506,0.852,0.6351,30.03,2100.82,0.6756756756756757
359954,7,0.5083,0.8671,0.6351,29.1,2099.53,0.6756756756756757
359954,8,0.5099,0.8897,0.6622,27.64,2076.14,0.6756756756756757
359954,9,0.5113,0.8988,0.6622,26.3,2051.57,0.6756756756756757
359954,10,0.512,0.9033,0.6622,25.25,2037.6,0.6756756756756757
359954,11,0.5143,0.9063,0.6757,24.24,1992.12,0.6756756756756757
359954,12,0.5149,0.9109,0.6757,23.52,1963.99,0.6756756756756757
359954,13,0.5156,0.9184,0.6757,23.15,1969.19,0.6756756756756757
359954,14,0.5165,0.9275,0.6892,22.58,1966.18,0.6756756756756757
359954,15,0.5172,0.9335,0.6892,22.08,1969.43,0.6756756756756757
359954,16,0.5177,0.9396,0.6892,21.5,1964.26,0.6756756756756757
359954,17,0.5185,0.9426,0.6892,21.14,1973.25,0.6756756756756757
359954,18,0.519,0.9486,0.6892,20.49,1974.65,0.6756756756756757
359954,19,0.5195,0.9517,0.6757,20.1,1963.25,0.6756756756756757
359954,20,0.5201,0.9562,0.6757,19.66,1946.51,0.6756756756756757
359954,21,0.5207,0.9577,0.6757,19.2,1926.89,0.6756756756756757
359954,22,0.5214,0.9592,0.6757,18.75,1904.73,0.6756756756756757
359954,23,0.5218,0.9622,0.6757,18.36,1895.93,0.6756756756756757
359954,24,0.5228,0.9653,0.6757,17.93,1875.71,0.6756756756756757
359954,25,0.5227,0.9668,0.6757,17.49,1864.05,0.6756756756756757
359954,26,0.5232,0.9683,0.6757,17.26,1852.93,0.6756756756756757
359954,27,0.5235,0.9668,0.6757,16.98,1848.86,0.6756756756756757
359954,28,0.5239,0.9683,0.6757,16.69,1831.18,0.6756756756756757
359954,29,0.5244,0.9698,0.6757,16.4,1814.25,0.6756756756756757
359954,30,0.5247,0.9698,0.6757,16.22,1798.21,0.6756756756756757
359954,31,0.525,0.9698,0.6757,15.99,1782.82,0.6756756756756757
359954,32,0.5253,0.9713,0.6757,15.77,1764.51,0.6756756756756757
359954,33,0.5254,0.9713,0.6757,15.57,1743.09,0.6756756756756757
359954,34,0.5256,0.9713,0.6757,15.39,1723.07,0.6756756756756757
359954,35,0.5258,0.9713,0.6757,15.18,1705.14,0.6756756756756757
359954,36,0.5262,0.9728,0.6757,14.93,1683.25,0.6756756756756757
359954,37,0.5262,0.9743,0.6757,14.74,1663.46,0.6756756756756757
359954,38,0.5263,0.9743,0.6757,14.57,1641.21,0.6756756756756757
359954,39,0.5264,0.9743,0.6757,14.42,1624.66,0.6756756756756757
359954,40,0.5265,0.9743,0.6757,14.27,1605.29,0.6756756756756757
359954,41,0.5265,0.9743,0.6757,14.08,1590.57,0.6756756756756757
359954,42,0.5266,0.9743,0.6757,13.99,1574.61,0.6756756756756757
359954,43,0.5268,0.9743,0.6757,13.87,1562.84,0.6756756756756757
359954,44,0.5268,0.9743,0.6757,13.74,1545.38,0.6756756756756757
359954,45,0.5269,0.9758,0.6757,13.63,1529.66,0.6756756756756757
359954,46,0.5272,0.9773,0.6757,13.49,1512.51,0.6756756756756757
359954,47,0.5271,0.9773,0.6757,13.39,1496.97,0.6756756756756757
359954,48,0.5273,0.9773,0.6757,13.24,1482.63,0.6756756756756757
359954,49,0.5272,0.9773,0.6757,13.12,1465.17,0.6756756756756757
190146,0,0.6394,0.8029,0.7294,3.37,59.08,0.7529411764705882
190146,1,0.6394,0.8029,0.7294,3.37,59.08,0.7529411764705882
190146,2,0.6467,0.8384,0.7294,5.15,120.19,0.7529411764705882
190146,3,0.6512,0.862,0.7412,6.04,177.97,0.7529411764705882
190146,4,0.6552,0.8896,0.7294,6.63,198.58,0.7529411764705882
190146,5,0.6565,0.8949,0.7294,6.91,208.31,0.7529411764705882
190146,6,0.6569,0.912,0.7294,7.06,218.01,0.7529411764705882
190146,7,0.6572,0.9146,0.7176,6.82,223.25,0.7529411764705882
190146,8,0.6588,0.9277,0.7294,7.02,231.78,0.7529411764705882
190146,9,0.6599,0.933,0.7294,6.98,240.93,0.7529411764705882
190146,10,0.6605,0.9422,0.7176,7.0,257.63,0.7529411764705882
190146,11,0.6617,0.9474,0.7294,7.1,275.27,0.7529411764705882
190146,12,0.6623,0.9514,0.7412,7.03,288.59,0.7529411764705882
190146,13,0.6635,0.9566,0.7294,6.95,301.89,0.7529411764705882
190146,14,0.6639,0.9566,0.7294,6.77,314.82,0.7529411764705882
190146,15,0.6646,0.958,0.7412,6.72,333.74,0.7529411764705882
190146,16,0.6647,0.9619,0.7294,6.85,355.28,0.7529411764705882
190146,17,0.6651,0.9645,0.7294,6.85,374.76,0.7529411764705882
190146,18,0.6655,0.9658,0.7294,6.79,386.0,0.7529411764705882
190146,19,0.6657,0.9671,0.7294,7.01,393.79,0.7529411764705882
190146,20,0.666,0.9698,0.7294,7.04,398.41,0.7529411764705882
190146,21,0.6665,0.9711,0.7294,7.08,407.45,0.7529411764705882
190146,22,0.6666,0.9711,0.7412,7.08,412.81,0.7529411764705882
190146,23,0.6668,0.9711,0.7412,7.1,428.78,0.7529411764705882
190146,24,0.6669,0.9724,0.7412,7.2,453.15,0.7529411764705882
190146,25,0.6674,0.9737,0.7412,7.25,474.12,0.7529411764705882
190146,26,0.6678,0.975,0.7412,7.24,500.72,0.7529411764705882
190146,27,0.6683,0.9763,0.7412,7.34,525.49,0.7529411764705882
190146,28,0.6687,0.9777,0.7412,7.35,545.82,0.7529411764705882
190146,29,0.6692,0.979,0.7412,7.33,564.37,0.7529411764705882
190146,30,0.6695,0.9803,0.7412,7.33,583.15,0.7529411764705882
190146,31,0.6697,0.9829,0.7412,7.34,602.32,0.7529411764705882
190146,32,0.67,0.9829,0.7412,7.35,619.12,0.7529411764705882
190146,33,0.6703,0.9855,0.7294,7.44,641.17,0.7529411764705882
190146,34,0.6706,0.9855,0.7294,7.45,659.87,0.7529411764705882
190146,35,0.6707,0.9855,0.7294,7.54,678.04,0.7529411764705882
190146,36,0.6711,0.9869,0.7294,7.62,695.52,0.7529411764705882
190146,37,0.6714,0.9869,0.7294,7.63,712.76,0.7529411764705882
190146,38,0.6717,0.9895,0.7294,7.61,728.57,0.7529411764705882
190146,39,0.6716,0.9908,0.7294,7.58,744.4,0.7529411764705882
190146,40,0.6721,0.9908,0.7294,7.6,756.79,0.7529411764705882
190146,41,0.6722,0.9908,0.7294,7.61,766.54,0.7529411764705882
190146,42,0.6721,0.9908,0.7294,7.69,777.6,0.7529411764705882
190146,43,0.6724,0.9921,0.7294,7.81,790.43,0.7529411764705882
190146,44,0.6725,0.9921,0.7294,7.88,805.23,0.7529411764705882
190146,45,0.6726,0.9934,0.7412,7.9,816.86,0.7529411764705882
190146,46,0.6727,0.9934,0.7412,7.92,827.52,0.7529411764705882
190146,47,0.6728,0.9934,0.7294,7.91,833.78,0.7529411764705882
190146,48,0.673,0.9934,0.7294,7.93,839.97,0.7529411764705882
190146,49,0.6731,0.9934,0.7412,7.92,843.6,0.7529411764705882
359959,0,0.4573,0.4377,0.4257,11.82,88.21,0.5337837837837838
359959,1,0.4573,0.4377,0.4257,11.82,88.21,0.5337837837837838
359959,2,0.4634,0.4936,0.4324,13.02,111.79,0.5337837837837838
359959,3,0.469,0.5358,0.5135,14.96,171.62,0.5337837837837838
359959,4,0.4705,0.56,0.5338,16.01,233.05,0.5337837837837838
359959,5,0.4722,0.5751,0.5338,16.12,268.52,0.5337837837837838
359959,6,0.4748,0.5909,0.5405,15.88,296.36,0.5337837837837838
359959,7,0.4758,0.6,0.5473,15.55,326.39,0.5337837837837838
359959,8,0.4765,0.6113,0.527,15.21,354.06,0.5337837837837838
359959,9,0.4774,0.6151,0.5203,15.02,387.71,0.5337837837837838
359959,10,0.4782,0.6158,0.5135,14.88,421.59,0.5337837837837838
359959,11,0.479,0.6219,0.5068,14.66,449.92,0.5337837837837838
359959,12,0.4802,0.6264,0.5203,14.54,480.47,0.5337837837837838
359959,13,0.4803,0.6249,0.5338,14.38,508.9,0.5337837837837838
359959,14,0.4807,0.6287,0.5405,14.11,542.43,0.5337837837837838
359959,15,0.4808,0.6294,0.5473,13.91,577.68,0.5337837837837838
359959,16,0.4803,0.6294,0.5541,13.71,607.04,0.5337837837837838
359959,17,0.4801,0.634,0.5541,13.51,632.26,0.5337837837837838
359959,18,0.4804,0.6355,0.5541,13.31,653.84,0.5337837837837838
359959,19,0.4806,0.637,0.5541,13.18,686.07,0.5337837837837838
359959,20,0.481,0.6415,0.5541,12.99,717.61,0.5337837837837838
359959,21,0.4811,0.6423,0.5541,12.89,759.81,0.5337837837837838
359959,22,0.4809,0.6423,0.5608,12.77,789.85,0.5337837837837838
359959,23,0.4809,0.6438,0.5608,12.67,830.92,0.5337837837837838
359959,24,0.4808,0.6445,0.5608,12.62,875.11,0.5337837837837838
359959,25,0.481,0.6475,0.5608,12.58,928.89,0.5337837837837838
359959,26,0.4811,0.6483,0.5608,12.52,984.94,0.5337837837837838
359959,27,0.4813,0.6566,0.5608,12.44,1044.86,0.5337837837837838
359959,28,0.4813,0.6566,0.5608,12.41,1112.91,0.5337837837837838
359959,29,0.4815,0.6558,0.5608,12.38,1182.83,0.5337837837837838
359959,30,0.4815,0.6574,0.5608,12.39,1259.46,0.5337837837837838
359959,31,0.4816,0.6581,0.5608,12.31,1325.28,0.5337837837837838
359959,32,0.4818,0.6589,0.5608,12.27,1380.73,0.5337837837837838
359959,33,0.4816,0.6604,0.5608,12.26,1446.91,0.5337837837837838
359959,34,0.4814,0.6626,0.5608,12.28,1546.31,0.5337837837837838
359959,35,0.4815,0.6642,0.5676,12.31,1653.34,0.5337837837837838
359959,36,0.4812,0.6664,0.5676,12.29,1741.62,0.5337837837837838
359959,37,0.481,0.6702,0.5676,12.29,1836.47,0.5337837837837838
359959,38,0.4808,0.6725,0.5676,12.33,1920.7,0.5337837837837838
359959,39,0.4807,0.6732,0.5676,12.32,2007.78,0.5337837837837838
359959,40,0.4807,0.6755,0.5676,12.37,2124.76,0.5337837837837838
359959,41,0.4806,0.677,0.5676,12.37,2238.11,0.5337837837837838
359959,42,0.4806,0.6785,0.5676,12.35,2363.18,0.5337837837837838
359959,43,0.4806,0.68,0.5676,12.36,2481.23,0.5337837837837838
359959,44,0.4807,0.6808,0.5676,12.47,2665.49,0.5337837837837838
359959,45,0.4807,0.6823,0.5676,12.52,2837.27,0.5337837837837838
359959,46,0.4806,0.6875,0.5676,12.6,3014.08,0.5337837837837838
359959,47,0.4805,0.6891,0.5676,12.67,3168.57,0.5337837837837838
359959,48,0.4806,0.6898,0.5676,12.73,3330.69,0.5337837837837838
359959,49,0.4806,0.6928,0.5676,12.74,3493.01,0.5337837837837838
359954,0,0.4746,0.6571,0.5541,12.22,186.07,0.6756756756756757
359954,1,0.4746,0.6571,0.5541,12.22,186.07,0.6756756756756757
359954,2,0.4833,0.6949,0.5541,13.98,328.43,0.6756756756756757
359954,3,0.4929,0.7221,0.5811,15.09,426.91,0.6756756756756757
359954,4,0.4982,0.7417,0.5811,13.68,498.05,0.6756756756756757
359954,5,0.5019,0.7613,0.5811,12.44,517.16,0.6756756756756757
359954,6,0.5041,0.7704,0.5946,11.33,498.93,0.6756756756756757
359954,7,0.5069,0.784,0.6081,10.18,491.12,0.6756756756756757
359954,8,0.5083,0.79,0.6216,9.22,494.3,0.6756756756756757
359954,9,0.5105,0.7931,0.6351,8.5,514.09,0.6756756756756757
359954,10,0.5115,0.7991,0.6486,8.05,531.05,0.6756756756756757
359954,11,0.5129,0.8187,0.6486,7.7,539.98,0.6756756756756757
359954,12,0.5136,0.8278,0.6486,7.59,559.38,0.6756756756756757
359954,13,0.5139,0.8353,0.6351,7.77,589.83,0.6756756756756757
359954,14,0.5154,0.8399,0.6351,8.11,626.32,0.6756756756756757
359954,15,0.5162,0.8459,0.6351,8.17,668.43,0.6756756756756757
359954,16,0.517,0.855,0.6486,8.37,719.35,0.6756756756756757
359954,17,0.5174,0.864,0.6486,8.7,785.78,0.6756756756756757
359954,18,0.5187,0.8671,0.6622,9.17,872.82,0.6756756756756757
359954,19,0.5186,0.8716,0.6622,9.69,987.03,0.6756756756756757
359954,20,0.5191,0.8807,0.6622,10.12,1073.19,0.6756756756756757
359954,21,0.5193,0.8852,0.6622,10.6,1176.27,0.6756756756756757
359954,22,0.5196,0.8897,0.6622,11.28,1254.1,0.6756756756756757
359954,23,0.5201,0.9003,0.6622,11.55,1324.9,0.6756756756756757
359954,24,0.5204,0.9048,0.6622,12.06,1409.78,0.6756756756756757
359954,25,0.5204,0.9094,0.6622,12.59,1498.41,0.6756756756756757
359954,26,0.5208,0.9109,0.6622,13.09,1576.25,0.6756756756756757
359954,27,0.5206,0.9215,0.6622,13.64,1667.18,0.6756756756756757
359954,28,0.5209,0.923,0.6622,14.11,1756.54,0.6756756756756757
359954,29,0.5214,0.9275,0.6622,14.53,1833.99,0.6756756756756757
359954,30,0.5216,0.9335,0.6622,14.97,1891.41,0.6756756756756757
359954,31,0.5217,0.9396,0.6622,15.25,1946.98,0.6756756756756757
359954,32,0.5219,0.9441,0.6622,15.54,1997.03,0.6756756756756757
359954,33,0.522,0.9441,0.6622,15.89,2034.9,0.6756756756756757
359954,34,0.5224,0.9486,0.6622,16.17,2072.91,0.6756756756756757
359954,35,0.5227,0.9502,0.6622,16.31,2101.56,0.6756756756756757
359954,36,0.5228,0.9517,0.6622,16.47,2130.37,0.6756756756756757
359954,37,0.523,0.9532,0.6622,16.73,2154.96,0.6756756756756757
359954,38,0.5229,0.9532,0.6622,16.84,2179.42,0.6756756756756757
359954,39,0.5232,0.9562,0.6622,16.8,2196.54,0.6756756756756757
359954,40,0.5232,0.9562,0.6622,16.91,2203.06,0.6756756756756757
359954,41,0.5234,0.9562,0.6757,16.95,2214.08,0.6756756756756757
359954,42,0.5235,0.9577,0.6757,16.91,2220.71,0.6756756756756757
359954,43,0.5236,0.9577,0.6757,16.81,2221.83,0.6756756756756757
359954,44,0.5237,0.9577,0.6757,16.71,2212.53,0.6756756756756757
359954,45,0.5238,0.9577,0.6622,16.61,2215.34,0.6756756756756757
359954,46,0.5239,0.9577,0.6622,16.49,2209.55,0.6756756756756757
359954,47,0.524,0.9607,0.6622,16.42,2211.34,0.6756756756756757
359954,48,0.5242,0.9607,0.6622,16.32,2208.2,0.6756756756756757
359954,49,0.5243,0.9607,0.6622,16.25,2200.09,0.6756756756756757
2073,0,0.4645,0.5775,0.5638,14.93,150.41,0.7114093959731543
2073,1,0.4645,0.5775,0.5638,14.93,150.41,0.7114093959731543
2073,2,0.4736,0.5903,0.5772,17.74,395.5,0.7114093959731543
2073,3,0.4855,0.6277,0.6242,28.42,1132.38,0.7114093959731543
2073,4,0.4945,0.6434,0.6242,33.76,1600.75,0.7114093959731543
2073,5,0.5007,0.6584,0.6242,35.03,1729.32,0.7114093959731543
2073,6,0.5044,0.6704,0.6309,35.35,1827.6,0.7114093959731543
2073,7,0.5064,0.6816,0.6309,36.23,2080.24,0.7114093959731543
2073,8,0.5083,0.6876,0.6309,35.45,2269.76,0.7114093959731543
2073,9,0.5092,0.6951,0.6443,35.28,2538.79,0.7114093959731543
2073,10,0.5102,0.7056,0.6443,35.19,2693.55,0.7114093959731543
2073,11,0.5105,0.7131,0.6443,34.64,2815.64,0.7114093959731543
2073,12,0.5114,0.7199,0.651,33.84,2941.61,0.7114093959731543
2073,13,0.5122,0.7303,0.6577,33.69,3068.33,0.7114093959731543
2073,14,0.5125,0.7356,0.6711,32.99,3206.33,0.7114093959731543
2073,15,0.5125,0.7408,0.6711,32.24,3363.31,0.7114093959731543
2073,16,0.5125,0.7461,0.6846,32.06,3534.16,0.7114093959731543
2073,17,0.5124,0.7528,0.6913,32.02,3831.27,0.7114093959731543
2073,18,0.5124,0.7588,0.698,31.89,4132.3,0.7114093959731543
2073,19,0.5121,0.7618,0.698,31.54,4442.67,0.7114093959731543
2073,20,0.5115,0.7655,0.698,31.15,4796.63,0.7114093959731543
2073,21,0.5111,0.7678,0.698,30.85,5112.69,0.7114093959731543
2073,22,0.5107,0.7783,0.7047,30.36,5477.52,0.7114093959731543
2073,23,0.5105,0.7858,0.7047,29.94,5755.97,0.7114093959731543
2073,24,0.5104,0.7888,0.7047,29.45,5939.35,0.7114093959731543
2073,25,0.51,0.7895,0.7047,29.21,6141.36,0.7114093959731543
2073,26,0.5099,0.7963,0.698,28.82,6290.44,0.7114093959731543
2073,27,0.5099,0.8,0.7047,28.4,6404.28,0.7114093959731543
2073,28,0.5097,0.8015,0.7047,28.11,6573.17,0.7114093959731543
2073,29,0.5095,0.809,0.7047,27.88,6976.6,0.7114093959731543
2073,30,0.5094,0.815,0.7047,27.95,7556.15,0.7114093959731543
2073,31,0.5095,0.8225,0.7047,27.84,8063.32,0.7114093959731543
2073,32,0.5096,0.8262,0.7047,27.72,8506.1,0.7114093959731543
2073,33,0.5097,0.8307,0.7047,27.58,8947.72,0.7114093959731543
2073,34,0.5095,0.836,0.7047,27.51,9356.6,0.7114093959731543
2073,35,0.5096,0.8442,0.7047,27.28,9669.68,0.7114093959731543
2073,36,0.5095,0.8494,0.698,27.16,9980.91,0.7114093959731543
2073,37,0.5093,0.8532,0.698,27.09,10233.89,0.7114093959731543
2073,38,0.5094,0.8599,0.698,26.85,10414.43,0.7114093959731543
2073,39,0.5093,0.8652,0.7047,26.61,10586.4,0.7114093959731543
2073,40,0.5091,0.8682,0.698,26.47,10779.54,0.7114093959731543
2073,41,0.5089,0.8704,0.698,26.26,10908.19,0.7114093959731543
2073,42,0.5088,0.8719,0.698,26.17,11044.99,0.7114093959731543
2073,43,0.5086,0.8734,0.698,26.04,11151.95,0.7114093959731543
2073,44,0.5085,0.8742,0.7047,25.84,11240.98,0.7114093959731543
2073,45,0.5082,0.8787,0.7047,25.6,11285.65,0.7114093959731543
2073,46,0.508,0.8794,0.7047,25.39,11308.98,0.7114093959731543
2073,47,0.5079,0.8809,0.7047,25.14,11320.02,0.7114093959731543
2073,48,0.5078,0.8824,0.7047,25.09,11356.94,0.7114093959731543
2073,49,0.5077,0.8846,0.7047,24.9,11376.74,0.7114093959731543
168784,0,0.6204,0.7434,0.7282,3.52,156.89,0.8153846153846154
168784,1,0.6204,0.7434,0.7282,3.52,156.89,0.8153846153846154
168784,2,0.6292,0.7669,0.7333,6.56,409.45,0.8153846153846154
168784,3,0.6383,0.7967,0.7641,9.66,881.77,0.8153846153846154
168784,4,0.6437,0.8167,0.7692,11.18,1104.54,0.8153846153846154
168784,5,0.6459,0.8379,0.7692,11.32,1229.79,0.8153846153846154
168784,6,0.6476,0.8442,0.7641,11.2,1290.52,0.8153846153846154
168784,7,0.6492,0.8499,0.7641,11.24,1389.88,0.8153846153846154
168784,8,0.6508,0.8591,0.759,11.27,1485.83,0.8153846153846154
168784,9,0.6522,0.8694,0.7692,11.24,1572.87,0.8153846153846154
168784,10,0.6533,0.8757,0.7744,11.36,1700.33,0.8153846153846154
168784,11,0.6535,0.8832,0.7744,11.38,1924.66,0.8153846153846154
168784,12,0.6538,0.8906,0.7744,11.29,2088.92,0.8153846153846154
168784,13,0.6544,0.8935,0.7795,11.28,2273.54,0.8153846153846154
168784,14,0.6546,0.8992,0.7692,11.28,2432.16,0.8153846153846154
168784,15,0.655,0.9038,0.7795,11.2,2592.15,0.8153846153846154
168784,16,0.6553,0.9118,0.7795,11.29,2755.05,0.8153846153846154
168784,17,0.6556,0.9147,0.7795,11.23,2948.95,0.8153846153846154
168784,18,0.6557,0.921,0.7795,11.05,3103.48,0.8153846153846154
168784,19,0.6557,0.9255,0.7795,11.11,3241.52,0.8153846153846154
168784,20,0.6555,0.929,0.7795,11.13,3397.07,0.8153846153846154
168784,21,0.6554,0.9347,0.7795,11.15,3515.98,0.8153846153846154
168784,22,0.6555,0.9416,0.7846,11.15,3690.52,0.8153846153846154
168784,23,0.6555,0.9456,0.7846,11.14,3851.05,0.8153846153846154
168784,24,0.6554,0.9485,0.7897,11.1,3974.13,0.8153846153846154
168784,25,0.6555,0.9519,0.7949,10.98,4065.71,0.8153846153846154
168784,26,0.6555,0.957,0.7949,10.96,4134.85,0.8153846153846154
168784,27,0.6557,0.9593,0.7949,10.88,4174.32,0.8153846153846154
168784,28,0.6559,0.9611,0.7897,10.79,4229.64,0.8153846153846154
168784,29,0.656,0.9633,0.7897,10.8,4281.39,0.8153846153846154
168784,30,0.6562,0.9656,0.7897,10.72,4354.36,0.8153846153846154
168784,31,0.6563,0.9696,0.7897,10.68,4440.13,0.8153846153846154
168784,32,0.6566,0.9714,0.7897,10.61,4544.37,0.8153846153846154
168784,33,0.6568,0.9737,0.7897,10.54,4621.42,0.8153846153846154
168784,34,0.6571,0.9754,0.7897,10.45,4706.14,0.8153846153846154
168784,35,0.6571,0.9777,0.7897,10.38,4788.18,0.8153846153846154
168784,36,0.6573,0.9794,0.7897,10.36,4866.22,0.8153846153846154
168784,37,0.6574,0.9811,0.7897,10.33,4937.72,0.8153846153846154
168784,38,0.6571,0.9811,0.7897,10.27,5033.31,0.8153846153846154
168784,39,0.6573,0.9828,0.7897,10.25,5113.11,0.8153846153846154
168784,40,0.6575,0.9845,0.7949,10.29,5213.69,0.8153846153846154
168784,41,0.6576,0.9868,0.7949,10.27,5297.68,0.8153846153846154
168784,42,0.6577,0.988,0.7949,10.25,5379.65,0.8153846153846154
168784,43,0.6578,0.9897,0.8,10.21,5447.48,0.8153846153846154
168784,44,0.6579,0.9897,0.8,10.2,5515.09,0.8153846153846154
168784,45,0.6579,0.9903,0.8,10.14,5568.37,0.8153846153846154
168784,46,0.6579,0.9908,0.8,10.05,5591.99,0.8153846153846154
168784,47,0.6579,0.9908,0.7949,10.0,5622.77,0.8153846153846154
168784,48,0.6579,0.9914,0.7949,9.94,5642.78,0.8153846153846154
168784,49,0.658,0.9914,0.7949,9.88,5661.69,0.8153846153846154
359959,0,0.4605,0.4287,0.4257,11.01,100.54,0.5337837837837838
359959,1,0.4605,0.4287,0.4257,11.01,100.54,0.5337837837837838
359959,2,0.4657,0.4604,0.4527,13.3,194.44,0.5337837837837838
359959,3,0.4701,0.5109,0.4865,18.29,430.36,0.5337837837837838
359959,4,0.4738,0.5562,0.5405,22.3,698.44,0.5337837837837838
359959,5,0.4752,0.5789,0.5541,23.61,866.01,0.5337837837837838
359959,6,0.4766,0.597,0.5473,23.53,929.61,0.5337837837837838
359959,7,0.4783,0.6091,0.5338,22.85,944.68,0.5337837837837838
359959,8,0.4785,0.6174,0.5203,22.06,948.56,0.5337837837837838
359959,9,0.4785,0.6204,0.5135,21.43,950.74,0.5337837837837838
359959,10,0.4794,0.6279,0.5203,20.92,959.5,0.5337837837837838
359959,11,0.48,0.6325,0.5473,20.13,973.4,0.5337837837837838
359959,12,0.4802,0.6332,0.5541,19.61,995.6,0.5337837837837838
359959,13,0.4811,0.634,0.5608,18.97,997.26,0.5337837837837838
359959,14,0.4813,0.637,0.5473,18.49,1012.09,0.5337837837837838
359959,15,0.4814,0.6423,0.5541,18.09,1045.81,0.5337837837837838
359959,16,0.4817,0.6445,0.5541,17.81,1114.56,0.5337837837837838
359959,17,0.4818,0.6491,0.5608,17.6,1185.53,0.5337837837837838
359959,18,0.4815,0.6551,0.5676,17.52,1255.02,0.5337837837837838
359959,19,0.4816,0.6566,0.5676,17.32,1330.64,0.5337837837837838
359959,20,0.4814,0.6589,0.5676,17.14,1381.13,0.5337837837837838
359959,21,0.4811,0.6611,0.5676,17.02,1429.82,0.5337837837837838
359959,22,0.4812,0.6626,0.5676,16.86,1475.05,0.5337837837837838
359959,23,0.481,0.6672,0.5676,16.62,1526.77,0.5337837837837838
359959,24,0.4809,0.6694,0.5676,16.42,1609.46,0.5337837837837838
359959,25,0.4808,0.6732,0.5676,16.25,1718.14,0.5337837837837838
359959,26,0.4806,0.6762,0.5676,16.08,1825.38,0.5337837837837838
359959,27,0.4806,0.677,0.5676,16.03,1951.94,0.5337837837837838
359959,28,0.4806,0.6785,0.5676,15.91,2050.19,0.5337837837837838
359959,29,0.4803,0.6792,0.5676,15.8,2171.31,0.5337837837837838
359959,30,0.4801,0.6808,0.5676,15.71,2276.42,0.5337837837837838
359959,31,0.48,0.6815,0.5676,15.62,2385.61,0.5337837837837838
359959,32,0.4799,0.686,0.5676,15.42,2467.24,0.5337837837837838
359959,33,0.4799,0.6891,0.5676,15.3,2557.6,0.5337837837837838
359959,34,0.48,0.6921,0.5676,15.22,2648.02,0.5337837837837838
359959,35,0.4799,0.6936,0.5676,15.1,2752.02,0.5337837837837838
359959,36,0.4797,0.6943,0.5676,15.02,2842.79,0.5337837837837838
359959,37,0.4797,0.6943,0.5676,14.89,2944.34,0.5337837837837838
359959,38,0.4795,0.6958,0.5676,14.86,3040.3,0.5337837837837838
359959,39,0.4794,0.6974,0.5676,14.79,3155.39,0.5337837837837838
359959,40,0.4792,0.7011,0.5676,14.69,3261.04,0.5337837837837838
359959,41,0.4791,0.7026,0.5676,14.64,3390.28,0.5337837837837838
359959,42,0.4792,0.7034,0.5676,14.52,3509.21,0.5337837837837838
359959,43,0.4791,0.7064,0.5676,14.42,3600.97,0.5337837837837838
359959,44,0.479,0.7094,0.5676,14.33,3700.6,0.5337837837837838
359959,45,0.479,0.7102,0.5676,14.24,3767.31,0.5337837837837838
359959,46,0.4789,0.7117,0.5676,14.19,3853.35,0.5337837837837838
359959,47,0.479,0.7162,0.5676,14.1,3945.76,0.5337837837837838
359959,48,0.4788,0.7162,0.5676,13.98,4016.47,0.5337837837837838
359959,49,0.4787,0.7177,0.5676,13.9,4090.15,0.5337837837837838
168784,0,0.616,0.7342,0.7282,4.56,204.26,0.8205128205128205
168784,1,0.616,0.7342,0.7282,4.56,204.26,0.8205128205128205
168784,2,0.6251,0.7629,0.7333,7.41,449.14,0.8205128205128205
168784,3,0.6325,0.7887,0.7487,10.35,710.88,0.8205128205128205
168784,4,0.6374,0.8058,0.7385,10.52,772.85,0.8205128205128205
168784,5,0.6404,0.8184,0.7436,11.06,829.74,0.8205128205128205
168784,6,0.6432,0.8282,0.7385,11.75,881.42,0.8205128205128205
168784,7,0.6451,0.8385,0.7333,11.76,928.69,0.8205128205128205
168784,8,0.6474,0.8454,0.7385,11.38,971.45,0.8205128205128205
168784,9,0.6484,0.8494,0.7436,11.15,1004.06,0.8205128205128205
168784,10,0.65,0.8557,0.7436,10.8,1041.11,0.8205128205128205
168784,11,0.6514,0.8603,0.7385,10.49,1085.26,0.8205128205128205
168784,12,0.6519,0.8637,0.7487,10.23,1123.79,0.8205128205128205
168784,13,0.6527,0.8666,0.7487,9.86,1157.06,0.8205128205128205
168784,14,0.6529,0.8711,0.7538,9.82,1240.46,0.8205128205128205
168784,15,0.6538,0.8746,0.7538,9.7,1327.86,0.8205128205128205
168784,16,0.654,0.8786,0.7538,9.65,1426.81,0.8205128205128205
168784,17,0.6543,0.8809,0.7538,9.61,1510.97,0.8205128205128205
168784,18,0.6545,0.8843,0.7538,9.5,1595.64,0.8205128205128205
168784,19,0.6547,0.8883,0.7487,9.44,1685.01,0.8205128205128205
168784,20,0.655,0.8918,0.7487,9.37,1767.63,0.8205128205128205
168784,21,0.6551,0.8935,0.7487,9.42,1864.88,0.8205128205128205
168784,22,0.6553,0.8958,0.7487,9.37,1979.01,0.8205128205128205
168784,23,0.6556,0.9015,0.7538,9.43,2127.31,0.8205128205128205
168784,24,0.6559,0.9049,0.7538,9.37,2292.09,0.8205128205128205
168784,25,0.6561,0.9089,0.7641,9.35,2498.73,0.8205128205128205
168784,26,0.6563,0.9129,0.7641,9.46,2683.62,0.8205128205128205
168784,27,0.6565,0.9164,0.7641,9.61,2881.2,0.8205128205128205
168784,28,0.6566,0.9221,0.7641,9.68,3101.08,0.8205128205128205
168784,29,0.6566,0.9244,0.7641,9.72,3313.84,0.8205128205128205
168784,30,0.6568,0.9267,0.7795,9.77,3531.93,0.8205128205128205
168784,31,0.6566,0.9307,0.7795,9.89,3733.75,0.8205128205128205
168784,32,0.6568,0.9359,0.7795,9.92,3961.53,0.8205128205128205
168784,33,0.6568,0.941,0.7744,9.88,4205.06,0.8205128205128205
168784,34,0.6568,0.9456,0.7795,9.95,4461.87,0.8205128205128205
168784,35,0.657,0.9502,0.7795,10.02,4738.78,0.8205128205128205
168784,36,0.6571,0.953,0.7795,10.07,5018.81,0.8205128205128205
168784,37,0.6571,0.957,0.7795,10.18,5284.11,0.8205128205128205
168784,38,0.6572,0.9622,0.7795,10.24,5517.96,0.8205128205128205
168784,39,0.6573,0.9662,0.7795,10.34,5728.12,0.8205128205128205
168784,40,0.6574,0.9679,0.7744,10.39,5918.83,0.8205128205128205
168784,41,0.6575,0.9708,0.7744,10.4,6082.95,0.8205128205128205
168784,42,0.6576,0.9731,0.7744,10.51,6248.88,0.8205128205128205
168784,43,0.6576,0.9754,0.7744,10.59,6392.3,0.8205128205128205
168784,44,0.6577,0.9788,0.7744,10.56,6522.09,0.8205128205128205
168784,45,0.6577,0.9805,0.7744,10.57,6642.55,0.8205128205128205
168784,46,0.6578,0.9811,0.7744,10.62,6747.1,0.8205128205128205
168784,47,0.6578,0.9822,0.7795,10.59,6845.39,0.8205128205128205
168784,48,0.6579,0.9828,0.7795,10.6,6922.65,0.8205128205128205
168784,49,0.6579,0.9834,0.7795,10.6,6987.29,0.8205128205128205
359954,0,0.4661,0.6314,0.5405,11.19,94.72,0.6756756756756757
359954,1,0.4661,0.6314,0.5405,11.19,94.72,0.6756756756756757
359954,2,0.4707,0.6465,0.5405,12.33,193.46,0.6756756756756757
359954,3,0.4817,0.6979,0.5676,13.26,477.13,0.6756756756756757
359954,4,0.4885,0.7221,0.5811,13.36,677.48,0.6756756756756757
359954,5,0.4933,0.7523,0.6216,12.9,738.06,0.6756756756756757
359954,6,0.4959,0.7734,0.6216,12.25,757.45,0.6756756756756757
359954,7,0.4979,0.781,0.6216,11.46,744.24,0.6756756756756757
359954,8,0.5005,0.7946,0.6351,10.68,729.64,0.6756756756756757
359954,9,0.5017,0.8021,0.6351,10.33,718.21,0.6756756756756757
359954,10,0.503,0.8097,0.6351,10.13,715.25,0.6756756756756757
359954,11,0.5043,0.8142,0.6351,9.96,715.25,0.6756756756756757
359954,12,0.5051,0.8233,0.6216,9.92,727.53,0.6756756756756757
359954,13,0.5061,0.8323,0.6351,10.15,753.7,0.6756756756756757
359954,14,0.5066,0.8384,0.6486,10.46,815.96,0.6756756756756757
359954,15,0.5082,0.8444,0.6486,10.9,872.45,0.6756756756756757
359954,16,0.5093,0.8489,0.6486,11.24,922.78,0.6756756756756757
359954,17,0.5098,0.858,0.6486,11.55,982.68,0.6756756756756757
359954,18,0.5102,0.861,0.6486,11.69,1039.14,0.6756756756756757
359954,19,0.5109,0.8671,0.6486,11.88,1075.21,0.6756756756756757
359954,20,0.511,0.8716,0.6486,12.08,1109.14,0.6756756756756757
359954,21,0.5116,0.8792,0.6486,12.13,1158.67,0.6756756756756757
359954,22,0.5127,0.8792,0.6486,11.94,1210.27,0.6756756756756757
359954,23,0.5131,0.8837,0.6486,11.79,1261.46,0.6756756756756757
359954,24,0.5139,0.8912,0.6486,11.54,1314.16,0.6756756756756757
359954,25,0.5141,0.8958,0.6486,11.37,1343.28,0.6756756756756757
359954,26,0.5146,0.8988,0.6486,11.29,1399.6,0.6756756756756757
359954,27,0.5151,0.9033,0.6486,11.25,1465.55,0.6756756756756757
359954,28,0.5153,0.9079,0.6486,11.28,1519.01,0.6756756756756757
359954,29,0.5158,0.9124,0.6486,11.44,1570.41,0.6756756756756757
359954,30,0.516,0.9169,0.6486,11.48,1626.35,0.6756756756756757
359954,31,0.5163,0.9169,0.6486,11.59,1679.68,0.6756756756756757
359954,32,0.5167,0.9184,0.6622,11.68,1725.89,0.6756756756756757
359954,33,0.5167,0.923,0.6622,11.68,1758.36,0.6756756756756757
359954,34,0.5167,0.923,0.6622,11.84,1799.19,0.6756756756756757
359954,35,0.5169,0.9275,0.6757,11.88,1828.38,0.6756756756756757
359954,36,0.5171,0.929,0.6757,11.9,1857.23,0.6756756756756757
359954,37,0.5174,0.932,0.6757,11.98,1893.63,0.6756756756756757
359954,38,0.5178,0.932,0.6757,11.97,1915.43,0.6756756756756757
359954,39,0.5181,0.9366,0.6757,12.06,1932.2,0.6756756756756757
359954,40,0.5182,0.9396,0.6757,12.09,1953.56,0.6756756756756757
359954,41,0.5185,0.9441,0.6757,12.09,1965.18,0.6756756756756757
359954,42,0.5188,0.9456,0.6757,12.17,1974.86,0.6756756756756757
359954,43,0.5192,0.9517,0.6757,12.23,1985.82,0.6756756756756757
359954,44,0.5193,0.9517,0.6757,12.23,1991.74,0.6756756756756757
359954,45,0.5198,0.9532,0.6757,12.34,1996.34,0.6756756756756757
359954,46,0.5199,0.9547,0.6757,12.37,1995.5,0.6756756756756757
359954,47,0.5202,0.9547,0.6757,12.39,2001.73,0.6756756756756757
359954,48,0.5204,0.9547,0.6757,12.4,2004.09,0.6756756756756757
359954,49,0.5205,0.9577,0.6757,12.43,2005.48,0.6756756756756757
2073,0,0.46,0.5678,0.5973,14.09,160.9,0.7248322147651006
2073,1,0.46,0.5678,0.5973,14.09,160.9,0.7248322147651006
2073,2,0.4716,0.585,0.604,16.66,246.0,0.7248322147651006
2073,3,0.4808,0.612,0.604,24.94,527.57,0.7248322147651006
2073,4,0.4919,0.6307,0.6309,30.64,826.84,0.7248322147651006
2073,5,0.5017,0.639,0.6443,32.79,916.04,0.7248322147651006
2073,6,0.5067,0.6554,0.6443,32.9,978.24,0.7248322147651006
2073,7,0.5098,0.6637,0.6376,31.84,1023.79,0.7248322147651006
2073,8,0.513,0.6704,0.651,31.07,1069.8,0.7248322147651006
2073,9,0.5151,0.6772,0.651,30.16,1123.79,0.7248322147651006
2073,10,0.517,0.6809,0.6577,29.3,1159.81,0.7248322147651006
2073,11,0.5188,0.6831,0.6711,28.94,1183.59,0.7248322147651006
2073,12,0.5195,0.6891,0.6711,27.97,1226.01,0.7248322147651006
2073,13,0.5206,0.6944,0.6711,27.26,1305.43,0.7248322147651006
2073,14,0.5206,0.6996,0.6644,26.73,1393.64,0.7248322147651006
2073,15,0.5206,0.7034,0.6644,26.2,1536.4,0.7248322147651006
2073,16,0.5207,0.7064,0.6846,26.36,1693.18,0.7248322147651006
2073,17,0.5205,0.7124,0.6846,26.41,1904.68,0.7248322147651006
2073,18,0.5204,0.7169,0.6913,26.46,2200.55,0.7248322147651006
2073,19,0.5201,0.7266,0.6846,26.69,2578.13,0.7248322147651006
2073,20,0.5196,0.7356,0.6913,26.97,3011.97,0.7248322147651006
2073,21,0.5193,0.7393,0.6913,27.2,3425.06,0.7248322147651006
2073,22,0.519,0.7446,0.6913,27.74,3876.22,0.7248322147651006
2073,23,0.5186,0.7513,0.698,27.97,4495.27,0.7248322147651006
2073,24,0.5179,0.7566,0.698,28.11,5114.03,0.7248322147651006
2073,25,0.5172,0.7678,0.698,28.39,5675.42,0.7248322147651006
2073,26,0.5166,0.7723,0.698,28.56,6241.13,0.7248322147651006
2073,27,0.5161,0.7805,0.698,28.52,6771.56,0.7248322147651006
2073,28,0.5155,0.785,0.698,28.79,7358.89,0.7248322147651006
2073,29,0.515,0.7918,0.698,28.7,7892.89,0.7248322147651006
2073,30,0.5146,0.7985,0.698,28.73,8512.62,0.7248322147651006
2073,31,0.5141,0.803,0.6913,28.79,9023.17,0.7248322147651006
2073,32,0.5136,0.8082,0.6913,28.8,9544.7,0.7248322147651006
2073,33,0.5135,0.815,0.6913,28.69,9999.75,0.7248322147651006
2073,34,0.5131,0.8232,0.6913,28.62,10451.15,0.7248322147651006
2073,35,0.5128,0.8277,0.6913,28.55,10825.46,0.7248322147651006
2073,36,0.5126,0.8345,0.6913,28.46,11244.23,0.7248322147651006
2073,37,0.5123,0.8367,0.6913,28.39,11596.72,0.7248322147651006
2073,38,0.512,0.8464,0.6913,28.33,11900.3,0.7248322147651006
2073,39,0.5117,0.8517,0.6913,28.27,12155.52,0.7248322147651006
2073,40,0.5111,0.8584,0.6913,28.3,12427.63,0.7248322147651006
2073,41,0.5109,0.8607,0.6913,28.22,12662.2,0.7248322147651006
2073,42,0.5107,0.8644,0.6846,28.16,12830.5,0.7248322147651006
2073,43,0.5104,0.8674,0.6846,28.01,13014.71,0.7248322147651006
2073,44,0.5103,0.8697,0.6779,27.86,13120.29,0.7248322147651006
2073,45,0.5103,0.8727,0.6779,27.75,13231.74,0.7248322147651006
2073,46,0.5102,0.8742,0.6846,27.64,13339.73,0.7248322147651006
2073,47,0.51,0.8772,0.6846,27.52,13430.72,0.7248322147651006
2073,48,0.5099,0.8772,0.6846,27.43,13482.43,0.7248322147651006
2073,49,0.5097,0.8787,0.6846,27.37,13539.09,0.7248322147651006
2073,0,0.4795,0.5843,0.604,15.32,182.41,0.7181208053691275
2073,1,0.4795,0.5843,0.604,15.32,182.41,0.7181208053691275
2073,2,0.4855,0.5963,0.604,19.45,449.59,0.7181208053691275
2073,3,0.4958,0.621,0.6242,25.17,1046.68,0.7181208053691275
2073,4,0.4995,0.6412,0.6309,29.63,1555.62,0.7181208053691275
2073,5,0.5018,0.6502,0.6376,31.04,1737.44,0.7181208053691275
2073,6,0.503,0.6562,0.6376,31.15,1836.21,0.7181208053691275
2073,7,0.5034,0.6577,0.6376,30.84,1877.95,0.7181208053691275
2073,8,0.5035,0.6652,0.6376,30.3,1964.33,0.7181208053691275
2073,9,0.5039,0.6719,0.6309,30.46,2024.58,0.7181208053691275
2073,10,0.5035,0.6749,0.6309,30.83,2052.51,0.7181208053691275
2073,11,0.5039,0.6794,0.6309,30.92,2108.2,0.7181208053691275
2073,12,0.5049,0.6854,0.6443,30.64,2149.04,0.7181208053691275
2073,13,0.5054,0.6884,0.6443,30.61,2181.67,0.7181208053691275
2073,14,0.5054,0.6951,0.651,30.46,2232.24,0.7181208053691275
2073,15,0.5065,0.6989,0.651,30.37,2331.79,0.7181208053691275
2073,16,0.5076,0.7011,0.651,30.33,2424.03,0.7181208053691275
2073,17,0.5077,0.7056,0.651,30.41,2595.5,0.7181208053691275
2073,18,0.5082,0.7101,0.6577,30.1,2763.28,0.7181208053691275
2073,19,0.5086,0.7161,0.6577,30.13,2945.78,0.7181208053691275
2073,20,0.5088,0.7221,0.6644,30.21,3097.2,0.7181208053691275
2073,21,0.5086,0.7281,0.6644,30.23,3254.15,0.7181208053691275
2073,22,0.5087,0.7311,0.6711,30.22,3426.65,0.7181208053691275
2073,23,0.509,0.7348,0.6779,30.07,3564.71,0.7181208053691275
2073,24,0.5089,0.7386,0.6779,29.85,3705.47,0.7181208053691275
2073,25,0.5084,0.7446,0.6779,29.81,3951.25,0.7181208053691275
2073,26,0.5084,0.7491,0.6779,29.48,4249.29,0.7181208053691275
2073,27,0.5086,0.7551,0.6779,29.03,4533.3,0.7181208053691275
2073,28,0.5083,0.7596,0.6779,28.52,4779.96,0.7181208053691275
2073,29,0.5081,0.7655,0.6711,28.1,5071.91,0.7181208053691275
2073,30,0.5078,0.77,0.6779,27.78,5369.64,0.7181208053691275
2073,31,0.5076,0.7753,0.6711,27.3,5680.78,0.7181208053691275
2073,32,0.5077,0.782,0.6711,26.71,6005.21,0.7181208053691275
2073,33,0.5075,0.7895,0.6779,26.21,6336.18,0.7181208053691275
2073,34,0.5075,0.7948,0.6846,25.85,6667.41,0.7181208053691275
2073,35,0.5074,0.7978,0.6846,25.66,6992.26,0.7181208053691275
2073,36,0.5073,0.8,0.6913,25.6,7404.16,0.7181208053691275
2073,37,0.5073,0.8045,0.6913,25.53,7793.27,0.7181208053691275
2073,38,0.5071,0.8082,0.6913,25.45,8216.4,0.7181208053691275
2073,39,0.5069,0.812,0.698,25.29,8617.64,0.7181208053691275
2073,40,0.5067,0.818,0.6913,25.19,8935.4,0.7181208053691275
2073,41,0.5067,0.8232,0.6846,25.16,9295.06,0.7181208053691275
2073,42,0.5065,0.8285,0.6913,25.15,9604.42,0.7181208053691275
2073,43,0.5062,0.8315,0.6913,25.11,9893.07,0.7181208053691275
2073,44,0.5062,0.8352,0.6913,25.25,10133.3,0.7181208053691275
2073,45,0.5062,0.839,0.6846,25.22,10342.77,0.7181208053691275
2073,46,0.506,0.8404,0.6913,25.2,10479.09,0.7181208053691275
2073,47,0.5059,0.8442,0.6913,25.07,10633.63,0.7181208053691275
2073,48,0.5058,0.8457,0.6913,24.96,10790.79,0.7181208053691275
2073,49,0.5057,0.8487,0.6913,24.78,10946.95,0.7181208053691275
359954,0,0.4746,0.6329,0.5676,10.62,223.34,0.6621621621621622
359954,1,0.4746,0.6329,0.5676,10.62,223.34,0.6621621621621622
359954,2,0.4786,0.6677,0.5676,14.11,390.94,0.6621621621621622
359954,3,0.4861,0.7115,0.5811,16.31,580.59,0.6621621621621622
359954,4,0.4927,0.7417,0.5811,17.32,688.96,0.6621621621621622
359954,5,0.4974,0.7568,0.6081,17.51,736.69,0.6621621621621622
359954,6,0.4996,0.7704,0.6216,17.45,756.2,0.6621621621621622
359954,7,0.5028,0.784,0.6216,18.01,772.9,0.6621621621621622
359954,8,0.5046,0.7991,0.6486,17.5,789.81,0.6621621621621622
359954,9,0.506,0.8142,0.6622,17.24,825.45,0.6621621621621622
359954,10,0.5072,0.8248,0.6486,17.12,865.99,0.6621621621621622
359954,11,0.5087,0.8444,0.6486,17.14,923.4,0.6621621621621622
359954,12,0.5092,0.852,0.6486,16.95,973.31,0.6621621621621622
359954,13,0.5101,0.8535,0.6486,17.23,1023.77,0.6621621621621622
359954,14,0.5106,0.8625,0.6486,17.14,1073.51,0.6621621621621622
359954,15,0.5108,0.8686,0.6486,17.49,1141.17,0.6621621621621622
359954,16,0.5111,0.8761,0.6486,17.69,1178.16,0.6621621621621622
359954,17,0.5116,0.8837,0.6486,17.58,1219.62,0.6621621621621622
359954,18,0.5117,0.8897,0.6486,17.68,1265.27,0.6621621621621622
359954,19,0.5125,0.8927,0.6486,17.68,1332.8,0.6621621621621622
359954,20,0.513,0.8943,0.6486,17.45,1419.75,0.6621621621621622
359954,21,0.5133,0.8958,0.6486,17.48,1489.72,0.6621621621621622
359954,22,0.5136,0.9003,0.6622,17.39,1561.47,0.6621621621621622
359954,23,0.5139,0.9079,0.6622,17.26,1608.85,0.6621621621621622
359954,24,0.5139,0.9124,0.6622,17.1,1667.49,0.6621621621621622
359954,25,0.5145,0.9139,0.6622,16.91,1701.96,0.6621621621621622
359954,26,0.5148,0.9169,0.6622,16.88,1743.41,0.6621621621621622
359954,27,0.5155,0.9199,0.6622,16.65,1791.97,0.6621621621621622
359954,28,0.5161,0.923,0.6622,16.5,1836.81,0.6621621621621622
359954,29,0.5164,0.923,0.6622,16.39,1861.6,0.6621621621621622
359954,30,0.5168,0.9305,0.6622,16.27,1887.16,0.6621621621621622
359954,31,0.5172,0.9366,0.6622,16.16,1908.02,0.6621621621621622
359954,32,0.5175,0.9396,0.6622,16.06,1921.97,0.6621621621621622
359954,33,0.5178,0.9441,0.6622,15.87,1937.82,0.6621621621621622
359954,34,0.5181,0.9441,0.6622,15.67,1953.9,0.6621621621621622
359954,35,0.5183,0.9471,0.6622,15.54,1961.16,0.6621621621621622
359954,36,0.5184,0.9471,0.6622,15.47,1972.36,0.6621621621621622
359954,37,0.5186,0.9471,0.6622,15.31,1982.75,0.6621621621621622
359954,38,0.5188,0.9502,0.6622,15.2,1992.84,0.6621621621621622
359954,39,0.5189,0.9532,0.6622,15.05,2013.93,0.6621621621621622
359954,40,0.519,0.9562,0.6622,14.99,2027.36,0.6621621621621622
359954,41,0.519,0.9577,0.6622,14.94,2042.01,0.6621621621621622
359954,42,0.5193,0.9577,0.6622,14.86,2048.45,0.6621621621621622
359954,43,0.5196,0.9577,0.6622,14.76,2050.18,0.6621621621621622
359954,44,0.5199,0.9592,0.6622,14.64,2056.05,0.6621621621621622
359954,45,0.5201,0.9607,0.6622,14.57,2059.79,0.6621621621621622
359954,46,0.5203,0.9607,0.6622,14.57,2061.23,0.6621621621621622
359954,47,0.5207,0.9637,0.6622,14.46,2059.29,0.6621621621621622
359954,48,0.521,0.9637,0.6757,14.38,2059.2,0.6621621621621622
359954,49,0.5211,0.9653,0.6757,14.28,2053.69,0.6621621621621622
190146,0,0.6424,0.816,0.7412,5.35,93.1,0.7764705882352941
190146,1,0.6424,0.816,0.7412,5.35,93.1,0.7764705882352941
190146,2,0.6459,0.8463,0.7294,5.94,128.65,0.7764705882352941
190146,3,0.6501,0.8844,0.7176,7.03,200.1,0.7764705882352941
190146,4,0.653,0.9014,0.7176,7.46,290.35,0.7764705882352941
190146,5,0.657,0.9238,0.7294,8.23,407.13,0.7764705882352941
190146,6,0.6583,0.9369,0.7294,8.88,463.94,0.7764705882352941
190146,7,0.659,0.9448,0.7412,8.78,502.0,0.7764705882352941
190146,8,0.6596,0.9527,0.7412,8.95,543.61,0.7764705882352941
190146,9,0.6605,0.9593,0.7412,9.02,581.79,0.7764705882352941
190146,10,0.6618,0.9619,0.7412,9.14,607.39,0.7764705882352941
190146,11,0.6626,0.9645,0.7412,9.24,640.93,0.7764705882352941
190146,12,0.6636,0.9698,0.7412,9.38,685.47,0.7764705882352941
190146,13,0.6644,0.9724,0.7412,9.41,704.55,0.7764705882352941
190146,14,0.6648,0.9724,0.7412,9.44,723.72,0.7764705882352941
190146,15,0.6655,0.9724,0.7412,9.57,740.06,0.7764705882352941
190146,16,0.6658,0.9777,0.7294,9.82,755.49,0.7764705882352941
190146,17,0.6661,0.9777,0.7294,9.9,768.13,0.7764705882352941
190146,18,0.6668,0.9816,0.7294,9.99,782.59,0.7764705882352941
190146,19,0.6674,0.9803,0.7294,9.92,791.12,0.7764705882352941
190146,20,0.6674,0.9816,0.7294,9.99,798.79,0.7764705882352941
190146,21,0.6677,0.9829,0.7294,9.96,808.58,0.7764705882352941
190146,22,0.6683,0.9842,0.7294,10.0,814.71,0.7764705882352941
190146,23,0.6685,0.9855,0.7294,10.01,816.66,0.7764705882352941
190146,24,0.6687,0.9855,0.7294,10.06,821.46,0.7764705882352941
190146,25,0.669,0.9855,0.7294,10.0,830.31,0.7764705882352941
190146,26,0.6691,0.9882,0.7294,9.88,838.43,0.7764705882352941
190146,27,0.6691,0.9882,0.7294,9.89,840.87,0.7764705882352941
190146,28,0.6696,0.9895,0.7294,9.82,845.33,0.7764705882352941
190146,29,0.6698,0.9895,0.7294,9.77,847.28,0.7764705882352941
190146,30,0.6701,0.9908,0.7294,9.7,846.97,0.7764705882352941
190146,31,0.6703,0.9908,0.7294,9.59,844.19,0.7764705882352941
190146,32,0.6707,0.9908,0.7294,9.57,840.69,0.7764705882352941
190146,33,0.671,0.9934,0.7294,9.47,839.15,0.7764705882352941
190146,34,0.6714,0.9961,0.7294,9.48,839.46,0.7764705882352941
190146,35,0.6716,0.9961,0.7294,9.36,839.1,0.7764705882352941
190146,36,0.6716,0.9961,0.7294,9.34,838.05,0.7764705882352941
190146,37,0.6718,0.9961,0.7294,9.37,836.12,0.7764705882352941
190146,38,0.6717,0.9961,0.7294,9.29,834.73,0.7764705882352941
190146,39,0.6716,0.9961,0.7294,9.26,835.0,0.7764705882352941
190146,40,0.6717,0.9961,0.7294,9.15,831.25,0.7764705882352941
190146,41,0.6717,0.9961,0.7294,9.14,829.42,0.7764705882352941
190146,42,0.6718,0.9961,0.7294,9.08,826.74,0.7764705882352941
190146,43,0.6719,0.9961,0.7294,9.05,824.95,0.7764705882352941
190146,44,0.672,0.9961,0.7294,8.98,819.88,0.7764705882352941
190146,45,0.672,0.9974,0.7294,8.91,815.03,0.7764705882352941
190146,46,0.6719,0.9974,0.7294,8.85,810.12,0.7764705882352941
190146,47,0.6719,0.9974,0.7294,8.81,805.21,0.7764705882352941
190146,48,0.6719,0.9974,0.7294,8.77,800.22,0.7764705882352941
190146,49,0.6719,0.9974,0.7294,8.74,794.92,0.7764705882352941
359959,0,0.4516,0.4272,0.4257,10.18,52.0,0.527027027027027
359959,1,0.4516,0.4272,0.4257,10.18,52.0,0.527027027027027
359959,2,0.462,0.4755,0.4459,12.94,97.33,0.527027027027027
359959,3,0.4677,0.5087,0.4865,14.47,138.09,0.527027027027027
359959,4,0.4714,0.5457,0.5068,14.9,181.9,0.527027027027027
359959,5,0.4741,0.5615,0.5405,15.01,204.33,0.527027027027027
359959,6,0.476,0.5781,0.5405,14.38,213.76,0.527027027027027
359959,7,0.4773,0.5834,0.5473,13.69,212.43,0.527027027027027
359959,8,0.4782,0.5887,0.5541,13.02,217.6,0.527027027027027
359959,9,0.4792,0.5932,0.5405,12.52,219.51,0.527027027027027
359959,10,0.4802,0.5985,0.5338,11.95,221.35,0.527027027027027
359959,11,0.4803,0.5985,0.5338,11.53,223.07,0.527027027027027
359959,12,0.4809,0.6053,0.5203,11.17,225.47,0.527027027027027
359959,13,0.4816,0.6075,0.527,10.8,232.4,0.527027027027027
359959,14,0.4818,0.6075,0.527,10.41,238.27,0.527027027027027
359959,15,0.4823,0.6083,0.527,10.13,254.35,0.527027027027027
359959,16,0.4829,0.6128,0.5338,9.95,266.78,0.527027027027027
359959,17,0.4829,0.6136,0.5338,9.7,277.25,0.527027027027027
359959,18,0.483,0.6158,0.5405,9.43,291.94,0.527027027027027
359959,19,0.483,0.6151,0.5473,9.28,312.31,0.527027027027027
359959,20,0.483,0.6158,0.5541,9.16,329.88,0.527027027027027
359959,21,0.4832,0.6166,0.5608,9.11,348.96,0.527027027027027
359959,22,0.4833,0.6174,0.5608,9.07,368.96,0.527027027027027
359959,23,0.4835,0.6181,0.5608,9.04,396.35,0.527027027027027
359959,24,0.4836,0.6204,0.5608,9.12,418.94,0.527027027027027
359959,25,0.4837,0.6219,0.5608,9.18,442.96,0.527027027027027
359959,26,0.4839,0.6226,0.5608,9.2,470.76,0.527027027027027
359959,27,0.484,0.6257,0.5608,9.24,497.15,0.527027027027027
359959,28,0.484,0.6272,0.5608,9.24,515.65,0.527027027027027
359959,29,0.4841,0.6302,0.5608,9.29,540.76,0.527027027027027
359959,30,0.4841,0.6309,0.5608,9.37,559.85,0.527027027027027
359959,31,0.484,0.6309,0.5608,9.34,582.42,0.527027027027027
359959,32,0.484,0.6317,0.5608,9.31,600.91,0.527027027027027
359959,33,0.4841,0.6332,0.5608,9.31,621.78,0.527027027027027
359959,34,0.4842,0.6362,0.5608,9.35,642.36,0.527027027027027
359959,35,0.4842,0.637,0.5608,9.33,665.95,0.527027027027027
359959,36,0.4844,0.637,0.5608,9.33,693.04,0.527027027027027
359959,37,0.4844,0.6392,0.5608,9.37,725.19,0.527027027027027
359959,38,0.4844,0.6423,0.5608,9.46,765.43,0.527027027027027
359959,39,0.4843,0.6438,0.5608,9.56,823.88,0.527027027027027
359959,40,0.4843,0.6445,0.5608,9.68,888.78,0.527027027027027
359959,41,0.4842,0.6445,0.5608,9.79,965.18,0.527027027027027
359959,42,0.4841,0.6453,0.5608,9.87,1033.03,0.527027027027027
359959,43,0.484,0.646,0.5608,10.02,1105.28,0.527027027027027
359959,44,0.4839,0.6483,0.5608,10.13,1190.21,0.527027027027027
359959,45,0.4836,0.6506,0.5608,10.29,1286.63,0.527027027027027
359959,46,0.4835,0.6513,0.5608,10.41,1380.53,0.527027027027027
359959,47,0.4833,0.6543,0.5608,10.56,1461.98,0.527027027027027
359959,48,0.4834,0.6566,0.5608,10.72,1561.16,0.527027027027027
359959,49,0.4833,0.6574,0.5608,10.84,1652.92,0.527027027027027
359959,0,0.457,0.4868,0.4527,9.39,44.25,0.5337837837837838
359959,1,0.457,0.4868,0.4527,9.39,44.25,0.5337837837837838
359959,2,0.4603,0.5185,0.4527,10.77,66.12,0.5337837837837838
359959,3,0.4648,0.5336,0.5135,12.2,84.76,0.5337837837837838
359959,4,0.4686,0.5615,0.5135,13.01,105.03,0.5337837837837838
359959,5,0.4709,0.5743,0.5338,13.01,112.0,0.5337837837837838
359959,6,0.4735,0.5796,0.5338,13.2,123.21,0.5337837837837838
359959,7,0.4758,0.5887,0.5405,13.47,138.78,0.5337837837837838
359959,8,0.4773,0.5902,0.5405,13.63,153.72,0.5337837837837838
359959,9,0.4791,0.5932,0.5405,13.95,174.82,0.5337837837837838
359959,10,0.4808,0.6,0.5405,13.75,185.8,0.5337837837837838
359959,11,0.482,0.6015,0.5338,13.6,199.02,0.5337837837837838
359959,12,0.4826,0.603,0.527,13.4,215.54,0.5337837837837838
359959,13,0.4836,0.6091,0.527,13.32,228.0,0.5337837837837838
359959,14,0.484,0.6136,0.5338,13.21,247.22,0.5337837837837838
359959,15,0.4839,0.6151,0.5338,13.05,274.55,0.5337837837837838
359959,16,0.4839,0.6174,0.5405,13.04,313.97,0.5337837837837838
359959,17,0.4844,0.6196,0.5473,13.18,372.37,0.5337837837837838
359959,18,0.4843,0.6211,0.5473,13.2,427.76,0.5337837837837838
359959,19,0.4846,0.6204,0.5473,13.35,485.77,0.5337837837837838
359959,20,0.4846,0.6226,0.5473,13.54,548.36,0.5337837837837838
359959,21,0.4848,0.6249,0.5473,13.53,593.53,0.5337837837837838
359959,22,0.4848,0.6264,0.5541,13.51,631.03,0.5337837837837838
359959,23,0.4848,0.6294,0.5473,13.55,672.97,0.5337837837837838
359959,24,0.4847,0.6325,0.5473,13.55,722.41,0.5337837837837838
359959,25,0.4845,0.6309,0.5473,13.54,770.21,0.5337837837837838
359959,26,0.4846,0.6309,0.5473,13.51,817.1,0.5337837837837838
359959,27,0.4846,0.634,0.5541,13.48,865.61,0.5337837837837838
359959,28,0.4842,0.6332,0.5541,13.47,932.69,0.5337837837837838
359959,29,0.4842,0.6362,0.5608,13.66,1008.15,0.5337837837837838
359959,30,0.484,0.64,0.5608,13.7,1074.07,0.5337837837837838
359959,31,0.4839,0.64,0.5608,13.65,1130.0,0.5337837837837838
359959,32,0.4837,0.6408,0.5608,13.64,1197.23,0.5337837837837838
359959,33,0.4835,0.6438,0.5608,13.66,1285.15,0.5337837837837838
359959,34,0.4834,0.6475,0.5608,13.73,1390.76,0.5337837837837838
359959,35,0.4833,0.6483,0.5608,13.76,1500.51,0.5337837837837838
359959,36,0.4832,0.6506,0.5608,13.92,1605.69,0.5337837837837838
359959,37,0.4831,0.6513,0.5608,13.97,1690.09,0.5337837837837838
359959,38,0.4829,0.6536,0.5608,14.02,1794.23,0.5337837837837838
359959,39,0.4827,0.6551,0.5608,14.03,1888.42,0.5337837837837838
359959,40,0.4825,0.6551,0.5608,14.03,2005.07,0.5337837837837838
359959,41,0.4825,0.6581,0.5608,14.11,2143.18,0.5337837837837838
359959,42,0.4827,0.6649,0.5608,14.14,2289.73,0.5337837837837838
359959,43,0.4827,0.6664,0.5608,14.13,2425.01,0.5337837837837838
359959,44,0.4825,0.6687,0.5608,14.19,2567.42,0.5337837837837838
359959,45,0.4825,0.6702,0.5608,14.2,2716.14,0.5337837837837838
359959,46,0.4823,0.6709,0.5608,14.24,2885.82,0.5337837837837838
359959,47,0.4821,0.6725,0.5608,14.25,3044.18,0.5337837837837838
359959,48,0.482,0.6755,0.5608,14.23,3232.4,0.5337837837837838
359959,49,0.4818,0.677,0.5608,14.31,3436.15,0.5337837837837838
190146,0,0.6432,0.8068,0.7412,2.84,129.14,0.7647058823529411
190146,1,0.6432,0.8068,0.7412,2.84,129.14,0.7647058823529411
190146,2,0.6485,0.8541,0.7412,6.71,386.26,0.7647058823529411
190146,3,0.6521,0.9185,0.7294,11.17,805.02,0.7647058823529411
190146,4,0.6574,0.9448,0.7294,13.19,949.59,0.7647058823529411
190146,5,0.6591,0.958,0.7294,13.55,982.21,0.7647058823529411
190146,6,0.6605,0.9698,0.7412,13.37,971.6,0.7647058823529411
190146,7,0.6625,0.9763,0.7294,12.91,952.78,0.7647058823529411
190146,8,0.6636,0.9816,0.7294,12.43,931.78,0.7647058823529411
190146,9,0.664,0.9869,0.7176,12.11,911.4,0.7647058823529411
190146,10,0.665,0.9921,0.7176,11.85,906.33,0.7647058823529411
190146,11,0.6651,0.9934,0.7059,11.43,923.84,0.7647058823529411
190146,12,0.6659,0.9934,0.7176,11.2,939.03,0.7647058823529411
190146,13,0.6659,0.9961,0.7176,10.85,950.08,0.7647058823529411
190146,14,0.6667,0.9961,0.7294,10.7,956.72,0.7647058823529411
190146,15,0.6675,0.9974,0.7294,10.45,960.25,0.7647058823529411
190146,16,0.6676,0.9974,0.7294,10.2,967.69,0.7647058823529411
190146,17,0.6681,0.9974,0.7294,9.9,964.66,0.7647058823529411
190146,18,0.6684,0.9987,0.7294,9.73,958.32,0.7647058823529411
190146,19,0.669,0.9987,0.7294,9.57,955.61,0.7647058823529411
190146,20,0.669,0.9987,0.7294,9.38,949.36,0.7647058823529411
190146,21,0.6692,0.9987,0.7176,9.24,938.28,0.7647058823529411
190146,22,0.6695,0.9987,0.7176,9.15,925.73,0.7647058823529411
190146,23,0.6696,0.9987,0.7294,9.0,916.41,0.7647058823529411
190146,24,0.6699,0.9987,0.7294,8.82,904.48,0.7647058823529411
190146,25,0.6701,1.0,0.7412,8.65,891.89,0.7647058823529411
190146,26,0.6702,1.0,0.7412,8.45,876.01,0.7647058823529411
190146,27,0.6704,1.0,0.7412,8.32,861.4,0.7647058823529411
190146,28,0.6705,1.0,0.7529,8.28,847.91,0.7647058823529411
190146,29,0.6709,1.0,0.7529,8.17,834.41,0.7647058823529411
190146,30,0.6712,1.0,0.7529,8.07,822.1,0.7647058823529411
190146,31,0.6716,1.0,0.7529,7.97,807.81,0.7647058823529411
190146,32,0.6718,1.0,0.7529,7.83,796.34,0.7647058823529411
190146,33,0.6721,1.0,0.7529,7.73,784.05,0.7647058823529411
190146,34,0.6722,1.0,0.7412,7.63,772.82,0.7647058823529411
190146,35,0.6725,1.0,0.7412,7.58,762.86,0.7647058823529411
190146,36,0.6728,1.0,0.7412,7.52,753.63,0.7647058823529411
190146,37,0.673,1.0,0.7412,7.48,744.65,0.7647058823529411
190146,38,0.6732,1.0,0.7412,7.44,737.16,0.7647058823529411
190146,39,0.6735,1.0,0.7412,7.43,727.81,0.7647058823529411
190146,40,0.6736,1.0,0.7294,7.42,720.47,0.7647058823529411
190146,41,0.6736,1.0,0.7294,7.36,711.77,0.7647058823529411
190146,42,0.6736,1.0,0.7294,7.28,702.7,0.7647058823529411
190146,43,0.6736,1.0,0.7294,7.28,692.82,0.7647058823529411
190146,44,0.6737,1.0,0.7294,7.25,684.64,0.7647058823529411
190146,45,0.6738,1.0,0.7176,7.21,677.62,0.7647058823529411
190146,46,0.6739,1.0,0.7176,7.19,669.01,0.7647058823529411
190146,47,0.6739,1.0,0.7176,7.16,661.01,0.7647058823529411
190146,48,0.674,1.0,0.7294,7.13,653.44,0.7647058823529411
190146,49,0.6741,1.0,0.7294,7.09,645.96,0.7647058823529411
359959,0,0.4526,0.4272,0.4257,8.77,56.98,0.5337837837837838
359959,1,0.4526,0.4272,0.4257,8.77,56.98,0.5337837837837838
359959,2,0.4596,0.4626,0.4459,10.74,91.15,0.5337837837837838
359959,3,0.4637,0.514,0.4662,13.66,170.56,0.5337837837837838
359959,4,0.4676,0.5555,0.5,16.17,254.68,0.5337837837837838
359959,5,0.471,0.5758,0.5473,17.66,336.36,0.5337837837837838
359959,6,0.473,0.5864,0.5541,17.69,360.42,0.5337837837837838
359959,7,0.4737,0.5962,0.5608,17.44,375.15,0.5337837837837838
359959,8,0.4757,0.5947,0.5608,17.22,389.2,0.5337837837837838
359959,9,0.4762,0.5985,0.5608,16.72,384.84,0.5337837837837838
359959,10,0.4771,0.6008,0.5541,16.36,388.07,0.5337837837837838
359959,11,0.4776,0.603,0.5473,16.13,392.8,0.5337837837837838
359959,12,0.4779,0.6053,0.5338,15.68,396.95,0.5337837837837838
359959,13,0.4784,0.6113,0.5338,15.41,402.3,0.5337837837837838
359959,14,0.4791,0.6143,0.5338,15.13,406.64,0.5337837837837838
359959,15,0.4796,0.6158,0.5405,14.94,419.58,0.5337837837837838
359959,16,0.48,0.6189,0.5338,14.71,437.21,0.5337837837837838
359959,17,0.48,0.6181,0.5405,14.55,451.6,0.5337837837837838
359959,18,0.4803,0.6211,0.5405,14.35,460.2,0.5337837837837838
359959,19,0.4802,0.6204,0.5473,14.1,465.53,0.5337837837837838
359959,20,0.4805,0.6226,0.5473,13.73,466.15,0.5337837837837838
359959,21,0.4804,0.6242,0.5473,13.55,471.06,0.5337837837837838
359959,22,0.4804,0.6242,0.5473,13.3,471.82,0.5337837837837838
359959,23,0.4804,0.6249,0.5473,13.08,478.75,0.5337837837837838
359959,24,0.4805,0.6272,0.5473,12.89,488.19,0.5337837837837838
359959,25,0.4805,0.6294,0.5473,12.75,495.69,0.5337837837837838
359959,26,0.4806,0.634,0.5473,12.63,507.49,0.5337837837837838
359959,27,0.4808,0.6325,0.5541,12.53,527.56,0.5337837837837838
359959,28,0.4808,0.6355,0.5541,12.47,550.66,0.5337837837837838
359959,29,0.4807,0.6355,0.5608,12.44,577.03,0.5337837837837838
359959,30,0.4808,0.6355,0.5608,12.37,596.21,0.5337837837837838
359959,31,0.4808,0.6362,0.5608,12.36,622.42,0.5337837837837838
359959,32,0.4809,0.64,0.5608,12.3,648.22,0.5337837837837838
359959,33,0.4811,0.6408,0.5608,12.22,669.22,0.5337837837837838
359959,34,0.4812,0.64,0.5608,12.17,703.56,0.5337837837837838
359959,35,0.4811,0.64,0.5608,12.18,739.48,0.5337837837837838
359959,36,0.4811,0.6423,0.5608,12.17,783.42,0.5337837837837838
359959,37,0.4812,0.6423,0.5608,12.16,821.86,0.5337837837837838
359959,38,0.4812,0.6423,0.5608,12.14,849.1,0.5337837837837838
359959,39,0.4812,0.6438,0.5608,12.15,883.04,0.5337837837837838
359959,40,0.481,0.6453,0.5608,12.12,919.5,0.5337837837837838
359959,41,0.481,0.6453,0.5608,12.08,949.86,0.5337837837837838
359959,42,0.4809,0.6453,0.5608,12.04,989.28,0.5337837837837838
359959,43,0.4808,0.6453,0.5608,11.97,1029.97,0.5337837837837838
359959,44,0.4808,0.6468,0.5608,11.96,1077.1,0.5337837837837838
359959,45,0.4807,0.6468,0.5608,11.96,1131.54,0.5337837837837838
359959,46,0.4806,0.6475,0.5608,11.94,1171.1,0.5337837837837838
359959,47,0.4805,0.6491,0.5608,11.95,1217.23,0.5337837837837838
359959,48,0.4803,0.6498,0.5608,11.94,1250.28,0.5337837837837838
359959,49,0.4803,0.6536,0.5608,11.96,1294.77,0.5337837837837838
168784,0,0.6126,0.7405,0.7436,4.51,147.25,0.8102564102564103
168784,1,0.6126,0.7405,0.7436,4.51,147.25,0.8102564102564103
168784,2,0.6218,0.7629,0.7282,6.42,330.4,0.8102564102564103
168784,3,0.6321,0.799,0.7385,9.96,765.77,0.8102564102564103
168784,4,0.6396,0.8196,0.7538,11.49,1032.3,0.8102564102564103
168784,5,0.643,0.8408,0.7487,12.09,1230.56,0.8102564102564103
168784,6,0.6454,0.8482,0.7641,12.18,1361.37,0.8102564102564103
168784,7,0.647,0.858,0.7538,11.99,1530.87,0.8102564102564103
168784,8,0.6485,0.8666,0.7538,11.67,1656.08,0.8102564102564103
168784,9,0.6495,0.8717,0.7487,11.31,1763.55,0.8102564102564103
168784,10,0.6501,0.8792,0.759,11.0,1861.94,0.8102564102564103
168784,11,0.6512,0.8826,0.7692,10.72,1921.6,0.8102564102564103
168784,12,0.652,0.8895,0.7692,10.44,1973.64,0.8102564102564103
168784,13,0.6526,0.8969,0.7692,10.17,2034.02,0.8102564102564103
168784,14,0.6534,0.9003,0.7744,9.95,2075.08,0.8102564102564103
168784,15,0.6538,0.9026,0.7692,9.7,2109.84,0.8102564102564103
168784,16,0.6542,0.9061,0.7744,9.45,2166.45,0.8102564102564103
168784,17,0.6545,0.9095,0.7795,9.27,2234.84,0.8102564102564103
168784,18,0.6548,0.9118,0.7846,9.1,2279.12,0.8102564102564103
168784,19,0.6548,0.9152,0.7846,9.11,2376.18,0.8102564102564103
168784,20,0.655,0.9181,0.7846,9.07,2490.51,0.8102564102564103
168784,21,0.6551,0.9221,0.7846,9.07,2589.75,0.8102564102564103
168784,22,0.6554,0.9267,0.7846,9.12,2727.92,0.8102564102564103
168784,23,0.6555,0.929,0.7897,9.12,2885.47,0.8102564102564103
168784,24,0.6556,0.9318,0.7897,9.16,3053.28,0.8102564102564103
168784,25,0.6557,0.9364,0.7897,9.24,3224.6,0.8102564102564103
168784,26,0.6559,0.9422,0.7897,9.41,3430.71,0.8102564102564103
168784,27,0.656,0.9479,0.7897,9.55,3624.33,0.8102564102564103
168784,28,0.6563,0.9513,0.7846,9.66,3806.16,0.8102564102564103
168784,29,0.6563,0.9542,0.7846,9.87,4045.53,0.8102564102564103
168784,30,0.6565,0.9588,0.7795,10.08,4323.12,0.8102564102564103
168784,31,0.6568,0.9622,0.7897,10.16,4580.21,0.8102564102564103
168784,32,0.6572,0.9639,0.7897,10.2,4819.94,0.8102564102564103
168784,33,0.6574,0.9656,0.7846,10.31,5059.31,0.8102564102564103
168784,34,0.6576,0.9696,0.7846,10.44,5281.19,0.8102564102564103
168784,35,0.658,0.9714,0.7846,10.48,5490.95,0.8102564102564103
168784,36,0.6581,0.9742,0.7846,10.59,5657.16,0.8102564102564103
168784,37,0.6583,0.9771,0.7846,10.57,5794.02,0.8102564102564103
168784,38,0.6583,0.9794,0.7846,10.61,5925.55,0.8102564102564103
168784,39,0.6584,0.9805,0.7897,10.65,6049.47,0.8102564102564103
168784,40,0.6585,0.9828,0.7897,10.64,6140.85,0.8102564102564103
168784,41,0.6587,0.9857,0.7897,10.58,6214.67,0.8102564102564103
168784,42,0.6588,0.9857,0.7897,10.53,6275.31,0.8102564102564103
168784,43,0.659,0.9863,0.7897,10.47,6328.85,0.8102564102564103
168784,44,0.6591,0.9874,0.7846,10.43,6379.16,0.8102564102564103
168784,45,0.6591,0.988,0.7897,10.41,6421.63,0.8102564102564103
168784,46,0.6593,0.9885,0.7949,10.34,6449.69,0.8102564102564103
168784,47,0.6593,0.9891,0.8,10.31,6492.0,0.8102564102564103
168784,48,0.6593,0.9903,0.8,10.28,6519.58,0.8102564102564103
168784,49,0.6595,0.9903,0.8,10.21,6533.48,0.8102564102564103
359954,0,0.4796,0.6405,0.5541,9.66,140.1,0.6756756756756757
359954,1,0.4796,0.6405,0.5541,9.66,140.1,0.6756756756756757
359954,2,0.4798,0.6586,0.5405,12.13,194.76,0.6756756756756757
359954,3,0.4864,0.6873,0.5541,14.2,304.83,0.6756756756756757
359954,4,0.4866,0.6964,0.5541,15.46,380.42,0.6756756756756757
359954,5,0.4885,0.713,0.5541,15.31,455.47,0.6756756756756757
359954,6,0.4904,0.7205,0.5676,15.53,507.88,0.6756756756756757
359954,7,0.4922,0.7296,0.5676,15.38,554.21,0.6756756756756757
359954,8,0.4939,0.7296,0.5676,15.34,574.16,0.6756756756756757
359954,9,0.4949,0.7462,0.5541,14.97,586.53,0.6756756756756757
359954,10,0.4956,0.7523,0.5811,14.83,599.18,0.6756756756756757
359954,11,0.4967,0.7628,0.5946,14.62,610.26,0.6756756756756757
359954,12,0.4974,0.7689,0.5946,14.5,622.76,0.6756756756756757
359954,13,0.4989,0.781,0.6081,14.3,654.56,0.6756756756756757
359954,14,0.4994,0.7825,0.6351,13.94,680.2,0.6756756756756757
359954,15,0.5009,0.7915,0.6351,13.64,705.25,0.6756756756756757
359954,16,0.5021,0.8036,0.6351,13.42,722.57,0.6756756756756757
359954,17,0.5031,0.8082,0.6351,13.37,744.74,0.6756756756756757
359954,18,0.5041,0.8127,0.6351,13.38,776.94,0.6756756756756757
359954,19,0.5052,0.8142,0.6486,13.45,834.32,0.6756756756756757
359954,20,0.5063,0.8323,0.6486,13.48,894.77,0.6756756756756757
359954,21,0.5073,0.8414,0.6486,13.54,952.5,0.6756756756756757
359954,22,0.5078,0.8489,0.6486,13.63,1012.11,0.6756756756756757
359954,23,0.5087,0.8535,0.6351,13.71,1058.66,0.6756756756756757
359954,24,0.5095,0.864,0.6486,13.93,1114.61,0.6756756756756757
359954,25,0.5102,0.8686,0.6486,13.96,1158.93,0.6756756756756757
359954,26,0.5109,0.8701,0.6622,13.94,1197.55,0.6756756756756757
359954,27,0.5117,0.8731,0.6622,13.96,1256.13,0.6756756756756757
359954,28,0.5117,0.8761,0.6622,13.93,1324.19,0.6756756756756757
359954,29,0.512,0.8822,0.6622,14.13,1394.48,0.6756756756756757
359954,30,0.5125,0.8837,0.6622,14.21,1454.14,0.6756756756756757
359954,31,0.5129,0.8912,0.6622,14.44,1545.72,0.6756756756756757
359954,32,0.5136,0.8943,0.6622,14.66,1611.1,0.6756756756756757
359954,33,0.5139,0.8988,0.6622,14.89,1682.46,0.6756756756756757
359954,34,0.5144,0.9048,0.6622,15.05,1752.68,0.6756756756756757
359954,35,0.5146,0.9063,0.6622,15.19,1831.36,0.6756756756756757
359954,36,0.515,0.9139,0.6622,15.35,1905.99,0.6756756756756757
359954,37,0.5155,0.9215,0.6622,15.45,1978.09,0.6756756756756757
359954,38,0.5156,0.923,0.6622,15.53,2036.5,0.6756756756756757
359954,39,0.5162,0.9275,0.6622,15.7,2097.4,0.6756756756756757
359954,40,0.5165,0.929,0.6622,15.86,2145.99,0.6756756756756757
359954,41,0.5165,0.932,0.6622,15.93,2198.93,0.6756756756756757
359954,42,0.5167,0.935,0.6622,15.95,2235.62,0.6756756756756757
359954,43,0.517,0.9411,0.6622,16.11,2267.21,0.6756756756756757
359954,44,0.5174,0.9471,0.6622,16.2,2295.44,0.6756756756756757
359954,45,0.5178,0.9471,0.6622,16.25,2315.76,0.6756756756756757
359954,46,0.5179,0.9471,0.6622,16.34,2341.89,0.6756756756756757
359954,47,0.5182,0.9471,0.6757,16.31,2359.23,0.6756756756756757
359954,48,0.5182,0.9502,0.6757,16.33,2371.75,0.6756756756756757
359954,49,0.5184,0.9502,0.6757,16.33,2381.82,0.6756756756756757
2073,0,0.4607,0.5401,0.4899,12.07,193.03,0.7181208053691275
2073,1,0.4607,0.5401,0.4899,12.07,193.03,0.7181208053691275
2073,2,0.473,0.5813,0.5839,17.83,328.21,0.7181208053691275
2073,3,0.4801,0.5993,0.604,22.25,610.83,0.7181208053691275
2073,4,0.4856,0.6165,0.6242,27.19,1028.5,0.7181208053691275
2073,5,0.4898,0.6292,0.6443,29.68,1328.7,0.7181208053691275
2073,6,0.4931,0.6375,0.6443,30.62,1538.48,0.7181208053691275
2073,7,0.4935,0.6449,0.6443,33.11,1795.96,0.7181208053691275
2073,8,0.4949,0.6532,0.6443,33.36,1940.51,0.7181208053691275
2073,9,0.4962,0.6614,0.6443,34.04,2155.57,0.7181208053691275
2073,10,0.4975,0.6674,0.6443,33.9,2277.75,0.7181208053691275
2073,11,0.4983,0.6712,0.6443,33.77,2355.5,0.7181208053691275
2073,12,0.4992,0.6757,0.6376,33.24,2413.79,0.7181208053691275
2073,13,0.4997,0.6824,0.6376,33.23,2488.17,0.7181208053691275
2073,14,0.5004,0.6884,0.6376,32.54,2571.26,0.7181208053691275
2073,15,0.5014,0.6959,0.6376,32.0,2640.83,0.7181208053691275
2073,16,0.5019,0.7011,0.6443,31.56,2764.06,0.7181208053691275
2073,17,0.5021,0.7064,0.6443,31.49,2931.6,0.7181208053691275
2073,18,0.5024,0.7131,0.6376,31.25,3168.36,0.7181208053691275
2073,19,0.5026,0.7184,0.6443,30.91,3412.12,0.7181208053691275
2073,20,0.5025,0.7266,0.6443,30.5,3640.47,0.7181208053691275
2073,21,0.5026,0.7303,0.6443,30.21,4009.47,0.7181208053691275
2073,22,0.5025,0.7371,0.651,29.9,4430.47,0.7181208053691275
2073,23,0.5023,0.7416,0.651,29.75,4982.43,0.7181208053691275
2073,24,0.5028,0.7498,0.651,29.7,5476.8,0.7181208053691275
2073,25,0.5027,0.7528,0.651,29.91,5849.28,0.7181208053691275
2073,26,0.5023,0.7581,0.651,30.15,6473.0,0.7181208053691275
2073,27,0.502,0.7618,0.6577,30.19,7011.03,0.7181208053691275
2073,28,0.502,0.7693,0.6577,30.34,7535.81,0.7181208053691275
2073,29,0.5024,0.7738,0.6644,30.36,8076.04,0.7181208053691275
2073,30,0.5024,0.7843,0.6644,30.49,8620.9,0.7181208053691275
2073,31,0.5027,0.7918,0.6644,30.67,9188.14,0.7181208053691275
2073,32,0.5026,0.7963,0.6711,30.83,9774.01,0.7181208053691275
2073,33,0.5027,0.8052,0.6711,30.93,10353.57,0.7181208053691275
2073,34,0.5026,0.8135,0.6711,31.01,10864.34,0.7181208053691275
2073,35,0.5027,0.8195,0.6779,31.12,11270.82,0.7181208053691275
2073,36,0.5028,0.8232,0.6779,31.04,11645.62,0.7181208053691275
2073,37,0.5029,0.8285,0.6779,31.08,11987.18,0.7181208053691275
2073,38,0.5028,0.8322,0.6779,31.13,12271.11,0.7181208053691275
2073,39,0.5027,0.8352,0.6779,31.03,12496.42,0.7181208053691275
2073,40,0.5025,0.839,0.6779,31.01,12709.35,0.7181208053691275
2073,41,0.5028,0.8427,0.6779,30.99,12896.42,0.7181208053691275
2073,42,0.5026,0.8472,0.6779,31.2,13071.97,0.7181208053691275
2073,43,0.5026,0.8554,0.6846,31.29,13252.31,0.7181208053691275
2073,44,0.5025,0.8562,0.6846,31.35,13415.38,0.7181208053691275
2073,45,0.5026,0.8562,0.6846,31.33,13510.06,0.7181208053691275
2073,46,0.5026,0.8592,0.6913,31.35,13607.52,0.7181208053691275
2073,47,0.5026,0.8622,0.6913,31.3,13661.06,0.7181208053691275
2073,48,0.5026,0.8644,0.6846,31.11,13717.24,0.7181208053691275
2073,49,0.5027,0.8659,0.6846,30.97,13770.38,0.7181208053691275
190146,0,0.6439,0.8108,0.7176,4.07,84.67,0.7647058823529411
190146,1,0.6439,0.8108,0.7176,4.07,84.67,0.7647058823529411
190146,2,0.6524,0.8541,0.7059,6.9,205.36,0.7647058823529411
190146,3,0.656,0.9093,0.7059,9.78,363.85,0.7647058823529411
190146,4,0.6577,0.9317,0.7176,10.49,442.1,0.7647058823529411
190146,5,0.6596,0.9435,0.7294,10.89,475.48,0.7647058823529411
190146,6,0.661,0.9553,0.7294,11.04,480.77,0.7647058823529411
190146,7,0.6623,0.9619,0.7294,10.63,486.4,0.7647058823529411
190146,8,0.6637,0.9645,0.7294,10.56,497.04,0.7647058823529411
190146,9,0.665,0.9658,0.7294,10.51,503.07,0.7647058823529411
190146,10,0.6658,0.9698,0.7294,10.46,512.59,0.7647058823529411
190146,11,0.6665,0.9711,0.7176,10.37,524.29,0.7647058823529411
190146,12,0.6664,0.9724,0.7176,10.38,539.55,0.7647058823529411
190146,13,0.6672,0.9737,0.7176,10.28,554.19,0.7647058823529411
190146,14,0.6682,0.975,0.7176,10.33,577.56,0.7647058823529411
190146,15,0.6691,0.9777,0.7176,10.45,596.51,0.7647058823529411
190146,16,0.6701,0.9842,0.7176,10.35,623.18,0.7647058823529411
190146,17,0.6706,0.9855,0.7176,10.29,645.81,0.7647058823529411
190146,18,0.6708,0.9882,0.7176,10.23,678.12,0.7647058823529411
190146,19,0.671,0.9882,0.7176,10.2,716.98,0.7647058823529411
190146,20,0.6712,0.9882,0.7176,10.28,755.41,0.7647058823529411
190146,21,0.6712,0.9882,0.7176,10.38,793.77,0.7647058823529411
190146,22,0.6715,0.9908,0.7176,10.32,827.85,0.7647058823529411
190146,23,0.6718,0.9908,0.7176,10.22,859.13,0.7647058823529411
190146,24,0.6719,0.9921,0.7176,10.13,885.66,0.7647058823529411
190146,25,0.6721,0.9921,0.7176,10.05,901.93,0.7647058823529411
190146,26,0.6726,0.9934,0.7176,10.0,915.1,0.7647058823529411
190146,27,0.6731,0.9934,0.7176,9.99,925.82,0.7647058823529411
190146,28,0.6733,0.9934,0.7176,9.94,927.18,0.7647058823529411
190146,29,0.673,0.9934,0.7176,9.87,928.09,0.7647058823529411
190146,30,0.6729,0.9934,0.7176,9.9,932.22,0.7647058823529411
190146,31,0.6733,0.9947,0.7176,9.91,930.32,0.7647058823529411
190146,32,0.6734,0.9947,0.7176,9.86,930.2,0.7647058823529411
190146,33,0.6733,0.9947,0.7176,9.8,928.95,0.7647058823529411
190146,34,0.6732,0.9947,0.7176,9.79,924.5,0.7647058823529411
190146,35,0.6732,0.9947,0.7176,9.76,919.25,0.7647058823529411
190146,36,0.6731,0.9961,0.7059,9.77,916.54,0.7647058823529411
190146,37,0.6729,0.9974,0.7176,9.71,912.33,0.7647058823529411
190146,38,0.6728,0.9974,0.7176,9.63,908.49,0.7647058823529411
190146,39,0.6728,0.9974,0.7176,9.58,906.02,0.7647058823529411
190146,40,0.6727,0.9974,0.7176,9.51,898.32,0.7647058823529411
190146,41,0.6724,0.9974,0.7294,9.42,892.39,0.7647058823529411
190146,42,0.6723,0.9974,0.7294,9.36,886.3,0.7647058823529411
190146,43,0.6721,0.9974,0.7294,9.31,879.62,0.7647058823529411
190146,44,0.672,0.9974,0.7294,9.26,874.02,0.7647058823529411
190146,45,0.6717,0.9974,0.7294,9.23,868.95,0.7647058823529411
190146,46,0.6716,0.9974,0.7294,9.15,860.93,0.7647058823529411
190146,47,0.6716,0.9974,0.7294,9.08,853.78,0.7647058823529411
190146,48,0.6716,0.9987,0.7294,9.03,847.05,0.7647058823529411
190146,49,0.6715,0.9987,0.7294,9.01,842.46,0.7647058823529411
168784,0,0.6111,0.7583,0.7385,5.11,207.11,0.8256410256410256
168784,1,0.6111,0.7583,0.7385,5.11,207.11,0.8256410256410256
168784,2,0.6225,0.7738,0.759,6.97,356.29,0.8256410256410256
168784,3,0.6316,0.7938,0.7538,8.69,576.17,0.8256410256410256
168784,4,0.6374,0.8121,0.7641,10.16,730.55,0.8256410256410256
168784,5,0.6427,0.8265,0.7692,10.37,820.35,0.8256410256410256
168784,6,0.6458,0.8356,0.7692,10.63,910.91,0.8256410256410256
168784,7,0.6479,0.8459,0.7744,10.71,1015.3,0.8256410256410256
168784,8,0.6499,0.8562,0.7692,10.5,1081.51,0.8256410256410256
168784,9,0.6508,0.8614,0.7744,10.2,1149.94,0.8256410256410256
168784,10,0.6514,0.8648,0.7744,10.1,1218.92,0.8256410256410256
168784,11,0.652,0.8683,0.7744,10.28,1322.7,0.8256410256410256
168784,12,0.6526,0.8751,0.7744,10.46,1472.68,0.8256410256410256
168784,13,0.6531,0.8797,0.7692,10.51,1675.17,0.8256410256410256
168784,14,0.6535,0.886,0.7744,10.36,1811.21,0.8256410256410256
168784,15,0.6536,0.8906,0.7744,10.24,1953.19,0.8256410256410256
168784,16,0.6539,0.8946,0.7744,10.45,2181.13,0.8256410256410256
168784,17,0.6543,0.9003,0.7692,10.57,2406.33,0.8256410256410256
168784,18,0.6548,0.9032,0.7692,10.77,2661.92,0.8256410256410256
168784,19,0.6553,0.9072,0.7744,10.73,2894.05,0.8256410256410256
168784,20,0.6555,0.9118,0.7846,10.72,3132.86,0.8256410256410256
168784,21,0.6559,0.9152,0.7795,10.76,3345.61,0.8256410256410256
168784,22,0.6561,0.921,0.7846,10.82,3541.01,0.8256410256410256
168784,23,0.6562,0.9244,0.7846,10.91,3731.89,0.8256410256410256
168784,24,0.6564,0.9284,0.7846,10.86,3945.78,0.8256410256410256
168784,25,0.6565,0.9336,0.7846,10.85,4135.28,0.8256410256410256
168784,26,0.6569,0.9376,0.7846,10.91,4337.73,0.8256410256410256
168784,27,0.657,0.9427,0.7846,10.88,4533.28,0.8256410256410256
168784,28,0.657,0.9467,0.7846,10.9,4715.13,0.8256410256410256
168784,29,0.6572,0.9507,0.7846,10.85,4877.37,0.8256410256410256
168784,30,0.6574,0.9548,0.7846,10.74,5054.89,0.8256410256410256
168784,31,0.6578,0.9593,0.7846,10.84,5216.75,0.8256410256410256
168784,32,0.6578,0.9611,0.7846,10.84,5352.55,0.8256410256410256
168784,33,0.6579,0.9633,0.7846,10.83,5475.95,0.8256410256410256
168784,34,0.658,0.9651,0.7846,10.79,5569.8,0.8256410256410256
168784,35,0.6583,0.9656,0.7846,10.75,5670.78,0.8256410256410256
168784,36,0.6587,0.9668,0.7897,10.74,5760.23,0.8256410256410256
168784,37,0.6588,0.9679,0.7897,10.76,5859.45,0.8256410256410256
168784,38,0.6589,0.9702,0.7897,10.7,5951.56,0.8256410256410256
168784,39,0.6589,0.9719,0.7846,10.62,6029.75,0.8256410256410256
168784,40,0.659,0.9737,0.7846,10.53,6114.22,0.8256410256410256
168784,41,0.659,0.9742,0.7846,10.48,6188.8,0.8256410256410256
168784,42,0.6593,0.9754,0.7846,10.43,6233.12,0.8256410256410256
168784,43,0.6594,0.9782,0.7846,10.46,6285.35,0.8256410256410256
168784,44,0.6595,0.9788,0.7897,10.5,6345.62,0.8256410256410256
168784,45,0.6597,0.9805,0.7949,10.49,6398.2,0.8256410256410256
168784,46,0.6597,0.9811,0.7897,10.51,6443.25,0.8256410256410256
168784,47,0.6597,0.9828,0.7897,10.5,6486.31,0.8256410256410256
168784,48,0.6597,0.984,0.7949,10.42,6509.24,0.8256410256410256
168784,49,0.6598,0.9857,0.7949,10.41,6523.28,0.8256410256410256
2073,0,0.4698,0.585,0.5638,10.65,104.32,0.7181208053691275
2073,1,0.4698,0.585,0.5638,10.65,104.32,0.7181208053691275
2073,2,0.4753,0.5963,0.5973,13.13,150.79,0.7181208053691275
2073,3,0.4851,0.6097,0.6107,19.91,319.96,0.7181208053691275
2073,4,0.4945,0.6217,0.6309,27.58,551.84,0.7181208053691275
2073,5,0.5029,0.636,0.6443,30.05,690.08,0.7181208053691275
2073,6,0.5082,0.6464,0.6443,30.79,786.17,0.7181208053691275
2073,7,0.5127,0.6569,0.651,31.15,833.58,0.7181208053691275
2073,8,0.5168,0.6599,0.651,31.1,863.73,0.7181208053691275
2073,9,0.5185,0.6644,0.6577,30.89,900.14,0.7181208053691275
2073,10,0.5201,0.6704,0.6577,30.49,924.34,0.7181208053691275
2073,11,0.5213,0.6757,0.6577,30.0,990.25,0.7181208053691275
2073,12,0.522,0.6816,0.6577,29.65,1072.35,0.7181208053691275
2073,13,0.5228,0.6861,0.6644,29.54,1131.11,0.7181208053691275
2073,14,0.5232,0.6921,0.6711,29.18,1204.4,0.7181208053691275
2073,15,0.5234,0.6951,0.6779,28.72,1320.47,0.7181208053691275
2073,16,0.5237,0.7004,0.6846,28.3,1461.52,0.7181208053691275
2073,17,0.524,0.7056,0.6846,28.08,1599.66,0.7181208053691275
2073,18,0.5241,0.7109,0.6846,27.57,1755.04,0.7181208053691275
2073,19,0.5234,0.7184,0.6846,27.08,1868.05,0.7181208053691275
2073,20,0.5235,0.7236,0.6846,26.56,1985.04,0.7181208053691275
2073,21,0.5232,0.7318,0.6913,26.26,2222.84,0.7181208053691275
2073,22,0.5231,0.7348,0.6913,26.02,2448.52,0.7181208053691275
2073,23,0.5226,0.7401,0.6913,25.81,2669.93,0.7181208053691275
2073,24,0.5224,0.7453,0.6913,25.64,2888.13,0.7181208053691275
2073,25,0.522,0.7468,0.698,25.53,3230.7,0.7181208053691275
2073,26,0.5214,0.7521,0.698,25.75,3665.75,0.7181208053691275
2073,27,0.521,0.761,0.7047,26.2,4224.61,0.7181208053691275
2073,28,0.5209,0.7633,0.7047,26.36,4725.27,0.7181208053691275
2073,29,0.5204,0.7693,0.698,26.58,5176.76,0.7181208053691275
2073,30,0.5198,0.773,0.6913,26.62,5579.1,0.7181208053691275
2073,31,0.5193,0.7783,0.6913,26.49,5976.92,0.7181208053691275
2073,32,0.519,0.7813,0.6846,26.58,6451.21,0.7181208053691275
2073,33,0.5184,0.7903,0.6913,26.83,6944.49,0.7181208053691275
2073,34,0.518,0.7925,0.6913,26.92,7583.39,0.7181208053691275
2073,35,0.5175,0.7948,0.698,27.04,8207.7,0.7181208053691275
2073,36,0.5171,0.7978,0.698,27.08,8798.75,0.7181208053691275
2073,37,0.5168,0.8105,0.698,27.07,9390.34,0.7181208053691275
2073,38,0.5165,0.8165,0.698,27.26,10005.96,0.7181208053691275
2073,39,0.5161,0.818,0.698,27.2,10471.02,0.7181208053691275
2073,40,0.5158,0.821,0.698,27.31,10962.51,0.7181208053691275
2073,41,0.5154,0.827,0.698,27.46,11390.26,0.7181208053691275
2073,42,0.5151,0.8315,0.698,27.42,11778.25,0.7181208053691275
2073,43,0.515,0.839,0.6913,27.33,12132.28,0.7181208053691275
2073,44,0.5148,0.8427,0.6913,27.33,12430.62,0.7181208053691275
2073,45,0.5145,0.8464,0.6913,27.29,12699.82,0.7181208053691275
2073,46,0.5142,0.8547,0.6913,27.19,12935.5,0.7181208053691275
2073,47,0.514,0.8562,0.6913,27.05,13146.03,0.7181208053691275
2073,48,0.5137,0.8599,0.6913,26.97,13322.22,0.7181208053691275
2073,49,0.5134,0.8629,0.6913,26.81,13492.53,0.7181208053691275
190146,0,0.6535,0.8121,0.7294,4.12,130.11,0.7647058823529411
190146,1,0.6535,0.8121,0.7294,4.12,130.11,0.7647058823529411
190146,2,0.6558,0.8541,0.7294,6.69,269.13,0.7647058823529411
190146,3,0.6585,0.8975,0.7294,10.2,580.57,0.7647058823529411
190146,4,0.66,0.9264,0.7529,11.93,740.13,0.7647058823529411
190146,5,0.6628,0.9448,0.7529,12.39,798.16,0.7647058823529411
190146,6,0.6644,0.958,0.7529,12.17,804.85,0.7647058823529411
190146,7,0.6651,0.9685,0.7529,12.0,791.43,0.7647058823529411
190146,8,0.6658,0.9724,0.7529,11.93,774.76,0.7647058823529411
190146,9,0.666,0.9737,0.7529,11.84,756.9,0.7647058823529411
190146,10,0.667,0.975,0.7412,11.64,733.66,0.7647058823529411
190146,11,0.6673,0.9763,0.7294,11.56,719.89,0.7647058823529411
190146,12,0.6672,0.9777,0.7412,11.34,724.06,0.7647058823529411
190146,13,0.6677,0.9803,0.7412,11.15,728.98,0.7647058823529411
190146,14,0.6677,0.9816,0.7412,11.06,735.53,0.7647058823529411
190146,15,0.6684,0.9869,0.7412,11.12,743.64,0.7647058823529411
190146,16,0.6687,0.9921,0.7412,11.1,750.96,0.7647058823529411
190146,17,0.6692,0.9921,0.7412,11.09,761.82,0.7647058823529411
190146,18,0.6698,0.9934,0.7529,11.01,768.87,0.7647058823529411
190146,19,0.6701,0.9934,0.7529,10.9,775.99,0.7647058823529411
190146,20,0.6708,0.9934,0.7529,10.81,781.48,0.7647058823529411
190146,21,0.6709,0.9934,0.7412,10.83,788.28,0.7647058823529411
190146,22,0.671,0.9947,0.7529,10.93,793.53,0.7647058823529411
190146,23,0.6715,0.9947,0.7529,10.89,796.93,0.7647058823529411
190146,24,0.6716,0.9947,0.7529,10.87,802.53,0.7647058823529411
190146,25,0.6718,0.9947,0.7529,10.73,805.25,0.7647058823529411
190146,26,0.6719,0.9974,0.7529,10.67,805.58,0.7647058823529411
190146,27,0.6723,0.9974,0.7529,10.55,807.24,0.7647058823529411
190146,28,0.6727,0.9987,0.7529,10.42,813.03,0.7647058823529411
190146,29,0.6728,0.9987,0.7529,10.26,819.26,0.7647058823529411
190146,30,0.673,1.0,0.7529,10.12,821.79,0.7647058823529411
190146,31,0.6735,1.0,0.7647,9.98,826.02,0.7647058823529411
190146,32,0.6737,1.0,0.7529,9.91,823.98,0.7647058823529411
190146,33,0.6738,1.0,0.7529,9.78,822.91,0.7647058823529411
190146,34,0.6739,1.0,0.7529,9.64,819.57,0.7647058823529411
190146,35,0.6739,1.0,0.7529,9.52,816.81,0.7647058823529411
190146,36,0.6739,1.0,0.7529,9.38,812.63,0.7647058823529411
190146,37,0.6741,1.0,0.7529,9.31,809.98,0.7647058823529411
190146,38,0.6744,1.0,0.7529,9.24,802.85,0.7647058823529411
190146,39,0.6745,1.0,0.7529,9.11,797.21,0.7647058823529411
190146,40,0.6746,1.0,0.7529,9.03,793.46,0.7647058823529411
190146,41,0.6748,1.0,0.7529,8.96,787.31,0.7647058823529411
190146,42,0.6749,1.0,0.7529,8.87,780.6,0.7647058823529411
190146,43,0.6751,0.9987,0.7529,8.76,773.85,0.7647058823529411
190146,44,0.6752,0.9987,0.7529,8.7,767.89,0.7647058823529411
190146,45,0.6754,0.9987,0.7529,8.65,763.15,0.7647058823529411
190146,46,0.6754,0.9987,0.7529,8.58,756.96,0.7647058823529411
190146,47,0.6755,0.9987,0.7529,8.5,750.02,0.7647058823529411
190146,48,0.6755,0.9987,0.7529,8.47,743.45,0.7647058823529411
190146,49,0.6755,0.9987,0.7529,8.42,736.52,0.7647058823529411
359959,0,0.4612,0.4672,0.4324,14.17,91.54,0.527027027027027
359959,1,0.4612,0.4672,0.4324,14.17,91.54,0.527027027027027
359959,2,0.4679,0.5102,0.4797,14.79,122.52,0.527027027027027
359959,3,0.4716,0.5457,0.5338,15.24,158.11,0.527027027027027
359959,4,0.4768,0.5638,0.5405,16.8,230.56,0.527027027027027
359959,5,0.4789,0.5796,0.527,17.24,283.65,0.527027027027027
359959,6,0.4815,0.5947,0.5405,17.47,324.97,0.527027027027027
359959,7,0.4829,0.6008,0.5338,17.31,356.04,0.527027027027027
359959,8,0.4845,0.6083,0.5541,17.02,372.36,0.527027027027027
359959,9,0.4849,0.6143,0.5473,16.45,381.5,0.527027027027027
359959,10,0.4856,0.6174,0.5473,16.04,385.02,0.527027027027027
359959,11,0.4859,0.6196,0.5473,15.71,392.93,0.527027027027027
359959,12,0.4865,0.6181,0.5541,15.3,395.41,0.527027027027027
359959,13,0.4867,0.6181,0.5541,14.83,392.5,0.527027027027027
359959,14,0.4875,0.6158,0.5608,14.44,392.35,0.527027027027027
359959,15,0.4877,0.6158,0.5608,13.96,392.34,0.527027027027027
359959,16,0.4882,0.6181,0.5676,13.62,404.17,0.527027027027027
359959,17,0.4883,0.6219,0.5676,13.34,410.47,0.527027027027027
359959,18,0.4883,0.6242,0.5676,13.07,424.13,0.527027027027027
359959,19,0.4876,0.6272,0.5676,12.82,443.84,0.527027027027027
359959,20,0.4879,0.6272,0.5676,12.58,467.38,0.527027027027027
359959,21,0.488,0.6309,0.5676,12.4,491.47,0.527027027027027
359959,22,0.4881,0.6325,0.5676,12.27,523.16,0.527027027027027
359959,23,0.4879,0.6347,0.5743,12.12,550.96,0.527027027027027
359959,24,0.4878,0.637,0.5743,12.02,584.5,0.527027027027027
359959,25,0.4875,0.6392,0.5743,11.91,633.61,0.527027027027027
359959,26,0.4877,0.6385,0.5743,11.82,677.67,0.527027027027027
359959,27,0.4876,0.6415,0.5743,11.76,723.07,0.527027027027027
359959,28,0.4875,0.643,0.5743,11.69,775.67,0.527027027027027
359959,29,0.4874,0.6468,0.5743,11.59,823.06,0.527027027027027
359959,30,0.4872,0.6483,0.5743,11.56,875.34,0.527027027027027
359959,31,0.4871,0.6513,0.5608,11.45,927.39,0.527027027027027
359959,32,0.4869,0.6513,0.5608,11.39,973.76,0.527027027027027
359959,33,0.4866,0.6528,0.5608,11.39,1030.67,0.527027027027027
359959,34,0.4864,0.6528,0.5608,11.39,1110.7,0.527027027027027
359959,35,0.4864,0.6566,0.5608,11.35,1181.71,0.527027027027027
359959,36,0.4861,0.6596,0.5608,11.3,1255.25,0.527027027027027
359959,37,0.486,0.6626,0.5676,11.26,1319.66,0.527027027027027
359959,38,0.486,0.6634,0.5608,11.21,1374.37,0.527027027027027
359959,39,0.486,0.6649,0.5608,11.21,1452.47,0.527027027027027
359959,40,0.4859,0.6649,0.5676,11.18,1521.67,0.527027027027027
359959,41,0.4859,0.6649,0.5608,11.16,1596.38,0.527027027027027
359959,42,0.4859,0.6664,0.5608,11.12,1662.96,0.527027027027027
359959,43,0.4858,0.6679,0.5608,11.11,1727.59,0.527027027027027
359959,44,0.4855,0.6687,0.5608,11.07,1795.14,0.527027027027027
359959,45,0.4855,0.6709,0.5608,11.02,1852.35,0.527027027027027
359959,46,0.4854,0.6717,0.5608,11.01,1926.39,0.527027027027027
359959,47,0.4854,0.674,0.5676,10.96,1993.08,0.527027027027027
359959,48,0.4853,0.6777,0.5608,10.88,2078.25,0.527027027027027
359959,49,0.485,0.6777,0.5608,10.83,2132.82,0.527027027027027
190146,0,0.6433,0.7976,0.7412,4.46,101.33,0.7647058823529411
190146,1,0.6433,0.7976,0.7412,4.46,101.33,0.7647058823529411
190146,2,0.6483,0.8449,0.7294,7.27,187.25,0.7647058823529411
190146,3,0.6546,0.8909,0.7294,9.7,339.5,0.7647058823529411
190146,4,0.6582,0.9198,0.7294,10.71,457.44,0.7647058823529411
190146,5,0.6621,0.9277,0.7294,10.97,495.86,0.7647058823529411
190146,6,0.6642,0.9369,0.7176,10.78,535.98,0.7647058823529411
190146,7,0.6653,0.9422,0.7294,10.89,559.9,0.7647058823529411
190146,8,0.6667,0.9461,0.7412,10.65,570.65,0.7647058823529411
190146,9,0.6677,0.9527,0.7412,10.87,585.47,0.7647058823529411
190146,10,0.6689,0.9619,0.7412,11.0,622.58,0.7647058823529411
190146,11,0.6691,0.9698,0.7412,11.26,683.08,0.7647058823529411
190146,12,0.6689,0.9737,0.7294,11.53,736.65,0.7647058823529411
190146,13,0.6691,0.9737,0.7294,11.53,779.88,0.7647058823529411
190146,14,0.6695,0.9777,0.7294,11.69,812.01,0.7647058823529411
190146,15,0.67,0.9777,0.7176,11.66,832.12,0.7647058823529411
190146,16,0.6704,0.9816,0.7176,11.7,866.89,0.7647058823529411
190146,17,0.6708,0.9829,0.7176,11.81,888.86,0.7647058823529411
190146,18,0.6713,0.9842,0.7176,11.92,914.27,0.7647058823529411
190146,19,0.6713,0.9869,0.7176,11.9,928.55,0.7647058823529411
190146,20,0.6715,0.9882,0.7176,11.84,938.17,0.7647058823529411
190146,21,0.6715,0.9895,0.7176,11.79,952.8,0.7647058823529411
190146,22,0.6717,0.9908,0.7176,11.77,967.62,0.7647058823529411
190146,23,0.6717,0.9908,0.7294,11.71,982.22,0.7647058823529411
190146,24,0.6717,0.9908,0.7294,11.81,990.51,0.7647058823529411
190146,25,0.6719,0.9908,0.7294,11.76,993.93,0.7647058823529411
190146,26,0.672,0.9908,0.7294,11.66,996.97,0.7647058823529411
190146,27,0.6721,0.9908,0.7412,11.51,998.52,0.7647058823529411
190146,28,0.6721,0.9908,0.7412,11.43,998.31,0.7647058823529411
190146,29,0.6722,0.9908,0.7412,11.37,992.76,0.7647058823529411
190146,30,0.6722,0.9921,0.7412,11.4,991.78,0.7647058823529411
190146,31,0.6723,0.9921,0.7529,11.28,990.09,0.7647058823529411
190146,32,0.6723,0.9908,0.7529,11.23,987.43,0.7647058823529411
190146,33,0.6723,0.9908,0.7529,11.2,984.15,0.7647058823529411
190146,34,0.6722,0.9921,0.7412,11.09,979.16,0.7647058823529411
190146,35,0.6722,0.9921,0.7412,11.04,974.72,0.7647058823529411
190146,36,0.6722,0.9934,0.7529,10.95,971.04,0.7647058823529411
190146,37,0.6721,0.9934,0.7529,10.86,965.67,0.7647058823529411
190146,38,0.6722,0.9921,0.7529,10.78,957.79,0.7647058823529411
190146,39,0.6723,0.9934,0.7529,10.69,949.75,0.7647058823529411
190146,40,0.6723,0.9934,0.7529,10.62,941.46,0.7647058823529411
190146,41,0.6724,0.9934,0.7529,10.52,934.64,0.7647058823529411
190146,42,0.6725,0.9934,0.7529,10.47,925.08,0.7647058823529411
190146,43,0.6726,0.9934,0.7529,10.39,916.19,0.7647058823529411
190146,44,0.6726,0.9934,0.7529,10.29,909.05,0.7647058823529411
190146,45,0.6727,0.9934,0.7529,10.18,901.22,0.7647058823529411
190146,46,0.6726,0.9947,0.7529,10.11,891.86,0.7647058823529411
190146,47,0.6726,0.9947,0.7529,10.05,882.93,0.7647058823529411
190146,48,0.6726,0.9961,0.7529,9.98,874.95,0.7647058823529411
190146,49,0.6726,0.9974,0.7529,9.86,866.61,0.7647058823529411
359959,0,0.452,0.4272,0.4257,9.93,49.89,0.5337837837837838
359959,1,0.452,0.4272,0.4257,9.93,49.89,0.5337837837837838
359959,2,0.4588,0.4491,0.4189,12.23,72.89,0.5337837837837838
359959,3,0.4655,0.5094,0.4865,13.86,106.26,0.5337837837837838
359959,4,0.4693,0.5525,0.5338,14.32,134.17,0.5337837837837838
359959,5,0.4717,0.5653,0.5541,14.42,158.32,0.5337837837837838
359959,6,0.474,0.5751,0.5473,14.29,172.15,0.5337837837837838
359959,7,0.4758,0.5804,0.5473,13.85,176.38,0.5337837837837838
359959,8,0.4774,0.5879,0.5405,13.38,180.95,0.5337837837837838
359959,9,0.4792,0.5909,0.527,12.92,180.9,0.5337837837837838
359959,10,0.4789,0.597,0.527,12.47,180.99,0.5337837837837838
359959,11,0.48,0.6008,0.5203,12.17,182.6,0.5337837837837838
359959,12,0.481,0.603,0.527,11.83,182.36,0.5337837837837838
359959,13,0.4815,0.606,0.5338,11.45,178.74,0.5337837837837838
359959,14,0.4827,0.6068,0.5405,11.15,183.11,0.5337837837837838
359959,15,0.4831,0.6106,0.5405,10.9,190.94,0.5337837837837838
359959,16,0.4836,0.6121,0.5473,10.64,197.85,0.5337837837837838
359959,17,0.4841,0.6128,0.5473,10.53,210.8,0.5337837837837838
359959,18,0.4845,0.6143,0.5473,10.43,224.44,0.5337837837837838
359959,19,0.485,0.6189,0.5473,10.32,244.02,0.5337837837837838
359959,20,0.4853,0.6174,0.5541,10.27,263.19,0.5337837837837838
359959,21,0.4852,0.6181,0.5541,10.2,288.28,0.5337837837837838
359959,22,0.4851,0.6174,0.5608,10.12,313.27,0.5337837837837838
359959,23,0.4852,0.6174,0.5608,10.05,336.83,0.5337837837837838
359959,24,0.4851,0.6189,0.5608,10.01,363.27,0.5337837837837838
359959,25,0.4848,0.6189,0.5608,9.95,394.1,0.5337837837837838
359959,26,0.4849,0.6211,0.5608,10.04,431.29,0.5337837837837838
359959,27,0.485,0.6219,0.5541,10.11,490.92,0.5337837837837838
359959,28,0.4848,0.6234,0.5541,10.3,571.65,0.5337837837837838
359959,29,0.4847,0.6249,0.5541,10.44,661.07,0.5337837837837838
359959,30,0.4849,0.6264,0.5541,10.51,740.31,0.5337837837837838
359959,31,0.4849,0.6287,0.5541,10.68,817.21,0.5337837837837838
359959,32,0.4848,0.6302,0.5541,10.83,888.13,0.5337837837837838
359959,33,0.4847,0.6325,0.5541,10.94,955.49,0.5337837837837838
359959,34,0.4845,0.637,0.5541,11.02,1029.07,0.5337837837837838
359959,35,0.4846,0.6408,0.5541,11.13,1106.21,0.5337837837837838
359959,36,0.4845,0.6423,0.5608,11.26,1180.81,0.5337837837837838
359959,37,0.4846,0.6423,0.5608,11.36,1245.49,0.5337837837837838
359959,38,0.4846,0.6438,0.5608,11.42,1298.24,0.5337837837837838
359959,39,0.4846,0.6445,0.5608,11.44,1348.15,0.5337837837837838
359959,40,0.4847,0.6483,0.5608,11.44,1395.26,0.5337837837837838
359959,41,0.4848,0.6475,0.5608,11.52,1448.73,0.5337837837837838
359959,42,0.485,0.6506,0.5608,11.56,1498.07,0.5337837837837838
359959,43,0.4851,0.6543,0.5608,11.6,1542.08,0.5337837837837838
359959,44,0.4852,0.6566,0.5608,11.61,1586.58,0.5337837837837838
359959,45,0.4852,0.6581,0.5608,11.61,1646.11,0.5337837837837838
359959,46,0.4851,0.6581,0.5608,11.65,1701.26,0.5337837837837838
359959,47,0.485,0.6604,0.5608,11.65,1759.56,0.5337837837837838
359959,48,0.485,0.6626,0.5608,11.67,1843.56,0.5337837837837838
359959,49,0.485,0.6664,0.5608,11.71,1954.11,0.5337837837837838
359959,0,0.4561,0.4272,0.4257,10.34,93.15,0.5405405405405406
359959,1,0.4561,0.4272,0.4257,10.34,93.15,0.5405405405405406
359959,2,0.4628,0.4725,0.4527,14.24,214.09,0.5405405405405406
359959,3,0.4698,0.5321,0.5,20.02,560.69,0.5405405405405406
359959,4,0.4725,0.5758,0.5338,23.69,794.12,0.5405405405405406
359959,5,0.4757,0.6023,0.527,25.4,952.4,0.5405405405405406
359959,6,0.4789,0.6196,0.5338,25.55,1042.26,0.5405405405405406
359959,7,0.4802,0.6287,0.5473,24.86,1080.92,0.5405405405405406
359959,8,0.4809,0.6355,0.5473,23.92,1105.11,0.5405405405405406
359959,9,0.4821,0.64,0.5676,23.19,1133.04,0.5405405405405406
359959,10,0.4827,0.643,0.5541,22.68,1168.99,0.5405405405405406
359959,11,0.4832,0.646,0.5541,22.09,1223.21,0.5405405405405406
359959,12,0.4831,0.6521,0.5473,21.32,1259.64,0.5405405405405406
359959,13,0.4836,0.6574,0.5473,20.66,1298.53,0.5405405405405406
359959,14,0.4839,0.6581,0.5541,20.17,1329.21,0.5405405405405406
359959,15,0.4838,0.6649,0.5541,19.6,1372.9,0.5405405405405406
359959,16,0.4837,0.6679,0.5608,19.09,1393.05,0.5405405405405406
359959,17,0.484,0.6717,0.5608,18.54,1436.77,0.5405405405405406
359959,18,0.4838,0.6755,0.5608,18.15,1489.24,0.5405405405405406
359959,19,0.4837,0.6777,0.5676,17.68,1545.65,0.5405405405405406
359959,20,0.4835,0.6777,0.5676,17.33,1606.2,0.5405405405405406
359959,21,0.4835,0.6792,0.5676,17.09,1667.99,0.5405405405405406
359959,22,0.4833,0.6808,0.5676,16.77,1719.09,0.5405405405405406
359959,23,0.4831,0.6815,0.5676,16.49,1768.97,0.5405405405405406
359959,24,0.4828,0.6845,0.5676,16.21,1821.05,0.5405405405405406
359959,25,0.4828,0.6868,0.5676,15.97,1901.97,0.5405405405405406
359959,26,0.4827,0.6868,0.5676,15.77,1993.54,0.5405405405405406
359959,27,0.4824,0.6883,0.5676,15.62,2096.59,0.5405405405405406
359959,28,0.4823,0.6898,0.5676,15.45,2225.53,0.5405405405405406
359959,29,0.482,0.6913,0.5676,15.3,2348.35,0.5405405405405406
359959,30,0.4819,0.6936,0.5608,15.13,2480.35,0.5405405405405406
359959,31,0.4817,0.6974,0.5608,14.97,2609.7,0.5405405405405406
359959,32,0.4818,0.7004,0.5608,14.79,2738.97,0.5405405405405406
359959,33,0.4817,0.7026,0.5608,14.64,2857.28,0.5405405405405406
359959,34,0.4815,0.7042,0.5608,14.56,2952.64,0.5405405405405406
359959,35,0.4813,0.7072,0.5608,14.42,3072.06,0.5405405405405406
359959,36,0.4811,0.7087,0.5608,14.38,3221.93,0.5405405405405406
359959,37,0.4811,0.7102,0.5608,14.29,3363.58,0.5405405405405406
359959,38,0.4812,0.7125,0.5541,14.23,3518.94,0.5405405405405406
359959,39,0.4811,0.7177,0.5541,14.12,3687.13,0.5405405405405406
359959,40,0.4809,0.7185,0.5541,14.02,3795.95,0.5405405405405406
359959,41,0.4807,0.72,0.5541,13.88,3908.95,0.5405405405405406
359959,42,0.4806,0.7223,0.5541,13.77,3975.67,0.5405405405405406
359959,43,0.4806,0.723,0.5541,13.69,4067.49,0.5405405405405406
359959,44,0.4805,0.7245,0.5541,13.55,4125.67,0.5405405405405406
359959,45,0.4805,0.7268,0.5541,13.41,4186.87,0.5405405405405406
359959,46,0.4804,0.7275,0.5541,13.27,4259.3,0.5405405405405406
359959,47,0.4803,0.7283,0.5541,13.16,4312.28,0.5405405405405406
359959,48,0.4802,0.7306,0.5608,13.08,4371.22,0.5405405405405406
359959,49,0.4802,0.7343,0.5541,12.96,4434.8,0.5405405405405406
2073,0,0.4693,0.5768,0.5906,11.8,115.96,0.7181208053691275
2073,1,0.4693,0.5768,0.5906,11.8,115.96,0.7181208053691275
2073,2,0.4776,0.5888,0.5906,14.39,141.79,0.7181208053691275
2073,3,0.4861,0.6045,0.6107,19.73,297.35,0.7181208053691275
2073,4,0.4978,0.615,0.6242,23.38,451.68,0.7181208053691275
2073,5,0.5047,0.6337,0.6242,26.02,550.4,0.7181208053691275
2073,6,0.5098,0.6412,0.6443,26.26,618.23,0.7181208053691275
2073,7,0.5135,0.6502,0.651,26.14,668.03,0.7181208053691275
2073,8,0.5161,0.6547,0.651,25.11,683.78,0.7181208053691275
2073,9,0.5165,0.6599,0.651,24.56,698.21,0.7181208053691275
2073,10,0.5173,0.6637,0.651,24.19,707.82,0.7181208053691275
2073,11,0.5191,0.6674,0.651,23.56,723.64,0.7181208053691275
2073,12,0.52,0.6704,0.6644,23.07,761.55,0.7181208053691275
2073,13,0.5212,0.6749,0.6644,22.62,774.97,0.7181208053691275
2073,14,0.5219,0.6764,0.6644,22.31,787.77,0.7181208053691275
2073,15,0.5224,0.6787,0.6644,21.65,788.79,0.7181208053691275
2073,16,0.5221,0.6794,0.6779,21.3,810.18,0.7181208053691275
2073,17,0.5226,0.6816,0.6846,20.97,836.03,0.7181208053691275
2073,18,0.5231,0.6846,0.6846,20.61,855.07,0.7181208053691275
2073,19,0.5237,0.6876,0.6846,20.56,875.79,0.7181208053691275
2073,20,0.524,0.6914,0.6846,20.37,912.08,0.7181208053691275
2073,21,0.524,0.6944,0.6846,20.56,1019.59,0.7181208053691275
2073,22,0.524,0.6966,0.6846,20.59,1159.88,0.7181208053691275
2073,23,0.524,0.6996,0.6846,20.57,1297.91,0.7181208053691275
2073,24,0.5237,0.7041,0.6913,20.71,1434.35,0.7181208053691275
2073,25,0.5237,0.7079,0.6913,20.76,1564.66,0.7181208053691275
2073,26,0.5234,0.7124,0.698,20.9,1739.3,0.7181208053691275
2073,27,0.5234,0.7154,0.6913,21.31,1919.09,0.7181208053691275
2073,28,0.5232,0.7199,0.6913,21.64,2108.73,0.7181208053691275
2073,29,0.5228,0.7221,0.6913,22.07,2304.28,0.7181208053691275
2073,30,0.5224,0.7258,0.698,22.3,2489.49,0.7181208053691275
2073,31,0.5219,0.7303,0.698,22.58,2708.21,0.7181208053691275
2073,32,0.5216,0.7326,0.698,22.65,2970.71,0.7181208053691275
2073,33,0.5213,0.7401,0.698,23.17,3270.54,0.7181208053691275
2073,34,0.5209,0.7453,0.698,23.52,3593.04,0.7181208053691275
2073,35,0.5204,0.7498,0.698,23.86,4002.99,0.7181208053691275
2073,36,0.52,0.7528,0.698,24.08,4435.9,0.7181208053691275
2073,37,0.5197,0.7543,0.698,24.29,4915.22,0.7181208053691275
2073,38,0.519,0.7603,0.698,24.31,5506.25,0.7181208053691275
2073,39,0.5185,0.7633,0.698,24.31,6017.46,0.7181208053691275
2073,40,0.5182,0.767,0.698,24.18,6437.17,0.7181208053691275
2073,41,0.5181,0.7693,0.698,24.04,6967.21,0.7181208053691275
2073,42,0.5178,0.7745,0.698,23.88,7532.28,0.7181208053691275
2073,43,0.5175,0.7805,0.698,23.74,8151.1,0.7181208053691275
2073,44,0.5172,0.788,0.698,23.64,8765.07,0.7181208053691275
2073,45,0.5168,0.791,0.698,23.59,9276.3,0.7181208053691275
2073,46,0.5166,0.797,0.698,23.59,9772.43,0.7181208053691275
2073,47,0.5164,0.8,0.698,23.66,10281.21,0.7181208053691275
2073,48,0.5161,0.8082,0.698,23.66,10679.6,0.7181208053691275
2073,49,0.5158,0.809,0.698,23.8,11113.07,0.7181208053691275
359954,0,0.4689,0.6616,0.5946,11.15,182.18,0.6756756756756757
359954,1,0.4689,0.6616,0.5946,11.15,182.18,0.6756756756756757
359954,2,0.4708,0.6692,0.5946,16.66,351.84,0.6756756756756757
359954,3,0.4823,0.7296,0.5946,21.52,650.66,0.6756756756756757
359954,4,0.489,0.7508,0.6216,22.77,767.19,0.6756756756756757
359954,5,0.4925,0.7719,0.6081,23.05,771.71,0.6756756756756757
359954,6,0.4963,0.8006,0.6081,22.99,786.57,0.6756756756756757
359954,7,0.5001,0.8127,0.6081,22.27,784.99,0.6756756756756757
359954,8,0.5025,0.8248,0.6351,21.52,799.6,0.6756756756756757
359954,9,0.5039,0.8384,0.6622,21.02,809.08,0.6756756756756757
359954,10,0.5057,0.8459,0.6486,20.58,830.48,0.6756756756756757
359954,11,0.5071,0.8535,0.6622,19.96,846.84,0.6756756756756757
359954,12,0.509,0.8716,0.6486,19.65,885.64,0.6756756756756757
359954,13,0.5113,0.8822,0.6892,19.1,944.91,0.6756756756756757
359954,14,0.5127,0.8852,0.6892,18.76,1011.91,0.6756756756756757
359954,15,0.5128,0.8882,0.6757,18.62,1082.41,0.6756756756756757
359954,16,0.5135,0.8958,0.6892,18.57,1160.43,0.6756756756756757
359954,17,0.5143,0.8988,0.6757,18.29,1241.49,0.6756756756756757
359954,18,0.5145,0.8988,0.6757,18.21,1317.69,0.6756756756756757
359954,19,0.5145,0.8988,0.6757,18.18,1394.39,0.6756756756756757
359954,20,0.5148,0.9018,0.6757,18.29,1454.85,0.6756756756756757
359954,21,0.5152,0.9048,0.6757,18.26,1518.98,0.6756756756756757
359954,22,0.5156,0.9079,0.6757,18.31,1563.56,0.6756756756756757
359954,23,0.5159,0.9094,0.6757,18.23,1609.63,0.6756756756756757
359954,24,0.5161,0.9124,0.6757,18.21,1659.23,0.6756756756756757
359954,25,0.5162,0.9199,0.6757,18.11,1707.96,0.6756756756756757
359954,26,0.5166,0.926,0.6757,18.02,1745.46,0.6756756756756757
359954,27,0.5167,0.932,0.6757,18.05,1784.19,0.6756756756756757
359954,28,0.5169,0.9335,0.6757,17.91,1815.73,0.6756756756756757
359954,29,0.5173,0.9366,0.6757,17.75,1843.26,0.6756756756756757
359954,30,0.5177,0.9426,0.6757,17.58,1868.85,0.6756756756756757
359954,31,0.518,0.9456,0.6757,17.41,1886.02,0.6756756756756757
359954,32,0.5187,0.9471,0.6757,17.24,1903.06,0.6756756756756757
359954,33,0.519,0.9517,0.6757,17.15,1916.43,0.6756756756756757
359954,34,0.5194,0.9517,0.6757,16.97,1929.55,0.6756756756756757
359954,35,0.5197,0.9562,0.6757,16.84,1943.82,0.6756756756756757
359954,36,0.5201,0.9562,0.6757,16.73,1966.99,0.6756756756756757
359954,37,0.5203,0.9577,0.6757,16.63,1983.04,0.6756756756756757
359954,38,0.5204,0.9577,0.6757,16.62,1999.39,0.6756756756756757
359954,39,0.5208,0.9577,0.6757,16.51,2000.51,0.6756756756756757
359954,40,0.5208,0.9577,0.6757,16.29,2002.3,0.6756756756756757
359954,41,0.5209,0.9577,0.6757,16.13,2001.63,0.6756756756756757
359954,42,0.521,0.9577,0.6757,15.96,1997.44,0.6756756756756757
359954,43,0.5213,0.9622,0.6757,15.83,1993.74,0.6756756756756757
359954,44,0.5214,0.9622,0.6757,15.76,1987.38,0.6756756756756757
359954,45,0.5214,0.9622,0.6757,15.66,1980.96,0.6756756756756757
359954,46,0.5214,0.9622,0.6757,15.57,1973.96,0.6756756756756757
359954,47,0.5216,0.9622,0.6757,15.44,1965.07,0.6756756756756757
359954,48,0.5216,0.9622,0.6757,15.32,1966.37,0.6756756756756757
359954,49,0.5218,0.9622,0.6757,15.2,1958.29,0.6756756756756757
2073,0,0.4786,0.5768,0.5839,12.21,159.29,0.7181208053691275
2073,1,0.4786,0.5768,0.5839,12.21,159.29,0.7181208053691275
2073,2,0.4889,0.5925,0.6174,17.64,302.17,0.7181208053691275
2073,3,0.4974,0.6187,0.6376,21.14,474.05,0.7181208053691275
2073,4,0.506,0.6307,0.651,23.19,568.51,0.7181208053691275
2073,5,0.5099,0.6427,0.6443,23.17,587.66,0.7181208053691275
2073,6,0.5139,0.6532,0.6443,23.35,598.19,0.7181208053691275
2073,7,0.5174,0.6592,0.6443,22.34,612.57,0.7181208053691275
2073,8,0.5193,0.6622,0.6577,21.37,642.11,0.7181208053691275
2073,9,0.5213,0.6704,0.6577,20.34,661.31,0.7181208053691275
2073,10,0.5217,0.6787,0.6577,20.1,685.51,0.7181208053691275
2073,11,0.5234,0.6816,0.6644,19.75,688.18,0.7181208053691275
2073,12,0.5248,0.6861,0.6644,19.38,709.82,0.7181208053691275
2073,13,0.526,0.6884,0.6644,18.78,736.54,0.7181208053691275
2073,14,0.527,0.6884,0.6711,19.09,786.32,0.7181208053691275
2073,15,0.527,0.6899,0.6644,19.11,833.96,0.7181208053691275
2073,16,0.5272,0.6959,0.6711,19.62,903.02,0.7181208053691275
2073,17,0.5272,0.6989,0.6711,20.46,1023.22,0.7181208053691275
2073,18,0.5269,0.7034,0.6711,20.84,1170.43,0.7181208053691275
2073,19,0.5268,0.7079,0.6779,21.38,1340.77,0.7181208053691275
2073,20,0.5264,0.7109,0.6779,21.89,1659.12,0.7181208053691275
2073,21,0.5257,0.7176,0.6779,22.54,2063.75,0.7181208053691275
2073,22,0.5252,0.7228,0.6779,23.28,2516.32,0.7181208053691275
2073,23,0.5245,0.7296,0.6846,23.91,2976.75,0.7181208053691275
2073,24,0.524,0.7371,0.6846,24.1,3438.72,0.7181208053691275
2073,25,0.5232,0.7401,0.6913,24.71,3883.81,0.7181208053691275
2073,26,0.5223,0.7423,0.6913,25.01,4353.58,0.7181208053691275
2073,27,0.5219,0.7476,0.6913,25.53,4806.81,0.7181208053691275
2073,28,0.5214,0.7551,0.698,26.11,5310.23,0.7181208053691275
2073,29,0.5207,0.761,0.7047,26.37,5838.67,0.7181208053691275
2073,30,0.52,0.7633,0.7047,26.89,6405.98,0.7181208053691275
2073,31,0.5194,0.7655,0.7047,27.25,6948.02,0.7181208053691275
2073,32,0.5187,0.773,0.7047,27.6,7527.45,0.7181208053691275
2073,33,0.5183,0.7768,0.7047,27.99,8106.04,0.7181208053691275
2073,34,0.5178,0.7835,0.7047,28.25,8679.77,0.7181208053691275
2073,35,0.5177,0.7903,0.7047,28.48,9231.25,0.7181208053691275
2073,36,0.5175,0.7963,0.7047,28.5,9728.89,0.7181208053691275
2073,37,0.5171,0.8015,0.7047,28.68,10259.82,0.7181208053691275
2073,38,0.5166,0.8052,0.7047,28.79,10888.63,0.7181208053691275
2073,39,0.5162,0.8097,0.7047,29.04,11343.99,0.7181208053691275
2073,40,0.5159,0.8157,0.7047,29.24,11850.27,0.7181208053691275
2073,41,0.5156,0.8195,0.7047,29.43,12208.34,0.7181208053691275
2073,42,0.5153,0.8225,0.7047,29.44,12525.08,0.7181208053691275
2073,43,0.5151,0.8292,0.7047,29.52,12787.41,0.7181208053691275
2073,44,0.5148,0.833,0.7047,29.5,13045.03,0.7181208053691275
2073,45,0.5146,0.8367,0.7047,29.54,13223.41,0.7181208053691275
2073,46,0.5144,0.8434,0.7047,29.57,13418.01,0.7181208053691275
2073,47,0.5143,0.8464,0.7047,29.5,13590.92,0.7181208053691275
2073,48,0.5141,0.8487,0.7047,29.44,13738.55,0.7181208053691275
2073,49,0.5138,0.8509,0.7047,29.31,13880.89,0.7181208053691275
190146,0,0.6515,0.8055,0.7294,3.95,86.01,0.7647058823529411
190146,1,0.6515,0.8055,0.7294,3.95,86.01,0.7647058823529411
190146,2,0.6543,0.8449,0.7176,7.36,190.8,0.7647058823529411
190146,3,0.6582,0.8817,0.7176,8.64,287.49,0.7647058823529411
190146,4,0.6607,0.908,0.7176,8.96,357.29,0.7647058823529411
190146,5,0.6609,0.929,0.7176,9.37,400.4,0.7647058823529411
190146,6,0.663,0.9435,0.7294,9.61,420.7,0.7647058823529411
190146,7,0.6632,0.9474,0.7294,9.63,427.74,0.7647058823529411
190146,8,0.6644,0.9488,0.7294,9.43,425.89,0.7647058823529411
190146,9,0.6639,0.954,0.7294,9.49,426.77,0.7647058823529411
190146,10,0.6641,0.958,0.7176,9.42,433.9,0.7647058823529411
190146,11,0.6638,0.9632,0.7176,9.35,436.15,0.7647058823529411
190146,12,0.6639,0.9671,0.7176,9.23,442.42,0.7647058823529411
190146,13,0.6641,0.9685,0.7176,9.4,461.74,0.7647058823529411
190146,14,0.6643,0.9711,0.7176,9.43,474.76,0.7647058823529411
190146,15,0.6646,0.9724,0.7176,9.31,487.3,0.7647058823529411
190146,16,0.6654,0.9737,0.7176,9.41,509.34,0.7647058823529411
190146,17,0.6656,0.975,0.7176,9.45,540.91,0.7647058823529411
190146,18,0.6658,0.9777,0.7176,9.46,569.75,0.7647058823529411
190146,19,0.6663,0.9803,0.7176,9.66,599.08,0.7647058823529411
190146,20,0.6667,0.9829,0.7176,9.66,629.26,0.7647058823529411
190146,21,0.6673,0.9842,0.7176,9.72,657.86,0.7647058823529411
190146,22,0.6677,0.9855,0.7176,9.84,692.73,0.7647058823529411
190146,23,0.6679,0.9869,0.7176,9.92,725.85,0.7647058823529411
190146,24,0.6682,0.9921,0.7294,9.96,758.38,0.7647058823529411
190146,25,0.6682,0.9921,0.7294,9.95,793.37,0.7647058823529411
190146,26,0.6688,0.9934,0.7294,9.98,821.56,0.7647058823529411
190146,27,0.6691,0.9947,0.7412,9.96,844.84,0.7647058823529411
190146,28,0.6693,0.9961,0.7529,10.0,863.16,0.7647058823529411
190146,29,0.6695,0.9961,0.7529,10.06,880.21,0.7647058823529411
190146,30,0.6698,0.9961,0.7529,10.09,893.03,0.7647058823529411
190146,31,0.6699,0.9961,0.7529,10.03,904.68,0.7647058823529411
190146,32,0.67,0.9961,0.7529,9.98,917.92,0.7647058823529411
190146,33,0.6701,0.9961,0.7647,9.99,924.31,0.7647058823529411
190146,34,0.6705,0.9961,0.7529,9.98,928.03,0.7647058823529411
190146,35,0.6708,0.9974,0.7529,9.87,931.46,0.7647058823529411
190146,36,0.6708,0.9974,0.7647,9.86,934.05,0.7647058823529411
190146,37,0.6709,0.9974,0.7647,9.77,933.68,0.7647058823529411
190146,38,0.671,0.9974,0.7647,9.74,933.6,0.7647058823529411
190146,39,0.671,0.9974,0.7647,9.69,934.58,0.7647058823529411
190146,40,0.6712,0.9974,0.7647,9.63,934.38,0.7647058823529411
190146,41,0.6711,0.9961,0.7647,9.62,934.39,0.7647058823529411
190146,42,0.6713,0.9961,0.7647,9.54,930.84,0.7647058823529411
190146,43,0.6714,0.9974,0.7647,9.51,927.71,0.7647058823529411
190146,44,0.6714,0.9974,0.7647,9.48,923.03,0.7647058823529411
190146,45,0.6715,0.9974,0.7647,9.4,919.24,0.7647058823529411
190146,46,0.6715,0.9974,0.7647,9.34,916.07,0.7647058823529411
190146,47,0.6717,0.9961,0.7647,9.28,911.58,0.7647058823529411
190146,48,0.6717,0.9961,0.7647,9.22,907.01,0.7647058823529411
190146,49,0.6718,0.9974,0.7647,9.23,902.08,0.7647058823529411
359954,0,0.4636,0.6526,0.5676,11.8,198.76,0.6756756756756757
359954,1,0.4636,0.6526,0.5676,11.8,198.76,0.6756756756756757
359954,2,0.478,0.6858,0.5676,14.64,373.26,0.6756756756756757
359954,3,0.4867,0.7175,0.5541,14.48,536.52,0.6756756756756757
359954,4,0.4884,0.7492,0.5811,14.0,683.12,0.6756756756756757
359954,5,0.4874,0.7553,0.5676,13.89,755.45,0.6756756756756757
359954,6,0.4909,0.7689,0.5946,13.05,800.77,0.6756756756756757
359954,7,0.493,0.7749,0.5811,12.81,875.16,0.6756756756756757
359954,8,0.4955,0.7855,0.5811,12.22,932.34,0.6756756756756757
359954,9,0.496,0.7885,0.5946,12.49,1015.68,0.6756756756756757
359954,10,0.4967,0.7976,0.5946,12.55,1072.57,0.6756756756756757
359954,11,0.4978,0.8066,0.6081,12.95,1141.62,0.6756756756756757
359954,12,0.4978,0.8097,0.6216,13.19,1184.19,0.6756756756756757
359954,13,0.4976,0.8127,0.6216,13.22,1212.08,0.6756756756756757
359954,14,0.4987,0.8172,0.6216,13.34,1264.96,0.6756756756756757
359954,15,0.4996,0.8218,0.6216,13.54,1316.54,0.6756756756756757
359954,16,0.5009,0.8278,0.6216,13.88,1399.01,0.6756756756756757
359954,17,0.5016,0.8384,0.6216,14.48,1479.59,0.6756756756756757
359954,18,0.5032,0.8474,0.6351,15.14,1580.72,0.6756756756756757
359954,19,0.5046,0.855,0.6351,15.91,1670.28,0.6756756756756757
359954,20,0.506,0.864,0.6486,16.68,1814.82,0.6756756756756757
359954,21,0.5074,0.8716,0.6486,17.18,1906.54,0.6756756756756757
359954,22,0.5082,0.8761,0.6486,17.66,1986.29,0.6756756756756757
359954,23,0.5088,0.8837,0.6486,18.22,2065.37,0.6756756756756757
359954,24,0.5091,0.8852,0.6486,18.67,2118.04,0.6756756756756757
359954,25,0.51,0.8882,0.6622,18.99,2172.09,0.6756756756756757
359954,26,0.5107,0.8912,0.6622,19.5,2221.39,0.6756756756756757
359954,27,0.5115,0.8973,0.6622,19.74,2259.94,0.6756756756756757
359954,28,0.5121,0.9018,0.6622,19.99,2310.31,0.6756756756756757
359954,29,0.5124,0.9063,0.6622,20.26,2342.77,0.6756756756756757
359954,30,0.513,0.9124,0.6757,20.54,2374.5,0.6756756756756757
359954,31,0.5138,0.9154,0.6757,20.68,2386.49,0.6756756756756757
359954,32,0.5142,0.9215,0.6757,20.71,2403.21,0.6756756756756757
359954,33,0.5148,0.9275,0.6892,20.7,2413.86,0.6756756756756757
359954,34,0.5154,0.929,0.6892,20.67,2426.07,0.6756756756756757
359954,35,0.516,0.932,0.6892,20.58,2429.5,0.6756756756756757
359954,36,0.5166,0.9335,0.6892,20.54,2439.94,0.6756756756756757
359954,37,0.517,0.9366,0.6892,20.42,2438.47,0.6756756756756757
359954,38,0.5173,0.9381,0.6892,20.28,2425.53,0.6756756756756757
359954,39,0.5175,0.9381,0.6892,20.07,2420.93,0.6756756756756757
359954,40,0.5176,0.9441,0.6892,20.08,2418.34,0.6756756756756757
359954,41,0.5179,0.9486,0.6892,19.93,2408.08,0.6756756756756757
359954,42,0.5182,0.9517,0.6892,19.79,2399.43,0.6756756756756757
359954,43,0.5184,0.9532,0.6892,19.65,2385.41,0.6756756756756757
359954,44,0.5185,0.9532,0.6892,19.61,2379.22,0.6756756756756757
359954,45,0.5188,0.9532,0.6892,19.52,2374.73,0.6756756756756757
359954,46,0.519,0.9532,0.6892,19.4,2370.55,0.6756756756756757
359954,47,0.519,0.9532,0.6892,19.2,2354.74,0.6756756756756757
359954,48,0.5192,0.9532,0.6892,19.06,2343.69,0.6756756756756757
359954,49,0.5193,0.9562,0.6892,18.9,2333.49,0.6756756756756757
168784,0,0.6146,0.7348,0.7282,5.22,253.17,0.8153846153846154
168784,1,0.6146,0.7348,0.7282,5.22,253.17,0.8153846153846154
168784,2,0.6282,0.7703,0.7385,7.73,472.78,0.8153846153846154
168784,3,0.6357,0.7995,0.7487,11.25,874.51,0.8153846153846154
168784,4,0.6402,0.823,0.7538,12.98,1163.26,0.8153846153846154
168784,5,0.6439,0.8362,0.7538,13.36,1426.58,0.8153846153846154
168784,6,0.6468,0.8505,0.759,13.75,1849.71,0.8153846153846154
168784,7,0.6486,0.8717,0.7641,14.06,2329.21,0.8153846153846154
168784,8,0.6497,0.8843,0.7692,13.92,2798.79,0.8153846153846154
168784,9,0.6511,0.8963,0.7641,14.14,3244.09,0.8153846153846154
168784,10,0.6515,0.9049,0.7641,13.83,3572.82,0.8153846153846154
168784,11,0.652,0.9147,0.7744,13.78,3914.23,0.8153846153846154
168784,12,0.6523,0.9313,0.7692,13.64,4274.62,0.8153846153846154
168784,13,0.6524,0.937,0.7641,13.56,4686.29,0.8153846153846154
168784,14,0.6531,0.9444,0.7744,13.36,5138.6,0.8153846153846154
168784,15,0.6535,0.9559,0.7744,13.24,5619.38,0.8153846153846154
168784,16,0.6544,0.9633,0.7744,12.96,6047.4,0.8153846153846154
168784,17,0.655,0.9708,0.7795,12.69,6408.26,0.8153846153846154
168784,18,0.6554,0.9754,0.7795,12.57,6704.61,0.8153846153846154
168784,19,0.6556,0.9794,0.7846,12.43,6991.17,0.8153846153846154
168784,20,0.6558,0.984,0.7897,12.24,7192.17,0.8153846153846154
168784,21,0.656,0.9874,0.7897,12.09,7326.05,0.8153846153846154
168784,22,0.6564,0.9891,0.7897,11.99,7435.09,0.8153846153846154
168784,23,0.6566,0.9914,0.7897,11.88,7516.15,0.8153846153846154
168784,24,0.6569,0.992,0.7897,11.79,7532.81,0.8153846153846154
168784,25,0.6568,0.9926,0.7897,11.55,7552.2,0.8153846153846154
168784,26,0.657,0.9926,0.8,11.3,7528.88,0.8153846153846154
168784,27,0.6573,0.9948,0.8,11.05,7463.92,0.8153846153846154
168784,28,0.6574,0.9948,0.8,10.84,7401.74,0.8153846153846154
168784,29,0.6576,0.9966,0.8,10.6,7345.81,0.8153846153846154
168784,30,0.6578,0.9977,0.8,10.39,7281.85,0.8153846153846154
168784,31,0.658,0.9977,0.8,10.19,7214.28,0.8153846153846154
168784,32,0.6579,0.9977,0.8051,10.03,7162.4,0.8153846153846154
168784,33,0.658,0.9983,0.8051,9.83,7102.79,0.8153846153846154
168784,34,0.6581,0.9983,0.8051,9.67,7039.65,0.8153846153846154
168784,35,0.6583,0.9977,0.8051,9.51,6954.21,0.8153846153846154
168784,36,0.6584,0.9983,0.8051,9.37,6881.19,0.8153846153846154
168784,37,0.6584,0.9977,0.8051,9.23,6809.8,0.8153846153846154
168784,38,0.6583,0.9977,0.8051,9.09,6743.97,0.8153846153846154
168784,39,0.6583,0.9977,0.8051,8.96,6668.89,0.8153846153846154
168784,40,0.6583,0.9977,0.8051,8.84,6594.19,0.8153846153846154
168784,41,0.6584,0.9977,0.8051,8.76,6520.99,0.8153846153846154
168784,42,0.6585,0.9977,0.8051,8.73,6451.93,0.8153846153846154
168784,43,0.6584,0.9977,0.8051,8.65,6379.85,0.8153846153846154
168784,44,0.6585,0.9977,0.8051,8.55,6304.76,0.8153846153846154
168784,45,0.6586,0.9977,0.8051,8.45,6231.23,0.8153846153846154
168784,46,0.6586,0.9977,0.8051,8.35,6156.4,0.8153846153846154
168784,47,0.6587,0.9977,0.8,8.29,6074.33,0.8153846153846154
168784,48,0.6588,0.9977,0.8,8.24,6009.29,0.8153846153846154
168784,49,0.6588,0.9977,0.8,8.2,5944.63,0.8153846153846154
190146,0,0.6474,0.8042,0.7294,4.1,130.4,0.7647058823529411
190146,1,0.6474,0.8042,0.7294,4.1,130.4,0.7647058823529411
190146,2,0.6505,0.8555,0.7294,6.38,246.69,0.7647058823529411
190146,3,0.6551,0.9172,0.7294,9.24,512.06,0.7647058823529411
190146,4,0.6587,0.9461,0.7529,10.72,584.88,0.7647058823529411
190146,5,0.6611,0.9553,0.7529,11.51,620.76,0.7647058823529411
190146,6,0.6627,0.9606,0.7529,11.54,628.14,0.7647058823529411
190146,7,0.6644,0.9658,0.7412,11.43,642.45,0.7647058823529411
190146,8,0.6656,0.9737,0.7412,11.05,636.05,0.7647058823529411
190146,9,0.6656,0.9737,0.7529,10.96,625.2,0.7647058823529411
190146,10,0.666,0.9763,0.7529,10.97,615.49,0.7647058823529411
190146,11,0.6661,0.979,0.7412,10.95,618.91,0.7647058823529411
190146,12,0.6664,0.9803,0.7412,10.83,624.62,0.7647058823529411
190146,13,0.6675,0.9816,0.7412,10.61,629.55,0.7647058823529411
190146,14,0.6677,0.9829,0.7412,10.41,633.62,0.7647058823529411
190146,15,0.6682,0.9869,0.7412,10.18,645.14,0.7647058823529411
190146,16,0.6691,0.9869,0.7529,9.95,650.64,0.7647058823529411
190146,17,0.6696,0.9882,0.7647,9.72,656.57,0.7647058823529411
190146,18,0.6699,0.9882,0.7647,9.66,668.63,0.7647058823529411
190146,19,0.6703,0.9908,0.7647,9.6,697.34,0.7647058823529411
190146,20,0.6704,0.9921,0.7529,9.59,728.49,0.7647058823529411
190146,21,0.6706,0.9934,0.7529,9.5,751.47,0.7647058823529411
190146,22,0.6705,0.9961,0.7529,9.43,780.18,0.7647058823529411
190146,23,0.6706,0.9961,0.7412,9.39,800.31,0.7647058823529411
190146,24,0.6712,0.9961,0.7529,9.23,815.83,0.7647058823529411
190146,25,0.6715,0.9961,0.7529,9.15,825.9,0.7647058823529411
190146,26,0.6715,0.9961,0.7529,9.01,832.37,0.7647058823529411
190146,27,0.6714,0.9961,0.7294,8.96,835.53,0.7647058823529411
190146,28,0.6717,0.9961,0.7294,8.9,839.64,0.7647058823529411
190146,29,0.6719,0.9974,0.7294,8.8,841.33,0.7647058823529411
190146,30,0.672,0.9974,0.7294,8.75,842.5,0.7647058823529411
190146,31,0.6723,0.9974,0.7412,8.7,841.0,0.7647058823529411
190146,32,0.6725,0.9974,0.7412,8.64,839.87,0.7647058823529411
190146,33,0.6727,0.9974,0.7412,8.56,835.74,0.7647058823529411
190146,34,0.6729,0.9974,0.7412,8.51,834.0,0.7647058823529411
190146,35,0.6731,0.9974,0.7412,8.45,829.6,0.7647058823529411
190146,36,0.6733,0.9974,0.7412,8.35,822.24,0.7647058823529411
190146,37,0.6734,0.9974,0.7412,8.31,816.33,0.7647058823529411
190146,38,0.6733,0.9974,0.7412,8.27,811.31,0.7647058823529411
190146,39,0.6735,0.9974,0.7412,8.2,804.12,0.7647058823529411
190146,40,0.6736,0.9974,0.7412,8.19,800.62,0.7647058823529411
190146,41,0.6737,0.9974,0.7294,8.15,794.66,0.7647058823529411
190146,42,0.6739,0.9974,0.7294,8.09,787.61,0.7647058823529411
190146,43,0.674,0.9974,0.7294,8.04,780.1,0.7647058823529411
190146,44,0.6741,0.9974,0.7294,7.97,773.28,0.7647058823529411
190146,45,0.6742,0.9961,0.7294,7.9,766.17,0.7647058823529411
190146,46,0.6744,0.9961,0.7294,7.88,760.75,0.7647058823529411
190146,47,0.6745,0.9961,0.7294,7.85,755.15,0.7647058823529411
190146,48,0.6747,0.9961,0.7294,7.85,748.77,0.7647058823529411
190146,49,0.6748,0.9961,0.7294,7.86,742.45,0.7647058823529411
2073,0,0.484,0.585,0.6376,11.21,94.79,0.7181208053691275
2073,1,0.484,0.585,0.6376,11.21,94.79,0.7181208053691275
2073,2,0.4846,0.5963,0.6174,11.95,110.04,0.7181208053691275
2073,3,0.4908,0.6007,0.6309,12.95,136.16,0.7181208053691275
2073,4,0.4926,0.6045,0.6309,13.66,146.83,0.7181208053691275
2073,5,0.4954,0.6105,0.6309,14.2,161.12,0.7181208053691275
2073,6,0.4999,0.6172,0.6376,14.83,177.37,0.7181208053691275
2073,7,0.5016,0.6225,0.6376,15.19,189.88,0.7181208053691275
2073,8,0.5023,0.6255,0.6376,15.33,197.09,0.7181208053691275
2073,9,0.5049,0.6255,0.651,16.22,215.81,0.7181208053691275
2073,10,0.5055,0.6262,0.6443,16.29,226.71,0.7181208053691275
2073,11,0.5067,0.6292,0.651,16.97,258.33,0.7181208053691275
2073,12,0.5084,0.6307,0.6443,17.38,283.4,0.7181208053691275
2073,13,0.5096,0.6315,0.6443,17.53,312.1,0.7181208053691275
2073,14,0.5115,0.6345,0.6443,17.64,355.93,0.7181208053691275
2073,15,0.5125,0.6382,0.6577,17.63,420.77,0.7181208053691275
2073,16,0.5136,0.6427,0.6577,18.2,527.42,0.7181208053691275
2073,17,0.515,0.6464,0.6577,18.63,611.92,0.7181208053691275
2073,18,0.516,0.6487,0.6577,19.29,717.35,0.7181208053691275
2073,19,0.5168,0.6502,0.6577,19.97,822.97,0.7181208053691275
2073,20,0.5173,0.6509,0.6577,20.43,920.41,0.7181208053691275
2073,21,0.5178,0.6539,0.6577,20.74,1002.57,0.7181208053691275
2073,22,0.5184,0.6562,0.6644,21.37,1085.58,0.7181208053691275
2073,23,0.5189,0.6629,0.6711,21.62,1179.54,0.7181208053691275
2073,24,0.5193,0.6652,0.6711,21.85,1271.03,0.7181208053691275
2073,25,0.5196,0.6674,0.6711,22.1,1369.35,0.7181208053691275
2073,26,0.5196,0.6697,0.6711,22.51,1502.45,0.7181208053691275
2073,27,0.5197,0.6749,0.6711,23.09,1652.24,0.7181208053691275
2073,28,0.5195,0.6764,0.6779,23.44,1787.69,0.7181208053691275
2073,29,0.5195,0.6794,0.6779,23.93,1955.15,0.7181208053691275
2073,30,0.5194,0.6831,0.6779,24.71,2143.8,0.7181208053691275
2073,31,0.5191,0.6854,0.6779,25.31,2389.32,0.7181208053691275
2073,32,0.5188,0.6884,0.6779,25.75,2663.81,0.7181208053691275
2073,33,0.5184,0.6944,0.6846,26.14,2910.17,0.7181208053691275
2073,34,0.5182,0.7004,0.6846,26.65,3149.53,0.7181208053691275
2073,35,0.5179,0.7041,0.6846,27.11,3446.65,0.7181208053691275
2073,36,0.5178,0.7116,0.6846,27.56,3789.49,0.7181208053691275
2073,37,0.5177,0.7146,0.6846,28.13,4119.74,0.7181208053691275
2073,38,0.5176,0.7176,0.6846,28.65,4506.59,0.7181208053691275
2073,39,0.5173,0.7206,0.6846,29.05,4906.75,0.7181208053691275
2073,40,0.5169,0.7228,0.6846,29.44,5280.2,0.7181208053691275
2073,41,0.5165,0.7281,0.6846,29.8,5672.15,0.7181208053691275
2073,42,0.5162,0.7303,0.6913,30.35,6133.84,0.7181208053691275
2073,43,0.5158,0.7363,0.6913,30.83,6660.84,0.7181208053691275
2073,44,0.5154,0.7438,0.698,31.24,7216.8,0.7181208053691275
2073,45,0.5152,0.7483,0.698,31.8,7830.98,0.7181208053691275
2073,46,0.515,0.7551,0.7047,32.12,8387.13,0.7181208053691275
2073,47,0.5149,0.7603,0.7047,32.43,8929.49,0.7181208053691275
2073,48,0.5145,0.7655,0.7047,32.77,9438.46,0.7181208053691275
2073,49,0.5143,0.7663,0.7047,33.0,9872.98,0.7181208053691275
190146,0,0.6506,0.8121,0.7176,7.75,137.13,0.7764705882352941
190146,1,0.6506,0.8121,0.7176,7.75,137.13,0.7764705882352941
190146,2,0.6575,0.8633,0.7294,9.45,264.13,0.7764705882352941
190146,3,0.6595,0.9054,0.7412,11.94,393.82,0.7764705882352941
190146,4,0.6621,0.9356,0.7412,12.16,454.18,0.7764705882352941
190146,5,0.6621,0.9435,0.7412,11.95,479.34,0.7764705882352941
190146,6,0.6638,0.954,0.7412,11.39,492.4,0.7764705882352941
190146,7,0.6642,0.9606,0.7412,11.06,530.22,0.7764705882352941
190146,8,0.6655,0.9645,0.7294,11.02,577.51,0.7764705882352941
190146,9,0.6666,0.9724,0.7176,10.82,615.62,0.7764705882352941
190146,10,0.6674,0.975,0.7294,10.59,632.83,0.7764705882352941
190146,11,0.6682,0.9763,0.7294,10.33,638.31,0.7764705882352941
190146,12,0.6691,0.9803,0.7294,10.15,641.44,0.7764705882352941
190146,13,0.6695,0.9803,0.7412,9.93,648.9,0.7764705882352941
190146,14,0.6696,0.9829,0.7294,9.78,662.27,0.7764705882352941
190146,15,0.67,0.9829,0.7294,9.63,677.95,0.7764705882352941
190146,16,0.6701,0.9855,0.7294,9.44,692.01,0.7764705882352941
190146,17,0.6705,0.9869,0.7294,9.25,706.66,0.7764705882352941
190146,18,0.671,0.9895,0.7294,9.08,728.04,0.7764705882352941
190146,19,0.6716,0.9921,0.7294,8.97,738.06,0.7764705882352941
190146,20,0.6717,0.9921,0.7294,8.92,758.21,0.7764705882352941
190146,21,0.6719,0.9934,0.7294,8.81,767.87,0.7764705882352941
190146,22,0.6723,0.9934,0.7412,8.68,781.31,0.7764705882352941
190146,23,0.6725,0.9934,0.7294,8.59,783.83,0.7764705882352941
190146,24,0.6725,0.9934,0.7412,8.49,792.35,0.7764705882352941
190146,25,0.6729,0.9934,0.7412,8.46,795.86,0.7764705882352941
190146,26,0.6732,0.9947,0.7294,8.45,796.82,0.7764705882352941
190146,27,0.6736,0.9961,0.7294,8.47,795.51,0.7764705882352941
190146,28,0.6736,0.9961,0.7294,8.41,799.06,0.7764705882352941
190146,29,0.6736,0.9961,0.7294,8.46,799.27,0.7764705882352941
190146,30,0.6738,0.9974,0.7294,8.44,798.36,0.7764705882352941
190146,31,0.6739,0.9974,0.7294,8.42,794.99,0.7764705882352941
190146,32,0.6741,0.9974,0.7294,8.33,791.83,0.7764705882352941
190146,33,0.6741,0.9974,0.7294,8.38,792.32,0.7764705882352941
190146,34,0.6741,0.9987,0.7294,8.3,790.39,0.7764705882352941
190146,35,0.6742,0.9987,0.7294,8.29,788.8,0.7764705882352941
190146,36,0.6743,0.9987,0.7294,8.36,789.06,0.7764705882352941
190146,37,0.6746,0.9987,0.7294,8.4,788.04,0.7764705882352941
190146,38,0.6747,0.9987,0.7294,8.38,786.53,0.7764705882352941
190146,39,0.6747,0.9987,0.7412,8.37,787.09,0.7764705882352941
190146,40,0.6748,0.9987,0.7412,8.39,784.71,0.7764705882352941
190146,41,0.675,0.9987,0.7294,8.37,782.76,0.7764705882352941
190146,42,0.675,0.9987,0.7412,8.37,783.04,0.7764705882352941
190146,43,0.675,0.9987,0.7412,8.33,779.85,0.7764705882352941
190146,44,0.6753,0.9987,0.7412,8.33,777.35,0.7764705882352941
190146,45,0.6752,0.9987,0.7294,8.3,773.29,0.7764705882352941
190146,46,0.6753,0.9987,0.7412,8.29,769.04,0.7764705882352941
190146,47,0.6754,0.9987,0.7412,8.31,765.53,0.7764705882352941
190146,48,0.6755,0.9987,0.7412,8.32,760.49,0.7764705882352941
190146,49,0.6755,0.9987,0.7412,8.36,757.8,0.7764705882352941
359959,0,0.4537,0.4279,0.4257,10.14,70.14,0.5337837837837838
359959,1,0.4537,0.4279,0.4257,10.14,70.14,0.5337837837837838
359959,2,0.4616,0.4921,0.4595,13.6,107.9,0.5337837837837838
359959,3,0.4669,0.5351,0.4865,14.53,129.17,0.5337837837837838
359959,4,0.471,0.5585,0.5135,15.37,162.41,0.5337837837837838
359959,5,0.4722,0.5751,0.5405,14.81,175.71,0.5337837837837838
359959,6,0.4745,0.5811,0.5473,14.57,198.35,0.5337837837837838
359959,7,0.4747,0.5857,0.5338,14.39,209.94,0.5337837837837838
359959,8,0.4754,0.5887,0.5338,14.06,225.45,0.5337837837837838
359959,9,0.4753,0.5894,0.5338,13.97,235.32,0.5337837837837838
359959,10,0.4757,0.5962,0.527,13.76,251.28,0.5337837837837838
359959,11,0.4763,0.5992,0.527,13.63,254.71,0.5337837837837838
359959,12,0.4768,0.6038,0.5203,13.34,254.9,0.5337837837837838
359959,13,0.4771,0.6045,0.5203,13.21,258.6,0.5337837837837838
359959,14,0.4767,0.606,0.5135,13.0,257.93,0.5337837837837838
359959,15,0.4769,0.606,0.527,12.8,263.28,0.5337837837837838
359959,16,0.4775,0.6068,0.527,12.72,272.26,0.5337837837837838
359959,17,0.4781,0.6068,0.5338,12.7,283.79,0.5337837837837838
359959,18,0.4782,0.6075,0.5405,12.53,288.27,0.5337837837837838
359959,19,0.4782,0.6091,0.5405,12.5,302.87,0.5337837837837838
359959,20,0.4781,0.6083,0.5405,12.46,319.74,0.5337837837837838
359959,21,0.4784,0.6098,0.5405,12.46,336.14,0.5337837837837838
359959,22,0.4783,0.6113,0.5405,12.36,347.4,0.5337837837837838
359959,23,0.4783,0.6113,0.5405,12.27,363.54,0.5337837837837838
359959,24,0.4786,0.6113,0.5405,12.2,388.46,0.5337837837837838
359959,25,0.4785,0.6136,0.5405,12.13,409.98,0.5337837837837838
359959,26,0.4786,0.6151,0.5405,12.12,432.69,0.5337837837837838
359959,27,0.4789,0.6151,0.5405,12.09,462.0,0.5337837837837838
359959,28,0.479,0.6151,0.5473,12.08,493.77,0.5337837837837838
359959,29,0.4788,0.6158,0.5473,12.11,519.38,0.5337837837837838
359959,30,0.4787,0.6181,0.5473,12.19,556.97,0.5337837837837838
359959,31,0.4787,0.6189,0.5473,12.17,592.54,0.5337837837837838
359959,32,0.4788,0.6219,0.5541,12.16,628.0,0.5337837837837838
359959,33,0.4789,0.6226,0.5541,12.15,658.46,0.5337837837837838
359959,34,0.4791,0.6234,0.5541,12.11,690.94,0.5337837837837838
359959,35,0.4789,0.6279,0.5541,12.14,738.48,0.5337837837837838
359959,36,0.479,0.6302,0.5541,12.12,786.6,0.5337837837837838
359959,37,0.479,0.6317,0.5541,12.17,827.34,0.5337837837837838
359959,38,0.4789,0.6332,0.5541,12.17,864.32,0.5337837837837838
359959,39,0.479,0.6332,0.5541,12.16,912.24,0.5337837837837838
359959,40,0.4791,0.6347,0.5541,12.16,952.05,0.5337837837837838
359959,41,0.4791,0.6355,0.5541,12.17,994.49,0.5337837837837838
359959,42,0.4791,0.637,0.5541,12.19,1039.74,0.5337837837837838
359959,43,0.4792,0.6377,0.5541,12.19,1075.67,0.5337837837837838
359959,44,0.4792,0.637,0.5541,12.3,1136.67,0.5337837837837838
359959,45,0.4792,0.6385,0.5541,12.38,1201.65,0.5337837837837838
359959,46,0.4792,0.64,0.5608,12.44,1269.14,0.5337837837837838
359959,47,0.4794,0.6408,0.5608,12.54,1354.91,0.5337837837837838
359959,48,0.4794,0.6408,0.5608,12.63,1424.34,0.5337837837837838
359959,49,0.4795,0.643,0.5608,12.71,1508.06,0.5337837837837838
168784,0,0.6208,0.7365,0.7385,4.97,164.54,0.8205128205128205
168784,1,0.6208,0.7365,0.7385,4.97,164.54,0.8205128205128205
168784,2,0.6273,0.7709,0.7385,6.71,289.8,0.8205128205128205
168784,3,0.635,0.7835,0.7538,7.87,468.24,0.8205128205128205
168784,4,0.6405,0.7938,0.7641,7.77,506.2,0.8205128205128205
168784,5,0.6441,0.8001,0.7641,7.7,528.75,0.8205128205128205
168784,6,0.646,0.8081,0.7744,7.44,550.63,0.8205128205128205
168784,7,0.648,0.8139,0.7744,7.19,578.68,0.8205128205128205
168784,8,0.6491,0.8196,0.7692,7.06,606.27,0.8205128205128205
168784,9,0.6505,0.827,0.7795,7.01,631.24,0.8205128205128205
168784,10,0.6513,0.8328,0.7795,6.88,645.23,0.8205128205128205
168784,11,0.652,0.8373,0.7795,6.79,671.57,0.8205128205128205
168784,12,0.6529,0.8402,0.7795,6.71,684.58,0.8205128205128205
168784,13,0.6531,0.8431,0.7795,6.64,715.32,0.8205128205128205
168784,14,0.6534,0.8454,0.7744,6.67,741.77,0.8205128205128205
168784,15,0.6541,0.8477,0.7744,6.68,776.83,0.8205128205128205
168784,16,0.6546,0.8517,0.7744,6.83,822.02,0.8205128205128205
168784,17,0.6549,0.8551,0.7744,6.83,842.99,0.8205128205128205
168784,18,0.6553,0.8585,0.7744,6.82,876.56,0.8205128205128205
168784,19,0.6556,0.8614,0.7744,6.75,904.22,0.8205128205128205
168784,20,0.656,0.8631,0.7744,6.74,944.94,0.8205128205128205
168784,21,0.6562,0.866,0.7744,6.76,993.84,0.8205128205128205
168784,22,0.6564,0.8666,0.7744,6.8,1062.67,0.8205128205128205
168784,23,0.6565,0.8688,0.7744,6.79,1123.99,0.8205128205128205
168784,24,0.6566,0.8706,0.7795,6.84,1194.97,0.8205128205128205
168784,25,0.6565,0.8734,0.7795,6.88,1279.55,0.8205128205128205
168784,26,0.6565,0.8763,0.7744,6.95,1371.97,0.8205128205128205
168784,27,0.6565,0.8814,0.7744,7.07,1471.5,0.8205128205128205
168784,28,0.6566,0.8866,0.7744,7.23,1618.55,0.8205128205128205
168784,29,0.6568,0.8883,0.7744,7.35,1752.83,0.8205128205128205
168784,30,0.6567,0.8906,0.7692,7.42,1855.24,0.8205128205128205
168784,31,0.6567,0.8935,0.7692,7.51,1952.29,0.8205128205128205
168784,32,0.6568,0.8975,0.7692,7.58,2055.68,0.8205128205128205
168784,33,0.657,0.9003,0.7692,7.76,2166.1,0.8205128205128205
168784,34,0.657,0.9032,0.7744,7.93,2280.42,0.8205128205128205
168784,35,0.6571,0.9061,0.7795,8.04,2392.57,0.8205128205128205
168784,36,0.6573,0.9095,0.7795,8.13,2498.72,0.8205128205128205
168784,37,0.6574,0.9135,0.7795,8.21,2629.94,0.8205128205128205
168784,38,0.6574,0.9158,0.7846,8.34,2774.47,0.8205128205128205
168784,39,0.6575,0.9192,0.7846,8.47,2932.6,0.8205128205128205
168784,40,0.6576,0.9244,0.7846,8.59,3114.44,0.8205128205128205
168784,41,0.6577,0.9267,0.7846,8.75,3364.47,0.8205128205128205
168784,42,0.6577,0.9284,0.7846,8.95,3663.58,0.8205128205128205
168784,43,0.6577,0.933,0.7846,9.14,3947.49,0.8205128205128205
168784,44,0.6578,0.937,0.7846,9.21,4235.17,0.8205128205128205
168784,45,0.6579,0.9422,0.7846,9.36,4526.66,0.8205128205128205
168784,46,0.658,0.9439,0.7846,9.55,4795.37,0.8205128205128205
168784,47,0.6581,0.9485,0.7846,9.66,5054.24,0.8205128205128205
168784,48,0.6582,0.9513,0.7846,9.79,5292.99,0.8205128205128205
168784,49,0.6583,0.9548,0.7846,9.87,5504.74,0.8205128205128205
359954,0,0.4731,0.6616,0.5676,9.11,125.55,0.6621621621621622
359954,1,0.4731,0.6616,0.5676,9.11,125.55,0.6621621621621622
359954,2,0.4803,0.6813,0.5946,10.89,208.16,0.6621621621621622
359954,3,0.4868,0.7069,0.5946,14.12,501.64,0.6621621621621622
359954,4,0.4956,0.7583,0.6351,19.47,1093.43,0.6621621621621622
359954,5,0.5004,0.787,0.6081,22.07,1425.57,0.6621621621621622
359954,6,0.5038,0.8157,0.6081,23.1,1582.62,0.6621621621621622
359954,7,0.5071,0.8384,0.6216,22.77,1662.36,0.6621621621621622
359954,8,0.5088,0.8505,0.6351,22.17,1675.63,0.6621621621621622
359954,9,0.5102,0.8595,0.6622,21.39,1686.5,0.6621621621621622
359954,10,0.5124,0.8716,0.6622,20.82,1696.7,0.6621621621621622
359954,11,0.5141,0.8776,0.6622,20.24,1702.87,0.6621621621621622
359954,12,0.5149,0.8852,0.6622,19.95,1752.19,0.6621621621621622
359954,13,0.5162,0.8867,0.6622,19.81,1791.63,0.6621621621621622
359954,14,0.5176,0.8973,0.6622,19.36,1820.33,0.6621621621621622
359954,15,0.519,0.9094,0.6622,19.08,1858.65,0.6621621621621622
359954,16,0.5196,0.9124,0.6622,18.73,1875.1,0.6621621621621622
359954,17,0.52,0.9215,0.6622,18.31,1906.76,0.6621621621621622
359954,18,0.5203,0.923,0.6622,17.86,1923.43,0.6621621621621622
359954,19,0.5201,0.929,0.6757,17.7,1941.94,0.6621621621621622
359954,20,0.5205,0.9381,0.6757,17.43,1954.91,0.6621621621621622
359954,21,0.521,0.9396,0.6757,17.22,1955.82,0.6621621621621622
359954,22,0.5215,0.9411,0.6892,16.95,1958.92,0.6621621621621622
359954,23,0.5217,0.9456,0.6892,16.78,1974.37,0.6621621621621622
359954,24,0.5221,0.9486,0.6892,16.5,1978.14,0.6621621621621622
359954,25,0.5226,0.9471,0.6892,16.28,1976.68,0.6621621621621622
359954,26,0.5226,0.9471,0.6757,16.19,1975.24,0.6621621621621622
359954,27,0.5228,0.9502,0.6757,16.03,1972.98,0.6621621621621622
359954,28,0.5229,0.9502,0.6757,15.85,1958.88,0.6621621621621622
359954,29,0.523,0.9532,0.6757,15.68,1950.27,0.6621621621621622
359954,30,0.5228,0.9562,0.6757,15.72,1953.73,0.6621621621621622
359954,31,0.5229,0.9562,0.6757,15.62,1950.71,0.6621621621621622
359954,32,0.5229,0.9547,0.6757,15.42,1937.77,0.6621621621621622
359954,33,0.5228,0.9562,0.6757,15.35,1924.37,0.6621621621621622
359954,34,0.5229,0.9562,0.6757,15.33,1919.46,0.6621621621621622
359954,35,0.5233,0.9577,0.6757,15.12,1907.8,0.6621621621621622
359954,36,0.5235,0.9592,0.6757,14.93,1894.21,0.6621621621621622
359954,37,0.5239,0.9607,0.6757,14.87,1887.14,0.6621621621621622
359954,38,0.524,0.9607,0.6757,14.72,1876.95,0.6621621621621622
359954,39,0.5239,0.9622,0.6757,14.64,1864.16,0.6621621621621622
359954,40,0.524,0.9637,0.6757,14.59,1854.01,0.6621621621621622
359954,41,0.5244,0.9653,0.6757,14.39,1841.92,0.6621621621621622
359954,42,0.5243,0.9653,0.6757,14.21,1827.29,0.6621621621621622
359954,43,0.5243,0.9653,0.6757,14.07,1814.65,0.6621621621621622
359954,44,0.5243,0.9653,0.6757,13.91,1804.95,0.6621621621621622
359954,45,0.5246,0.9653,0.6757,13.75,1791.68,0.6621621621621622
359954,46,0.5247,0.9653,0.6757,13.6,1778.91,0.6621621621621622
359954,47,0.5247,0.9653,0.6757,13.44,1768.41,0.6621621621621622
359954,48,0.5247,0.9653,0.6757,13.29,1756.16,0.6621621621621622
359954,49,0.5248,0.9668,0.6757,13.16,1742.86,0.6621621621621622
190146,0,0.6398,0.8029,0.7412,3.81,65.23,0.7764705882352941
190146,1,0.6398,0.8029,0.7412,3.81,65.23,0.7764705882352941
190146,2,0.6453,0.8344,0.7294,4.86,105.22,0.7764705882352941
190146,3,0.6495,0.8817,0.7294,7.15,165.99,0.7764705882352941
190146,4,0.6534,0.8949,0.7294,8.12,197.08,0.7764705882352941
190146,5,0.6547,0.9001,0.7294,8.71,219.38,0.7764705882352941
190146,6,0.6567,0.9159,0.7294,8.94,248.39,0.7764705882352941
190146,7,0.6585,0.9277,0.7294,9.25,275.02,0.7764705882352941
190146,8,0.6602,0.9369,0.7176,9.39,297.31,0.7764705882352941
190146,9,0.6608,0.9448,0.7176,9.45,318.03,0.7764705882352941
190146,10,0.6617,0.9488,0.7294,9.65,344.73,0.7764705882352941
190146,11,0.6629,0.958,0.7294,9.78,365.49,0.7764705882352941
190146,12,0.6635,0.9619,0.7294,9.91,383.21,0.7764705882352941
190146,13,0.6643,0.9645,0.7294,9.92,401.14,0.7764705882352941
190146,14,0.6646,0.9685,0.7294,10.07,431.0,0.7764705882352941
190146,15,0.6653,0.9711,0.7294,10.08,463.94,0.7764705882352941
190146,16,0.666,0.9763,0.7294,10.18,514.72,0.7764705882352941
190146,17,0.6666,0.9777,0.7294,10.17,558.09,0.7764705882352941
190146,18,0.6671,0.9777,0.7294,10.25,596.64,0.7764705882352941
190146,19,0.6675,0.9777,0.7294,10.24,628.64,0.7764705882352941
190146,20,0.6675,0.979,0.7294,10.33,653.44,0.7764705882352941
190146,21,0.6675,0.9803,0.7294,10.22,673.79,0.7764705882352941
190146,22,0.6677,0.9816,0.7294,10.2,694.88,0.7764705882352941
190146,23,0.6676,0.9842,0.7294,10.26,733.8,0.7764705882352941
190146,24,0.6679,0.9869,0.7294,10.2,770.46,0.7764705882352941
190146,25,0.6686,0.9908,0.7294,10.22,799.68,0.7764705882352941
190146,26,0.6689,0.9908,0.7294,10.17,824.69,0.7764705882352941
190146,27,0.6691,0.9921,0.7294,10.16,849.08,0.7764705882352941
190146,28,0.6697,0.9921,0.7294,10.25,872.03,0.7764705882352941
190146,29,0.6698,0.9934,0.7412,10.28,891.32,0.7764705882352941
190146,30,0.67,0.9934,0.7294,10.29,912.26,0.7764705882352941
190146,31,0.6702,0.9934,0.7294,10.28,928.33,0.7764705882352941
190146,32,0.6706,0.9961,0.7294,10.24,940.6,0.7764705882352941
190146,33,0.6707,0.9961,0.7412,10.35,952.89,0.7764705882352941
190146,34,0.6709,0.9961,0.7294,10.38,961.37,0.7764705882352941
190146,35,0.671,0.9961,0.7294,10.34,969.55,0.7764705882352941
190146,36,0.6711,0.9961,0.7294,10.29,978.16,0.7764705882352941
190146,37,0.6712,0.9961,0.7294,10.31,982.68,0.7764705882352941
190146,38,0.6713,0.9961,0.7412,10.29,987.38,0.7764705882352941
190146,39,0.6714,0.9961,0.7412,10.24,989.26,0.7764705882352941
190146,40,0.6716,0.9974,0.7412,10.19,993.91,0.7764705882352941
190146,41,0.6718,0.9987,0.7412,10.17,996.2,0.7764705882352941
190146,42,0.6718,0.9987,0.7412,10.17,997.14,0.7764705882352941
190146,43,0.6718,0.9987,0.7412,10.15,998.66,0.7764705882352941
190146,44,0.6719,0.9987,0.7412,10.14,997.7,0.7764705882352941
190146,45,0.6719,0.9987,0.7412,10.13,997.36,0.7764705882352941
190146,46,0.6722,0.9987,0.7294,10.13,995.09,0.7764705882352941
190146,47,0.6725,0.9987,0.7412,10.15,994.59,0.7764705882352941
190146,48,0.6728,0.9987,0.7412,10.15,991.4,0.7764705882352941
190146,49,0.6729,0.9987,0.7412,10.11,988.95,0.7764705882352941
168784,0,0.6143,0.7245,0.7282,4.95,178.92,0.8153846153846154
168784,1,0.6143,0.7245,0.7282,4.95,178.92,0.8153846153846154
168784,2,0.6245,0.7589,0.7385,7.07,513.93,0.8153846153846154
168784,3,0.6321,0.7967,0.759,11.17,1310.09,0.8153846153846154
168784,4,0.6377,0.8202,0.7692,13.7,1825.64,0.8153846153846154
168784,5,0.6411,0.8391,0.7538,14.18,2001.96,0.8153846153846154
168784,6,0.643,0.8499,0.759,13.94,2104.87,0.8153846153846154
168784,7,0.6447,0.8585,0.7641,13.67,2160.57,0.8153846153846154
168784,8,0.6465,0.8666,0.7744,13.24,2136.5,0.8153846153846154
168784,9,0.6485,0.874,0.7795,12.79,2131.35,0.8153846153846154
168784,10,0.6497,0.8797,0.7795,12.48,2137.77,0.8153846153846154
168784,11,0.6511,0.8837,0.7795,12.22,2154.12,0.8153846153846154
168784,12,0.6516,0.8895,0.7744,11.93,2191.75,0.8153846153846154
168784,13,0.6521,0.8923,0.7744,11.74,2318.49,0.8153846153846154
168784,14,0.6527,0.8986,0.7795,11.72,2480.62,0.8153846153846154
168784,15,0.6531,0.9044,0.7795,11.72,2600.4,0.8153846153846154
168784,16,0.6537,0.9095,0.7846,11.54,2687.13,0.8153846153846154
168784,17,0.6544,0.9158,0.7897,11.6,2776.22,0.8153846153846154
168784,18,0.655,0.9198,0.7949,11.48,2843.05,0.8153846153846154
168784,19,0.6551,0.925,0.7897,11.48,2920.71,0.8153846153846154
168784,20,0.6551,0.9301,0.7846,11.37,3001.35,0.8153846153846154
168784,21,0.6549,0.9353,0.7846,11.46,3134.37,0.8153846153846154
168784,22,0.655,0.941,0.7846,11.46,3335.46,0.8153846153846154
168784,23,0.6553,0.9456,0.7846,11.54,3499.96,0.8153846153846154
168784,24,0.6555,0.9502,0.7897,11.61,3667.77,0.8153846153846154
168784,25,0.6558,0.9542,0.7897,11.61,3845.38,0.8153846153846154
168784,26,0.656,0.9605,0.7897,11.58,4098.09,0.8153846153846154
168784,27,0.6563,0.9662,0.7897,11.6,4309.8,0.8153846153846154
168784,28,0.6565,0.9696,0.7949,11.57,4511.35,0.8153846153846154
168784,29,0.6566,0.9714,0.7949,11.52,4675.9,0.8153846153846154
168784,30,0.6566,0.9737,0.7897,11.49,4824.53,0.8153846153846154
168784,31,0.6568,0.9765,0.7897,11.48,4944.91,0.8153846153846154
168784,32,0.657,0.9817,0.7949,11.46,5068.33,0.8153846153846154
168784,33,0.6572,0.9828,0.7949,11.38,5168.84,0.8153846153846154
168784,34,0.6575,0.9834,0.7949,11.34,5270.32,0.8153846153846154
168784,35,0.6575,0.9851,0.7949,11.31,5375.78,0.8153846153846154
168784,36,0.6577,0.9857,0.7949,11.27,5470.01,0.8153846153846154
168784,37,0.6581,0.9874,0.7949,11.17,5538.45,0.8153846153846154
168784,38,0.6581,0.9874,0.8051,11.14,5611.59,0.8153846153846154
168784,39,0.6581,0.9885,0.8,11.03,5657.15,0.8153846153846154
168784,40,0.658,0.9903,0.8051,10.99,5698.62,0.8153846153846154
168784,41,0.6581,0.9903,0.8,10.89,5726.6,0.8153846153846154
168784,42,0.6581,0.9908,0.8,10.76,5749.23,0.8153846153846154
168784,43,0.6582,0.9914,0.8051,10.73,5752.85,0.8153846153846154
168784,44,0.6584,0.9914,0.8,10.63,5768.93,0.8153846153846154
168784,45,0.6586,0.9926,0.8,10.55,5761.9,0.8153846153846154
168784,46,0.6588,0.9926,0.7949,10.48,5750.7,0.8153846153846154
168784,47,0.6589,0.9926,0.8,10.4,5735.71,0.8153846153846154
168784,48,0.6589,0.9937,0.7949,10.31,5715.69,0.8153846153846154
168784,49,0.6589,0.9948,0.8,10.22,5695.22,0.8153846153846154
2073,0,0.4822,0.5933,0.6174,16.14,377.49,0.7181208053691275
2073,1,0.4822,0.5933,0.6174,16.14,377.49,0.7181208053691275
2073,2,0.4906,0.6112,0.6376,20.99,712.75,0.7181208053691275
2073,3,0.4968,0.6345,0.6376,29.78,1397.37,0.7181208053691275
2073,4,0.5016,0.6464,0.6376,32.76,1884.86,0.7181208053691275
2073,5,0.5047,0.6704,0.6309,33.69,2160.07,0.7181208053691275
2073,6,0.5071,0.6779,0.651,33.88,2272.92,0.7181208053691275
2073,7,0.5093,0.6876,0.6577,33.55,2325.28,0.7181208053691275
2073,8,0.5096,0.6996,0.6644,32.84,2341.06,0.7181208053691275
2073,9,0.5104,0.7116,0.6644,32.09,2353.57,0.7181208053691275
2073,10,0.5108,0.7154,0.6779,31.33,2343.11,0.7181208053691275
2073,11,0.5109,0.7206,0.6779,30.45,2293.5,0.7181208053691275
2073,12,0.5115,0.7273,0.6779,29.38,2265.47,0.7181208053691275
2073,13,0.5117,0.7341,0.6913,28.66,2269.5,0.7181208053691275
2073,14,0.5124,0.7363,0.6913,27.98,2256.07,0.7181208053691275
2073,15,0.5132,0.7363,0.6913,27.45,2249.77,0.7181208053691275
2073,16,0.5136,0.7408,0.6913,26.9,2267.71,0.7181208053691275
2073,17,0.5139,0.7438,0.7047,26.57,2321.32,0.7181208053691275
2073,18,0.5139,0.7476,0.7114,26.14,2414.96,0.7181208053691275
2073,19,0.514,0.7513,0.7114,25.78,2519.79,0.7181208053691275
2073,20,0.5139,0.7551,0.7114,25.9,2699.87,0.7181208053691275
2073,21,0.5134,0.7618,0.7047,26.04,2915.0,0.7181208053691275
2073,22,0.5136,0.7655,0.7114,25.93,3146.38,0.7181208053691275
2073,23,0.5138,0.7738,0.7047,25.67,3360.49,0.7181208053691275
2073,24,0.514,0.7783,0.7114,25.43,3565.35,0.7181208053691275
2073,25,0.5138,0.7835,0.7047,25.21,3840.91,0.7181208053691275
2073,26,0.5134,0.7873,0.7114,25.08,4119.5,0.7181208053691275
2073,27,0.5131,0.7925,0.7114,25.22,4464.74,0.7181208053691275
2073,28,0.5128,0.8,0.7047,25.34,4846.47,0.7181208053691275
2073,29,0.5126,0.806,0.7047,25.48,5246.3,0.7181208053691275
2073,30,0.5122,0.8112,0.7047,25.35,5604.24,0.7181208053691275
2073,31,0.512,0.8142,0.7047,25.37,5940.76,0.7181208053691275
2073,32,0.5119,0.8172,0.7047,25.28,6320.39,0.7181208053691275
2073,33,0.5117,0.824,0.7047,25.05,6731.06,0.7181208053691275
2073,34,0.5116,0.8285,0.7047,24.76,7141.93,0.7181208053691275
2073,35,0.5114,0.8307,0.7047,24.4,7576.18,0.7181208053691275
2073,36,0.5115,0.8352,0.7047,23.98,7979.25,0.7181208053691275
2073,37,0.5113,0.8375,0.7047,23.64,8369.83,0.7181208053691275
2073,38,0.5111,0.8404,0.7047,23.3,8771.94,0.7181208053691275
2073,39,0.511,0.8442,0.7047,22.9,9056.92,0.7181208053691275
2073,40,0.5108,0.8487,0.7047,22.49,9320.88,0.7181208053691275
2073,41,0.5106,0.8532,0.7047,22.06,9566.32,0.7181208053691275
2073,42,0.5104,0.8554,0.7047,21.73,9776.39,0.7181208053691275
2073,43,0.5103,0.8577,0.7047,21.54,9984.07,0.7181208053691275
2073,44,0.5104,0.8599,0.7047,21.32,10141.49,0.7181208053691275
2073,45,0.5103,0.8637,0.7047,21.08,10310.74,0.7181208053691275
2073,46,0.5101,0.8689,0.7047,20.82,10465.29,0.7181208053691275
2073,47,0.51,0.8704,0.7047,20.65,10604.24,0.7181208053691275
2073,48,0.51,0.8727,0.7047,20.5,10729.61,0.7181208053691275
2073,49,0.5098,0.8757,0.7047,20.31,10823.58,0.7181208053691275
359954,0,0.4527,0.5831,0.5135,15.33,212.43,0.6756756756756757
359954,1,0.4527,0.5831,0.5135,15.33,212.43,0.6756756756756757
359954,2,0.4668,0.639,0.5405,20.46,423.11,0.6756756756756757
359954,3,0.4814,0.7069,0.5405,27.6,1022.19,0.6756756756756757
359954,4,0.488,0.7734,0.5811,30.59,1419.97,0.6756756756756757
359954,5,0.4966,0.8097,0.6081,30.16,1544.86,0.6756756756756757
359954,6,0.5006,0.8293,0.6486,29.48,1581.3,0.6756756756756757
359954,7,0.5042,0.8535,0.6622,28.18,1579.01,0.6756756756756757
359954,8,0.5064,0.8731,0.6622,26.85,1571.94,0.6756756756756757
359954,9,0.5088,0.8837,0.6622,25.97,1588.3,0.6756756756756757
359954,10,0.5104,0.8897,0.6622,25.16,1624.57,0.6756756756756757
359954,11,0.5116,0.8988,0.6622,24.09,1663.68,0.6756756756756757
359954,12,0.5133,0.9109,0.6622,23.43,1686.48,0.6756756756756757
359954,13,0.5141,0.9199,0.6622,22.87,1696.59,0.6756756756756757
359954,14,0.5149,0.932,0.6757,22.16,1717.55,0.6756756756756757
359954,15,0.5153,0.9381,0.6757,21.65,1738.51,0.6756756756756757
359954,16,0.5165,0.9426,0.6757,21.26,1761.49,0.6756756756756757
359954,17,0.5169,0.9456,0.6757,20.85,1800.51,0.6756756756756757
359954,18,0.5175,0.9517,0.6757,20.28,1843.51,0.6756756756756757
359954,19,0.5179,0.9532,0.6622,19.77,1856.16,0.6756756756756757
359954,20,0.5186,0.9562,0.6622,19.34,1875.33,0.6756756756756757
359954,21,0.5187,0.9562,0.6622,18.87,1885.97,0.6756756756756757
359954,22,0.5189,0.9577,0.6622,18.48,1892.83,0.6756756756756757
359954,23,0.5192,0.9592,0.6622,18.1,1888.51,0.6756756756756757
359954,24,0.5195,0.9592,0.6622,17.68,1884.44,0.6756756756756757
359954,25,0.5198,0.9592,0.6622,17.43,1882.39,0.6756756756756757
359954,26,0.5204,0.9607,0.6622,17.11,1876.48,0.6756756756756757
359954,27,0.5208,0.9622,0.6622,16.79,1863.34,0.6756756756756757
359954,28,0.5211,0.9622,0.6622,16.43,1846.52,0.6756756756756757
359954,29,0.5211,0.9637,0.6622,16.15,1830.72,0.6756756756756757
359954,30,0.5213,0.9637,0.6622,15.94,1819.99,0.6756756756756757
359954,31,0.5216,0.9653,0.6622,15.71,1807.86,0.6756756756756757
359954,32,0.5219,0.9653,0.6622,15.53,1797.63,0.6756756756756757
359954,33,0.5223,0.9668,0.6622,15.31,1786.48,0.6756756756756757
359954,34,0.5228,0.9683,0.6622,15.12,1776.16,0.6756756756756757
359954,35,0.523,0.9698,0.6622,14.92,1758.1,0.6756756756756757
359954,36,0.5232,0.9713,0.6486,14.73,1740.06,0.6756756756756757
359954,37,0.5231,0.9713,0.6486,14.62,1721.92,0.6756756756756757
359954,38,0.5232,0.9728,0.6622,14.46,1701.96,0.6756756756756757
359954,39,0.5234,0.9743,0.6622,14.28,1685.57,0.6756756756756757
359954,40,0.5234,0.9743,0.6622,14.12,1669.58,0.6756756756756757
359954,41,0.5233,0.9743,0.6757,13.96,1652.7,0.6756756756756757
359954,42,0.5233,0.9773,0.6757,13.8,1635.59,0.6756756756756757
359954,43,0.5234,0.9773,0.6757,13.67,1618.78,0.6756756756756757
359954,44,0.5236,0.9758,0.6622,13.53,1600.69,0.6756756756756757
359954,45,0.5235,0.9758,0.6622,13.41,1583.93,0.6756756756756757
359954,46,0.5237,0.9773,0.6622,13.32,1570.58,0.6756756756756757
359954,47,0.5239,0.9773,0.6622,13.23,1553.1,0.6756756756756757
359954,48,0.5241,0.9804,0.6622,13.09,1537.55,0.6756756756756757
359954,49,0.5241,0.9804,0.6622,12.98,1522.74,0.6756756756756757
2073,0,0.4764,0.5843,0.6107,12.53,115.5,0.7181208053691275
2073,1,0.4764,0.5843,0.6107,12.53,115.5,0.7181208053691275
2073,2,0.4815,0.5895,0.6174,13.73,140.54,0.7181208053691275
2073,3,0.4892,0.6015,0.6174,15.9,177.8,0.7181208053691275
2073,4,0.4938,0.612,0.6242,16.83,205.77,0.7181208053691275
2073,5,0.4985,0.6187,0.651,18.75,227.17,0.7181208053691275
2073,6,0.5037,0.621,0.651,20.11,244.36,0.7181208053691275
2073,7,0.5071,0.6262,0.6376,21.71,260.73,0.7181208053691275
2073,8,0.5088,0.6262,0.6376,21.94,273.71,0.7181208053691275
2073,9,0.5101,0.633,0.6443,22.01,284.94,0.7181208053691275
2073,10,0.5121,0.6404,0.651,22.28,295.75,0.7181208053691275
2073,11,0.5148,0.6397,0.651,22.61,310.59,0.7181208053691275
2073,12,0.5165,0.6404,0.651,22.4,326.82,0.7181208053691275
2073,13,0.5189,0.6479,0.651,22.25,344.31,0.7181208053691275
2073,14,0.5202,0.6517,0.651,22.25,370.92,0.7181208053691275
2073,15,0.5206,0.6569,0.6577,22.38,395.27,0.7181208053691275
2073,16,0.5213,0.6577,0.6577,22.54,420.27,0.7181208053691275
2073,17,0.5214,0.6599,0.6711,22.83,454.45,0.7181208053691275
2073,18,0.5216,0.6622,0.6779,23.18,487.71,0.7181208053691275
2073,19,0.5217,0.6652,0.6711,23.18,520.02,0.7181208053691275
2073,20,0.5226,0.6689,0.6779,23.59,570.01,0.7181208053691275
2073,21,0.5232,0.6727,0.6779,23.59,606.04,0.7181208053691275
2073,22,0.5236,0.6749,0.6779,23.46,640.93,0.7181208053691275
2073,23,0.5238,0.6787,0.6711,23.37,679.11,0.7181208053691275
2073,24,0.5242,0.6801,0.6779,23.25,720.48,0.7181208053691275
2073,25,0.5242,0.6831,0.6779,23.19,758.67,0.7181208053691275
2073,26,0.524,0.6846,0.6779,23.31,803.99,0.7181208053691275
2073,27,0.5242,0.6876,0.6779,23.31,833.61,0.7181208053691275
2073,28,0.5242,0.6884,0.6846,23.43,862.45,0.7181208053691275
2073,29,0.5244,0.6921,0.6846,23.48,891.13,0.7181208053691275
2073,30,0.5244,0.6929,0.6913,23.61,931.15,0.7181208053691275
2073,31,0.5242,0.6951,0.6913,23.65,984.9,0.7181208053691275
2073,32,0.5242,0.6996,0.6913,23.84,1067.36,0.7181208053691275
2073,33,0.5239,0.6996,0.6913,23.97,1190.38,0.7181208053691275
2073,34,0.5239,0.7004,0.6913,24.14,1334.28,0.7181208053691275
2073,35,0.5233,0.7004,0.6913,24.26,1480.19,0.7181208053691275
2073,36,0.5231,0.7004,0.6913,24.42,1632.69,0.7181208053691275
2073,37,0.5229,0.7049,0.6913,24.45,1780.94,0.7181208053691275
2073,38,0.5226,0.7064,0.6913,24.64,1950.37,0.7181208053691275
2073,39,0.5223,0.7071,0.6913,24.85,2140.97,0.7181208053691275
2073,40,0.5219,0.7071,0.6913,25.08,2328.18,0.7181208053691275
2073,41,0.5217,0.7109,0.698,25.27,2555.45,0.7181208053691275
2073,42,0.5215,0.7146,0.698,25.48,2792.51,0.7181208053691275
2073,43,0.5213,0.7206,0.698,25.64,3063.58,0.7181208053691275
2073,44,0.521,0.7221,0.698,25.95,3356.96,0.7181208053691275
2073,45,0.5207,0.7273,0.698,26.14,3768.02,0.7181208053691275
2073,46,0.5203,0.7311,0.698,26.3,4313.03,0.7181208053691275
2073,47,0.52,0.7348,0.698,26.74,4867.31,0.7181208053691275
2073,48,0.5197,0.7386,0.698,27.03,5504.87,0.7181208053691275
2073,49,0.5192,0.7461,0.698,27.41,6166.54,0.7181208053691275
168784,0,0.6192,0.7377,0.7282,4.61,136.07,0.8102564102564103
168784,1,0.6192,0.7377,0.7282,4.61,136.07,0.8102564102564103
168784,2,0.6304,0.7663,0.7333,6.18,243.97,0.8102564102564103
168784,3,0.6363,0.7892,0.7385,7.22,325.53,0.8102564102564103
168784,4,0.6403,0.8013,0.7487,7.92,376.88,0.8102564102564103
168784,5,0.6442,0.8076,0.759,8.46,415.78,0.8102564102564103
168784,6,0.6466,0.8162,0.759,8.93,462.0,0.8102564102564103
168784,7,0.6491,0.8247,0.759,9.28,517.08,0.8102564102564103
168784,8,0.6512,0.831,0.759,9.4,584.03,0.8102564102564103
168784,9,0.6526,0.8373,0.7538,9.68,687.92,0.8102564102564103
168784,10,0.6533,0.8408,0.7538,9.64,816.8,0.8102564102564103
168784,11,0.654,0.8482,0.759,9.98,982.61,0.8102564102564103
168784,12,0.6542,0.8574,0.759,10.16,1161.48,0.8102564102564103
168784,13,0.6546,0.8637,0.7641,10.17,1319.28,0.8102564102564103
168784,14,0.6552,0.87,0.759,10.32,1490.74,0.8102564102564103
168784,15,0.656,0.8757,0.759,10.39,1694.36,0.8102564102564103
168784,16,0.6559,0.8809,0.7641,10.32,1885.96,0.8102564102564103
168784,17,0.6564,0.8855,0.7641,10.26,2085.55,0.8102564102564103
168784,18,0.6565,0.89,0.7692,10.18,2283.68,0.8102564102564103
168784,19,0.6565,0.8963,0.7744,10.07,2473.1,0.8102564102564103
168784,20,0.6566,0.9026,0.7744,9.99,2625.46,0.8102564102564103
168784,21,0.6569,0.9061,0.7692,9.9,2776.04,0.8102564102564103
168784,22,0.6571,0.9107,0.7795,9.95,2933.92,0.8102564102564103
168784,23,0.6572,0.9129,0.7795,10.01,3137.21,0.8102564102564103
168784,24,0.6573,0.917,0.7795,9.94,3325.61,0.8102564102564103
168784,25,0.6574,0.9227,0.7846,9.89,3521.77,0.8102564102564103
168784,26,0.6577,0.929,0.7846,9.85,3702.37,0.8102564102564103
168784,27,0.6578,0.933,0.7897,9.96,3893.23,0.8102564102564103
168784,28,0.6578,0.9376,0.7846,9.96,4059.36,0.8102564102564103
168784,29,0.6577,0.9422,0.7897,10.11,4235.28,0.8102564102564103
168784,30,0.6578,0.9462,0.7897,10.16,4391.45,0.8102564102564103
168784,31,0.6579,0.9525,0.7897,10.22,4521.91,0.8102564102564103
168784,32,0.658,0.9559,0.7897,10.34,4712.22,0.8102564102564103
168784,33,0.6578,0.9576,0.7897,10.36,4933.67,0.8102564102564103
168784,34,0.6578,0.9593,0.7897,10.39,5153.85,0.8102564102564103
168784,35,0.6579,0.9611,0.7897,10.45,5381.0,0.8102564102564103
168784,36,0.658,0.9628,0.7897,10.44,5561.92,0.8102564102564103
168784,37,0.658,0.9651,0.7897,10.48,5730.0,0.8102564102564103
168784,38,0.658,0.9674,0.7897,10.48,5892.71,0.8102564102564103
168784,39,0.6581,0.9702,0.7897,10.51,6042.92,0.8102564102564103
168784,40,0.6582,0.9742,0.7897,10.49,6188.73,0.8102564102564103
168784,41,0.6582,0.9765,0.7897,10.49,6327.67,0.8102564102564103
168784,42,0.6584,0.9788,0.7897,10.53,6445.82,0.8102564102564103
168784,43,0.6587,0.9794,0.7897,10.51,6533.69,0.8102564102564103
168784,44,0.6588,0.9817,0.7949,10.49,6617.77,0.8102564102564103
168784,45,0.6588,0.9834,0.7949,10.49,6692.61,0.8102564102564103
168784,46,0.6589,0.9857,0.7949,10.52,6746.04,0.8102564102564103
168784,47,0.659,0.9868,0.7949,10.55,6802.89,0.8102564102564103
168784,48,0.6592,0.9868,0.7897,10.55,6844.2,0.8102564102564103
168784,49,0.6592,0.9868,0.7949,10.57,6891.02,0.8102564102564103
168784,0,0.6091,0.7411,0.7231,4.54,121.05,0.8153846153846154
168784,1,0.6091,0.7411,0.7231,4.54,121.05,0.8153846153846154
168784,2,0.6206,0.7629,0.7385,6.28,280.32,0.8153846153846154
168784,3,0.6294,0.7875,0.7436,8.74,501.7,0.8153846153846154
168784,4,0.6361,0.8024,0.7385,10.29,598.19,0.8153846153846154
168784,5,0.6408,0.8121,0.759,10.8,671.56,0.8153846153846154
168784,6,0.6435,0.8265,0.7641,10.85,786.71,0.8153846153846154
168784,7,0.6464,0.8391,0.7692,11.25,930.68,0.8153846153846154
168784,8,0.6479,0.8448,0.7538,11.5,1057.46,0.8153846153846154
168784,9,0.6489,0.8522,0.7692,11.48,1153.98,0.8153846153846154
168784,10,0.6505,0.8585,0.7692,11.47,1227.02,0.8153846153846154
168784,11,0.6508,0.866,0.7692,11.21,1313.34,0.8153846153846154
168784,12,0.6516,0.8734,0.7641,11.01,1422.58,0.8153846153846154
168784,13,0.6521,0.8769,0.7744,10.91,1538.99,0.8153846153846154
168784,14,0.6527,0.8837,0.7744,10.74,1641.04,0.8153846153846154
168784,15,0.653,0.8883,0.7692,10.66,1757.53,0.8153846153846154
168784,16,0.6535,0.8935,0.7692,10.7,1872.33,0.8153846153846154
168784,17,0.6536,0.8986,0.7692,10.84,2103.34,0.8153846153846154
168784,18,0.6539,0.9009,0.7692,10.88,2369.6,0.8153846153846154
168784,19,0.6542,0.9072,0.7641,10.82,2617.64,0.8153846153846154
168784,20,0.6544,0.9118,0.7641,10.82,2851.85,0.8153846153846154
168784,21,0.6545,0.9152,0.7641,10.74,3042.61,0.8153846153846154
168784,22,0.6545,0.9198,0.7641,10.64,3237.86,0.8153846153846154
168784,23,0.6545,0.9261,0.7641,10.56,3435.03,0.8153846153846154
168784,24,0.6549,0.9301,0.7692,10.57,3591.11,0.8153846153846154
168784,25,0.655,0.9359,0.7692,10.54,3795.87,0.8153846153846154
168784,26,0.6551,0.9404,0.7744,10.46,3977.06,0.8153846153846154
168784,27,0.6553,0.9439,0.7795,10.41,4112.82,0.8153846153846154
168784,28,0.6555,0.9462,0.7846,10.36,4262.43,0.8153846153846154
168784,29,0.6556,0.949,0.7795,10.26,4383.22,0.8153846153846154
168784,30,0.6558,0.9525,0.7795,10.22,4489.46,0.8153846153846154
168784,31,0.6558,0.9553,0.7795,10.23,4596.25,0.8153846153846154
168784,32,0.6558,0.9576,0.7795,10.22,4694.88,0.8153846153846154
168784,33,0.6559,0.9599,0.7795,10.18,4799.42,0.8153846153846154
168784,34,0.656,0.9611,0.7795,10.11,4907.56,0.8153846153846154
168784,35,0.6562,0.9639,0.7795,10.05,5020.84,0.8153846153846154
168784,36,0.6562,0.9668,0.7795,10.04,5174.17,0.8153846153846154
168784,37,0.6562,0.9702,0.7795,10.0,5333.84,0.8153846153846154
168784,38,0.6563,0.9725,0.7795,10.0,5482.85,0.8153846153846154
168784,39,0.6563,0.9777,0.7744,10.01,5622.86,0.8153846153846154
168784,40,0.6564,0.98,0.7744,9.97,5742.27,0.8153846153846154
168784,41,0.6565,0.9817,0.7744,9.91,5864.46,0.8153846153846154
168784,42,0.6567,0.9822,0.7744,9.92,5958.09,0.8153846153846154
168784,43,0.6567,0.984,0.7744,9.89,6050.66,0.8153846153846154
168784,44,0.6568,0.9845,0.7744,9.86,6115.23,0.8153846153846154
168784,45,0.6569,0.9857,0.7744,9.83,6185.47,0.8153846153846154
168784,46,0.6571,0.9863,0.7744,9.81,6241.79,0.8153846153846154
168784,47,0.6574,0.9863,0.7744,9.77,6292.67,0.8153846153846154
168784,48,0.6575,0.9863,0.7744,9.75,6329.65,0.8153846153846154
168784,49,0.6577,0.9868,0.7744,9.73,6350.51,0.8153846153846154
359954,0,0.4604,0.6269,0.5405,11.76,162.86,0.6756756756756757
359954,1,0.4604,0.6269,0.5405,11.76,162.86,0.6756756756756757
359954,2,0.4705,0.6556,0.527,15.11,292.34,0.6756756756756757
359954,3,0.48,0.71,0.5541,21.28,676.06,0.6756756756756757
359954,4,0.4889,0.7598,0.5946,24.58,926.58,0.6756756756756757
359954,5,0.4954,0.781,0.6216,25.25,1087.27,0.6756756756756757
359954,6,0.4998,0.8082,0.6351,25.23,1159.61,0.6756756756756757
359954,7,0.5045,0.8308,0.6351,24.47,1173.95,0.6756756756756757
359954,8,0.5068,0.8399,0.6486,23.44,1184.09,0.6756756756756757
359954,9,0.508,0.8489,0.6622,22.5,1204.02,0.6756756756756757
359954,10,0.5101,0.8565,0.6622,21.73,1233.85,0.6756756756756757
359954,11,0.5112,0.8701,0.6622,20.76,1304.93,0.6756756756756757
359954,12,0.5116,0.8867,0.6622,19.97,1399.96,0.6756756756756757
359954,13,0.5131,0.8958,0.6622,19.2,1498.73,0.6756756756756757
359954,14,0.5136,0.9048,0.6622,18.68,1581.64,0.6756756756756757
359954,15,0.5139,0.9109,0.6622,18.12,1632.71,0.6756756756756757
359954,16,0.5142,0.9139,0.6622,17.42,1680.49,0.6756756756756757
359954,17,0.5146,0.9184,0.6622,16.96,1722.9,0.6756756756756757
359954,18,0.5156,0.9275,0.6622,16.56,1752.93,0.6756756756756757
359954,19,0.5165,0.9335,0.6622,16.09,1776.33,0.6756756756756757
359954,20,0.5172,0.9381,0.6622,15.68,1804.75,0.6756756756756757
359954,21,0.5183,0.9381,0.6622,15.27,1825.16,0.6756756756756757
359954,22,0.5184,0.9471,0.6622,14.89,1823.19,0.6756756756756757
359954,23,0.5187,0.9486,0.6757,14.6,1838.29,0.6756756756756757
359954,24,0.5193,0.9517,0.6757,14.47,1853.19,0.6756756756756757
359954,25,0.5196,0.9547,0.6757,14.36,1860.98,0.6756756756756757
359954,26,0.5202,0.9547,0.6757,14.33,1878.33,0.6756756756756757
359954,27,0.5208,0.9562,0.6757,14.22,1896.03,0.6756756756756757
359954,28,0.5214,0.9562,0.6757,14.14,1914.06,0.6756756756756757
359954,29,0.5217,0.9607,0.6757,14.06,1930.79,0.6756756756756757
359954,30,0.5217,0.9622,0.6757,13.89,1935.92,0.6756756756756757
359954,31,0.5218,0.9653,0.6757,13.8,1943.95,0.6756756756756757
359954,32,0.5221,0.9683,0.6757,13.6,1949.12,0.6756756756756757
359954,33,0.5221,0.9698,0.6757,13.45,1947.41,0.6756756756756757
359954,34,0.5222,0.9713,0.6757,13.27,1942.92,0.6756756756756757
359954,35,0.5224,0.9713,0.6757,13.13,1934.06,0.6756756756756757
359954,36,0.5225,0.9713,0.6757,13.0,1929.83,0.6756756756756757
359954,37,0.5229,0.9713,0.6757,12.87,1916.68,0.6756756756756757
359954,38,0.523,0.9713,0.6757,12.73,1908.46,0.6756756756756757
359954,39,0.5231,0.9713,0.6757,12.65,1896.52,0.6756756756756757
359954,40,0.5233,0.9743,0.6757,12.57,1883.26,0.6756756756756757
359954,41,0.5233,0.9758,0.6757,12.5,1868.36,0.6756756756756757
359954,42,0.5234,0.9773,0.6757,12.36,1853.09,0.6756756756756757
359954,43,0.5236,0.9789,0.6757,12.24,1842.34,0.6756756756756757
359954,44,0.5238,0.9789,0.6757,12.13,1822.97,0.6756756756756757
359954,45,0.5241,0.9789,0.6757,12.03,1805.27,0.6756756756756757
359954,46,0.524,0.9789,0.6757,11.91,1791.88,0.6756756756756757
359954,47,0.5241,0.9789,0.6757,11.8,1782.79,0.6756756756756757
359954,48,0.5243,0.9789,0.6757,11.71,1767.88,0.6756756756756757
359954,49,0.5245,0.9804,0.6757,11.62,1753.53,0.6756756756756757
359959,0,0.4654,0.4483,0.4392,9.3,65.73,0.5337837837837838
359959,1,0.4654,0.4483,0.4392,9.3,65.73,0.5337837837837838
359959,2,0.4676,0.4815,0.4527,12.99,169.97,0.5337837837837838
359959,3,0.4731,0.5306,0.5135,17.5,325.37,0.5337837837837838
359959,4,0.4767,0.5774,0.5541,20.22,479.55,0.5337837837837838
359959,5,0.4788,0.5917,0.5541,20.4,536.65,0.5337837837837838
359959,6,0.4797,0.6068,0.527,19.96,549.6,0.5337837837837838
359959,7,0.4821,0.6158,0.5473,19.19,555.1,0.5337837837837838
359959,8,0.4835,0.6234,0.5608,18.66,545.72,0.5337837837837838
359959,9,0.4842,0.6309,0.5608,17.82,523.02,0.5337837837837838
359959,10,0.4846,0.6317,0.5608,17.06,500.52,0.5337837837837838
359959,11,0.4851,0.6325,0.5608,16.37,483.15,0.5337837837837838
359959,12,0.4856,0.6294,0.5541,15.7,468.55,0.5337837837837838
359959,13,0.4861,0.6294,0.5541,15.07,456.31,0.5337837837837838
359959,14,0.4861,0.6309,0.5473,14.45,448.63,0.5337837837837838
359959,15,0.4858,0.6347,0.5541,13.91,443.88,0.5337837837837838
359959,16,0.4863,0.6362,0.5541,13.44,441.58,0.5337837837837838
359959,17,0.4868,0.6347,0.5541,13.07,443.26,0.5337837837837838
359959,18,0.4872,0.6377,0.5541,12.67,440.84,0.5337837837837838
359959,19,0.4871,0.6408,0.5608,12.3,441.87,0.5337837837837838
359959,20,0.4873,0.6392,0.5608,12.01,440.7,0.5337837837837838
359959,21,0.4877,0.6438,0.5541,11.68,443.44,0.5337837837837838
359959,22,0.4876,0.6453,0.5608,11.38,450.32,0.5337837837837838
359959,23,0.4878,0.6468,0.5608,11.11,455.02,0.5337837837837838
359959,24,0.4876,0.6453,0.5608,10.9,471.33,0.5337837837837838
359959,25,0.4876,0.646,0.5608,10.73,487.16,0.5337837837837838
359959,26,0.4875,0.646,0.5676,10.58,500.89,0.5337837837837838
359959,27,0.4874,0.6468,0.5676,10.48,530.66,0.5337837837837838
359959,28,0.4872,0.6483,0.5676,10.45,563.11,0.5337837837837838
359959,29,0.4871,0.6513,0.5676,10.4,610.93,0.5337837837837838
359959,30,0.4872,0.6521,0.5676,10.4,674.65,0.5337837837837838
359959,31,0.4871,0.6536,0.5676,10.37,728.32,0.5337837837837838
359959,32,0.4869,0.6536,0.5676,10.37,776.21,0.5337837837837838
359959,33,0.4868,0.6551,0.5676,10.37,841.65,0.5337837837837838
359959,34,0.4865,0.6581,0.5676,10.4,908.47,0.5337837837837838
359959,35,0.4863,0.6596,0.5676,10.42,971.28,0.5337837837837838
359959,36,0.4861,0.6596,0.5676,10.4,1034.68,0.5337837837837838
359959,37,0.486,0.6611,0.5676,10.43,1085.39,0.5337837837837838
359959,38,0.4859,0.6611,0.5676,10.46,1138.45,0.5337837837837838
359959,39,0.4858,0.6626,0.5676,10.47,1175.23,0.5337837837837838
359959,40,0.4857,0.6664,0.5676,10.45,1209.31,0.5337837837837838
359959,41,0.4857,0.6672,0.5676,10.43,1245.61,0.5337837837837838
359959,42,0.4856,0.6679,0.5676,10.42,1287.31,0.5337837837837838
359959,43,0.4855,0.6694,0.5676,10.38,1324.35,0.5337837837837838
359959,44,0.4852,0.6709,0.5676,10.34,1363.89,0.5337837837837838
359959,45,0.4851,0.6709,0.5676,10.35,1426.15,0.5337837837837838
359959,46,0.485,0.6732,0.5676,10.33,1492.97,0.5337837837837838
359959,47,0.4848,0.674,0.5608,10.37,1568.89,0.5337837837837838
359959,48,0.4846,0.6747,0.5608,10.4,1665.33,0.5337837837837838
359959,49,0.4844,0.6777,0.5608,10.45,1766.34,0.5337837837837838
2073,0,0.4726,0.5798,0.5772,11.92,87.17,0.7181208053691275
2073,1,0.4726,0.5798,0.5772,11.92,87.17,0.7181208053691275
2073,2,0.4783,0.588,0.6107,14.86,128.19,0.7181208053691275
2073,3,0.4874,0.6022,0.6242,19.24,203.7,0.7181208053691275
2073,4,0.4981,0.6232,0.6309,22.87,320.59,0.7181208053691275
2073,5,0.503,0.63,0.6376,24.11,455.61,0.7181208053691275
2073,6,0.5047,0.6404,0.6309,25.75,644.0,0.7181208053691275
2073,7,0.5067,0.6419,0.6242,25.6,740.63,0.7181208053691275
2073,8,0.5074,0.6517,0.6309,25.52,831.34,0.7181208053691275
2073,9,0.5077,0.6569,0.6309,24.82,875.68,0.7181208053691275
2073,10,0.5078,0.6599,0.6309,24.81,940.12,0.7181208053691275
2073,11,0.5075,0.6652,0.6376,25.5,1040.87,0.7181208053691275
2073,12,0.5078,0.6689,0.6443,25.53,1148.94,0.7181208053691275
2073,13,0.509,0.6749,0.6443,25.49,1307.13,0.7181208053691275
2073,14,0.5091,0.6764,0.6443,25.72,1533.45,0.7181208053691275
2073,15,0.5096,0.6801,0.6443,25.49,1701.08,0.7181208053691275
2073,16,0.5098,0.6816,0.6443,25.2,1837.49,0.7181208053691275
2073,17,0.5102,0.6861,0.6443,24.83,2018.64,0.7181208053691275
2073,18,0.5098,0.6921,0.6443,24.51,2129.34,0.7181208053691275
2073,19,0.5102,0.6951,0.6443,24.14,2247.67,0.7181208053691275
2073,20,0.5102,0.6989,0.651,23.88,2419.48,0.7181208053691275
2073,21,0.5102,0.7056,0.651,23.51,2581.26,0.7181208053691275
2073,22,0.51,0.7094,0.651,23.1,2751.2,0.7181208053691275
2073,23,0.5097,0.7131,0.6577,23.03,2983.45,0.7181208053691275
2073,24,0.5096,0.7154,0.6577,22.79,3236.58,0.7181208053691275
2073,25,0.5094,0.7169,0.6577,22.68,3526.02,0.7181208053691275
2073,26,0.5094,0.7228,0.6577,22.58,3856.02,0.7181208053691275
2073,27,0.5094,0.7273,0.6644,22.63,4337.39,0.7181208053691275
2073,28,0.5096,0.7356,0.6644,22.63,4821.19,0.7181208053691275
2073,29,0.5096,0.7431,0.6644,22.78,5262.3,0.7181208053691275
2073,30,0.5098,0.7446,0.6644,22.93,5682.06,0.7181208053691275
2073,31,0.5097,0.7483,0.6644,23.25,6015.71,0.7181208053691275
2073,32,0.5094,0.7536,0.6711,23.47,6320.24,0.7181208053691275
2073,33,0.5093,0.7603,0.6779,23.94,6653.38,0.7181208053691275
2073,34,0.5091,0.7618,0.6779,24.43,7011.47,0.7181208053691275
2073,35,0.5087,0.77,0.6846,25.16,7399.68,0.7181208053691275
2073,36,0.5086,0.7723,0.6846,25.77,7888.47,0.7181208053691275
2073,37,0.5084,0.7783,0.6913,26.42,8348.38,0.7181208053691275
2073,38,0.5081,0.7835,0.6913,27.04,8834.82,0.7181208053691275
2073,39,0.5079,0.788,0.6913,27.49,9297.5,0.7181208053691275
2073,40,0.5078,0.7918,0.6913,28.0,9791.74,0.7181208053691275
2073,41,0.5077,0.7978,0.6913,28.25,10213.87,0.7181208053691275
2073,42,0.5076,0.803,0.6913,28.35,10622.67,0.7181208053691275
2073,43,0.5074,0.8067,0.6913,28.66,11039.31,0.7181208053691275
2073,44,0.5072,0.8105,0.6913,28.8,11426.74,0.7181208053691275
2073,45,0.5069,0.8135,0.698,28.98,11734.91,0.7181208053691275
2073,46,0.5069,0.821,0.698,29.12,12010.49,0.7181208053691275
2073,47,0.5068,0.8247,0.698,29.39,12268.89,0.7181208053691275
2073,48,0.5068,0.83,0.698,29.52,12507.84,0.7181208053691275
2073,49,0.5068,0.8315,0.698,29.63,12705.22,0.7181208053691275
359959,0,0.4567,0.4272,0.4257,11.4,73.39,0.527027027027027
359959,1,0.4567,0.4272,0.4257,11.4,73.39,0.527027027027027
359959,2,0.4646,0.4868,0.4459,14.88,158.47,0.527027027027027
359959,3,0.4696,0.5306,0.5135,17.82,262.71,0.527027027027027
359959,4,0.4734,0.5585,0.5405,18.44,301.14,0.527027027027027
359959,5,0.4742,0.5826,0.5203,18.42,338.55,0.527027027027027
359959,6,0.4759,0.5947,0.5203,18.33,367.05,0.527027027027027
359959,7,0.4778,0.6083,0.5135,17.94,387.78,0.527027027027027
359959,8,0.4791,0.6113,0.527,17.35,387.58,0.527027027027027
359959,9,0.4805,0.6121,0.527,16.87,390.33,0.527027027027027
359959,10,0.4816,0.6166,0.5203,16.4,389.31,0.527027027027027
359959,11,0.4819,0.6174,0.5203,15.78,394.07,0.527027027027027
359959,12,0.4824,0.6196,0.527,15.21,387.74,0.527027027027027
359959,13,0.4828,0.6181,0.5405,15.03,397.64,0.527027027027027
359959,14,0.4832,0.6204,0.5405,14.87,427.18,0.527027027027027
359959,15,0.4833,0.6242,0.5405,14.71,464.97,0.527027027027027
359959,16,0.4833,0.6279,0.5405,14.5,510.04,0.527027027027027
359959,17,0.4831,0.6264,0.5405,14.51,566.8,0.527027027027027
359959,18,0.4831,0.6272,0.5473,14.32,619.25,0.527027027027027
359959,19,0.4834,0.6309,0.5541,14.2,670.95,0.527027027027027
359959,20,0.4831,0.6317,0.5541,14.03,699.64,0.527027027027027
359959,21,0.4831,0.6317,0.5608,13.78,722.06,0.527027027027027
359959,22,0.4831,0.6325,0.5608,13.59,745.76,0.527027027027027
359959,23,0.483,0.6355,0.5608,13.41,776.6,0.527027027027027
359959,24,0.4832,0.6377,0.5608,13.22,797.71,0.527027027027027
359959,25,0.4833,0.6423,0.5608,13.07,836.79,0.527027027027027
359959,26,0.4832,0.6438,0.5608,12.95,889.18,0.527027027027027
359959,27,0.4835,0.6453,0.5541,12.78,934.33,0.527027027027027
359959,28,0.4835,0.6491,0.5541,12.61,979.32,0.527027027027027
359959,29,0.4836,0.6498,0.5541,12.49,1028.83,0.527027027027027
359959,30,0.4835,0.6536,0.5541,12.35,1061.91,0.527027027027027
359959,31,0.4833,0.6536,0.5541,12.22,1117.8,0.527027027027027
359959,32,0.4833,0.6566,0.5608,12.16,1189.95,0.527027027027027
359959,33,0.4832,0.6604,0.5608,12.09,1255.39,0.527027027027027
359959,34,0.4831,0.6596,0.5608,12.01,1333.53,0.527027027027027
359959,35,0.483,0.6619,0.5608,11.99,1416.74,0.527027027027027
359959,36,0.483,0.6611,0.5676,11.93,1489.95,0.527027027027027
359959,37,0.483,0.6664,0.5676,11.88,1569.88,0.527027027027027
359959,38,0.483,0.6702,0.5676,11.84,1672.29,0.527027027027027
359959,39,0.483,0.674,0.5676,11.88,1807.92,0.527027027027027
359959,40,0.4829,0.6755,0.5676,11.9,1955.05,0.527027027027027
359959,41,0.4829,0.68,0.5676,11.91,2108.01,0.527027027027027
359959,42,0.4827,0.6815,0.5676,11.95,2237.15,0.527027027027027
359959,43,0.4826,0.683,0.5676,12.0,2366.55,0.527027027027027
359959,44,0.4824,0.6838,0.5676,12.01,2482.1,0.527027027027027
359959,45,0.4822,0.683,0.5676,12.02,2582.57,0.527027027027027
359959,46,0.4822,0.6838,0.5676,12.0,2698.64,0.527027027027027
359959,47,0.4821,0.6845,0.5676,11.93,2801.35,0.527027027027027
359959,48,0.482,0.6868,0.5676,11.9,2910.77,0.527027027027027
359959,49,0.482,0.6883,0.5676,11.9,3016.1,0.527027027027027
359954,0,0.4573,0.577,0.527,16.44,126.69,0.6756756756756757
359954,1,0.4573,0.577,0.527,16.44,126.69,0.6756756756756757
359954,2,0.4623,0.6103,0.5405,16.09,147.53,0.6756756756756757
359954,3,0.4658,0.6314,0.5541,17.8,203.51,0.6756756756756757
359954,4,0.4705,0.6571,0.5676,18.86,234.53,0.6756756756756757
359954,5,0.4743,0.6752,0.5811,19.14,266.17,0.6756756756756757
359954,6,0.4778,0.6903,0.5811,19.5,281.46,0.6756756756756757
359954,7,0.478,0.6918,0.5811,20.17,312.56,0.6756756756756757
359954,8,0.4804,0.7054,0.5811,20.05,351.13,0.6756756756756757
359954,9,0.4795,0.7069,0.5676,21.13,387.82,0.6756756756756757
359954,10,0.4804,0.71,0.5676,21.4,439.01,0.6756756756756757
359954,11,0.4824,0.7175,0.5676,21.58,502.09,0.6756756756756757
359954,12,0.4828,0.7221,0.5676,22.44,554.04,0.6756756756756757
359954,13,0.4841,0.7281,0.5676,22.78,600.12,0.6756756756756757
359954,14,0.4845,0.7341,0.5541,22.89,648.93,0.6756756756756757
359954,15,0.4859,0.7387,0.5541,23.1,700.68,0.6756756756756757
359954,16,0.4877,0.7538,0.5811,23.19,755.85,0.6756756756756757
359954,17,0.4895,0.7583,0.5946,23.3,802.76,0.6756756756756757
359954,18,0.4907,0.7689,0.5946,23.2,841.03,0.6756756756756757
359954,19,0.4926,0.7749,0.6081,23.0,875.95,0.6756756756756757
359954,20,0.4938,0.787,0.6216,23.09,922.16,0.6756756756756757
359954,21,0.4951,0.79,0.6351,23.32,965.27,0.6756756756756757
359954,22,0.4965,0.7946,0.6216,23.32,1014.18,0.6756756756756757
359954,23,0.4978,0.8036,0.6216,23.3,1072.46,0.6756756756756757
359954,24,0.4986,0.8082,0.6216,23.56,1138.22,0.6756756756756757
359954,25,0.4993,0.8172,0.6216,23.84,1201.03,0.6756756756756757
359954,26,0.5001,0.8187,0.6216,24.02,1251.65,0.6756756756756757
359954,27,0.5006,0.8338,0.6216,23.99,1311.06,0.6756756756756757
359954,28,0.5011,0.8353,0.6216,24.15,1375.93,0.6756756756756757
359954,29,0.5017,0.8384,0.6216,24.31,1433.64,0.6756756756756757
359954,30,0.5027,0.8444,0.6351,24.34,1498.52,0.6756756756756757
359954,31,0.5034,0.8474,0.6486,24.31,1563.35,0.6756756756756757
359954,32,0.5039,0.8505,0.6486,24.29,1643.42,0.6756756756756757
359954,33,0.5046,0.8565,0.6486,24.29,1715.71,0.6756756756756757
359954,34,0.505,0.864,0.6486,24.41,1784.51,0.6756756756756757
359954,35,0.5056,0.8671,0.6486,24.51,1849.94,0.6756756756756757
359954,36,0.506,0.8716,0.6622,24.43,1910.35,0.6756756756756757
359954,37,0.5062,0.8731,0.6622,24.5,1971.15,0.6756756756756757
359954,38,0.5069,0.8761,0.6622,24.49,2009.47,0.6756756756756757
359954,39,0.5073,0.8837,0.6622,24.42,2046.69,0.6756756756756757
359954,40,0.5079,0.8867,0.6622,24.41,2104.12,0.6756756756756757
359954,41,0.5082,0.8912,0.6622,24.42,2154.16,0.6756756756756757
359954,42,0.5086,0.8958,0.6622,24.28,2207.76,0.6756756756756757
359954,43,0.5091,0.9018,0.6622,24.14,2255.11,0.6756756756756757
359954,44,0.5096,0.9048,0.6622,24.07,2296.45,0.6756756756756757
359954,45,0.5102,0.9079,0.6622,24.04,2338.7,0.6756756756756757
359954,46,0.5106,0.9094,0.6622,23.97,2375.34,0.6756756756756757
359954,47,0.5108,0.9109,0.6757,23.83,2408.1,0.6756756756756757
359954,48,0.5112,0.9169,0.6757,23.68,2431.89,0.6756756756756757
359954,49,0.5114,0.9199,0.6757,23.61,2461.13,0.6756756756756757
