run_id,generation,avg_tree_test_acc,ensemble_train_acc,ensemble_test_acc,height_var,leaves_var,RF_baseline
359959,0,0.452,0.4272,0.4257,9.93,49.89,0.5337837837837838
359959,1,0.452,0.4272,0.4257,9.93,49.89,0.5337837837837838
359959,2,0.457,0.446,0.4189,12.27,82.57,0.5337837837837838
359959,3,0.4652,0.5162,0.473,14.91,127.48,0.5337837837837838
359959,4,0.47,0.5517,0.527,15.77,150.74,0.5337837837837838
359959,5,0.4726,0.5645,0.5405,15.35,154.4,0.5337837837837838
359959,6,0.4747,0.5804,0.5405,15.11,155.68,0.5337837837837838
359959,7,0.4763,0.5811,0.5541,14.22,155.14,0.5337837837837838
359959,8,0.4779,0.5894,0.5405,13.87,154.45,0.5337837837837838
359959,9,0.4793,0.5932,0.5405,13.16,153.97,0.5337837837837838
359959,10,0.4805,0.5992,0.5405,12.64,150.1,0.5337837837837838
359959,11,0.4813,0.6,0.5338,12.21,146.0,0.5337837837837838
359959,12,0.4827,0.6,0.5405,11.82,144.04,0.5337837837837838
359959,13,0.4828,0.606,0.5473,11.52,145.48,0.5337837837837838
359959,14,0.4832,0.603,0.527,11.24,148.4,0.5337837837837838
359959,15,0.4832,0.6091,0.527,11.04,156.81,0.5337837837837838
359959,16,0.4833,0.6121,0.527,10.84,165.51,0.5337837837837838
359959,17,0.4837,0.6121,0.5405,10.81,179.96,0.5337837837837838
359959,18,0.4839,0.6166,0.5473,10.88,199.4,0.5337837837837838
359959,19,0.484,0.6166,0.5473,10.87,217.07,0.5337837837837838
359959,20,0.4841,0.6181,0.5473,10.81,236.59,0.5337837837837838
359959,21,0.4843,0.6181,0.5541,10.68,257.28,0.5337837837837838
359959,22,0.4844,0.6196,0.5676,10.56,273.77,0.5337837837837838
359959,23,0.4842,0.6211,0.5608,10.46,294.11,0.5337837837837838
359959,24,0.4842,0.6189,0.5676,10.44,323.75,0.5337837837837838
359959,25,0.4845,0.6204,0.5676,10.35,347.11,0.5337837837837838
359959,26,0.4846,0.6226,0.5608,10.31,374.29,0.5337837837837838
359959,27,0.4846,0.6226,0.5608,10.29,402.09,0.5337837837837838
359959,28,0.4847,0.6211,0.5608,10.31,431.24,0.5337837837837838
359959,29,0.4845,0.6234,0.5608,10.25,465.25,0.5337837837837838
359959,30,0.4845,0.6249,0.5608,10.19,501.83,0.5337837837837838
359959,31,0.4843,0.6219,0.5608,10.15,545.54,0.5337837837837838
359959,32,0.4844,0.6242,0.5608,10.09,589.93,0.5337837837837838
359959,33,0.4842,0.6264,0.5608,10.05,634.06,0.5337837837837838
359959,34,0.4843,0.6279,0.5608,9.94,678.18,0.5337837837837838
359959,35,0.4843,0.6302,0.5608,9.92,726.39,0.5337837837837838
359959,36,0.4842,0.6317,0.5608,9.83,785.64,0.5337837837837838
359959,37,0.4842,0.6355,0.5608,9.8,848.69,0.5337837837837838
359959,38,0.4843,0.637,0.5608,9.75,921.74,0.5337837837837838
359959,39,0.4845,0.6377,0.5608,9.74,1005.24,0.5337837837837838
359959,40,0.4845,0.6392,0.5541,9.75,1103.62,0.5337837837837838
359959,41,0.4845,0.6408,0.5541,9.71,1186.27,0.5337837837837838
359959,42,0.4844,0.6423,0.5541,9.64,1272.09,0.5337837837837838
359959,43,0.4843,0.643,0.5608,9.58,1346.9,0.5337837837837838
359959,44,0.4843,0.646,0.5541,9.57,1422.29,0.5337837837837838
359959,45,0.4842,0.6468,0.5541,9.59,1506.45,0.5337837837837838
359959,46,0.484,0.6483,0.5541,9.63,1591.76,0.5337837837837838
359959,47,0.4839,0.6498,0.5541,9.69,1680.12,0.5337837837837838
359959,48,0.4837,0.6528,0.5541,9.72,1774.59,0.5337837837837838
359959,49,0.4836,0.6551,0.5541,9.74,1844.56,0.5337837837837838
359959,0,0.4605,0.4287,0.4257,11.01,100.54,0.5337837837837838
359959,1,0.4605,0.4287,0.4257,11.01,100.54,0.5337837837837838
359959,2,0.468,0.483,0.4459,16.46,284.98,0.5337837837837838
359959,3,0.4718,0.5208,0.5203,18.97,486.23,0.5337837837837838
359959,4,0.4737,0.5706,0.5473,23.07,768.76,0.5337837837837838
359959,5,0.4757,0.5917,0.5541,23.76,889.65,0.5337837837837838
359959,6,0.4767,0.603,0.5473,23.1,941.56,0.5337837837837838
359959,7,0.4779,0.6128,0.5405,22.99,960.52,0.5337837837837838
359959,8,0.4793,0.6242,0.5338,22.47,987.45,0.5337837837837838
359959,9,0.4809,0.6332,0.5338,21.73,1008.29,0.5337837837837838
359959,10,0.4821,0.6385,0.5405,21.0,1031.13,0.5337837837837838
359959,11,0.4825,0.6438,0.5541,20.47,1045.6,0.5337837837837838
359959,12,0.4826,0.6468,0.5608,19.66,1064.42,0.5337837837837838
359959,13,0.4827,0.6491,0.5608,19.21,1109.75,0.5337837837837838
359959,14,0.4821,0.6491,0.5608,18.62,1136.66,0.5337837837837838
359959,15,0.4817,0.6521,0.5541,18.0,1145.28,0.5337837837837838
359959,16,0.4815,0.6551,0.5541,17.54,1169.62,0.5337837837837838
359959,17,0.4817,0.6581,0.5541,17.15,1192.2,0.5337837837837838
359959,18,0.4817,0.6626,0.5608,16.84,1214.18,0.5337837837837838
359959,19,0.4818,0.6634,0.5608,16.49,1242.23,0.5337837837837838
359959,20,0.4822,0.6664,0.5608,16.12,1273.7,0.5337837837837838
359959,21,0.482,0.6664,0.5608,15.79,1283.09,0.5337837837837838
359959,22,0.482,0.6687,0.5676,15.39,1292.13,0.5337837837837838
359959,23,0.4822,0.6694,0.5676,15.04,1290.24,0.5337837837837838
359959,24,0.482,0.6717,0.5676,14.75,1304.57,0.5337837837837838
359959,25,0.4817,0.6717,0.5608,14.43,1328.47,0.5337837837837838
359959,26,0.4819,0.674,0.5608,14.15,1364.26,0.5337837837837838
359959,27,0.482,0.674,0.5608,13.89,1384.21,0.5337837837837838
359959,28,0.482,0.6755,0.5608,13.69,1426.3,0.5337837837837838
359959,29,0.4817,0.6762,0.5676,13.5,1450.21,0.5337837837837838
359959,30,0.4814,0.6785,0.5676,13.29,1473.71,0.5337837837837838
359959,31,0.4811,0.6792,0.5676,13.17,1491.55,0.5337837837837838
359959,32,0.4809,0.683,0.5676,13.01,1535.05,0.5337837837837838
359959,33,0.4807,0.6845,0.5676,12.86,1570.6,0.5337837837837838
359959,34,0.4805,0.6853,0.5676,12.75,1612.96,0.5337837837837838
359959,35,0.4805,0.686,0.5676,12.64,1639.83,0.5337837837837838
359959,36,0.4806,0.686,0.5676,12.49,1671.58,0.5337837837837838
359959,37,0.4807,0.6868,0.5743,12.35,1695.88,0.5337837837837838
359959,38,0.4808,0.6875,0.5743,12.2,1712.38,0.5337837837837838
359959,39,0.4806,0.6891,0.5676,12.09,1729.89,0.5337837837837838
359959,40,0.4804,0.6891,0.5608,11.97,1746.05,0.5337837837837838
359959,41,0.4805,0.6898,0.5676,11.8,1765.97,0.5337837837837838
359959,42,0.4804,0.6913,0.5676,11.66,1792.94,0.5337837837837838
359959,43,0.4803,0.6921,0.5676,11.58,1822.11,0.5337837837837838
359959,44,0.4803,0.6921,0.5676,11.52,1846.11,0.5337837837837838
359959,45,0.4803,0.6928,0.5676,11.41,1874.3,0.5337837837837838
359959,46,0.4802,0.6921,0.5676,11.29,1913.12,0.5337837837837838
359959,47,0.4801,0.6951,0.5676,11.18,1933.8,0.5337837837837838
359959,48,0.4801,0.6966,0.5676,11.08,1959.47,0.5337837837837838
359959,49,0.4801,0.6974,0.5608,10.96,1981.06,0.5337837837837838
359954,0,0.4661,0.6314,0.5405,11.19,94.72,0.6756756756756757
359954,1,0.4661,0.6314,0.5405,11.19,94.72,0.6756756756756757
359954,2,0.4787,0.6662,0.5541,12.19,344.35,0.6756756756756757
359954,3,0.4858,0.7085,0.5541,12.45,554.88,0.6756756756756757
359954,4,0.492,0.7462,0.5811,12.05,697.96,0.6756756756756757
359954,5,0.4957,0.7628,0.5946,11.96,731.14,0.6756756756756757
359954,6,0.4973,0.7704,0.6081,11.66,782.45,0.6756756756756757
359954,7,0.5001,0.781,0.6351,11.66,834.8,0.6756756756756757
359954,8,0.5021,0.8051,0.6351,10.96,832.57,0.6756756756756757
359954,9,0.5029,0.8051,0.6216,11.05,858.13,0.6756756756756757
359954,10,0.5029,0.8127,0.6216,11.14,896.76,0.6756756756756757
359954,11,0.5033,0.8187,0.6216,11.39,918.15,0.6756756756756757
359954,12,0.5054,0.8233,0.6216,11.63,929.47,0.6756756756756757
359954,13,0.5058,0.8278,0.6351,12.21,954.93,0.6756756756756757
359954,14,0.5063,0.8338,0.6351,12.5,964.66,0.6756756756756757
359954,15,0.5068,0.8369,0.6486,12.86,967.15,0.6756756756756757
359954,16,0.5076,0.8429,0.6486,12.91,986.07,0.6756756756756757
359954,17,0.5077,0.8474,0.6486,12.93,1016.13,0.6756756756756757
359954,18,0.508,0.8505,0.6486,13.23,1043.67,0.6756756756756757
359954,19,0.5084,0.8505,0.6486,13.24,1059.74,0.6756756756756757
359954,20,0.5087,0.8535,0.6486,13.12,1084.79,0.6756756756756757
359954,21,0.5094,0.858,0.6486,13.07,1119.22,0.6756756756756757
359954,22,0.5102,0.861,0.6622,12.9,1163.35,0.6756756756756757
359954,23,0.5105,0.8671,0.6622,12.83,1205.65,0.6756756756756757
359954,24,0.511,0.8686,0.6622,12.74,1239.74,0.6756756756756757
359954,25,0.5114,0.8686,0.6622,12.68,1267.57,0.6756756756756757
359954,26,0.5119,0.8716,0.6486,12.65,1325.33,0.6756756756756757
359954,27,0.5121,0.8867,0.6486,12.54,1366.22,0.6756756756756757
359954,28,0.5123,0.8882,0.6486,12.63,1422.54,0.6756756756756757
359954,29,0.5126,0.8927,0.6486,12.85,1462.85,0.6756756756756757
359954,30,0.5132,0.8988,0.6486,13.03,1501.22,0.6756756756756757
359954,31,0.5132,0.9003,0.6486,13.2,1531.12,0.6756756756756757
359954,32,0.5134,0.9033,0.6486,13.21,1557.26,0.6756756756756757
359954,33,0.5134,0.9033,0.6486,13.27,1580.53,0.6756756756756757
359954,34,0.5137,0.9094,0.6622,13.43,1610.01,0.6756756756756757
359954,35,0.5138,0.9109,0.6622,13.54,1633.88,0.6756756756756757
359954,36,0.514,0.9139,0.6622,13.62,1661.0,0.6756756756756757
359954,37,0.5141,0.9169,0.6622,13.65,1683.65,0.6756756756756757
359954,38,0.5144,0.9184,0.6622,13.71,1712.77,0.6756756756756757
359954,39,0.5145,0.9199,0.6622,13.79,1729.28,0.6756756756756757
359954,40,0.5147,0.9215,0.6622,13.85,1750.11,0.6756756756756757
359954,41,0.5152,0.9215,0.6622,13.96,1765.57,0.6756756756756757
359954,42,0.5155,0.9245,0.6622,13.99,1782.04,0.6756756756756757
359954,43,0.5157,0.926,0.6622,13.99,1782.93,0.6756756756756757
359954,44,0.516,0.929,0.6622,13.98,1794.0,0.6756756756756757
359954,45,0.5161,0.9305,0.6622,14.05,1802.16,0.6756756756756757
359954,46,0.5166,0.9335,0.6622,14.02,1811.16,0.6756756756756757
359954,47,0.5169,0.935,0.6622,14.02,1828.14,0.6756756756756757
359954,48,0.5171,0.9411,0.6622,14.08,1849.77,0.6756756756756757
359954,49,0.5176,0.9426,0.6757,14.09,1861.07,0.6756756756756757
190146,0,0.6516,0.841,0.7412,5.43,171.09,0.7529411764705882
190146,1,0.6516,0.841,0.7412,5.43,171.09,0.7529411764705882
190146,2,0.6568,0.9067,0.7412,8.07,459.55,0.7529411764705882
190146,3,0.6583,0.9435,0.7294,10.13,598.22,0.7529411764705882
190146,4,0.6617,0.958,0.7412,10.79,614.22,0.7529411764705882
190146,5,0.6629,0.9619,0.7294,10.25,624.8,0.7529411764705882
190146,6,0.6644,0.9724,0.7412,9.95,659.78,0.7529411764705882
190146,7,0.6647,0.979,0.7412,9.96,690.74,0.7529411764705882
190146,8,0.6659,0.9816,0.7294,10.0,694.71,0.7529411764705882
190146,9,0.667,0.9882,0.7294,9.88,682.73,0.7529411764705882
190146,10,0.6677,0.9895,0.7294,9.86,692.95,0.7529411764705882
190146,11,0.6679,0.9908,0.7294,10.07,712.47,0.7529411764705882
190146,12,0.6691,0.9934,0.7176,9.92,727.89,0.7529411764705882
190146,13,0.67,0.9934,0.7294,9.88,745.75,0.7529411764705882
190146,14,0.6702,0.9947,0.7294,9.96,764.76,0.7529411764705882
190146,15,0.6703,0.9974,0.7294,9.97,777.82,0.7529411764705882
190146,16,0.6704,0.9974,0.7294,10.03,798.09,0.7529411764705882
190146,17,0.6703,0.9987,0.7294,10.3,823.07,0.7529411764705882
190146,18,0.6699,0.9987,0.7294,10.17,846.98,0.7529411764705882
190146,19,0.6701,0.9987,0.7294,10.23,862.92,0.7529411764705882
190146,20,0.6698,1.0,0.7294,10.24,875.45,0.7529411764705882
190146,21,0.6696,1.0,0.7294,10.26,884.06,0.7529411764705882
190146,22,0.6696,1.0,0.7294,10.36,883.31,0.7529411764705882
190146,23,0.6695,1.0,0.7294,10.27,881.55,0.7529411764705882
190146,24,0.6695,1.0,0.7294,10.38,879.06,0.7529411764705882
190146,25,0.6694,1.0,0.7294,10.32,873.96,0.7529411764705882
190146,26,0.6694,1.0,0.7294,10.22,868.77,0.7529411764705882
190146,27,0.6697,1.0,0.7294,10.11,859.04,0.7529411764705882
190146,28,0.6699,1.0,0.7294,10.04,852.85,0.7529411764705882
190146,29,0.6699,1.0,0.7412,9.87,845.01,0.7529411764705882
190146,30,0.6701,1.0,0.7412,9.74,835.94,0.7529411764705882
190146,31,0.6703,1.0,0.7529,9.66,828.97,0.7529411764705882
190146,32,0.6704,1.0,0.7529,9.5,820.45,0.7529411764705882
190146,33,0.6703,1.0,0.7529,9.33,812.3,0.7529411764705882
190146,34,0.6707,1.0,0.7529,9.21,801.31,0.7529411764705882
190146,35,0.6707,1.0,0.7529,9.07,792.21,0.7529411764705882
190146,36,0.6706,1.0,0.7412,8.94,782.76,0.7529411764705882
190146,37,0.6706,1.0,0.7412,8.84,769.93,0.7529411764705882
190146,38,0.6709,1.0,0.7412,8.74,759.43,0.7529411764705882
190146,39,0.6709,1.0,0.7412,8.63,748.57,0.7529411764705882
190146,40,0.6711,1.0,0.7412,8.5,739.12,0.7529411764705882
190146,41,0.6712,1.0,0.7412,8.39,729.9,0.7529411764705882
190146,42,0.6713,1.0,0.7412,8.27,719.56,0.7529411764705882
190146,43,0.6714,1.0,0.7412,8.18,711.62,0.7529411764705882
190146,44,0.6713,1.0,0.7412,8.12,703.65,0.7529411764705882
190146,45,0.6713,1.0,0.7412,8.06,695.71,0.7529411764705882
190146,46,0.6713,1.0,0.7412,8.0,687.2,0.7529411764705882
190146,47,0.6713,1.0,0.7412,7.92,679.61,0.7529411764705882
190146,48,0.6714,1.0,0.7412,7.87,672.18,0.7529411764705882
190146,49,0.6714,1.0,0.7412,7.81,664.65,0.7529411764705882
359959,0,0.4654,0.4483,0.4392,9.3,65.73,0.5337837837837838
359959,1,0.4654,0.4483,0.4392,9.3,65.73,0.5337837837837838
359959,2,0.4673,0.4928,0.4865,14.75,253.25,0.5337837837837838
359959,3,0.4723,0.5653,0.5203,21.27,500.8,0.5337837837837838
359959,4,0.4753,0.5902,0.5203,22.3,570.66,0.5337837837837838
359959,5,0.4776,0.6038,0.5338,21.98,587.71,0.5337837837837838
359959,6,0.4796,0.6106,0.5405,20.9,565.29,0.5337837837837838
359959,7,0.4803,0.6181,0.5405,19.73,552.3,0.5337837837837838
359959,8,0.481,0.6279,0.5473,18.54,537.65,0.5337837837837838
359959,9,0.482,0.6279,0.5405,17.43,521.2,0.5337837837837838
359959,10,0.4826,0.634,0.5473,16.51,511.15,0.5337837837837838
359959,11,0.4828,0.6362,0.5338,15.81,496.9,0.5337837837837838
359959,12,0.4835,0.6377,0.5473,15.25,481.09,0.5337837837837838
359959,13,0.4833,0.6347,0.5473,14.63,469.93,0.5337837837837838
359959,14,0.4839,0.6332,0.5473,14.09,465.06,0.5337837837837838
359959,15,0.4844,0.6325,0.5473,13.57,463.79,0.5337837837837838
359959,16,0.4839,0.6332,0.5473,13.09,462.03,0.5337837837837838
359959,17,0.4836,0.6347,0.5473,12.67,460.18,0.5337837837837838
359959,18,0.4838,0.6385,0.5541,12.31,460.15,0.5337837837837838
359959,19,0.4837,0.6385,0.5473,11.97,463.72,0.5337837837837838
359959,20,0.4837,0.64,0.5541,11.61,458.25,0.5337837837837838
359959,21,0.4839,0.64,0.5541,11.27,453.85,0.5337837837837838
359959,22,0.4841,0.6408,0.5541,10.99,452.97,0.5337837837837838
359959,23,0.4839,0.6408,0.5541,10.76,454.15,0.5337837837837838
359959,24,0.4839,0.6423,0.5541,10.56,460.56,0.5337837837837838
359959,25,0.4841,0.6475,0.5541,10.35,468.7,0.5337837837837838
359959,26,0.4842,0.6468,0.5608,10.16,470.71,0.5337837837837838
359959,27,0.4841,0.6468,0.5608,9.97,479.78,0.5337837837837838
359959,28,0.4841,0.6468,0.5608,9.8,484.76,0.5337837837837838
359959,29,0.484,0.6475,0.5608,9.63,486.94,0.5337837837837838
359959,30,0.4839,0.6475,0.5676,9.46,488.57,0.5337837837837838
359959,31,0.4838,0.6483,0.5676,9.32,490.98,0.5337837837837838
359959,32,0.4838,0.6498,0.5676,9.18,490.85,0.5337837837837838
359959,33,0.4836,0.6521,0.5676,9.03,489.62,0.5337837837837838
359959,34,0.4837,0.6513,0.5676,8.93,492.65,0.5337837837837838
359959,35,0.484,0.6536,0.5676,8.81,496.36,0.5337837837837838
359959,36,0.4839,0.6536,0.5676,8.67,501.91,0.5337837837837838
359959,37,0.4838,0.6543,0.5676,8.56,509.6,0.5337837837837838
359959,38,0.4839,0.6543,0.5676,8.46,514.04,0.5337837837837838
359959,39,0.4839,0.6551,0.5676,8.37,522.2,0.5337837837837838
359959,40,0.4838,0.6566,0.5676,8.29,529.05,0.5337837837837838
359959,41,0.4837,0.6589,0.5676,8.22,539.96,0.5337837837837838
359959,42,0.4838,0.6574,0.5676,8.15,544.87,0.5337837837837838
359959,43,0.4837,0.6589,0.5676,8.11,554.82,0.5337837837837838
359959,44,0.4836,0.6589,0.5676,8.04,566.27,0.5337837837837838
359959,45,0.4835,0.6581,0.5676,7.99,578.17,0.5337837837837838
359959,46,0.4835,0.6574,0.5676,7.92,591.42,0.5337837837837838
359959,47,0.4833,0.6589,0.5676,7.87,610.71,0.5337837837837838
359959,48,0.4833,0.6596,0.5676,7.81,634.44,0.5337837837837838
359959,49,0.4833,0.6642,0.5676,7.78,657.86,0.5337837837837838
359959,0,0.4618,0.4468,0.4324,10.07,51.22,0.527027027027027
359959,1,0.4618,0.4468,0.4324,10.07,51.22,0.527027027027027
359959,2,0.464,0.4943,0.4595,11.32,62.45,0.527027027027027
359959,3,0.4671,0.5283,0.4797,12.74,103.39,0.527027027027027
359959,4,0.4694,0.5525,0.5541,14.63,164.29,0.527027027027027
359959,5,0.4731,0.5668,0.5473,16.63,229.82,0.527027027027027
359959,6,0.4742,0.5743,0.5473,16.43,253.01,0.527027027027027
359959,7,0.4741,0.5826,0.5541,16.08,276.61,0.527027027027027
359959,8,0.4742,0.5872,0.5473,16.03,297.5,0.527027027027027
359959,9,0.4748,0.5925,0.5608,15.97,326.99,0.527027027027027
359959,10,0.4748,0.5955,0.5473,15.76,340.54,0.527027027027027
359959,11,0.4752,0.5985,0.5338,15.37,340.08,0.527027027027027
359959,12,0.4762,0.6,0.5405,15.1,342.38,0.527027027027027
359959,13,0.4766,0.6038,0.5405,14.88,353.83,0.527027027027027
359959,14,0.4771,0.606,0.5473,14.53,357.51,0.527027027027027
359959,15,0.4776,0.6113,0.5405,14.33,361.76,0.527027027027027
359959,16,0.4777,0.6113,0.5338,13.97,363.25,0.527027027027027
359959,17,0.4777,0.6075,0.5338,13.9,373.61,0.527027027027027
359959,18,0.4783,0.6098,0.5338,13.81,383.08,0.527027027027027
359959,19,0.4784,0.6121,0.5405,13.68,390.61,0.527027027027027
359959,20,0.4784,0.6143,0.5405,13.62,395.54,0.527027027027027
359959,21,0.4784,0.6128,0.5405,13.71,400.36,0.527027027027027
359959,22,0.4787,0.6136,0.5405,13.49,407.73,0.527027027027027
359959,23,0.4787,0.6143,0.5405,13.34,411.37,0.527027027027027
359959,24,0.4788,0.6166,0.5473,13.26,422.51,0.527027027027027
359959,25,0.4788,0.6174,0.5405,13.31,440.82,0.527027027027027
359959,26,0.4788,0.6181,0.5405,13.24,458.8,0.527027027027027
359959,27,0.4787,0.6189,0.5405,13.22,484.05,0.527027027027027
359959,28,0.4787,0.6211,0.5405,13.32,521.37,0.527027027027027
359959,29,0.4789,0.6234,0.5405,13.35,545.66,0.527027027027027
359959,30,0.4792,0.6257,0.5405,13.25,563.12,0.527027027027027
359959,31,0.4794,0.6279,0.5541,13.19,582.41,0.527027027027027
359959,32,0.4796,0.6264,0.5541,13.14,611.33,0.527027027027027
359959,33,0.4797,0.6287,0.5541,13.06,638.22,0.527027027027027
359959,34,0.4799,0.6309,0.5541,13.0,669.51,0.527027027027027
359959,35,0.4799,0.634,0.5608,12.86,692.12,0.527027027027027
359959,36,0.4798,0.634,0.5608,12.77,727.24,0.527027027027027
359959,37,0.4797,0.634,0.5608,12.67,760.77,0.527027027027027
359959,38,0.4797,0.6355,0.5608,12.55,791.29,0.527027027027027
359959,39,0.4798,0.6362,0.5608,12.47,817.62,0.527027027027027
359959,40,0.4798,0.6377,0.5608,12.25,849.34,0.527027027027027
359959,41,0.4799,0.64,0.5608,12.06,887.25,0.527027027027027
359959,42,0.48,0.6408,0.5608,11.88,930.06,0.527027027027027
359959,43,0.48,0.6415,0.5608,11.73,979.75,0.527027027027027
359959,44,0.4801,0.6445,0.5608,11.67,1032.96,0.527027027027027
359959,45,0.4802,0.6468,0.5608,11.58,1080.48,0.527027027027027
359959,46,0.4802,0.6491,0.5608,11.5,1130.34,0.527027027027027
359959,47,0.4801,0.6506,0.5608,11.5,1190.05,0.527027027027027
359959,48,0.4801,0.6521,0.5608,11.52,1240.32,0.527027027027027
359959,49,0.4802,0.6528,0.5608,11.59,1285.92,0.527027027027027
359954,0,0.4665,0.636,0.5541,10.17,169.19,0.6621621621621622
359954,1,0.4665,0.636,0.5541,10.17,169.19,0.6621621621621622
359954,2,0.475,0.6767,0.5405,18.26,605.77,0.6621621621621622
359954,3,0.4866,0.7508,0.5811,25.83,1060.12,0.6621621621621622
359954,4,0.4935,0.787,0.5946,27.03,1218.47,0.6621621621621622
359954,5,0.4966,0.8142,0.5946,26.02,1237.91,0.6621621621621622
359954,6,0.4997,0.8384,0.6081,24.7,1276.54,0.6621621621621622
359954,7,0.5034,0.855,0.6351,23.52,1256.49,0.6621621621621622
359954,8,0.506,0.8671,0.6351,22.65,1258.16,0.6621621621621622
359954,9,0.5075,0.8776,0.6351,21.63,1264.42,0.6621621621621622
359954,10,0.5089,0.8912,0.6351,20.68,1259.56,0.6621621621621622
359954,11,0.5105,0.9003,0.6622,19.95,1248.74,0.6621621621621622
359954,12,0.5119,0.9048,0.6622,19.11,1242.89,0.6621621621621622
359954,13,0.5129,0.9124,0.6757,18.39,1236.38,0.6621621621621622
359954,14,0.5142,0.9199,0.6757,17.88,1238.16,0.6621621621621622
359954,15,0.515,0.926,0.6622,17.56,1262.31,0.6621621621621622
359954,16,0.516,0.932,0.6622,17.41,1291.08,0.6621621621621622
359954,17,0.5172,0.9335,0.6757,17.18,1317.39,0.6621621621621622
359954,18,0.5186,0.9381,0.6757,17.18,1339.87,0.6621621621621622
359954,19,0.5193,0.9411,0.6757,16.94,1355.78,0.6621621621621622
359954,20,0.5202,0.9456,0.6757,16.69,1372.88,0.6621621621621622
359954,21,0.5206,0.9471,0.6757,16.38,1385.42,0.6621621621621622
359954,22,0.5213,0.9486,0.6757,16.1,1409.32,0.6621621621621622
359954,23,0.5214,0.9517,0.6757,16.0,1417.97,0.6621621621621622
359954,24,0.5217,0.9562,0.6757,15.8,1431.74,0.6621621621621622
359954,25,0.5219,0.9562,0.6757,15.65,1431.61,0.6621621621621622
359954,26,0.522,0.9562,0.6757,15.4,1436.98,0.6621621621621622
359954,27,0.5224,0.9577,0.6622,15.16,1444.5,0.6621621621621622
359954,28,0.5226,0.9592,0.6622,14.98,1453.93,0.6621621621621622
359954,29,0.523,0.9622,0.6622,14.78,1467.86,0.6621621621621622
359954,30,0.5234,0.9653,0.6757,14.62,1479.9,0.6621621621621622
359954,31,0.5234,0.9653,0.6757,14.38,1487.7,0.6621621621621622
359954,32,0.524,0.9683,0.6757,14.14,1492.34,0.6621621621621622
359954,33,0.5242,0.9713,0.6757,13.88,1490.83,0.6621621621621622
359954,34,0.5245,0.9728,0.6757,13.71,1498.08,0.6621621621621622
359954,35,0.5244,0.9743,0.6757,13.53,1509.9,0.6621621621621622
359954,36,0.5246,0.9743,0.6757,13.36,1519.78,0.6621621621621622
359954,37,0.5246,0.9743,0.6757,13.27,1527.81,0.6621621621621622
359954,38,0.5247,0.9758,0.6757,13.11,1527.75,0.6621621621621622
359954,39,0.5246,0.9773,0.6757,13.0,1527.01,0.6621621621621622
359954,40,0.5248,0.9804,0.6757,12.85,1529.11,0.6621621621621622
359954,41,0.5251,0.9804,0.6757,12.72,1527.57,0.6621621621621622
359954,42,0.5252,0.9789,0.6757,12.58,1528.44,0.6621621621621622
359954,43,0.5254,0.9789,0.6757,12.46,1531.31,0.6621621621621622
359954,44,0.5254,0.9789,0.6757,12.33,1531.17,0.6621621621621622
359954,45,0.5254,0.9789,0.6757,12.19,1522.95,0.6621621621621622
359954,46,0.5255,0.9789,0.6757,12.07,1521.57,0.6621621621621622
359954,47,0.5258,0.9789,0.6757,11.93,1515.63,0.6621621621621622
359954,48,0.5261,0.9789,0.6757,11.81,1508.54,0.6621621621621622
359954,49,0.5262,0.9789,0.6757,11.72,1504.94,0.6621621621621622
2073,0,0.4728,0.585,0.5839,12.71,122.63,0.7181208053691275
2073,1,0.4728,0.585,0.5839,12.71,122.63,0.7181208053691275
2073,2,0.4791,0.6045,0.6174,16.36,207.51,0.7181208053691275
2073,3,0.4887,0.6187,0.6242,18.63,246.0,0.7181208053691275
2073,4,0.4983,0.6232,0.6242,18.69,258.01,0.7181208053691275
2073,5,0.5047,0.6292,0.6242,18.06,251.74,0.7181208053691275
2073,6,0.5088,0.6367,0.6443,17.38,250.89,0.7181208053691275
2073,7,0.5116,0.6404,0.6443,16.94,260.54,0.7181208053691275
2073,8,0.5138,0.6404,0.6443,15.99,258.55,0.7181208053691275
2073,9,0.5155,0.6434,0.6443,15.24,271.85,0.7181208053691275
2073,10,0.5162,0.6442,0.6443,14.56,281.56,0.7181208053691275
2073,11,0.5176,0.6487,0.6443,14.16,298.2,0.7181208053691275
2073,12,0.5186,0.6494,0.6443,13.77,296.94,0.7181208053691275
2073,13,0.5195,0.6494,0.6443,13.31,309.23,0.7181208053691275
2073,14,0.5206,0.6494,0.651,13.1,322.87,0.7181208053691275
2073,15,0.5214,0.6539,0.6577,12.98,337.32,0.7181208053691275
2073,16,0.5223,0.6562,0.6577,12.72,351.46,0.7181208053691275
2073,17,0.5229,0.6577,0.651,12.7,374.55,0.7181208053691275
2073,18,0.5235,0.6584,0.6577,12.52,385.23,0.7181208053691275
2073,19,0.5239,0.6599,0.6644,12.55,407.21,0.7181208053691275
2073,20,0.5247,0.6614,0.6644,12.6,430.33,0.7181208053691275
2073,21,0.5254,0.6614,0.6644,12.58,461.98,0.7181208053691275
2073,22,0.5257,0.6659,0.6644,12.74,514.48,0.7181208053691275
2073,23,0.5264,0.6667,0.6644,12.73,555.12,0.7181208053691275
2073,24,0.5267,0.6682,0.6644,12.71,603.73,0.7181208053691275
2073,25,0.5273,0.6712,0.6711,12.83,662.13,0.7181208053691275
2073,26,0.5273,0.6727,0.6644,12.87,715.77,0.7181208053691275
2073,27,0.5274,0.6742,0.6711,12.92,769.23,0.7181208053691275
2073,28,0.5273,0.6787,0.6711,13.01,815.05,0.7181208053691275
2073,29,0.5274,0.6801,0.6711,13.12,876.81,0.7181208053691275
2073,30,0.5274,0.6794,0.6779,13.26,953.88,0.7181208053691275
2073,31,0.5276,0.6816,0.6779,13.26,1030.89,0.7181208053691275
2073,32,0.5277,0.6816,0.6846,13.35,1104.43,0.7181208053691275
2073,33,0.5277,0.6869,0.6846,13.37,1182.53,0.7181208053691275
2073,34,0.5278,0.6876,0.6846,13.43,1267.42,0.7181208053691275
2073,35,0.5276,0.6891,0.6846,13.44,1329.22,0.7181208053691275
2073,36,0.5278,0.6921,0.6846,13.39,1389.0,0.7181208053691275
2073,37,0.5277,0.6944,0.6846,13.43,1461.17,0.7181208053691275
2073,38,0.5277,0.6959,0.6846,13.67,1546.35,0.7181208053691275
2073,39,0.5276,0.6989,0.6846,13.8,1633.17,0.7181208053691275
2073,40,0.5274,0.7004,0.6846,13.89,1753.88,0.7181208053691275
2073,41,0.5272,0.7019,0.6846,13.92,1893.49,0.7181208053691275
2073,42,0.5268,0.7049,0.6846,14.15,2053.1,0.7181208053691275
2073,43,0.5264,0.7086,0.6846,14.41,2238.61,0.7181208053691275
2073,44,0.5261,0.7101,0.6846,14.67,2400.11,0.7181208053691275
2073,45,0.5258,0.7146,0.6846,15.03,2560.85,0.7181208053691275
2073,46,0.5257,0.7176,0.6913,15.31,2717.38,0.7181208053691275
2073,47,0.5254,0.7213,0.6913,15.48,2870.33,0.7181208053691275
2073,48,0.5252,0.7228,0.6913,15.7,3067.09,0.7181208053691275
2073,49,0.525,0.7243,0.6913,15.91,3326.66,0.7181208053691275
359954,0,0.4573,0.577,0.527,16.44,126.69,0.6756756756756757
359954,1,0.4573,0.577,0.527,16.44,126.69,0.6756756756756757
359954,2,0.47,0.6375,0.5541,16.87,202.83,0.6756756756756757
359954,3,0.4787,0.6647,0.5676,16.93,259.34,0.6756756756756757
359954,4,0.4829,0.6918,0.5811,16.6,276.86,0.6756756756756757
359954,5,0.4869,0.7069,0.5946,16.35,285.58,0.6756756756756757
359954,6,0.49,0.7175,0.6081,15.76,278.17,0.6756756756756757
359954,7,0.4935,0.7326,0.6081,14.76,261.28,0.6756756756756757
359954,8,0.4966,0.7417,0.6081,14.07,244.25,0.6756756756756757
359954,9,0.4987,0.7523,0.6081,13.5,234.29,0.6756756756756757
359954,10,0.5014,0.7613,0.6216,12.99,229.53,0.6756756756756757
359954,11,0.5022,0.7628,0.6216,12.46,227.29,0.6756756756756757
359954,12,0.5034,0.7644,0.6081,12.14,227.3,0.6756756756756757
359954,13,0.5041,0.7749,0.6216,11.85,236.7,0.6756756756756757
359954,14,0.5051,0.7795,0.6216,11.71,262.16,0.6756756756756757
359954,15,0.5064,0.79,0.6216,11.6,278.1,0.6756756756756757
359954,16,0.5069,0.7961,0.6216,11.38,295.48,0.6756756756756757
359954,17,0.5078,0.7976,0.6351,11.16,311.08,0.6756756756756757
359954,18,0.5089,0.7991,0.6351,10.93,340.45,0.6756756756756757
359954,19,0.5098,0.8097,0.6486,10.63,376.5,0.6756756756756757
359954,20,0.5105,0.8127,0.6486,10.42,413.0,0.6756756756756757
359954,21,0.5104,0.8202,0.6486,10.21,451.81,0.6756756756756757
359954,22,0.5106,0.8293,0.6486,10.08,488.56,0.6756756756756757
359954,23,0.5112,0.8353,0.6486,10.04,518.08,0.6756756756756757
359954,24,0.5117,0.8353,0.6622,10.07,542.67,0.6756756756756757
359954,25,0.5121,0.8399,0.6622,9.93,576.47,0.6756756756756757
359954,26,0.5125,0.8489,0.6486,9.8,623.09,0.6756756756756757
359954,27,0.5129,0.852,0.6622,9.67,662.04,0.6756756756756757
359954,28,0.5131,0.852,0.6622,9.65,704.74,0.6756756756756757
359954,29,0.5138,0.8535,0.6622,9.68,747.75,0.6756756756756757
359954,30,0.5142,0.8565,0.6622,9.7,794.36,0.6756756756756757
359954,31,0.5145,0.8625,0.6622,9.72,857.73,0.6756756756756757
359954,32,0.515,0.8701,0.6622,9.77,953.29,0.6756756756756757
359954,33,0.5152,0.8701,0.6622,9.89,1063.42,0.6756756756756757
359954,34,0.5157,0.8761,0.6622,10.03,1175.99,0.6756756756756757
359954,35,0.5163,0.8822,0.6622,10.38,1288.39,0.6756756756756757
359954,36,0.5168,0.8837,0.6622,10.72,1402.42,0.6756756756756757
359954,37,0.517,0.8912,0.6622,11.01,1497.61,0.6756756756756757
359954,38,0.5175,0.8973,0.6622,11.21,1590.91,0.6756756756756757
359954,39,0.5177,0.9003,0.6622,11.4,1661.24,0.6756756756756757
359954,40,0.5179,0.9048,0.6622,11.56,1741.9,0.6756756756756757
359954,41,0.5183,0.9109,0.6622,11.71,1818.04,0.6756756756756757
359954,42,0.5183,0.9124,0.6622,11.83,1889.89,0.6756756756756757
359954,43,0.5187,0.9124,0.6622,11.93,1949.48,0.6756756756756757
359954,44,0.5188,0.9139,0.6622,12.07,2008.57,0.6756756756756757
359954,45,0.5191,0.9139,0.6622,12.31,2070.86,0.6756756756756757
359954,46,0.5192,0.9169,0.6622,12.57,2141.03,0.6756756756756757
359954,47,0.5194,0.9245,0.6622,12.83,2198.46,0.6756756756756757
359954,48,0.5195,0.9275,0.6622,13.08,2241.81,0.6756756756756757
359954,49,0.5198,0.9305,0.6622,13.22,2288.07,0.6756756756756757
359959,0,0.4622,0.4596,0.4392,12.47,85.45,0.5337837837837838
359959,1,0.4622,0.4596,0.4392,12.47,85.45,0.5337837837837838
359959,2,0.465,0.5155,0.5,14.34,105.47,0.5337837837837838
359959,3,0.4694,0.5638,0.527,14.89,118.08,0.5337837837837838
359959,4,0.4726,0.5758,0.5338,14.44,119.98,0.5337837837837838
359959,5,0.4749,0.5789,0.5338,13.5,115.46,0.5337837837837838
359959,6,0.4772,0.5849,0.5541,12.92,110.4,0.5337837837837838
359959,7,0.4783,0.5864,0.5608,12.22,105.67,0.5337837837837838
359959,8,0.4794,0.5917,0.5541,11.59,101.07,0.5337837837837838
359959,9,0.4806,0.5947,0.5338,11.2,100.36,0.5337837837837838
359959,10,0.4814,0.5925,0.5338,11.02,104.49,0.5337837837837838
359959,11,0.4821,0.5947,0.5203,10.81,107.63,0.5337837837837838
359959,12,0.4831,0.594,0.5338,10.51,109.28,0.5337837837837838
359959,13,0.4828,0.597,0.527,10.25,111.86,0.5337837837837838
359959,14,0.4832,0.6,0.5203,10.04,119.54,0.5337837837837838
359959,15,0.4833,0.603,0.5135,9.97,127.82,0.5337837837837838
359959,16,0.484,0.606,0.5203,9.93,135.08,0.5337837837837838
359959,17,0.4837,0.6053,0.5203,9.85,144.04,0.5337837837837838
359959,18,0.4837,0.606,0.527,9.76,155.11,0.5337837837837838
359959,19,0.4836,0.6068,0.527,9.64,159.71,0.5337837837837838
359959,20,0.4842,0.6068,0.527,9.56,168.49,0.5337837837837838
359959,21,0.4846,0.6083,0.527,9.62,177.18,0.5337837837837838
359959,22,0.485,0.6106,0.5405,9.61,190.74,0.5337837837837838
359959,23,0.4854,0.6136,0.5405,9.7,210.09,0.5337837837837838
359959,24,0.4855,0.6166,0.5405,9.76,232.66,0.5337837837837838
359959,25,0.4855,0.6166,0.5405,9.81,264.04,0.5337837837837838
359959,26,0.4859,0.6151,0.5405,9.87,296.18,0.5337837837837838
359959,27,0.4857,0.6196,0.5473,9.88,318.59,0.5337837837837838
359959,28,0.4857,0.6204,0.5473,9.92,344.49,0.5337837837837838
359959,29,0.4858,0.6234,0.5541,9.91,368.61,0.5337837837837838
359959,30,0.4861,0.6226,0.5541,9.89,384.06,0.5337837837837838
359959,31,0.4864,0.6257,0.5608,9.91,397.79,0.5337837837837838
359959,32,0.4863,0.6264,0.5608,9.85,406.58,0.5337837837837838
359959,33,0.4863,0.6264,0.5608,9.82,421.31,0.5337837837837838
359959,34,0.4862,0.6302,0.5608,9.79,435.02,0.5337837837837838
359959,35,0.4862,0.6294,0.5608,9.78,448.46,0.5337837837837838
359959,36,0.4862,0.6302,0.5608,9.71,458.75,0.5337837837837838
359959,37,0.4862,0.6302,0.5608,9.67,473.88,0.5337837837837838
359959,38,0.4863,0.6302,0.5608,9.62,489.86,0.5337837837837838
359959,39,0.4864,0.6317,0.5608,9.62,516.97,0.5337837837837838
359959,40,0.4862,0.6332,0.5608,9.62,541.74,0.5337837837837838
359959,41,0.4864,0.6332,0.5608,9.62,569.18,0.5337837837837838
359959,42,0.4865,0.6355,0.5608,9.61,601.02,0.5337837837837838
359959,43,0.4865,0.6377,0.5608,9.63,633.07,0.5337837837837838
359959,44,0.4864,0.64,0.5608,9.62,659.41,0.5337837837837838
359959,45,0.4863,0.6408,0.5608,9.62,690.41,0.5337837837837838
359959,46,0.4863,0.6408,0.5608,9.63,731.2,0.5337837837837838
359959,47,0.4863,0.6423,0.5608,9.65,777.22,0.5337837837837838
359959,48,0.4864,0.643,0.5608,9.72,831.23,0.5337837837837838
359959,49,0.4863,0.6445,0.5608,9.8,903.62,0.5337837837837838
359959,0,0.4612,0.4672,0.4324,14.17,91.54,0.527027027027027
359959,1,0.4612,0.4672,0.4324,14.17,91.54,0.527027027027027
359959,2,0.47,0.5328,0.4932,15.3,143.38,0.527027027027027
359959,3,0.4715,0.5442,0.5068,15.44,173.35,0.527027027027027
359959,4,0.474,0.5736,0.5473,17.7,278.21,0.527027027027027
359959,5,0.4767,0.5842,0.5135,18.57,352.11,0.527027027027027
359959,6,0.4791,0.5955,0.5068,19.2,453.62,0.527027027027027
359959,7,0.4807,0.6068,0.5203,19.36,514.55,0.527027027027027
359959,8,0.4814,0.6136,0.5473,19.14,555.46,0.527027027027027
359959,9,0.4822,0.6211,0.5473,18.88,615.52,0.527027027027027
359959,10,0.4827,0.6287,0.5473,18.34,663.6,0.527027027027027
359959,11,0.4831,0.6294,0.5473,17.89,682.38,0.527027027027027
359959,12,0.4833,0.6325,0.5541,17.3,691.49,0.527027027027027
359959,13,0.4838,0.6362,0.5541,16.67,697.93,0.527027027027027
359959,14,0.4843,0.64,0.5473,16.2,699.27,0.527027027027027
359959,15,0.4844,0.6415,0.5541,15.72,729.08,0.527027027027027
359959,16,0.4847,0.6408,0.5473,15.41,766.26,0.527027027027027
359959,17,0.4851,0.6423,0.5608,15.15,812.67,0.527027027027027
359959,18,0.4852,0.646,0.5541,14.9,871.89,0.527027027027027
359959,19,0.4855,0.6513,0.5608,14.53,928.97,0.527027027027027
359959,20,0.4859,0.6536,0.5541,14.36,1014.24,0.527027027027027
359959,21,0.4859,0.6558,0.5608,14.26,1138.84,0.527027027027027
359959,22,0.4854,0.6566,0.5608,14.06,1260.42,0.527027027027027
359959,23,0.4852,0.6604,0.5676,13.99,1388.52,0.527027027027027
359959,24,0.4849,0.6589,0.5608,13.93,1521.48,0.527027027027027
359959,25,0.4848,0.6619,0.5676,13.85,1688.41,0.527027027027027
359959,26,0.4845,0.6657,0.5608,13.87,1829.59,0.527027027027027
359959,27,0.4844,0.6687,0.5676,13.78,1949.81,0.527027027027027
359959,28,0.484,0.674,0.5676,13.7,2064.14,0.527027027027027
359959,29,0.484,0.6755,0.5676,13.65,2211.56,0.527027027027027
359959,30,0.4838,0.68,0.5676,13.58,2352.81,0.527027027027027
359959,31,0.4836,0.6792,0.5676,13.55,2528.4,0.527027027027027
359959,32,0.4832,0.683,0.5676,13.5,2661.92,0.527027027027027
359959,33,0.4831,0.6845,0.5608,13.51,2826.62,0.527027027027027
359959,34,0.4829,0.686,0.5608,13.52,2979.52,0.527027027027027
359959,35,0.4828,0.6891,0.5608,13.45,3105.83,0.527027027027027
359959,36,0.4826,0.6921,0.5676,13.39,3213.0,0.527027027027027
359959,37,0.4822,0.6928,0.5676,13.33,3366.23,0.527027027027027
359959,38,0.4822,0.6958,0.5676,13.26,3530.78,0.527027027027027
359959,39,0.482,0.6981,0.5676,13.22,3662.33,0.527027027027027
359959,40,0.4819,0.6996,0.5676,13.14,3783.93,0.527027027027027
359959,41,0.482,0.7011,0.5676,13.05,3910.41,0.527027027027027
359959,42,0.482,0.7019,0.5676,12.98,4052.95,0.527027027027027
359959,43,0.4819,0.7026,0.5676,12.91,4184.03,0.527027027027027
359959,44,0.4818,0.7049,0.5608,12.81,4300.91,0.527027027027027
359959,45,0.4817,0.7072,0.5608,12.72,4413.56,0.527027027027027
359959,46,0.4816,0.7087,0.5608,12.63,4495.07,0.527027027027027
359959,47,0.4815,0.7109,0.5608,12.59,4539.52,0.527027027027027
359959,48,0.4814,0.7132,0.5608,12.5,4625.81,0.527027027027027
359959,49,0.4812,0.7162,0.5608,12.43,4685.47,0.527027027027027
359954,0,0.4746,0.6329,0.5676,10.62,223.34,0.6621621621621622
359954,1,0.4746,0.6329,0.5676,10.62,223.34,0.6621621621621622
359954,2,0.4853,0.6979,0.5676,14.32,457.09,0.6621621621621622
359954,3,0.4905,0.7356,0.5811,17.44,677.27,0.6621621621621622
359954,4,0.4961,0.7628,0.6081,17.78,716.73,0.6621621621621622
359954,5,0.5007,0.7885,0.6081,18.09,729.09,0.6621621621621622
359954,6,0.5041,0.8021,0.6081,17.89,737.52,0.6621621621621622
359954,7,0.5065,0.8157,0.6216,17.77,755.2,0.6621621621621622
359954,8,0.5088,0.8308,0.6216,17.51,763.38,0.6621621621621622
359954,9,0.5103,0.8474,0.6216,17.48,800.53,0.6621621621621622
359954,10,0.5104,0.8565,0.6216,17.41,839.47,0.6621621621621622
359954,11,0.5113,0.864,0.6351,17.28,884.56,0.6621621621621622
359954,12,0.5123,0.8822,0.6351,17.2,943.1,0.6621621621621622
359954,13,0.5135,0.8897,0.6351,16.98,1014.95,0.6621621621621622
359954,14,0.5143,0.8943,0.6486,16.7,1087.9,0.6621621621621622
359954,15,0.5151,0.8988,0.6486,16.41,1189.24,0.6621621621621622
359954,16,0.5163,0.9048,0.6622,16.28,1299.66,0.6621621621621622
359954,17,0.517,0.9094,0.6486,15.99,1402.48,0.6621621621621622
359954,18,0.5175,0.9154,0.6622,15.86,1505.23,0.6621621621621622
359954,19,0.5179,0.9169,0.6622,15.65,1608.17,0.6621621621621622
359954,20,0.5186,0.9184,0.6622,15.41,1678.04,0.6621621621621622
359954,21,0.5192,0.9275,0.6622,15.28,1759.72,0.6621621621621622
359954,22,0.5193,0.932,0.6622,15.07,1828.34,0.6621621621621622
359954,23,0.5195,0.9366,0.6622,14.75,1873.51,0.6621621621621622
359954,24,0.5196,0.9411,0.6622,14.46,1911.16,0.6621621621621622
359954,25,0.5198,0.9441,0.6486,14.19,1940.9,0.6621621621621622
359954,26,0.52,0.9532,0.6486,13.85,1964.27,0.6621621621621622
359954,27,0.5199,0.9562,0.6486,13.58,1994.36,0.6621621621621622
359954,28,0.5202,0.9607,0.6622,13.34,2014.6,0.6621621621621622
359954,29,0.5202,0.9622,0.6622,13.16,2024.03,0.6621621621621622
359954,30,0.5205,0.9637,0.6622,12.9,2020.52,0.6621621621621622
359954,31,0.5207,0.9637,0.6757,12.61,2014.93,0.6621621621621622
359954,32,0.521,0.9637,0.6757,12.43,2014.92,0.6621621621621622
359954,33,0.5216,0.9653,0.6757,12.3,2022.85,0.6621621621621622
359954,34,0.5217,0.9653,0.6757,12.19,2024.69,0.6621621621621622
359954,35,0.5217,0.9683,0.6757,12.03,2017.08,0.6621621621621622
359954,36,0.5219,0.9683,0.6757,11.9,2013.06,0.6621621621621622
359954,37,0.5224,0.9683,0.6757,11.77,2007.31,0.6621621621621622
359954,38,0.5222,0.9698,0.6757,11.71,2001.53,0.6621621621621622
359954,39,0.5226,0.9713,0.6622,11.63,1995.13,0.6621621621621622
359954,40,0.5229,0.9713,0.6757,11.59,1988.9,0.6621621621621622
359954,41,0.5231,0.9713,0.6622,11.54,1978.55,0.6621621621621622
359954,42,0.5231,0.9728,0.6622,11.5,1970.15,0.6621621621621622
359954,43,0.5231,0.9728,0.6622,11.44,1959.1,0.6621621621621622
359954,44,0.5232,0.9743,0.6622,11.43,1946.56,0.6621621621621622
359954,45,0.5234,0.9728,0.6622,11.37,1938.19,0.6621621621621622
359954,46,0.5238,0.9743,0.6622,11.36,1926.57,0.6621621621621622
359954,47,0.5239,0.9758,0.6622,11.34,1916.7,0.6621621621621622
359954,48,0.524,0.9758,0.6622,11.27,1904.17,0.6621621621621622
359954,49,0.5243,0.9758,0.6622,11.31,1891.85,0.6621621621621622
359959,0,0.4624,0.4453,0.4392,9.96,58.0,0.5337837837837838
359959,1,0.4624,0.4453,0.4392,9.96,58.0,0.5337837837837838
359959,2,0.4716,0.5011,0.4932,11.54,72.18,0.5337837837837838
359959,3,0.4761,0.5374,0.5068,12.09,96.18,0.5337837837837838
359959,4,0.4777,0.5645,0.5405,13.35,160.73,0.5337837837837838
359959,5,0.4783,0.5774,0.5405,13.73,195.88,0.5337837837837838
359959,6,0.48,0.5857,0.5473,14.02,227.17,0.5337837837837838
359959,7,0.4808,0.5932,0.5473,14.3,260.04,0.5337837837837838
359959,8,0.4813,0.5977,0.5203,14.14,282.29,0.5337837837837838
359959,9,0.4823,0.6053,0.527,13.56,285.8,0.5337837837837838
359959,10,0.4824,0.6091,0.5338,13.18,288.5,0.5337837837837838
359959,11,0.4826,0.6098,0.527,12.62,280.43,0.5337837837837838
359959,12,0.4836,0.6106,0.527,12.26,279.36,0.5337837837837838
359959,13,0.484,0.6113,0.5338,11.85,272.69,0.5337837837837838
359959,14,0.484,0.6121,0.5405,11.43,266.6,0.5337837837837838
359959,15,0.4845,0.6158,0.5405,11.12,265.89,0.5337837837837838
359959,16,0.4847,0.6196,0.5338,10.95,267.81,0.5337837837837838
359959,17,0.4846,0.6234,0.5405,10.71,269.61,0.5337837837837838
359959,18,0.4846,0.6249,0.5405,10.55,275.34,0.5337837837837838
359959,19,0.4848,0.6249,0.5473,10.33,276.43,0.5337837837837838
359959,20,0.4847,0.6234,0.5541,10.11,278.33,0.5337837837837838
359959,21,0.4847,0.6234,0.5541,9.99,287.32,0.5337837837837838
359959,22,0.4845,0.6249,0.5608,9.98,299.78,0.5337837837837838
359959,23,0.4844,0.6264,0.5541,9.85,307.43,0.5337837837837838
359959,24,0.4845,0.6264,0.5541,9.72,311.11,0.5337837837837838
359959,25,0.4847,0.6272,0.5541,9.57,315.83,0.5337837837837838
359959,26,0.4848,0.6272,0.5541,9.49,320.54,0.5337837837837838
359959,27,0.4849,0.6272,0.5541,9.34,325.24,0.5337837837837838
359959,28,0.4848,0.6287,0.5608,9.18,329.05,0.5337837837837838
359959,29,0.4849,0.6294,0.5608,9.11,330.48,0.5337837837837838
359959,30,0.4851,0.6309,0.5608,8.95,329.98,0.5337837837837838
359959,31,0.4851,0.6309,0.5608,8.83,333.45,0.5337837837837838
359959,32,0.4852,0.634,0.5608,8.71,337.55,0.5337837837837838
359959,33,0.4854,0.6325,0.5608,8.62,343.25,0.5337837837837838
359959,34,0.4853,0.634,0.5608,8.53,348.91,0.5337837837837838
359959,35,0.4856,0.6377,0.5608,8.51,359.15,0.5337837837837838
359959,36,0.4857,0.6377,0.5608,8.46,369.92,0.5337837837837838
359959,37,0.4857,0.637,0.5608,8.41,377.63,0.5337837837837838
359959,38,0.4857,0.6385,0.5608,8.37,385.05,0.5337837837837838
359959,39,0.4856,0.64,0.5608,8.33,390.89,0.5337837837837838
359959,40,0.4857,0.64,0.5608,8.26,395.41,0.5337837837837838
359959,41,0.4856,0.6408,0.5608,8.21,402.32,0.5337837837837838
359959,42,0.4856,0.6408,0.5608,8.14,408.86,0.5337837837837838
359959,43,0.4856,0.6423,0.5676,8.06,412.4,0.5337837837837838
359959,44,0.4856,0.6423,0.5608,8.03,421.37,0.5337837837837838
359959,45,0.4856,0.6423,0.5676,7.97,426.7,0.5337837837837838
359959,46,0.4857,0.6423,0.5676,7.91,427.9,0.5337837837837838
359959,47,0.4859,0.6423,0.5676,7.82,430.13,0.5337837837837838
359959,48,0.486,0.6423,0.5676,7.75,435.74,0.5337837837837838
359959,49,0.486,0.6423,0.5676,7.66,441.12,0.5337837837837838
2073,0,0.4846,0.5895,0.6174,13.33,193.55,0.7181208053691275
2073,1,0.4846,0.5895,0.6174,13.33,193.55,0.7181208053691275
2073,2,0.4922,0.6067,0.6443,20.91,833.44,0.7181208053691275
2073,3,0.5013,0.6457,0.6376,39.48,2208.09,0.7181208053691275
2073,4,0.5074,0.6644,0.6376,44.01,2903.16,0.7181208053691275
2073,5,0.508,0.6824,0.651,46.02,3454.2,0.7181208053691275
2073,6,0.5095,0.7049,0.6644,45.14,3631.96,0.7181208053691275
2073,7,0.5117,0.7184,0.6577,43.35,3624.32,0.7181208053691275
2073,8,0.5133,0.7273,0.6644,41.16,3565.42,0.7181208053691275
2073,9,0.514,0.7341,0.6913,39.64,3484.97,0.7181208053691275
2073,10,0.5143,0.7483,0.6913,38.4,3401.26,0.7181208053691275
2073,11,0.5144,0.7551,0.6913,36.8,3337.11,0.7181208053691275
2073,12,0.5145,0.7603,0.6846,35.23,3357.56,0.7181208053691275
2073,13,0.5145,0.7648,0.6913,34.2,3505.29,0.7181208053691275
2073,14,0.5143,0.773,0.6846,33.09,3674.45,0.7181208053691275
2073,15,0.5138,0.779,0.6846,32.29,3950.9,0.7181208053691275
2073,16,0.5135,0.7865,0.6846,31.6,4227.23,0.7181208053691275
2073,17,0.5126,0.791,0.6846,31.02,4647.14,0.7181208053691275
2073,18,0.512,0.7963,0.6913,30.48,5181.02,0.7181208053691275
2073,19,0.5122,0.8052,0.6913,30.15,5754.23,0.7181208053691275
2073,20,0.5114,0.8172,0.6913,29.84,6348.47,0.7181208053691275
2073,21,0.5111,0.827,0.6913,29.49,6841.35,0.7181208053691275
2073,22,0.5106,0.8307,0.6913,29.17,7504.0,0.7181208053691275
2073,23,0.5101,0.8419,0.6846,28.8,8054.64,0.7181208053691275
2073,24,0.5099,0.8487,0.6846,28.54,8697.29,0.7181208053691275
2073,25,0.5095,0.8539,0.6846,28.31,9119.0,0.7181208053691275
2073,26,0.5089,0.8607,0.6779,28.08,9573.2,0.7181208053691275
2073,27,0.5085,0.8659,0.6846,27.73,9966.35,0.7181208053691275
2073,28,0.5081,0.8727,0.6846,27.6,10305.8,0.7181208053691275
2073,29,0.5076,0.8772,0.6779,27.11,10486.8,0.7181208053691275
2073,30,0.5074,0.8801,0.6779,26.76,10710.82,0.7181208053691275
2073,31,0.5076,0.8831,0.6846,26.46,10815.67,0.7181208053691275
2073,32,0.5074,0.8899,0.6846,26.13,10899.56,0.7181208053691275
2073,33,0.507,0.8929,0.6779,25.76,10975.72,0.7181208053691275
2073,34,0.5066,0.8996,0.6779,25.35,11095.53,0.7181208053691275
2073,35,0.5061,0.9011,0.6779,25.03,11181.06,0.7181208053691275
2073,36,0.5058,0.9041,0.6846,24.64,11180.49,0.7181208053691275
2073,37,0.5056,0.9049,0.6913,24.36,11242.91,0.7181208053691275
2073,38,0.5054,0.9056,0.6913,24.02,11267.35,0.7181208053691275
2073,39,0.505,0.9086,0.6913,23.7,11301.22,0.7181208053691275
2073,40,0.5048,0.9109,0.698,23.44,11350.53,0.7181208053691275
2073,41,0.5045,0.9124,0.698,23.19,11358.2,0.7181208053691275
2073,42,0.5044,0.9161,0.698,23.08,11369.86,0.7181208053691275
2073,43,0.5042,0.9191,0.6913,22.77,11334.01,0.7181208053691275
2073,44,0.5041,0.9221,0.698,22.55,11304.63,0.7181208053691275
2073,45,0.5041,0.9221,0.698,22.26,11221.37,0.7181208053691275
2073,46,0.5039,0.9236,0.698,22.08,11196.06,0.7181208053691275
2073,47,0.5037,0.9251,0.7047,21.83,11146.8,0.7181208053691275
2073,48,0.5035,0.9266,0.7047,21.75,11118.57,0.7181208053691275
2073,49,0.5034,0.9288,0.7047,21.59,11065.48,0.7181208053691275
190146,0,0.6439,0.8108,0.7176,4.07,84.67,0.7647058823529411
190146,1,0.6439,0.8108,0.7176,4.07,84.67,0.7647058823529411
190146,2,0.653,0.8817,0.7176,8.73,320.28,0.7647058823529411
190146,3,0.6564,0.9106,0.7294,10.93,394.11,0.7647058823529411
190146,4,0.6586,0.9304,0.7412,10.59,385.82,0.7647058823529411
190146,5,0.6601,0.9409,0.7294,10.98,379.4,0.7647058823529411
190146,6,0.6616,0.9461,0.7176,10.95,372.14,0.7647058823529411
190146,7,0.6635,0.9553,0.7176,10.68,375.74,0.7647058823529411
190146,8,0.6653,0.9632,0.7176,10.72,410.73,0.7647058823529411
190146,9,0.6655,0.9645,0.7176,10.49,440.07,0.7647058823529411
190146,10,0.6659,0.9685,0.7176,10.18,477.6,0.7647058823529411
190146,11,0.6667,0.9711,0.7176,10.29,496.27,0.7647058823529411
190146,12,0.667,0.9711,0.7176,10.13,510.13,0.7647058823529411
190146,13,0.6677,0.9737,0.7176,10.12,521.67,0.7647058823529411
190146,14,0.668,0.975,0.7176,10.12,545.21,0.7647058823529411
190146,15,0.6691,0.9777,0.7176,10.17,556.86,0.7647058823529411
190146,16,0.6696,0.979,0.7176,10.03,576.66,0.7647058823529411
190146,17,0.6695,0.979,0.7294,10.09,599.7,0.7647058823529411
190146,18,0.6699,0.9829,0.7294,10.06,632.54,0.7647058823529411
190146,19,0.6703,0.9869,0.7294,9.95,658.22,0.7647058823529411
190146,20,0.6704,0.9895,0.7294,9.72,683.37,0.7647058823529411
190146,21,0.6706,0.9895,0.7412,9.66,714.41,0.7647058823529411
190146,22,0.6707,0.9895,0.7412,9.7,750.25,0.7647058823529411
190146,23,0.6708,0.9895,0.7412,9.64,773.06,0.7647058823529411
190146,24,0.6707,0.9908,0.7412,9.69,796.08,0.7647058823529411
190146,25,0.6708,0.9921,0.7412,9.61,810.69,0.7647058823529411
190146,26,0.6709,0.9934,0.7412,9.5,829.44,0.7647058823529411
190146,27,0.6714,0.9947,0.7412,9.45,842.59,0.7647058823529411
190146,28,0.6715,0.9947,0.7412,9.34,854.65,0.7647058823529411
190146,29,0.6717,0.9947,0.7412,9.32,858.48,0.7647058823529411
190146,30,0.6718,0.9947,0.7529,9.32,864.15,0.7647058823529411
190146,31,0.6717,0.9947,0.7529,9.32,867.85,0.7647058823529411
190146,32,0.6718,0.9961,0.7529,9.33,878.11,0.7647058823529411
190146,33,0.6716,0.9961,0.7529,9.33,882.58,0.7647058823529411
190146,34,0.6715,0.9961,0.7529,9.27,886.45,0.7647058823529411
190146,35,0.6716,0.9961,0.7529,9.31,887.6,0.7647058823529411
190146,36,0.6714,0.9974,0.7529,9.28,887.34,0.7647058823529411
190146,37,0.6712,0.9974,0.7529,9.23,889.29,0.7647058823529411
190146,38,0.6712,0.9974,0.7529,9.18,890.59,0.7647058823529411
190146,39,0.6711,0.9974,0.7412,9.13,886.74,0.7647058823529411
190146,40,0.671,0.9974,0.7412,9.08,883.52,0.7647058823529411
190146,41,0.6712,0.9974,0.7412,9.01,879.04,0.7647058823529411
190146,42,0.6712,0.9974,0.7412,8.99,876.72,0.7647058823529411
190146,43,0.6711,0.9974,0.7412,8.92,871.79,0.7647058823529411
190146,44,0.6711,0.9987,0.7412,8.86,864.19,0.7647058823529411
190146,45,0.6711,0.9987,0.7412,8.81,859.01,0.7647058823529411
190146,46,0.6713,0.9987,0.7412,8.76,853.83,0.7647058823529411
190146,47,0.6713,0.9987,0.7412,8.68,847.0,0.7647058823529411
190146,48,0.6715,0.9987,0.7412,8.63,840.46,0.7647058823529411
190146,49,0.6716,0.9987,0.7412,8.56,833.14,0.7647058823529411
168784,0,0.6212,0.7554,0.7385,4.75,173.81,0.8205128205128205
168784,1,0.6212,0.7554,0.7385,4.75,173.81,0.8205128205128205
168784,2,0.6346,0.7778,0.7538,6.61,372.91,0.8205128205128205
168784,3,0.6419,0.8064,0.7641,10.23,980.47,0.8205128205128205
168784,4,0.647,0.8242,0.7744,11.44,1133.56,0.8205128205128205
168784,5,0.6494,0.8351,0.7744,11.51,1199.44,0.8205128205128205
168784,6,0.6516,0.8459,0.7692,11.59,1273.45,0.8205128205128205
168784,7,0.653,0.8551,0.7744,11.04,1322.72,0.8205128205128205
168784,8,0.6537,0.8597,0.7744,10.54,1347.29,0.8205128205128205
168784,9,0.6546,0.8637,0.7744,10.05,1347.84,0.8205128205128205
168784,10,0.6555,0.8683,0.7692,9.7,1350.24,0.8205128205128205
168784,11,0.6565,0.8769,0.7795,9.42,1406.24,0.8205128205128205
168784,12,0.6569,0.8809,0.7744,9.2,1485.45,0.8205128205128205
168784,13,0.6575,0.8837,0.7744,9.09,1603.33,0.8205128205128205
168784,14,0.6576,0.8877,0.7744,8.94,1721.65,0.8205128205128205
168784,15,0.6579,0.8912,0.7744,8.76,1853.91,0.8205128205128205
168784,16,0.6578,0.8958,0.7692,8.76,2026.19,0.8205128205128205
168784,17,0.658,0.8998,0.7744,8.61,2182.71,0.8205128205128205
168784,18,0.658,0.9015,0.7744,8.6,2297.49,0.8205128205128205
168784,19,0.6579,0.9044,0.7795,8.56,2384.14,0.8205128205128205
168784,20,0.6577,0.9066,0.7795,8.46,2473.37,0.8205128205128205
168784,21,0.6576,0.9118,0.7795,8.5,2656.69,0.8205128205128205
168784,22,0.6575,0.9175,0.7846,8.47,2811.86,0.8205128205128205
168784,23,0.6576,0.9227,0.7795,8.52,2954.81,0.8205128205128205
168784,24,0.6577,0.9255,0.7897,8.55,3088.13,0.8205128205128205
168784,25,0.6579,0.9284,0.7949,8.61,3183.59,0.8205128205128205
168784,26,0.658,0.9318,0.7949,8.62,3290.57,0.8205128205128205
168784,27,0.6581,0.9353,0.7949,8.7,3411.69,0.8205128205128205
168784,28,0.6582,0.9404,0.7897,8.79,3587.1,0.8205128205128205
168784,29,0.6582,0.9444,0.7897,8.9,3743.93,0.8205128205128205
168784,30,0.6582,0.9513,0.7897,8.89,3942.47,0.8205128205128205
168784,31,0.6581,0.9553,0.7897,8.97,4132.43,0.8205128205128205
168784,32,0.658,0.957,0.7897,9.07,4339.76,0.8205128205128205
168784,33,0.658,0.9605,0.7897,9.23,4548.59,0.8205128205128205
168784,34,0.658,0.9645,0.7897,9.32,4741.63,0.8205128205128205
168784,35,0.6582,0.9656,0.7897,9.4,4917.9,0.8205128205128205
168784,36,0.6582,0.9685,0.7897,9.46,5090.23,0.8205128205128205
168784,37,0.6582,0.9696,0.7897,9.48,5251.58,0.8205128205128205
168784,38,0.6584,0.9714,0.7897,9.52,5429.91,0.8205128205128205
168784,39,0.6585,0.9748,0.7897,9.51,5582.76,0.8205128205128205
168784,40,0.6585,0.9777,0.7897,9.55,5722.33,0.8205128205128205
168784,41,0.6586,0.9788,0.7897,9.54,5843.12,0.8205128205128205
168784,42,0.6586,0.9805,0.7897,9.57,5957.91,0.8205128205128205
168784,43,0.6587,0.9811,0.7897,9.56,6054.65,0.8205128205128205
168784,44,0.6588,0.9822,0.7897,9.59,6148.29,0.8205128205128205
168784,45,0.6589,0.9834,0.7897,9.58,6223.43,0.8205128205128205
168784,46,0.6589,0.9851,0.7897,9.67,6292.53,0.8205128205128205
168784,47,0.659,0.9863,0.7897,9.66,6328.22,0.8205128205128205
168784,48,0.659,0.988,0.7949,9.61,6365.6,0.8205128205128205
168784,49,0.659,0.9897,0.7949,9.56,6406.95,0.8205128205128205
2073,0,0.4607,0.5401,0.4899,12.07,193.03,0.7181208053691275
2073,1,0.4607,0.5401,0.4899,12.07,193.03,0.7181208053691275
2073,2,0.474,0.588,0.5705,20.71,572.78,0.7181208053691275
2073,3,0.4814,0.6105,0.6107,26.49,1073.92,0.7181208053691275
2073,4,0.4849,0.6337,0.6242,29.83,1363.08,0.7181208053691275
2073,5,0.4911,0.6434,0.6309,30.46,1517.58,0.7181208053691275
2073,6,0.4941,0.6524,0.6376,30.42,1591.17,0.7181208053691275
2073,7,0.4965,0.6539,0.6376,29.94,1614.23,0.7181208053691275
2073,8,0.4987,0.6637,0.6376,29.1,1639.76,0.7181208053691275
2073,9,0.4995,0.6614,0.6376,29.02,1659.24,0.7181208053691275
2073,10,0.5003,0.6697,0.6376,28.25,1675.17,0.7181208053691275
2073,11,0.501,0.6712,0.6376,28.25,1703.05,0.7181208053691275
2073,12,0.5005,0.6772,0.6376,28.52,1787.69,0.7181208053691275
2073,13,0.5009,0.6809,0.6443,28.59,1869.03,0.7181208053691275
2073,14,0.5008,0.6846,0.6443,29.06,1940.75,0.7181208053691275
2073,15,0.5006,0.6854,0.6443,28.92,2040.22,0.7181208053691275
2073,16,0.5012,0.6921,0.6309,28.59,2255.87,0.7181208053691275
2073,17,0.5022,0.7011,0.6309,28.18,2534.57,0.7181208053691275
2073,18,0.5027,0.7049,0.6309,27.76,2800.54,0.7181208053691275
2073,19,0.5028,0.7131,0.6376,27.24,2987.81,0.7181208053691275
2073,20,0.5027,0.7236,0.6376,27.08,3246.61,0.7181208053691275
2073,21,0.5026,0.7266,0.6376,27.26,3535.15,0.7181208053691275
2073,22,0.5025,0.7288,0.6443,27.07,3815.56,0.7181208053691275
2073,23,0.5026,0.7318,0.6443,27.38,4183.39,0.7181208053691275
2073,24,0.5024,0.7363,0.6443,27.64,4693.81,0.7181208053691275
2073,25,0.5023,0.7401,0.6577,27.82,5214.7,0.7181208053691275
2073,26,0.5024,0.7453,0.651,28.08,5591.68,0.7181208053691275
2073,27,0.5025,0.7506,0.6711,28.24,5998.94,0.7181208053691275
2073,28,0.5027,0.7551,0.6711,28.38,6483.26,0.7181208053691275
2073,29,0.5027,0.7596,0.6644,28.51,7054.52,0.7181208053691275
2073,30,0.5024,0.767,0.6644,28.81,7751.84,0.7181208053691275
2073,31,0.5024,0.7745,0.6711,29.19,8302.75,0.7181208053691275
2073,32,0.5022,0.7805,0.6779,29.5,8824.93,0.7181208053691275
2073,33,0.502,0.7903,0.6779,29.93,9425.41,0.7181208053691275
2073,34,0.502,0.7955,0.6779,30.49,9920.22,0.7181208053691275
2073,35,0.5021,0.7993,0.6779,30.9,10434.65,0.7181208053691275
2073,36,0.5021,0.8045,0.6779,31.08,10895.57,0.7181208053691275
2073,37,0.502,0.809,0.6779,31.28,11231.07,0.7181208053691275
2073,38,0.502,0.8142,0.6779,31.39,11596.48,0.7181208053691275
2073,39,0.502,0.8165,0.6779,31.44,11924.3,0.7181208053691275
2073,40,0.502,0.8225,0.6846,31.56,12303.47,0.7181208053691275
2073,41,0.5021,0.8307,0.6846,31.69,12565.27,0.7181208053691275
2073,42,0.5019,0.8322,0.6846,31.78,12827.8,0.7181208053691275
2073,43,0.5018,0.8375,0.6846,31.7,13046.73,0.7181208053691275
2073,44,0.5016,0.839,0.6846,31.76,13284.87,0.7181208053691275
2073,45,0.5015,0.8412,0.6846,31.73,13476.19,0.7181208053691275
2073,46,0.5014,0.8449,0.6846,31.69,13646.01,0.7181208053691275
2073,47,0.5013,0.8509,0.6846,31.64,13751.19,0.7181208053691275
2073,48,0.5012,0.8547,0.6846,31.37,13817.04,0.7181208053691275
2073,49,0.5013,0.8584,0.6846,31.2,13883.55,0.7181208053691275
359954,0,0.4765,0.6541,0.5405,9.54,144.23,0.6621621621621622
359954,1,0.4765,0.6541,0.5405,9.54,144.23,0.6621621621621622
359954,2,0.4875,0.6949,0.5946,16.91,581.73,0.6621621621621622
359954,3,0.4979,0.7553,0.5811,20.13,861.16,0.6621621621621622
359954,4,0.5044,0.7885,0.5946,19.8,974.75,0.6621621621621622
359954,5,0.5082,0.8187,0.5946,19.37,1093.83,0.6621621621621622
359954,6,0.5095,0.8399,0.6081,18.78,1139.67,0.6621621621621622
359954,7,0.5102,0.8535,0.6351,17.91,1143.44,0.6621621621621622
359954,8,0.5112,0.864,0.6486,17.27,1158.81,0.6621621621621622
359954,9,0.5119,0.8731,0.6622,16.77,1147.04,0.6621621621621622
359954,10,0.5121,0.8731,0.6486,16.1,1140.52,0.6621621621621622
359954,11,0.5128,0.8792,0.6486,16.06,1152.97,0.6621621621621622
359954,12,0.5145,0.8792,0.6892,15.78,1177.71,0.6621621621621622
359954,13,0.5156,0.8927,0.6892,15.55,1238.18,0.6621621621621622
359954,14,0.5158,0.8988,0.6892,15.26,1280.25,0.6621621621621622
359954,15,0.5157,0.8988,0.6892,15.15,1329.7,0.6621621621621622
359954,16,0.5162,0.9033,0.6757,14.97,1372.0,0.6621621621621622
359954,17,0.5165,0.9079,0.6757,14.65,1394.83,0.6621621621621622
359954,18,0.5168,0.9124,0.6757,14.31,1421.86,0.6621621621621622
359954,19,0.5172,0.9215,0.6757,14.15,1443.72,0.6621621621621622
359954,20,0.5176,0.9305,0.6757,13.91,1454.87,0.6621621621621622
359954,21,0.5178,0.9366,0.6757,13.62,1461.39,0.6621621621621622
359954,22,0.5181,0.9381,0.6757,13.59,1463.7,0.6621621621621622
359954,23,0.5185,0.9381,0.6757,13.54,1466.38,0.6621621621621622
359954,24,0.5186,0.9396,0.6757,13.56,1488.32,0.6621621621621622
359954,25,0.5188,0.9456,0.6757,13.55,1510.63,0.6621621621621622
359954,26,0.5191,0.9486,0.6757,13.53,1516.35,0.6621621621621622
359954,27,0.5196,0.9502,0.6757,13.5,1533.81,0.6621621621621622
359954,28,0.5202,0.9502,0.6757,13.61,1544.38,0.6621621621621622
359954,29,0.5205,0.9562,0.6757,13.67,1556.35,0.6621621621621622
359954,30,0.5206,0.9562,0.6757,13.71,1576.97,0.6621621621621622
359954,31,0.5211,0.9577,0.6757,13.67,1600.8,0.6621621621621622
359954,32,0.5213,0.9607,0.6757,13.76,1627.34,0.6621621621621622
359954,33,0.5214,0.9637,0.6757,13.73,1648.26,0.6621621621621622
359954,34,0.5215,0.9653,0.6757,13.77,1664.91,0.6621621621621622
359954,35,0.5217,0.9668,0.6757,13.77,1686.59,0.6621621621621622
359954,36,0.5221,0.9668,0.6757,13.8,1698.56,0.6621621621621622
359954,37,0.5224,0.9668,0.6757,13.8,1705.66,0.6621621621621622
359954,38,0.5227,0.9683,0.6757,13.82,1710.65,0.6621621621621622
359954,39,0.5231,0.9683,0.6757,13.8,1715.28,0.6621621621621622
359954,40,0.5233,0.9683,0.6757,13.75,1717.97,0.6621621621621622
359954,41,0.5235,0.9683,0.6757,13.72,1720.6,0.6621621621621622
359954,42,0.5237,0.9683,0.6757,13.64,1720.2,0.6621621621621622
359954,43,0.5241,0.9698,0.6757,13.6,1718.08,0.6621621621621622
359954,44,0.5244,0.9698,0.6757,13.51,1715.27,0.6621621621621622
359954,45,0.5247,0.9728,0.6757,13.5,1713.62,0.6621621621621622
359954,46,0.525,0.9728,0.6757,13.45,1706.75,0.6621621621621622
359954,47,0.525,0.9743,0.6757,13.37,1700.17,0.6621621621621622
359954,48,0.5252,0.9743,0.6757,13.28,1697.65,0.6621621621621622
359954,49,0.5251,0.9758,0.6757,13.17,1690.9,0.6621621621621622
190146,0,0.6424,0.816,0.7412,5.35,93.1,0.7764705882352941
190146,1,0.6424,0.816,0.7412,5.35,93.1,0.7764705882352941
190146,2,0.649,0.866,0.7294,7.89,199.83,0.7764705882352941
190146,3,0.652,0.8975,0.7176,8.35,290.48,0.7764705882352941
190146,4,0.6539,0.9159,0.7176,9.04,392.15,0.7764705882352941
190146,5,0.6549,0.9304,0.7294,9.22,438.82,0.7764705882352941
190146,6,0.6552,0.9382,0.7294,8.96,459.02,0.7764705882352941
190146,7,0.6557,0.9435,0.7294,8.87,469.0,0.7764705882352941
190146,8,0.6569,0.9474,0.7294,8.91,482.37,0.7764705882352941
190146,9,0.6579,0.954,0.7294,9.02,504.2,0.7764705882352941
190146,10,0.659,0.9593,0.7294,8.99,506.16,0.7764705882352941
190146,11,0.6599,0.9632,0.7294,9.18,517.14,0.7764705882352941
190146,12,0.6607,0.9645,0.7294,9.09,516.18,0.7764705882352941
190146,13,0.6614,0.9658,0.7294,9.06,515.14,0.7764705882352941
190146,14,0.6621,0.9671,0.7294,9.07,520.57,0.7764705882352941
190146,15,0.6626,0.9711,0.7294,9.07,524.71,0.7764705882352941
190146,16,0.6631,0.9737,0.7294,8.97,530.76,0.7764705882352941
190146,17,0.6636,0.975,0.7294,9.06,536.37,0.7764705882352941
190146,18,0.6641,0.9763,0.7294,9.04,539.75,0.7764705882352941
190146,19,0.6643,0.9777,0.7294,9.03,544.32,0.7764705882352941
190146,20,0.6652,0.9777,0.7294,9.01,548.31,0.7764705882352941
190146,21,0.6657,0.9777,0.7294,9.16,553.33,0.7764705882352941
190146,22,0.6661,0.9816,0.7294,9.23,561.44,0.7764705882352941
190146,23,0.6664,0.9816,0.7294,9.15,569.47,0.7764705882352941
190146,24,0.6666,0.9829,0.7294,9.18,573.01,0.7764705882352941
190146,25,0.6673,0.9829,0.7294,9.13,577.86,0.7764705882352941
190146,26,0.6678,0.9829,0.7294,9.03,582.68,0.7764705882352941
190146,27,0.6682,0.9869,0.7294,8.94,590.95,0.7764705882352941
190146,28,0.6688,0.9869,0.7294,8.95,603.53,0.7764705882352941
190146,29,0.6689,0.9882,0.7294,8.97,612.63,0.7764705882352941
190146,30,0.6691,0.9882,0.7294,8.98,622.18,0.7764705882352941
190146,31,0.6694,0.9882,0.7294,8.92,635.24,0.7764705882352941
190146,32,0.6696,0.9882,0.7294,8.99,651.13,0.7764705882352941
190146,33,0.6697,0.9895,0.7412,8.95,665.66,0.7764705882352941
190146,34,0.6699,0.9895,0.7412,8.96,677.73,0.7764705882352941
190146,35,0.6704,0.9908,0.7412,8.95,686.14,0.7764705882352941
190146,36,0.6705,0.9921,0.7412,8.92,694.38,0.7764705882352941
190146,37,0.6706,0.9921,0.7412,8.89,700.7,0.7764705882352941
190146,38,0.6706,0.9934,0.7412,8.87,708.41,0.7764705882352941
190146,39,0.6707,0.9934,0.7412,8.88,713.83,0.7764705882352941
190146,40,0.6707,0.9934,0.7412,8.87,719.27,0.7764705882352941
190146,41,0.6708,0.9934,0.7412,8.89,724.33,0.7764705882352941
190146,42,0.671,0.9947,0.7412,8.86,727.44,0.7764705882352941
190146,43,0.6711,0.9961,0.7412,8.79,729.52,0.7764705882352941
190146,44,0.6713,0.9974,0.7412,8.79,729.57,0.7764705882352941
190146,45,0.6715,0.9974,0.7412,8.68,730.86,0.7764705882352941
190146,46,0.6716,0.9987,0.7412,8.6,733.2,0.7764705882352941
190146,47,0.6718,0.9987,0.7412,8.53,734.86,0.7764705882352941
190146,48,0.6719,0.9987,0.7412,8.47,736.81,0.7764705882352941
190146,49,0.6719,0.9987,0.7412,8.41,738.58,0.7764705882352941
359959,0,0.4573,0.4377,0.4257,11.82,88.21,0.5337837837837838
359959,1,0.4573,0.4377,0.4257,11.82,88.21,0.5337837837837838
359959,2,0.4671,0.5147,0.4797,15.17,134.73,0.5337837837837838
359959,3,0.4704,0.5434,0.5068,15.73,160.79,0.5337837837837838
359959,4,0.4732,0.5608,0.5203,15.55,208.66,0.5337837837837838
359959,5,0.4759,0.5781,0.5541,15.43,252.32,0.5337837837837838
359959,6,0.4776,0.594,0.5473,14.9,275.67,0.5337837837837838
359959,7,0.4793,0.606,0.5405,14.28,285.04,0.5337837837837838
359959,8,0.4806,0.6106,0.5405,13.62,284.82,0.5337837837837838
359959,9,0.4812,0.6106,0.5405,12.94,284.86,0.5337837837837838
359959,10,0.4821,0.6113,0.5405,12.4,278.28,0.5337837837837838
359959,11,0.4825,0.6143,0.5541,11.79,269.09,0.5337837837837838
359959,12,0.4834,0.6166,0.5473,11.31,269.12,0.5337837837837838
359959,13,0.4832,0.6151,0.5405,10.92,267.65,0.5337837837837838
359959,14,0.4838,0.6151,0.5338,10.52,267.51,0.5337837837837838
359959,15,0.4839,0.6166,0.5338,10.14,260.31,0.5337837837837838
359959,16,0.484,0.6204,0.5338,9.75,254.22,0.5337837837837838
359959,17,0.4843,0.6211,0.5338,9.43,247.99,0.5337837837837838
359959,18,0.4845,0.6189,0.5338,9.13,242.43,0.5337837837837838
359959,19,0.4846,0.6204,0.5405,8.85,238.6,0.5337837837837838
359959,20,0.4845,0.6204,0.5405,8.61,235.95,0.5337837837837838
359959,21,0.4848,0.6226,0.5405,8.47,238.24,0.5337837837837838
359959,22,0.4848,0.6219,0.5473,8.34,240.06,0.5337837837837838
359959,23,0.4851,0.6242,0.5473,8.2,245.87,0.5337837837837838
359959,24,0.4852,0.6249,0.5473,8.09,250.67,0.5337837837837838
359959,25,0.4851,0.6242,0.5473,7.99,255.6,0.5337837837837838
359959,26,0.4853,0.6249,0.5541,7.87,258.75,0.5337837837837838
359959,27,0.4851,0.6264,0.5541,7.72,258.47,0.5337837837837838
359959,28,0.4851,0.6257,0.5541,7.6,257.2,0.5337837837837838
359959,29,0.4855,0.6257,0.5541,7.49,257.73,0.5337837837837838
359959,30,0.4857,0.6257,0.5541,7.42,266.19,0.5337837837837838
359959,31,0.4856,0.6294,0.5541,7.36,283.72,0.5337837837837838
359959,32,0.4858,0.6302,0.5541,7.33,298.18,0.5337837837837838
359959,33,0.4858,0.6309,0.5541,7.29,311.61,0.5337837837837838
359959,34,0.4856,0.6325,0.5541,7.27,325.1,0.5337837837837838
359959,35,0.4856,0.6325,0.5541,7.25,335.05,0.5337837837837838
359959,36,0.4855,0.6325,0.5541,7.3,348.71,0.5337837837837838
359959,37,0.4853,0.6332,0.5541,7.29,363.0,0.5337837837837838
359959,38,0.4851,0.6325,0.5541,7.29,381.25,0.5337837837837838
359959,39,0.485,0.634,0.5541,7.29,402.89,0.5337837837837838
359959,40,0.485,0.634,0.5541,7.33,435.83,0.5337837837837838
359959,41,0.485,0.6362,0.5541,7.39,479.67,0.5337837837837838
359959,42,0.4849,0.6362,0.5541,7.45,524.32,0.5337837837837838
359959,43,0.4849,0.637,0.5541,7.54,565.35,0.5337837837837838
359959,44,0.4847,0.6377,0.5541,7.58,603.89,0.5337837837837838
359959,45,0.4847,0.6385,0.5541,7.61,629.89,0.5337837837837838
359959,46,0.4847,0.6385,0.5541,7.63,657.79,0.5337837837837838
359959,47,0.4847,0.6408,0.5541,7.64,691.56,0.5337837837837838
359959,48,0.4846,0.6423,0.5608,7.74,745.39,0.5337837837837838
359959,49,0.4845,0.6423,0.5608,7.8,804.77,0.5337837837837838
190146,0,0.6428,0.816,0.7412,2.75,68.38,0.7647058823529411
190146,1,0.6428,0.816,0.7412,2.75,68.38,0.7647058823529411
190146,2,0.6485,0.8647,0.7294,7.24,207.75,0.7647058823529411
190146,3,0.6535,0.9067,0.7412,10.49,304.94,0.7647058823529411
190146,4,0.6571,0.9238,0.7294,10.82,328.97,0.7647058823529411
190146,5,0.6591,0.9356,0.7412,11.12,356.56,0.7647058823529411
190146,6,0.6598,0.9474,0.7294,11.62,396.13,0.7647058823529411
190146,7,0.6611,0.9527,0.7176,11.42,430.95,0.7647058823529411
190146,8,0.6623,0.958,0.7412,11.15,457.81,0.7647058823529411
190146,9,0.6632,0.9606,0.7529,10.95,478.52,0.7647058823529411
190146,10,0.6637,0.9619,0.7529,10.68,492.7,0.7647058823529411
190146,11,0.6644,0.9619,0.7412,10.46,502.43,0.7647058823529411
190146,12,0.6647,0.9671,0.7176,10.33,512.59,0.7647058823529411
190146,13,0.6653,0.9698,0.7176,10.07,515.23,0.7647058823529411
190146,14,0.6662,0.9711,0.7059,9.8,511.79,0.7647058823529411
190146,15,0.6666,0.9737,0.7059,9.57,512.37,0.7647058823529411
190146,16,0.6671,0.975,0.7059,9.3,515.2,0.7647058823529411
190146,17,0.6675,0.9763,0.7176,9.2,526.9,0.7647058823529411
190146,18,0.6683,0.9803,0.7059,8.97,534.48,0.7647058823529411
190146,19,0.6692,0.9803,0.7294,8.76,533.56,0.7647058823529411
190146,20,0.6699,0.9816,0.7176,8.59,532.18,0.7647058823529411
190146,21,0.6703,0.9829,0.7294,8.4,531.55,0.7647058823529411
190146,22,0.6703,0.9829,0.7412,8.23,531.24,0.7647058823529411
190146,23,0.6702,0.9842,0.7294,8.07,535.0,0.7647058823529411
190146,24,0.6701,0.9842,0.7412,7.92,542.43,0.7647058823529411
190146,25,0.6706,0.9842,0.7294,7.82,551.08,0.7647058823529411
190146,26,0.6708,0.9842,0.7412,7.73,555.33,0.7647058823529411
190146,27,0.6708,0.9855,0.7412,7.74,564.16,0.7647058823529411
190146,28,0.6709,0.9869,0.7412,7.61,572.83,0.7647058823529411
190146,29,0.6709,0.9882,0.7294,7.51,579.89,0.7647058823529411
190146,30,0.6711,0.9895,0.7294,7.44,590.29,0.7647058823529411
190146,31,0.6714,0.9895,0.7294,7.33,597.62,0.7647058823529411
190146,32,0.6715,0.9908,0.7176,7.25,605.91,0.7647058823529411
190146,33,0.6713,0.9895,0.7176,7.18,617.69,0.7647058823529411
190146,34,0.6712,0.9895,0.7176,7.14,629.7,0.7647058823529411
190146,35,0.6712,0.9895,0.7176,7.04,639.37,0.7647058823529411
190146,36,0.6713,0.9908,0.7059,6.98,649.93,0.7647058823529411
190146,37,0.6714,0.9908,0.7059,6.96,658.91,0.7647058823529411
190146,38,0.6713,0.9908,0.7176,6.9,666.15,0.7647058823529411
190146,39,0.6712,0.9908,0.7176,6.87,672.94,0.7647058823529411
190146,40,0.6714,0.9908,0.7176,6.86,676.13,0.7647058823529411
190146,41,0.6716,0.9908,0.7294,6.81,680.5,0.7647058823529411
190146,42,0.6718,0.9908,0.7294,6.81,683.35,0.7647058823529411
190146,43,0.6717,0.9908,0.7294,6.79,687.12,0.7647058823529411
190146,44,0.6717,0.9908,0.7294,6.8,689.14,0.7647058823529411
190146,45,0.6718,0.9908,0.7176,6.84,692.92,0.7647058823529411
190146,46,0.6721,0.9908,0.7412,6.89,693.0,0.7647058823529411
190146,47,0.672,0.9908,0.7412,6.92,693.14,0.7647058823529411
190146,48,0.6719,0.9908,0.7412,6.93,692.26,0.7647058823529411
190146,49,0.672,0.9908,0.7294,6.96,690.45,0.7647058823529411
2073,0,0.4795,0.5843,0.604,15.32,182.41,0.7181208053691275
2073,1,0.4795,0.5843,0.604,15.32,182.41,0.7181208053691275
2073,2,0.4885,0.6067,0.604,20.64,613.8,0.7181208053691275
2073,3,0.4966,0.6285,0.6309,28.4,1531.42,0.7181208053691275
2073,4,0.4988,0.6427,0.6376,29.32,1787.5,0.7181208053691275
2073,5,0.5006,0.6517,0.6443,30.96,1987.59,0.7181208053691275
2073,6,0.5048,0.6667,0.6376,30.96,2149.29,0.7181208053691275
2073,7,0.5071,0.6772,0.6443,31.36,2238.82,0.7181208053691275
2073,8,0.5088,0.6831,0.6443,31.2,2273.94,0.7181208053691275
2073,9,0.51,0.6846,0.6376,29.82,2223.5,0.7181208053691275
2073,10,0.5107,0.6899,0.6443,29.54,2206.18,0.7181208053691275
2073,11,0.5119,0.6951,0.6443,28.87,2202.83,0.7181208053691275
2073,12,0.5124,0.7004,0.651,28.57,2212.11,0.7181208053691275
2073,13,0.5127,0.7034,0.651,28.49,2269.22,0.7181208053691275
2073,14,0.5123,0.7056,0.651,28.39,2340.36,0.7181208053691275
2073,15,0.5126,0.7101,0.6577,28.53,2437.54,0.7181208053691275
2073,16,0.512,0.7161,0.6644,28.65,2526.71,0.7181208053691275
2073,17,0.5115,0.7184,0.6644,29.05,2637.78,0.7181208053691275
2073,18,0.5114,0.7228,0.6577,29.07,2750.85,0.7181208053691275
2073,19,0.5105,0.7251,0.651,29.32,2865.37,0.7181208053691275
2073,20,0.5099,0.7296,0.6443,29.51,2967.83,0.7181208053691275
2073,21,0.5096,0.7318,0.6443,29.79,3073.91,0.7181208053691275
2073,22,0.5088,0.7333,0.651,30.36,3217.4,0.7181208053691275
2073,23,0.5086,0.7333,0.651,30.16,3368.55,0.7181208053691275
2073,24,0.5082,0.7363,0.651,30.11,3507.97,0.7181208053691275
2073,25,0.5082,0.7363,0.651,30.03,3684.48,0.7181208053691275
2073,26,0.5071,0.7393,0.651,30.64,3889.89,0.7181208053691275
2073,27,0.5066,0.7401,0.651,30.64,4109.33,0.7181208053691275
2073,28,0.506,0.7431,0.651,30.67,4378.53,0.7181208053691275
2073,29,0.5054,0.7483,0.651,30.76,4710.21,0.7181208053691275
2073,30,0.5053,0.7551,0.6577,30.75,5163.32,0.7181208053691275
2073,31,0.505,0.7573,0.6577,30.68,5557.86,0.7181208053691275
2073,32,0.5045,0.7618,0.6577,30.72,6002.85,0.7181208053691275
2073,33,0.5043,0.764,0.651,30.79,6331.64,0.7181208053691275
2073,34,0.5035,0.7648,0.6443,31.2,6629.58,0.7181208053691275
2073,35,0.503,0.7678,0.6443,31.4,6983.77,0.7181208053691275
2073,36,0.5023,0.7693,0.6443,31.65,7262.79,0.7181208053691275
2073,37,0.5018,0.7745,0.6443,32.02,7511.9,0.7181208053691275
2073,38,0.5013,0.776,0.6443,32.07,7768.99,0.7181208053691275
2073,39,0.5011,0.782,0.6443,31.99,8190.92,0.7181208053691275
2073,40,0.501,0.7873,0.651,32.3,8583.59,0.7181208053691275
2073,41,0.5008,0.7903,0.6577,32.46,8899.62,0.7181208053691275
2073,42,0.5004,0.791,0.651,32.72,9129.69,0.7181208053691275
2073,43,0.5001,0.7955,0.651,32.75,9398.52,0.7181208053691275
2073,44,0.4997,0.8015,0.651,32.9,9664.45,0.7181208053691275
2073,45,0.4996,0.8112,0.651,33.15,9930.3,0.7181208053691275
2073,46,0.4996,0.8127,0.651,33.36,10138.22,0.7181208053691275
2073,47,0.4994,0.815,0.651,33.4,10438.22,0.7181208053691275
2073,48,0.4996,0.8172,0.651,33.67,10725.67,0.7181208053691275
2073,49,0.4997,0.8202,0.6577,34.0,11000.3,0.7181208053691275
359954,0,0.4527,0.5831,0.5135,15.33,212.43,0.6756756756756757
359954,1,0.4527,0.5831,0.5135,15.33,212.43,0.6756756756756757
359954,2,0.4649,0.6511,0.527,23.47,680.59,0.6756756756756757
359954,3,0.4775,0.7205,0.5135,31.06,1393.17,0.6756756756756757
359954,4,0.4865,0.7734,0.5541,31.91,1695.26,0.6756756756756757
359954,5,0.4926,0.8202,0.5946,31.03,1754.99,0.6756756756756757
359954,6,0.4979,0.8505,0.6216,29.28,1813.56,0.6756756756756757
359954,7,0.5011,0.8686,0.6351,27.4,1876.9,0.6756756756756757
359954,8,0.504,0.8792,0.6622,26.21,1936.26,0.6756756756756757
359954,9,0.5054,0.8973,0.6622,24.97,1962.5,0.6756756756756757
359954,10,0.5073,0.9124,0.6757,23.87,1988.66,0.6756756756756757
359954,11,0.508,0.923,0.6757,22.56,2014.18,0.6756756756756757
359954,12,0.5085,0.932,0.6757,21.61,2046.66,0.6756756756756757
359954,13,0.5098,0.9411,0.6757,20.93,2071.42,0.6756756756756757
359954,14,0.5109,0.9471,0.6622,20.63,2089.13,0.6756756756756757
359954,15,0.5115,0.9486,0.6622,20.32,2087.11,0.6756756756756757
359954,16,0.5125,0.9547,0.6622,20.13,2079.16,0.6756756756756757
359954,17,0.5134,0.9562,0.6757,19.75,2067.43,0.6756756756756757
359954,18,0.514,0.9637,0.6757,19.47,2064.63,0.6756756756756757
359954,19,0.5145,0.9668,0.6757,19.18,2059.17,0.6756756756756757
359954,20,0.5147,0.9683,0.6757,18.89,2050.66,0.6756756756756757
359954,21,0.5153,0.9683,0.6622,18.47,2039.36,0.6756756756756757
359954,22,0.5158,0.9683,0.6622,17.99,2027.6,0.6756756756756757
359954,23,0.5162,0.9683,0.6622,17.56,2013.52,0.6756756756756757
359954,24,0.517,0.9698,0.6486,17.26,2001.31,0.6756756756756757
359954,25,0.5174,0.9713,0.6622,17.02,1987.42,0.6756756756756757
359954,26,0.5177,0.9743,0.6486,16.74,1969.0,0.6756756756756757
359954,27,0.518,0.9758,0.6486,16.54,1948.86,0.6756756756756757
359954,28,0.5184,0.9758,0.6486,16.2,1936.47,0.6756756756756757
359954,29,0.5189,0.9789,0.6622,15.86,1913.77,0.6756756756756757
359954,30,0.5192,0.9789,0.6622,15.54,1888.01,0.6756756756756757
359954,31,0.5192,0.9804,0.6622,15.18,1861.57,0.6756756756756757
359954,32,0.5197,0.9804,0.6622,14.86,1835.95,0.6756756756756757
359954,33,0.5199,0.9819,0.6622,14.58,1808.77,0.6756756756756757
359954,34,0.52,0.9819,0.6622,14.37,1785.92,0.6756756756756757
359954,35,0.5205,0.9819,0.6622,14.11,1763.34,0.6756756756756757
359954,36,0.5207,0.9819,0.6622,13.95,1740.3,0.6756756756756757
359954,37,0.5209,0.9819,0.6622,13.79,1721.26,0.6756756756756757
359954,38,0.521,0.9819,0.6622,13.66,1700.1,0.6756756756756757
359954,39,0.5213,0.9819,0.6622,13.52,1679.81,0.6756756756756757
359954,40,0.5217,0.9834,0.6622,13.43,1659.06,0.6756756756756757
359954,41,0.5216,0.9834,0.6486,13.29,1641.58,0.6756756756756757
359954,42,0.5216,0.9849,0.6486,13.18,1623.59,0.6756756756756757
359954,43,0.522,0.9849,0.6486,13.1,1605.67,0.6756756756756757
359954,44,0.5221,0.9849,0.6486,13.01,1591.46,0.6756756756756757
359954,45,0.5221,0.9849,0.6486,12.88,1572.37,0.6756756756756757
359954,46,0.5224,0.9849,0.6486,12.73,1551.07,0.6756756756756757
359954,47,0.5222,0.9849,0.6486,12.6,1533.94,0.6756756756756757
359954,48,0.5224,0.9849,0.6351,12.43,1515.88,0.6756756756756757
359954,49,0.5225,0.9864,0.6351,12.3,1499.37,0.6756756756756757
359959,0,0.4601,0.4385,0.4257,8.29,49.52,0.5202702702702703
359959,1,0.4601,0.4385,0.4257,8.29,49.52,0.5202702702702703
359959,2,0.4669,0.517,0.4865,12.8,139.19,0.5202702702702703
359959,3,0.4739,0.5592,0.5473,17.9,258.31,0.5202702702702703
359959,4,0.4773,0.5774,0.5473,19.51,311.77,0.5202702702702703
359959,5,0.4812,0.597,0.5405,19.7,338.88,0.5202702702702703
359959,6,0.4841,0.6038,0.5743,18.99,356.47,0.5202702702702703
359959,7,0.4846,0.6113,0.5541,18.16,356.93,0.5202702702702703
359959,8,0.4853,0.6166,0.5608,17.6,364.22,0.5202702702702703
359959,9,0.486,0.6204,0.5541,17.17,375.17,0.5202702702702703
359959,10,0.4869,0.6211,0.5608,16.56,383.18,0.5202702702702703
359959,11,0.4873,0.6219,0.5608,16.0,386.3,0.5202702702702703
359959,12,0.4872,0.6249,0.5608,15.47,384.45,0.5202702702702703
359959,13,0.4874,0.6279,0.5541,14.98,388.66,0.5202702702702703
359959,14,0.4875,0.6287,0.5608,14.52,407.1,0.5202702702702703
359959,15,0.4877,0.6294,0.5608,14.2,429.71,0.5202702702702703
359959,16,0.4881,0.634,0.5541,13.87,454.35,0.5202702702702703
359959,17,0.4884,0.6362,0.5541,13.6,487.91,0.5202702702702703
359959,18,0.4888,0.6362,0.5541,13.29,511.39,0.5202702702702703
359959,19,0.4891,0.6392,0.5608,12.94,531.1,0.5202702702702703
359959,20,0.489,0.6423,0.5608,12.77,564.76,0.5202702702702703
359959,21,0.4887,0.6415,0.5608,12.61,599.82,0.5202702702702703
359959,22,0.4888,0.6483,0.5608,12.5,647.99,0.5202702702702703
359959,23,0.4888,0.6491,0.5608,12.4,686.24,0.5202702702702703
359959,24,0.4885,0.6506,0.5608,12.24,723.74,0.5202702702702703
359959,25,0.4884,0.6536,0.5608,12.21,770.22,0.5202702702702703
359959,26,0.4882,0.6521,0.5541,12.12,832.99,0.5202702702702703
359959,27,0.488,0.6536,0.5541,12.09,934.69,0.5202702702702703
359959,28,0.4874,0.6566,0.5541,12.07,1052.68,0.5202702702702703
359959,29,0.4869,0.6581,0.5608,12.13,1192.7,0.5202702702702703
359959,30,0.4866,0.6589,0.5608,12.12,1365.02,0.5202702702702703
359959,31,0.4864,0.6626,0.5608,12.14,1519.36,0.5202702702702703
359959,32,0.4864,0.6687,0.5608,12.21,1676.25,0.5202702702702703
359959,33,0.4862,0.6702,0.5608,12.27,1867.42,0.5202702702702703
359959,34,0.4858,0.674,0.5608,12.32,2064.32,0.5202702702702703
359959,35,0.4856,0.6755,0.5608,12.38,2258.14,0.5202702702702703
359959,36,0.4856,0.677,0.5608,12.42,2456.39,0.5202702702702703
359959,37,0.4853,0.6792,0.5608,12.43,2628.47,0.5202702702702703
359959,38,0.4849,0.6823,0.5676,12.48,2829.92,0.5202702702702703
359959,39,0.4848,0.683,0.5676,12.45,3024.07,0.5202702702702703
359959,40,0.4846,0.6853,0.5676,12.48,3198.48,0.5202702702702703
359959,41,0.4844,0.6868,0.5676,12.51,3354.02,0.5202702702702703
359959,42,0.4842,0.6875,0.5676,12.52,3519.46,0.5202702702702703
359959,43,0.4841,0.6891,0.5676,12.49,3694.22,0.5202702702702703
359959,44,0.4839,0.6891,0.5676,12.5,3846.15,0.5202702702702703
359959,45,0.4838,0.6891,0.5676,12.47,3968.5,0.5202702702702703
359959,46,0.4837,0.6928,0.5676,12.46,4117.78,0.5202702702702703
359959,47,0.4836,0.6996,0.5676,12.43,4267.53,0.5202702702702703
359959,48,0.4835,0.7011,0.5676,12.42,4376.36,0.5202702702702703
359959,49,0.4832,0.7026,0.5676,12.4,4488.42,0.5202702702702703
2073,0,0.4822,0.5933,0.6174,16.14,377.49,0.7181208053691275
2073,1,0.4822,0.5933,0.6174,16.14,377.49,0.7181208053691275
2073,2,0.4872,0.6135,0.6242,26.03,875.04,0.7181208053691275
2073,3,0.496,0.633,0.6376,34.99,1810.43,0.7181208053691275
2073,4,0.5013,0.6599,0.6376,36.33,2244.97,0.7181208053691275
2073,5,0.5045,0.6712,0.6376,35.93,2370.94,0.7181208053691275
2073,6,0.5053,0.6854,0.6376,34.98,2402.44,0.7181208053691275
2073,7,0.5066,0.6966,0.651,34.89,2502.85,0.7181208053691275
2073,8,0.5069,0.7034,0.651,33.67,2621.08,0.7181208053691275
2073,9,0.5078,0.7101,0.6577,32.27,2793.29,0.7181208053691275
2073,10,0.508,0.7184,0.6644,31.63,2964.8,0.7181208053691275
2073,11,0.5085,0.7243,0.6644,30.85,3157.59,0.7181208053691275
2073,12,0.5086,0.7281,0.6711,31.0,3472.56,0.7181208053691275
2073,13,0.5085,0.7333,0.6711,30.37,3660.13,0.7181208053691275
2073,14,0.5083,0.7416,0.6779,30.25,3828.17,0.7181208053691275
2073,15,0.509,0.7483,0.6779,29.71,3986.32,0.7181208053691275
2073,16,0.509,0.7528,0.6779,29.52,4146.53,0.7181208053691275
2073,17,0.5092,0.7551,0.6846,28.83,4194.79,0.7181208053691275
2073,18,0.5095,0.7618,0.6913,28.31,4263.51,0.7181208053691275
2073,19,0.5095,0.7655,0.6913,28.01,4299.94,0.7181208053691275
2073,20,0.5098,0.77,0.698,27.68,4320.43,0.7181208053691275
2073,21,0.5099,0.7708,0.698,27.53,4394.62,0.7181208053691275
2073,22,0.5099,0.7775,0.6913,27.07,4555.28,0.7181208053691275
2073,23,0.5097,0.7828,0.698,26.91,4754.27,0.7181208053691275
2073,24,0.5092,0.7888,0.698,26.82,4929.22,0.7181208053691275
2073,25,0.5092,0.7963,0.698,26.97,5113.42,0.7181208053691275
2073,26,0.509,0.797,0.6913,26.87,5394.12,0.7181208053691275
2073,27,0.5085,0.8022,0.6913,26.73,5690.01,0.7181208053691275
2073,28,0.5081,0.806,0.6913,26.66,6020.91,0.7181208053691275
2073,29,0.5081,0.8097,0.6913,26.5,6252.61,0.7181208053691275
2073,30,0.5079,0.8142,0.6846,26.63,6583.3,0.7181208053691275
2073,31,0.5077,0.8195,0.6913,26.71,6930.9,0.7181208053691275
2073,32,0.5076,0.8255,0.6913,26.67,7247.57,0.7181208053691275
2073,33,0.5074,0.8285,0.6913,26.64,7524.59,0.7181208053691275
2073,34,0.5074,0.8315,0.6913,26.71,7845.46,0.7181208053691275
2073,35,0.5073,0.8337,0.6846,26.62,8121.32,0.7181208053691275
2073,36,0.5073,0.8345,0.6846,26.41,8359.75,0.7181208053691275
2073,37,0.5073,0.8412,0.6913,26.18,8541.25,0.7181208053691275
2073,38,0.5071,0.8434,0.6913,26.03,8801.02,0.7181208053691275
2073,39,0.5069,0.8487,0.6913,25.96,9018.46,0.7181208053691275
2073,40,0.5069,0.8509,0.698,25.81,9193.27,0.7181208053691275
2073,41,0.5068,0.8539,0.6913,25.68,9338.87,0.7181208053691275
2073,42,0.5065,0.8562,0.6913,25.83,9501.36,0.7181208053691275
2073,43,0.5064,0.8562,0.6913,25.69,9646.09,0.7181208053691275
2073,44,0.5064,0.8584,0.6913,25.55,9756.69,0.7181208053691275
2073,45,0.5062,0.8607,0.6913,25.46,9906.19,0.7181208053691275
2073,46,0.5063,0.8652,0.6913,25.42,10028.11,0.7181208053691275
2073,47,0.5064,0.8682,0.6913,25.2,10109.07,0.7181208053691275
2073,48,0.5062,0.8697,0.6913,25.15,10162.74,0.7181208053691275
2073,49,0.506,0.8704,0.6913,25.11,10256.69,0.7181208053691275
190146,0,0.6394,0.8029,0.7294,3.37,59.08,0.7529411764705882
190146,1,0.6394,0.8029,0.7294,3.37,59.08,0.7529411764705882
190146,2,0.6484,0.8528,0.7294,6.56,150.4,0.7529411764705882
190146,3,0.651,0.8778,0.7294,7.4,192.18,0.7529411764705882
190146,4,0.6542,0.8962,0.7412,7.89,216.25,0.7529411764705882
190146,5,0.6551,0.9133,0.7412,7.93,221.79,0.7529411764705882
190146,6,0.6564,0.9185,0.7412,7.67,219.05,0.7529411764705882
190146,7,0.6571,0.9264,0.7412,7.51,216.15,0.7529411764705882
190146,8,0.6576,0.9369,0.7412,7.48,217.16,0.7529411764705882
190146,9,0.6593,0.9369,0.7294,7.24,215.84,0.7529411764705882
190146,10,0.6608,0.9422,0.7294,7.1,214.26,0.7529411764705882
190146,11,0.6614,0.9461,0.7294,6.98,214.29,0.7529411764705882
190146,12,0.6618,0.9527,0.7176,7.04,231.16,0.7529411764705882
190146,13,0.6623,0.954,0.7176,7.25,265.41,0.7529411764705882
190146,14,0.6626,0.958,0.7176,7.38,292.54,0.7529411764705882
190146,15,0.6633,0.9619,0.7176,7.31,323.04,0.7529411764705882
190146,16,0.6635,0.9619,0.7176,7.3,350.92,0.7529411764705882
190146,17,0.6643,0.9632,0.7176,7.33,377.97,0.7529411764705882
190146,18,0.6649,0.9658,0.7294,7.39,410.56,0.7529411764705882
190146,19,0.6654,0.9671,0.7412,7.42,434.73,0.7529411764705882
190146,20,0.666,0.9671,0.7294,7.37,475.68,0.7529411764705882
190146,21,0.6666,0.9711,0.7294,7.22,512.29,0.7529411764705882
190146,22,0.6669,0.9724,0.7294,7.08,535.43,0.7529411764705882
190146,23,0.6673,0.9737,0.7294,6.93,556.46,0.7529411764705882
190146,24,0.6677,0.9763,0.7294,6.82,573.72,0.7529411764705882
190146,25,0.6682,0.979,0.7294,6.69,591.49,0.7529411764705882
190146,26,0.6689,0.979,0.7294,6.58,604.59,0.7529411764705882
190146,27,0.6694,0.9803,0.7294,6.45,617.09,0.7529411764705882
190146,28,0.6701,0.9816,0.7294,6.36,631.44,0.7529411764705882
190146,29,0.6704,0.9829,0.7294,6.3,654.06,0.7529411764705882
190146,30,0.671,0.9829,0.7294,6.33,678.56,0.7529411764705882
190146,31,0.6715,0.9842,0.7412,6.39,702.8,0.7529411764705882
190146,32,0.6717,0.9842,0.7412,6.42,724.06,0.7529411764705882
190146,33,0.6719,0.9842,0.7412,6.4,744.33,0.7529411764705882
190146,34,0.672,0.9855,0.7412,6.46,768.78,0.7529411764705882
190146,35,0.672,0.9869,0.7294,6.53,790.62,0.7529411764705882
190146,36,0.672,0.9882,0.7412,6.56,808.9,0.7529411764705882
190146,37,0.6721,0.9895,0.7412,6.57,824.25,0.7529411764705882
190146,38,0.672,0.9934,0.7412,6.59,837.7,0.7529411764705882
190146,39,0.6722,0.9934,0.7412,6.59,850.79,0.7529411764705882
190146,40,0.6722,0.9934,0.7412,6.6,863.29,0.7529411764705882
190146,41,0.6723,0.9934,0.7412,6.65,871.93,0.7529411764705882
190146,42,0.6724,0.9934,0.7412,6.6,879.4,0.7529411764705882
190146,43,0.6724,0.9961,0.7412,6.61,889.93,0.7529411764705882
190146,44,0.6724,0.9961,0.7412,6.68,898.67,0.7529411764705882
190146,45,0.6726,0.9961,0.7412,6.77,905.39,0.7529411764705882
190146,46,0.6726,0.9961,0.7412,6.81,909.19,0.7529411764705882
190146,47,0.6727,0.9961,0.7412,6.84,914.0,0.7529411764705882
190146,48,0.6728,0.9961,0.7529,6.85,918.57,0.7529411764705882
190146,49,0.6729,0.9961,0.7529,6.84,921.44,0.7529411764705882
359959,0,0.4618,0.4498,0.4392,11.69,56.67,0.5202702702702703
359959,1,0.4618,0.4498,0.4392,11.69,56.67,0.5202702702702703
359959,2,0.4638,0.4823,0.4527,12.3,94.89,0.5202702702702703
359959,3,0.4703,0.5208,0.5,16.22,178.67,0.5202702702702703
359959,4,0.4731,0.5525,0.5338,17.96,238.13,0.5202702702702703
359959,5,0.4765,0.5826,0.5473,18.36,258.04,0.5202702702702703
359959,6,0.479,0.5909,0.5541,18.67,285.87,0.5202702702702703
359959,7,0.4797,0.5992,0.5338,18.16,297.62,0.5202702702702703
359959,8,0.4809,0.6068,0.5338,17.54,313.04,0.5202702702702703
359959,9,0.4826,0.6136,0.5405,17.29,328.87,0.5202702702702703
359959,10,0.4832,0.6181,0.5405,16.94,339.15,0.5202702702702703
359959,11,0.4839,0.6204,0.5473,16.61,368.93,0.5202702702702703
359959,12,0.4838,0.6211,0.5541,16.4,413.63,0.5202702702702703
359959,13,0.4839,0.6204,0.5541,16.02,442.44,0.5202702702702703
359959,14,0.4839,0.6204,0.5608,16.01,508.01,0.5202702702702703
359959,15,0.484,0.6234,0.5608,16.06,606.46,0.5202702702702703
359959,16,0.4842,0.6279,0.5541,16.18,755.7,0.5202702702702703
359959,17,0.4846,0.6317,0.5541,16.39,928.14,0.5202702702702703
359959,18,0.4851,0.634,0.5608,16.45,1069.8,0.5202702702702703
359959,19,0.485,0.634,0.5608,16.34,1201.39,0.5202702702702703
359959,20,0.4847,0.6438,0.5608,16.22,1316.47,0.5202702702702703
359959,21,0.4845,0.6453,0.5608,16.18,1416.24,0.5202702702702703
359959,22,0.4843,0.6506,0.5608,16.14,1498.78,0.5202702702702703
359959,23,0.4846,0.6558,0.5608,16.15,1608.72,0.5202702702702703
359959,24,0.4846,0.6551,0.5608,16.13,1711.47,0.5202702702702703
359959,25,0.4843,0.6558,0.5608,16.13,1826.29,0.5202702702702703
359959,26,0.484,0.6642,0.5608,16.05,1909.21,0.5202702702702703
359959,27,0.4836,0.6657,0.5608,15.94,2011.76,0.5202702702702703
359959,28,0.4832,0.6687,0.5608,15.79,2090.71,0.5202702702702703
359959,29,0.4831,0.6709,0.5608,15.68,2164.09,0.5202702702702703
359959,30,0.4829,0.6725,0.5608,15.57,2240.02,0.5202702702702703
359959,31,0.4828,0.6755,0.5676,15.46,2326.25,0.5202702702702703
359959,32,0.483,0.6777,0.5676,15.31,2385.55,0.5202702702702703
359959,33,0.4829,0.6777,0.5676,15.16,2432.66,0.5202702702702703
359959,34,0.4827,0.68,0.5676,15.09,2491.25,0.5202702702702703
359959,35,0.4825,0.6823,0.5676,14.98,2537.08,0.5202702702702703
359959,36,0.4825,0.6845,0.5676,14.84,2577.8,0.5202702702702703
359959,37,0.4823,0.686,0.5676,14.75,2630.37,0.5202702702702703
359959,38,0.4821,0.6883,0.5676,14.65,2669.23,0.5202702702702703
359959,39,0.482,0.6891,0.5676,14.55,2754.27,0.5202702702702703
359959,40,0.4818,0.6891,0.5608,14.45,2820.43,0.5202702702702703
359959,41,0.4817,0.6913,0.5608,14.33,2897.48,0.5202702702702703
359959,42,0.4815,0.6921,0.5608,14.29,3000.57,0.5202702702702703
359959,43,0.4814,0.6936,0.5608,14.25,3123.59,0.5202702702702703
359959,44,0.4812,0.6936,0.5608,14.22,3288.82,0.5202702702702703
359959,45,0.4812,0.6928,0.5608,14.18,3415.18,0.5202702702702703
359959,46,0.4811,0.6966,0.5608,14.13,3535.64,0.5202702702702703
359959,47,0.4809,0.6981,0.5608,14.05,3622.58,0.5202702702702703
359959,48,0.4809,0.6989,0.5608,13.93,3717.41,0.5202702702702703
359959,49,0.4807,0.7004,0.5608,13.82,3810.02,0.5202702702702703
359959,0,0.4561,0.4272,0.4257,10.34,93.15,0.5405405405405406
359959,1,0.4561,0.4272,0.4257,10.34,93.15,0.5405405405405406
359959,2,0.4621,0.4717,0.4527,18.93,357.86,0.5405405405405406
359959,3,0.4684,0.5608,0.473,24.93,649.06,0.5405405405405406
359959,4,0.4717,0.5977,0.5068,26.37,824.71,0.5405405405405406
359959,5,0.4729,0.6211,0.5405,25.79,900.37,0.5405405405405406
359959,6,0.4746,0.6294,0.5338,25.06,918.91,0.5405405405405406
359959,7,0.4765,0.6325,0.5541,23.62,937.83,0.5405405405405406
359959,8,0.4776,0.637,0.5541,22.38,920.88,0.5405405405405406
359959,9,0.4783,0.637,0.5541,21.21,905.0,0.5405405405405406
359959,10,0.4792,0.6468,0.5541,20.43,931.99,0.5405405405405406
359959,11,0.4802,0.6468,0.5608,19.65,977.54,0.5405405405405406
359959,12,0.4807,0.6521,0.5676,19.08,1025.26,0.5405405405405406
359959,13,0.4818,0.6589,0.5676,18.55,1064.12,0.5405405405405406
359959,14,0.4825,0.6596,0.5676,17.91,1089.05,0.5405405405405406
359959,15,0.4828,0.6604,0.5676,17.45,1116.76,0.5405405405405406
359959,16,0.4823,0.6634,0.5676,16.89,1139.67,0.5405405405405406
359959,17,0.4826,0.6642,0.5676,16.39,1161.41,0.5405405405405406
359959,18,0.4827,0.6642,0.5743,15.89,1171.88,0.5405405405405406
359959,19,0.4826,0.6649,0.5743,15.51,1203.37,0.5405405405405406
359959,20,0.4826,0.6649,0.5743,15.12,1224.31,0.5405405405405406
359959,21,0.4826,0.6664,0.5743,14.71,1248.77,0.5405405405405406
359959,22,0.4824,0.6687,0.5743,14.41,1312.11,0.5405405405405406
359959,23,0.4825,0.6702,0.5743,14.19,1381.47,0.5405405405405406
359959,24,0.4823,0.6755,0.5743,13.99,1478.22,0.5405405405405406
359959,25,0.4824,0.6762,0.5743,13.88,1588.61,0.5405405405405406
359959,26,0.4823,0.68,0.5743,13.67,1676.81,0.5405405405405406
359959,27,0.4825,0.683,0.5811,13.49,1764.16,0.5405405405405406
359959,28,0.4826,0.6815,0.5743,13.3,1841.76,0.5405405405405406
359959,29,0.4825,0.6838,0.5811,13.15,1928.08,0.5405405405405406
359959,30,0.4823,0.6845,0.5743,13.0,2046.56,0.5405405405405406
359959,31,0.482,0.6853,0.5811,12.93,2208.56,0.5405405405405406
359959,32,0.4819,0.6898,0.5811,12.88,2373.08,0.5405405405405406
359959,33,0.4819,0.6921,0.5743,12.92,2563.59,0.5405405405405406
359959,34,0.4818,0.6943,0.5743,12.86,2745.28,0.5405405405405406
359959,35,0.4817,0.6974,0.5743,12.8,2900.77,0.5405405405405406
359959,36,0.4816,0.7004,0.5743,12.74,3028.89,0.5405405405405406
359959,37,0.4814,0.7034,0.5743,12.69,3169.87,0.5405405405405406
359959,38,0.4812,0.7057,0.5743,12.65,3279.68,0.5405405405405406
359959,39,0.4809,0.7057,0.5743,12.58,3395.96,0.5405405405405406
359959,40,0.4807,0.7087,0.5743,12.55,3505.6,0.5405405405405406
359959,41,0.4806,0.7102,0.5743,12.49,3577.09,0.5405405405405406
359959,42,0.4806,0.7109,0.5743,12.37,3638.03,0.5405405405405406
359959,43,0.4804,0.7125,0.5743,12.29,3713.33,0.5405405405405406
359959,44,0.4804,0.717,0.5743,12.23,3814.51,0.5405405405405406
359959,45,0.4804,0.7177,0.5676,12.18,3921.96,0.5405405405405406
359959,46,0.4803,0.7185,0.5676,12.14,4022.94,0.5405405405405406
359959,47,0.4804,0.7208,0.5676,12.06,4117.03,0.5405405405405406
359959,48,0.4804,0.723,0.5676,12.01,4211.69,0.5405405405405406
359959,49,0.4803,0.7238,0.5676,11.93,4269.56,0.5405405405405406
359954,0,0.4531,0.5846,0.5135,13.99,101.83,0.6621621621621622
359954,1,0.4531,0.5846,0.5135,13.99,101.83,0.6621621621621622
359954,2,0.4732,0.6677,0.527,15.67,177.21,0.6621621621621622
359954,3,0.4867,0.6964,0.5676,17.77,293.59,0.6621621621621622
359954,4,0.495,0.7341,0.6081,19.8,395.62,0.6621621621621622
359954,5,0.5013,0.7689,0.5811,20.97,494.33,0.6621621621621622
359954,6,0.5056,0.7915,0.5811,20.14,567.72,0.6621621621621622
359954,7,0.5082,0.8036,0.5811,19.33,585.1,0.6621621621621622
359954,8,0.5094,0.8097,0.5946,18.59,594.95,0.6621621621621622
359954,9,0.5102,0.8157,0.6081,17.63,587.31,0.6621621621621622
359954,10,0.5111,0.8202,0.6351,16.68,579.7,0.6621621621621622
359954,11,0.5111,0.8248,0.6216,15.99,592.91,0.6621621621621622
359954,12,0.5122,0.8338,0.6351,15.46,601.14,0.6621621621621622
359954,13,0.5126,0.8384,0.6216,14.81,612.04,0.6621621621621622
359954,14,0.5131,0.852,0.6351,14.3,643.45,0.6621621621621622
359954,15,0.5138,0.861,0.6351,13.85,665.36,0.6621621621621622
359954,16,0.5143,0.861,0.6486,13.46,695.16,0.6621621621621622
359954,17,0.5146,0.8686,0.6486,13.11,716.56,0.6621621621621622
359954,18,0.515,0.8731,0.6486,12.84,733.71,0.6621621621621622
359954,19,0.5159,0.8822,0.6486,12.56,765.04,0.6621621621621622
359954,20,0.5161,0.8852,0.6486,12.19,818.44,0.6621621621621622
359954,21,0.5162,0.8867,0.6486,11.81,847.61,0.6621621621621622
359954,22,0.5164,0.8867,0.6486,11.52,872.99,0.6621621621621622
359954,23,0.5166,0.8912,0.6486,11.16,887.04,0.6621621621621622
359954,24,0.5172,0.8927,0.6486,10.94,906.4,0.6621621621621622
359954,25,0.5178,0.8943,0.6486,10.69,917.94,0.6621621621621622
359954,26,0.5181,0.8988,0.6486,10.52,938.1,0.6621621621621622
359954,27,0.5186,0.9048,0.6622,10.38,968.0,0.6621621621621622
359954,28,0.5191,0.9048,0.6622,10.26,987.68,0.6621621621621622
359954,29,0.5195,0.9109,0.6622,10.15,1041.56,0.6621621621621622
359954,30,0.5197,0.9154,0.6622,10.12,1096.91,0.6621621621621622
359954,31,0.5199,0.9184,0.6622,10.17,1151.03,0.6621621621621622
359954,32,0.5198,0.923,0.6622,10.34,1199.99,0.6621621621621622
359954,33,0.5201,0.926,0.6622,10.42,1242.89,0.6621621621621622
359954,34,0.5203,0.9275,0.6622,10.44,1282.31,0.6621621621621622
359954,35,0.5208,0.932,0.6622,10.45,1335.14,0.6621621621621622
359954,36,0.521,0.9335,0.6622,10.43,1399.08,0.6621621621621622
359954,37,0.5216,0.935,0.6622,10.39,1450.7,0.6621621621621622
359954,38,0.5219,0.9366,0.6622,10.34,1498.21,0.6621621621621622
359954,39,0.522,0.9366,0.6622,10.3,1537.96,0.6621621621621622
359954,40,0.5224,0.9441,0.6622,10.31,1589.69,0.6621621621621622
359954,41,0.5227,0.9456,0.6622,10.39,1624.74,0.6621621621621622
359954,42,0.5231,0.9471,0.6622,10.45,1667.53,0.6621621621621622
359954,43,0.5234,0.9471,0.6622,10.45,1699.52,0.6621621621621622
359954,44,0.5236,0.9471,0.6622,10.51,1727.94,0.6621621621621622
359954,45,0.5238,0.9486,0.6622,10.58,1749.98,0.6621621621621622
359954,46,0.5241,0.9517,0.6622,10.7,1773.19,0.6621621621621622
359954,47,0.5244,0.9517,0.6622,10.73,1787.95,0.6621621621621622
359954,48,0.5246,0.9532,0.6622,10.79,1798.16,0.6621621621621622
359954,49,0.5248,0.9547,0.6622,10.88,1813.49,0.6621621621621622
190146,0,0.6531,0.8279,0.7294,5.91,126.77,0.7529411764705882
190146,1,0.6531,0.8279,0.7294,5.91,126.77,0.7529411764705882
190146,2,0.6586,0.8883,0.7059,10.74,318.29,0.7529411764705882
190146,3,0.6615,0.9212,0.7059,11.75,385.52,0.7529411764705882
190146,4,0.6627,0.933,0.7059,11.3,398.09,0.7529411764705882
190146,5,0.6634,0.9435,0.7059,10.89,397.23,0.7529411764705882
190146,6,0.6631,0.9514,0.7176,10.39,382.98,0.7529411764705882
190146,7,0.6647,0.9553,0.7294,9.85,368.71,0.7529411764705882
190146,8,0.665,0.9566,0.7294,9.76,350.24,0.7529411764705882
190146,9,0.6658,0.9593,0.7294,9.34,331.85,0.7529411764705882
190146,10,0.6665,0.9593,0.7294,9.03,326.86,0.7529411764705882
190146,11,0.6666,0.9593,0.7294,8.89,325.69,0.7529411764705882
190146,12,0.6664,0.9593,0.7294,8.68,317.31,0.7529411764705882
190146,13,0.6662,0.9645,0.7294,8.42,323.13,0.7529411764705882
190146,14,0.6663,0.9658,0.7294,8.32,338.19,0.7529411764705882
190146,15,0.667,0.9698,0.7294,8.22,353.04,0.7529411764705882
190146,16,0.6672,0.9724,0.7294,8.22,397.3,0.7529411764705882
190146,17,0.6673,0.9737,0.7412,8.28,446.31,0.7529411764705882
190146,18,0.6674,0.9777,0.7412,8.22,483.76,0.7529411764705882
190146,19,0.6677,0.9803,0.7412,8.21,519.75,0.7529411764705882
190146,20,0.6683,0.9803,0.7294,8.22,552.97,0.7529411764705882
190146,21,0.6686,0.9842,0.7294,8.17,574.87,0.7529411764705882
190146,22,0.6691,0.9882,0.7294,8.29,607.02,0.7529411764705882
190146,23,0.6694,0.9895,0.7294,8.41,635.85,0.7529411764705882
190146,24,0.6697,0.9895,0.7294,8.54,662.16,0.7529411764705882
190146,25,0.6699,0.9908,0.7412,8.68,683.54,0.7529411764705882
190146,26,0.6701,0.9921,0.7294,8.75,702.56,0.7529411764705882
190146,27,0.6704,0.9921,0.7294,8.75,716.73,0.7529411764705882
190146,28,0.6707,0.9947,0.7294,8.8,727.0,0.7529411764705882
190146,29,0.6708,0.9961,0.7294,8.76,737.98,0.7529411764705882
190146,30,0.6705,0.9961,0.7294,8.77,751.95,0.7529411764705882
190146,31,0.6706,0.9961,0.7294,8.78,768.53,0.7529411764705882
190146,32,0.6704,0.9961,0.7294,8.84,787.66,0.7529411764705882
190146,33,0.6701,0.9961,0.7294,8.87,801.51,0.7529411764705882
190146,34,0.6701,0.9961,0.7294,8.89,814.37,0.7529411764705882
190146,35,0.6701,0.9947,0.7294,8.85,822.04,0.7529411764705882
190146,36,0.6702,0.9974,0.7294,8.82,829.99,0.7529411764705882
190146,37,0.6699,0.9974,0.7294,8.76,834.33,0.7529411764705882
190146,38,0.6701,0.9974,0.7294,8.71,834.06,0.7529411764705882
190146,39,0.6699,0.9961,0.7294,8.62,834.46,0.7529411764705882
190146,40,0.6699,0.9961,0.7294,8.57,831.67,0.7529411764705882
190146,41,0.6699,0.9961,0.7294,8.5,830.02,0.7529411764705882
190146,42,0.6697,0.9961,0.7294,8.45,826.82,0.7529411764705882
190146,43,0.6694,0.9961,0.7294,8.37,826.44,0.7529411764705882
190146,44,0.6695,0.9961,0.7294,8.27,822.13,0.7529411764705882
190146,45,0.6695,0.9961,0.7294,8.24,819.62,0.7529411764705882
190146,46,0.6694,0.9961,0.7294,8.19,815.76,0.7529411764705882
190146,47,0.6692,0.9961,0.7294,8.13,811.31,0.7529411764705882
190146,48,0.6692,0.9961,0.7294,8.08,806.96,0.7529411764705882
190146,49,0.6692,0.9961,0.7294,8.0,803.95,0.7529411764705882
2073,0,0.4844,0.5865,0.6309,13.12,119.14,0.7181208053691275
2073,1,0.4844,0.5865,0.6309,13.12,119.14,0.7181208053691275
2073,2,0.4833,0.597,0.6376,16.09,170.25,0.7181208053691275
2073,3,0.4934,0.6172,0.6443,20.79,284.83,0.7181208053691275
2073,4,0.5011,0.6277,0.6577,24.1,368.37,0.7181208053691275
2073,5,0.5045,0.6375,0.6376,24.93,435.54,0.7181208053691275
2073,6,0.5056,0.6457,0.6309,26.04,496.84,0.7181208053691275
2073,7,0.5077,0.6532,0.6309,26.53,582.97,0.7181208053691275
2073,8,0.5102,0.6599,0.6376,26.74,642.98,0.7181208053691275
2073,9,0.5117,0.6614,0.6376,27.05,745.19,0.7181208053691275
2073,10,0.5126,0.6712,0.651,27.55,889.27,0.7181208053691275
2073,11,0.5132,0.6787,0.651,28.01,1053.98,0.7181208053691275
2073,12,0.5133,0.6854,0.651,28.26,1279.64,0.7181208053691275
2073,13,0.5126,0.6951,0.651,29.3,1549.66,0.7181208053691275
2073,14,0.5124,0.7004,0.6577,29.59,1856.56,0.7181208053691275
2073,15,0.5123,0.7079,0.6711,29.79,2165.85,0.7181208053691275
2073,16,0.5121,0.7116,0.6711,30.27,2464.53,0.7181208053691275
2073,17,0.5111,0.7146,0.6711,30.96,2864.76,0.7181208053691275
2073,18,0.5107,0.7228,0.6711,31.72,3624.93,0.7181208053691275
2073,19,0.5099,0.7326,0.6711,32.23,4265.94,0.7181208053691275
2073,20,0.5089,0.7371,0.6711,33.0,5070.2,0.7181208053691275
2073,21,0.5084,0.7446,0.6711,33.6,5814.13,0.7181208053691275
2073,22,0.5074,0.7483,0.6711,34.23,6593.36,0.7181208053691275
2073,23,0.507,0.7573,0.6711,34.45,7632.44,0.7181208053691275
2073,24,0.5068,0.7603,0.6711,34.97,8623.86,0.7181208053691275
2073,25,0.506,0.7655,0.6711,35.31,9368.96,0.7181208053691275
2073,26,0.5058,0.7783,0.6779,35.2,10244.12,0.7181208053691275
2073,27,0.5053,0.7835,0.6846,35.22,10897.57,0.7181208053691275
2073,28,0.5051,0.791,0.6846,35.09,11555.38,0.7181208053691275
2073,29,0.5051,0.7993,0.6846,34.99,12106.77,0.7181208053691275
2073,30,0.505,0.8052,0.6913,35.07,12587.05,0.7181208053691275
2073,31,0.5049,0.8112,0.6913,35.09,13054.2,0.7181208053691275
2073,32,0.5049,0.8165,0.6913,35.02,13393.16,0.7181208053691275
2073,33,0.5047,0.821,0.6913,35.1,13774.9,0.7181208053691275
2073,34,0.5047,0.827,0.6913,35.14,14092.0,0.7181208053691275
2073,35,0.5046,0.8307,0.6913,35.17,14382.33,0.7181208053691275
2073,36,0.5048,0.8337,0.6913,35.05,14635.32,0.7181208053691275
2073,37,0.5049,0.8404,0.6913,34.94,14874.65,0.7181208053691275
2073,38,0.505,0.8442,0.6913,34.56,15087.51,0.7181208053691275
2073,39,0.505,0.8479,0.6913,34.26,15188.36,0.7181208053691275
2073,40,0.5049,0.8502,0.6913,34.0,15302.61,0.7181208053691275
2073,41,0.5049,0.8517,0.6913,33.76,15414.39,0.7181208053691275
2073,42,0.5048,0.8554,0.6913,33.66,15509.65,0.7181208053691275
2073,43,0.5047,0.8577,0.6913,33.41,15529.94,0.7181208053691275
2073,44,0.5046,0.8599,0.6913,33.14,15560.66,0.7181208053691275
2073,45,0.5045,0.8607,0.6913,32.82,15557.84,0.7181208053691275
2073,46,0.5043,0.8652,0.6913,32.63,15559.63,0.7181208053691275
2073,47,0.5043,0.8659,0.6913,32.27,15551.85,0.7181208053691275
2073,48,0.5042,0.8689,0.6913,31.98,15546.49,0.7181208053691275
2073,49,0.5042,0.8712,0.698,31.81,15557.2,0.7181208053691275
2073,0,0.46,0.5678,0.5973,14.09,160.9,0.7248322147651006
2073,1,0.46,0.5678,0.5973,14.09,160.9,0.7248322147651006
2073,2,0.4724,0.591,0.6242,23.56,357.78,0.7248322147651006
2073,3,0.4906,0.6277,0.6309,32.83,835.44,0.7248322147651006
2073,4,0.499,0.6487,0.6376,33.28,1004.47,0.7248322147651006
2073,5,0.5052,0.6562,0.6309,33.49,1106.68,0.7248322147651006
2073,6,0.5102,0.6689,0.651,32.55,1167.47,0.7248322147651006
2073,7,0.5131,0.6816,0.6577,31.44,1232.43,0.7248322147651006
2073,8,0.5153,0.6846,0.651,30.29,1283.82,0.7248322147651006
2073,9,0.516,0.6921,0.6577,29.79,1383.08,0.7248322147651006
2073,10,0.5168,0.6951,0.6644,29.08,1483.28,0.7248322147651006
2073,11,0.5172,0.7004,0.6644,29.1,1586.97,0.7248322147651006
2073,12,0.5179,0.7109,0.6711,28.51,1693.59,0.7248322147651006
2073,13,0.5185,0.7169,0.6711,28.09,1939.46,0.7248322147651006
2073,14,0.5189,0.7251,0.6846,27.85,2239.41,0.7248322147651006
2073,15,0.5193,0.7311,0.6846,27.59,2475.95,0.7248322147651006
2073,16,0.5198,0.7378,0.6913,27.68,2713.07,0.7248322147651006
2073,17,0.5199,0.7461,0.698,27.32,2882.08,0.7248322147651006
2073,18,0.5201,0.7528,0.698,27.09,3056.95,0.7248322147651006
2073,19,0.52,0.7543,0.7047,26.8,3209.72,0.7248322147651006
2073,20,0.5196,0.7573,0.7047,26.49,3418.07,0.7248322147651006
2073,21,0.519,0.7588,0.7047,26.21,3709.67,0.7248322147651006
2073,22,0.518,0.7633,0.7047,26.05,4084.14,0.7248322147651006
2073,23,0.5177,0.7693,0.7047,25.94,4415.09,0.7248322147651006
2073,24,0.5173,0.7738,0.7047,25.95,4719.51,0.7248322147651006
2073,25,0.5173,0.776,0.7047,25.72,4994.68,0.7248322147651006
2073,26,0.5171,0.7798,0.7047,25.71,5280.09,0.7248322147651006
2073,27,0.5168,0.7843,0.7114,25.56,5598.36,0.7248322147651006
2073,28,0.5163,0.7925,0.7047,25.69,6067.87,0.7248322147651006
2073,29,0.5159,0.7985,0.7047,25.62,6528.47,0.7248322147651006
2073,30,0.5157,0.8052,0.7047,25.58,6918.67,0.7248322147651006
2073,31,0.5152,0.812,0.7047,25.37,7353.03,0.7248322147651006
2073,32,0.5145,0.8195,0.7047,25.48,7879.25,0.7248322147651006
2073,33,0.5142,0.8225,0.7047,25.37,8339.18,0.7248322147651006
2073,34,0.5137,0.827,0.7047,25.35,8814.62,0.7248322147651006
2073,35,0.5134,0.8315,0.7047,25.39,9264.4,0.7248322147651006
2073,36,0.5132,0.839,0.7047,25.41,9726.65,0.7248322147651006
2073,37,0.513,0.8434,0.698,25.3,10108.73,0.7248322147651006
2073,38,0.5125,0.8464,0.698,25.28,10454.93,0.7248322147651006
2073,39,0.5121,0.8517,0.698,25.29,10720.63,0.7248322147651006
2073,40,0.5121,0.8517,0.698,25.31,10960.4,0.7248322147651006
2073,41,0.512,0.8577,0.698,25.2,11172.7,0.7248322147651006
2073,42,0.5119,0.8652,0.698,25.02,11386.75,0.7248322147651006
2073,43,0.5119,0.8682,0.698,24.82,11540.78,0.7248322147651006
2073,44,0.5118,0.8727,0.698,24.67,11676.89,0.7248322147651006
2073,45,0.5116,0.8794,0.698,24.48,11817.67,0.7248322147651006
2073,46,0.5112,0.8831,0.6913,24.21,11899.18,0.7248322147651006
2073,47,0.5111,0.8854,0.6913,24.03,11992.05,0.7248322147651006
2073,48,0.5109,0.8876,0.6913,23.8,12070.19,0.7248322147651006
2073,49,0.5106,0.8891,0.6913,23.56,12109.63,0.7248322147651006
359954,0,0.4796,0.6405,0.5541,9.66,140.1,0.6756756756756757
359954,1,0.4796,0.6405,0.5541,9.66,140.1,0.6756756756756757
359954,2,0.4805,0.6616,0.5541,10.87,209.01,0.6756756756756757
359954,3,0.483,0.6782,0.5676,13.73,323.02,0.6756756756756757
359954,4,0.4782,0.6828,0.5541,15.86,468.91,0.6756756756756757
359954,5,0.4786,0.6843,0.5676,17.28,569.45,0.6756756756756757
359954,6,0.4813,0.6994,0.5676,17.88,709.9,0.6756756756756757
359954,7,0.4847,0.7145,0.5541,17.74,792.64,0.6756756756756757
359954,8,0.4866,0.7372,0.5405,17.89,855.02,0.6756756756756757
359954,9,0.489,0.7492,0.5676,17.67,881.64,0.6756756756756757
359954,10,0.4912,0.7613,0.5811,17.35,910.97,0.6756756756756757
359954,11,0.4932,0.7659,0.5811,17.07,952.29,0.6756756756756757
359954,12,0.4956,0.7719,0.5946,17.11,993.17,0.6756756756756757
359954,13,0.4971,0.79,0.6216,17.22,1031.02,0.6756756756756757
359954,14,0.4981,0.8051,0.6351,17.08,1058.6,0.6756756756756757
359954,15,0.4987,0.8097,0.6351,17.3,1077.47,0.6756756756756757
359954,16,0.4998,0.8172,0.6351,17.13,1097.05,0.6756756756756757
359954,17,0.5006,0.8172,0.6351,16.84,1142.82,0.6756756756756757
359954,18,0.5021,0.8278,0.6351,16.47,1194.06,0.6756756756756757
359954,19,0.5028,0.8353,0.6351,16.4,1267.38,0.6756756756756757
359954,20,0.5043,0.8459,0.6622,16.54,1348.22,0.6756756756756757
359954,21,0.506,0.8535,0.6486,16.37,1421.32,0.6756756756756757
359954,22,0.5069,0.8565,0.6622,16.51,1494.82,0.6756756756756757
359954,23,0.5075,0.8671,0.6622,16.81,1569.15,0.6756756756756757
359954,24,0.508,0.8701,0.6622,17.12,1638.63,0.6756756756756757
359954,25,0.5088,0.8716,0.6622,17.39,1726.66,0.6756756756756757
359954,26,0.5093,0.8761,0.6622,17.45,1797.76,0.6756756756756757
359954,27,0.5097,0.8807,0.6622,17.52,1863.92,0.6756756756756757
359954,28,0.5106,0.8867,0.6622,17.62,1912.61,0.6756756756756757
359954,29,0.5109,0.8912,0.6622,17.85,1962.04,0.6756756756756757
359954,30,0.511,0.8927,0.6622,17.94,2015.88,0.6756756756756757
359954,31,0.5114,0.8973,0.6622,17.93,2060.41,0.6756756756756757
359954,32,0.5118,0.9033,0.6622,17.82,2112.93,0.6756756756756757
359954,33,0.5121,0.9094,0.6486,17.58,2140.77,0.6756756756756757
359954,34,0.5126,0.9094,0.6486,17.42,2165.01,0.6756756756756757
359954,35,0.5126,0.9109,0.6486,17.26,2185.18,0.6756756756756757
359954,36,0.5128,0.9124,0.6486,17.24,2220.59,0.6756756756756757
359954,37,0.5128,0.9154,0.6486,17.1,2242.45,0.6756756756756757
359954,38,0.5132,0.9154,0.6486,17.08,2258.52,0.6756756756756757
359954,39,0.5135,0.9154,0.6486,17.04,2271.51,0.6756756756756757
359954,40,0.5136,0.9184,0.6486,17.02,2289.58,0.6756756756756757
359954,41,0.5137,0.923,0.6486,16.97,2304.68,0.6756756756756757
359954,42,0.5141,0.9275,0.6486,16.93,2323.18,0.6756756756756757
359954,43,0.5142,0.9305,0.6486,16.84,2334.63,0.6756756756756757
359954,44,0.5146,0.9305,0.6486,16.72,2334.95,0.6756756756756757
359954,45,0.5146,0.9335,0.6486,16.62,2335.39,0.6756756756756757
359954,46,0.5147,0.935,0.6486,16.5,2335.5,0.6756756756756757
359954,47,0.515,0.9381,0.6486,16.33,2328.81,0.6756756756756757
359954,48,0.5152,0.9426,0.6486,16.25,2328.88,0.6756756756756757
359954,49,0.5154,0.9456,0.6486,16.31,2325.07,0.6756756756756757
2073,0,0.4817,0.597,0.5839,11.95,149.57,0.7248322147651006
2073,1,0.4817,0.597,0.5839,11.95,149.57,0.7248322147651006
2073,2,0.4836,0.6045,0.5906,14.48,253.0,0.7248322147651006
2073,3,0.4843,0.6142,0.6107,16.67,385.46,0.7248322147651006
2073,4,0.4877,0.6172,0.6174,17.41,486.94,0.7248322147651006
2073,5,0.491,0.627,0.6174,17.46,538.54,0.7248322147651006
2073,6,0.4933,0.627,0.6309,17.76,570.63,0.7248322147651006
2073,7,0.4929,0.6292,0.6376,17.94,589.37,0.7248322147651006
2073,8,0.4937,0.63,0.6242,17.89,610.98,0.7248322147651006
2073,9,0.4959,0.6322,0.6309,18.0,641.53,0.7248322147651006
2073,10,0.497,0.6367,0.6376,17.73,654.55,0.7248322147651006
2073,11,0.4996,0.6434,0.6443,17.41,675.9,0.7248322147651006
2073,12,0.5012,0.6442,0.6376,18.02,718.24,0.7248322147651006
2073,13,0.5014,0.6472,0.6376,18.2,748.5,0.7248322147651006
2073,14,0.5016,0.6517,0.6376,18.7,778.35,0.7248322147651006
2073,15,0.5023,0.6524,0.6376,18.87,822.3,0.7248322147651006
2073,16,0.5023,0.6532,0.6376,19.27,887.49,0.7248322147651006
2073,17,0.5023,0.6532,0.6376,20.0,981.41,0.7248322147651006
2073,18,0.5021,0.6569,0.6376,20.86,1098.15,0.7248322147651006
2073,19,0.5017,0.6629,0.6376,21.48,1212.88,0.7248322147651006
2073,20,0.5017,0.6659,0.6309,21.99,1305.04,0.7248322147651006
2073,21,0.5024,0.6674,0.6309,22.82,1451.23,0.7248322147651006
2073,22,0.5027,0.6682,0.6309,23.46,1640.35,0.7248322147651006
2073,23,0.5028,0.6719,0.6309,24.09,1933.16,0.7248322147651006
2073,24,0.5025,0.6742,0.6376,25.09,2234.63,0.7248322147651006
2073,25,0.5025,0.6809,0.6376,25.79,2511.39,0.7248322147651006
2073,26,0.5028,0.6824,0.6376,26.24,2721.35,0.7248322147651006
2073,27,0.5026,0.6854,0.6376,26.39,2882.36,0.7248322147651006
2073,28,0.5029,0.6876,0.6376,26.54,3055.0,0.7248322147651006
2073,29,0.5034,0.6891,0.6309,26.68,3308.51,0.7248322147651006
2073,30,0.5032,0.6936,0.6309,26.99,3515.67,0.7248322147651006
2073,31,0.5029,0.6966,0.6309,27.17,3768.13,0.7248322147651006
2073,32,0.5027,0.7011,0.6309,27.24,4005.64,0.7248322147651006
2073,33,0.5027,0.7041,0.6309,27.5,4263.21,0.7248322147651006
2073,34,0.5026,0.7101,0.6309,27.42,4474.92,0.7248322147651006
2073,35,0.5023,0.7139,0.6309,27.49,4659.24,0.7248322147651006
2073,36,0.5023,0.7169,0.6309,27.58,4974.62,0.7248322147651006
2073,37,0.5021,0.7213,0.6309,27.79,5374.75,0.7248322147651006
2073,38,0.5022,0.7288,0.6309,27.86,5710.97,0.7248322147651006
2073,39,0.502,0.7318,0.6309,27.92,6044.88,0.7248322147651006
2073,40,0.5022,0.7348,0.6309,27.78,6494.13,0.7248322147651006
2073,41,0.5023,0.7393,0.6309,27.52,6895.33,0.7248322147651006
2073,42,0.5024,0.7416,0.6309,27.36,7345.74,0.7248322147651006
2073,43,0.5026,0.7461,0.6376,27.2,7846.52,0.7248322147651006
2073,44,0.5024,0.7528,0.6376,27.42,8357.92,0.7248322147651006
2073,45,0.5023,0.7596,0.6376,27.82,8843.82,0.7248322147651006
2073,46,0.5023,0.7648,0.6376,28.15,9309.79,0.7248322147651006
2073,47,0.5024,0.7678,0.6376,28.54,9704.16,0.7248322147651006
2073,48,0.5025,0.77,0.6376,28.64,10082.67,0.7248322147651006
2073,49,0.5025,0.7738,0.6376,28.68,10439.74,0.7248322147651006
168784,0,0.616,0.7342,0.7282,4.56,204.26,0.8205128205128205
168784,1,0.616,0.7342,0.7282,4.56,204.26,0.8205128205128205
168784,2,0.6292,0.7772,0.7333,9.49,657.98,0.8205128205128205
168784,3,0.6346,0.8013,0.7487,11.89,866.22,0.8205128205128205
168784,4,0.6386,0.815,0.7436,12.29,960.98,0.8205128205128205
168784,5,0.642,0.8282,0.7385,12.22,994.65,0.8205128205128205
168784,6,0.6444,0.8385,0.7487,12.36,1124.27,0.8205128205128205
168784,7,0.646,0.8522,0.7436,12.28,1293.76,0.8205128205128205
168784,8,0.6474,0.8585,0.7385,11.9,1389.4,0.8205128205128205
168784,9,0.649,0.8631,0.7487,11.68,1546.48,0.8205128205128205
168784,10,0.6504,0.8694,0.7487,11.79,1716.22,0.8205128205128205
168784,11,0.651,0.8746,0.7487,11.77,1903.51,0.8205128205128205
168784,12,0.6518,0.8786,0.7487,11.54,2044.06,0.8205128205128205
168784,13,0.6526,0.8849,0.7487,11.26,2125.11,0.8205128205128205
168784,14,0.6532,0.8895,0.7487,11.14,2198.16,0.8205128205128205
168784,15,0.6538,0.8958,0.7487,10.96,2286.45,0.8205128205128205
168784,16,0.6542,0.9015,0.7538,10.98,2404.83,0.8205128205128205
168784,17,0.6545,0.9038,0.759,11.0,2523.77,0.8205128205128205
168784,18,0.6551,0.9078,0.759,11.08,2642.23,0.8205128205128205
168784,19,0.6553,0.9129,0.7641,10.99,2732.2,0.8205128205128205
168784,20,0.6553,0.917,0.7641,10.94,2805.67,0.8205128205128205
168784,21,0.6554,0.9204,0.7641,10.77,2901.42,0.8205128205128205
168784,22,0.6556,0.9244,0.7692,10.76,3001.77,0.8205128205128205
168784,23,0.6557,0.9296,0.7692,10.76,3076.44,0.8205128205128205
168784,24,0.6559,0.9313,0.7744,10.69,3155.17,0.8205128205128205
168784,25,0.6562,0.933,0.7744,10.67,3265.44,0.8205128205128205
168784,26,0.6562,0.9336,0.7744,10.56,3383.31,0.8205128205128205
168784,27,0.6562,0.9376,0.7744,10.51,3511.22,0.8205128205128205
168784,28,0.6563,0.9404,0.7744,10.45,3636.07,0.8205128205128205
168784,29,0.6564,0.9427,0.7744,10.52,3759.64,0.8205128205128205
168784,30,0.6567,0.9456,0.7795,10.52,3853.62,0.8205128205128205
168784,31,0.6569,0.9467,0.7795,10.53,3956.06,0.8205128205128205
168784,32,0.6571,0.9502,0.7846,10.57,4080.51,0.8205128205128205
168784,33,0.6573,0.953,0.7846,10.53,4216.94,0.8205128205128205
168784,34,0.6575,0.9548,0.7846,10.58,4358.48,0.8205128205128205
168784,35,0.6575,0.9553,0.7846,10.6,4490.97,0.8205128205128205
168784,36,0.6575,0.957,0.7846,10.54,4591.61,0.8205128205128205
168784,37,0.6577,0.9576,0.7846,10.5,4682.85,0.8205128205128205
168784,38,0.6579,0.9622,0.7846,10.43,4818.6,0.8205128205128205
168784,39,0.6579,0.9645,0.7846,10.46,4945.9,0.8205128205128205
168784,40,0.658,0.9679,0.7795,10.44,5065.19,0.8205128205128205
168784,41,0.6582,0.9702,0.7846,10.45,5172.31,0.8205128205128205
168784,42,0.6584,0.9714,0.7846,10.49,5256.74,0.8205128205128205
168784,43,0.6586,0.9725,0.7846,10.44,5333.96,0.8205128205128205
168784,44,0.6586,0.9754,0.7846,10.37,5422.7,0.8205128205128205
168784,45,0.6586,0.9788,0.7846,10.32,5488.46,0.8205128205128205
168784,46,0.6587,0.9788,0.7795,10.25,5538.81,0.8205128205128205
168784,47,0.6588,0.98,0.7846,10.22,5583.39,0.8205128205128205
168784,48,0.6589,0.9817,0.7846,10.17,5612.19,0.8205128205128205
168784,49,0.6589,0.9817,0.7795,10.13,5629.68,0.8205128205128205
359959,0,0.4591,0.4272,0.4257,9.3,43.47,0.5337837837837838
359959,1,0.4591,0.4272,0.4257,9.3,43.47,0.5337837837837838
359959,2,0.4631,0.4785,0.4459,11.08,65.74,0.5337837837837838
359959,3,0.4683,0.5185,0.4865,12.78,102.64,0.5337837837837838
359959,4,0.4738,0.5487,0.5473,15.05,167.6,0.5337837837837838
359959,5,0.4769,0.5645,0.5338,16.23,209.42,0.5337837837837838
359959,6,0.4788,0.5796,0.5338,16.28,240.5,0.5337837837837838
359959,7,0.4806,0.5909,0.5203,16.19,261.67,0.5337837837837838
359959,8,0.4818,0.5962,0.527,15.67,261.72,0.5337837837837838
359959,9,0.482,0.597,0.5203,15.1,256.81,0.5337837837837838
359959,10,0.483,0.606,0.527,14.54,253.22,0.5337837837837838
359959,11,0.4836,0.6083,0.5338,14.0,250.67,0.5337837837837838
359959,12,0.4839,0.6091,0.527,13.58,253.68,0.5337837837837838
359959,13,0.4844,0.6121,0.5203,13.16,256.56,0.5337837837837838
359959,14,0.4851,0.6128,0.5203,12.8,261.7,0.5337837837837838
359959,15,0.4854,0.6136,0.527,12.46,263.76,0.5337837837837838
359959,16,0.4857,0.6158,0.527,12.19,273.39,0.5337837837837838
359959,17,0.4859,0.6158,0.5338,11.95,290.33,0.5337837837837838
359959,18,0.4861,0.6166,0.527,11.78,310.79,0.5337837837837838
359959,19,0.4864,0.6166,0.5338,11.61,324.56,0.5337837837837838
359959,20,0.4863,0.6196,0.5405,11.49,343.66,0.5337837837837838
359959,21,0.4866,0.6211,0.5405,11.34,360.44,0.5337837837837838
359959,22,0.4866,0.6219,0.5338,11.21,368.12,0.5337837837837838
359959,23,0.4864,0.6242,0.5473,11.0,374.66,0.5337837837837838
359959,24,0.4863,0.6242,0.5473,10.82,384.64,0.5337837837837838
359959,25,0.4863,0.6249,0.5473,10.67,398.15,0.5337837837837838
359959,26,0.4864,0.6249,0.5473,10.57,422.43,0.5337837837837838
359959,27,0.4866,0.6249,0.5473,10.59,475.25,0.5337837837837838
359959,28,0.4867,0.6234,0.5541,10.59,514.49,0.5337837837837838
359959,29,0.4866,0.6242,0.5541,10.6,559.89,0.5337837837837838
359959,30,0.4866,0.6264,0.5541,10.54,597.35,0.5337837837837838
359959,31,0.4867,0.6272,0.5541,10.49,633.88,0.5337837837837838
359959,32,0.4866,0.6272,0.5541,10.45,661.15,0.5337837837837838
359959,33,0.4863,0.6279,0.5541,10.42,687.47,0.5337837837837838
359959,34,0.4862,0.6294,0.5541,10.39,711.35,0.5337837837837838
359959,35,0.4859,0.6309,0.5541,10.38,734.26,0.5337837837837838
359959,36,0.4858,0.6325,0.5541,10.37,758.37,0.5337837837837838
359959,37,0.4856,0.6332,0.5541,10.39,778.66,0.5337837837837838
359959,38,0.4855,0.6355,0.5541,10.39,819.76,0.5337837837837838
359959,39,0.4855,0.6347,0.5608,10.38,846.2,0.5337837837837838
359959,40,0.4854,0.637,0.5608,10.35,882.67,0.5337837837837838
359959,41,0.4852,0.6392,0.5608,10.34,914.85,0.5337837837837838
359959,42,0.4851,0.6408,0.5608,10.38,957.15,0.5337837837837838
359959,43,0.4851,0.643,0.5608,10.42,1002.79,0.5337837837837838
359959,44,0.4848,0.6438,0.5608,10.42,1058.15,0.5337837837837838
359959,45,0.4847,0.646,0.5608,10.46,1116.24,0.5337837837837838
359959,46,0.4846,0.6438,0.5608,10.58,1164.57,0.5337837837837838
359959,47,0.4845,0.6491,0.5608,10.61,1223.45,0.5337837837837838
359959,48,0.4843,0.6491,0.5608,10.59,1259.03,0.5337837837837838
359959,49,0.484,0.6528,0.5608,10.63,1308.17,0.5337837837837838
2073,0,0.4645,0.5775,0.5638,14.93,150.41,0.7114093959731543
2073,1,0.4645,0.5775,0.5638,14.93,150.41,0.7114093959731543
2073,2,0.4729,0.594,0.5839,21.22,667.41,0.7114093959731543
2073,3,0.486,0.6397,0.6107,34.3,1664.46,0.7114093959731543
2073,4,0.4946,0.6524,0.6376,37.79,1901.2,0.7114093959731543
2073,5,0.4995,0.6682,0.6309,38.41,2003.06,0.7114093959731543
2073,6,0.5037,0.6779,0.6443,38.09,2133.81,0.7114093959731543
2073,7,0.5052,0.6876,0.6443,37.47,2258.54,0.7114093959731543
2073,8,0.5079,0.6921,0.6376,36.22,2321.2,0.7114093959731543
2073,9,0.5098,0.6996,0.651,35.13,2367.57,0.7114093959731543
2073,10,0.5109,0.7101,0.651,34.14,2467.83,0.7114093959731543
2073,11,0.5117,0.7199,0.651,33.26,2575.8,0.7114093959731543
2073,12,0.5121,0.7228,0.6711,32.59,2696.61,0.7114093959731543
2073,13,0.5118,0.7326,0.6846,32.23,2980.98,0.7114093959731543
2073,14,0.512,0.7408,0.6913,32.19,3279.48,0.7114093959731543
2073,15,0.5117,0.7461,0.6913,31.96,3606.85,0.7114093959731543
2073,16,0.5116,0.7528,0.698,31.86,3949.35,0.7114093959731543
2073,17,0.5116,0.7588,0.698,31.52,4193.12,0.7114093959731543
2073,18,0.5114,0.7633,0.698,31.09,4467.79,0.7114093959731543
2073,19,0.5116,0.7685,0.698,30.71,4643.68,0.7114093959731543
2073,20,0.5114,0.7753,0.698,30.4,4866.65,0.7114093959731543
2073,21,0.5114,0.779,0.698,29.87,5044.3,0.7114093959731543
2073,22,0.5113,0.785,0.7047,29.56,5211.07,0.7114093959731543
2073,23,0.511,0.7925,0.7047,29.35,5377.3,0.7114093959731543
2073,24,0.511,0.7948,0.7047,29.06,5617.56,0.7114093959731543
2073,25,0.5107,0.8,0.7047,28.77,5860.2,0.7114093959731543
2073,26,0.5105,0.8075,0.7047,28.34,6042.19,0.7114093959731543
2073,27,0.5102,0.8112,0.7047,28.42,6256.42,0.7114093959731543
2073,28,0.51,0.8172,0.7047,28.16,6594.95,0.7114093959731543
2073,29,0.5096,0.8202,0.7047,27.82,6882.17,0.7114093959731543
2073,30,0.5094,0.8255,0.7047,27.68,7228.35,0.7114093959731543
2073,31,0.5093,0.8322,0.7047,27.54,7540.37,0.7114093959731543
2073,32,0.5092,0.836,0.7047,27.41,7865.22,0.7114093959731543
2073,33,0.5091,0.8412,0.7047,27.34,8120.66,0.7114093959731543
2073,34,0.509,0.8457,0.7047,27.09,8397.15,0.7114093959731543
2073,35,0.5089,0.8509,0.7047,26.93,8686.68,0.7114093959731543
2073,36,0.5087,0.8539,0.7047,26.85,8960.93,0.7114093959731543
2073,37,0.5087,0.8592,0.698,26.65,9122.26,0.7114093959731543
2073,38,0.5086,0.8637,0.698,26.56,9326.02,0.7114093959731543
2073,39,0.5084,0.8652,0.698,26.38,9491.4,0.7114093959731543
2073,40,0.5081,0.8689,0.698,26.21,9646.89,0.7114093959731543
2073,41,0.5079,0.8689,0.698,26.07,9748.0,0.7114093959731543
2073,42,0.5078,0.8697,0.698,25.92,9844.26,0.7114093959731543
2073,43,0.5076,0.8697,0.698,25.76,9953.03,0.7114093959731543
2073,44,0.5077,0.8697,0.698,25.61,10047.11,0.7114093959731543
2073,45,0.5078,0.8757,0.698,25.38,10141.71,0.7114093959731543
2073,46,0.5077,0.8772,0.698,25.15,10189.83,0.7114093959731543
2073,47,0.5078,0.8787,0.698,25.07,10212.95,0.7114093959731543
2073,48,0.5075,0.8824,0.698,25.08,10264.32,0.7114093959731543
2073,49,0.5074,0.8846,0.698,25.11,10309.85,0.7114093959731543
168784,0,0.6092,0.7423,0.7179,4.21,116.28,0.8205128205128205
168784,1,0.6092,0.7423,0.7179,4.21,116.28,0.8205128205128205
168784,2,0.6225,0.7703,0.7333,6.19,269.5,0.8205128205128205
168784,3,0.6323,0.7955,0.7385,8.81,490.62,0.8205128205128205
168784,4,0.639,0.811,0.7538,9.42,547.45,0.8205128205128205
168784,5,0.6418,0.815,0.7538,9.52,568.16,0.8205128205128205
168784,6,0.6441,0.8236,0.7538,9.37,600.5,0.8205128205128205
168784,7,0.6466,0.8351,0.759,9.21,622.08,0.8205128205128205
168784,8,0.6482,0.8391,0.759,9.0,717.08,0.8205128205128205
168784,9,0.6494,0.8442,0.7641,8.89,831.43,0.8205128205128205
168784,10,0.6513,0.8488,0.7692,8.75,939.23,0.8205128205128205
168784,11,0.6521,0.8557,0.7641,8.54,1007.3,0.8205128205128205
168784,12,0.6533,0.8603,0.7641,8.38,1042.55,0.8205128205128205
168784,13,0.6538,0.8637,0.7641,8.3,1070.68,0.8205128205128205
168784,14,0.6544,0.8654,0.7641,8.05,1077.81,0.8205128205128205
168784,15,0.6549,0.8671,0.7641,7.82,1070.47,0.8205128205128205
168784,16,0.6556,0.8706,0.7641,7.83,1075.91,0.8205128205128205
168784,17,0.6557,0.8723,0.7641,7.77,1090.43,0.8205128205128205
168784,18,0.6565,0.874,0.7641,7.71,1115.8,0.8205128205128205
168784,19,0.6571,0.878,0.7641,7.67,1164.03,0.8205128205128205
168784,20,0.657,0.8849,0.759,7.55,1217.88,0.8205128205128205
168784,21,0.6573,0.8889,0.759,7.44,1274.09,0.8205128205128205
168784,22,0.6575,0.8883,0.759,7.42,1321.03,0.8205128205128205
168784,23,0.6578,0.8912,0.7641,7.35,1371.02,0.8205128205128205
168784,24,0.6576,0.8929,0.759,7.34,1427.44,0.8205128205128205
168784,25,0.6576,0.8975,0.7538,7.37,1521.87,0.8205128205128205
168784,26,0.6575,0.9015,0.7538,7.29,1599.16,0.8205128205128205
168784,27,0.6577,0.9038,0.7538,7.3,1665.75,0.8205128205128205
168784,28,0.6578,0.9044,0.7538,7.37,1756.64,0.8205128205128205
168784,29,0.6579,0.9055,0.7641,7.47,1876.65,0.8205128205128205
168784,30,0.6577,0.9095,0.7641,7.48,2017.13,0.8205128205128205
168784,31,0.6578,0.9112,0.7692,7.53,2149.71,0.8205128205128205
168784,32,0.6578,0.9135,0.7692,7.58,2265.69,0.8205128205128205
168784,33,0.658,0.9147,0.7692,7.6,2390.92,0.8205128205128205
168784,34,0.6579,0.9164,0.7692,7.62,2517.87,0.8205128205128205
168784,35,0.6579,0.921,0.7692,7.61,2627.98,0.8205128205128205
168784,36,0.6579,0.9233,0.7744,7.74,2745.03,0.8205128205128205
168784,37,0.6579,0.9284,0.7692,7.75,2844.15,0.8205128205128205
168784,38,0.658,0.9318,0.7692,7.78,2953.16,0.8205128205128205
168784,39,0.6581,0.9347,0.7692,7.8,3076.2,0.8205128205128205
168784,40,0.6581,0.9381,0.7744,7.91,3225.02,0.8205128205128205
168784,41,0.6582,0.941,0.7744,7.96,3376.18,0.8205128205128205
168784,42,0.6583,0.9433,0.7744,8.03,3604.36,0.8205128205128205
168784,43,0.6584,0.9456,0.7795,8.07,3855.64,0.8205128205128205
168784,44,0.6584,0.9496,0.7744,8.16,4108.99,0.8205128205128205
168784,45,0.6585,0.9519,0.7795,8.25,4379.72,0.8205128205128205
168784,46,0.6584,0.9548,0.7795,8.37,4663.0,0.8205128205128205
168784,47,0.6584,0.9576,0.7795,8.47,4923.56,0.8205128205128205
168784,48,0.6584,0.9599,0.7795,8.6,5172.06,0.8205128205128205
168784,49,0.6583,0.9633,0.7795,8.73,5400.18,0.8205128205128205
359959,0,0.4526,0.4272,0.4257,8.77,56.98,0.5337837837837838
359959,1,0.4526,0.4272,0.4257,8.77,56.98,0.5337837837837838
359959,2,0.4598,0.4657,0.4392,10.24,66.08,0.5337837837837838
359959,3,0.4652,0.5177,0.4662,12.16,88.41,0.5337837837837838
359959,4,0.4704,0.5525,0.5405,12.54,97.94,0.5337837837837838
359959,5,0.473,0.5645,0.5338,12.77,121.96,0.5337837837837838
359959,6,0.4751,0.5736,0.5338,13.55,157.64,0.5337837837837838
359959,7,0.4755,0.5811,0.5541,14.03,200.75,0.5337837837837838
359959,8,0.4758,0.5781,0.5541,13.99,219.7,0.5337837837837838
359959,9,0.4767,0.5826,0.5541,14.05,244.88,0.5337837837837838
359959,10,0.4772,0.5864,0.5608,14.1,270.2,0.5337837837837838
359959,11,0.4774,0.5872,0.5473,13.92,282.77,0.5337837837837838
359959,12,0.4776,0.5902,0.5541,13.84,298.64,0.5337837837837838
359959,13,0.4786,0.5932,0.5473,13.77,311.94,0.5337837837837838
359959,14,0.4788,0.597,0.5608,13.72,322.63,0.5337837837837838
359959,15,0.4788,0.603,0.5473,13.62,333.22,0.5337837837837838
359959,16,0.4792,0.6038,0.5338,13.48,344.54,0.5337837837837838
359959,17,0.4795,0.6075,0.5338,13.4,359.25,0.5337837837837838
359959,18,0.4796,0.6053,0.5338,13.33,372.13,0.5337837837837838
359959,19,0.4797,0.6053,0.5338,13.23,385.13,0.5337837837837838
359959,20,0.4797,0.6121,0.5338,13.09,393.06,0.5337837837837838
359959,21,0.4797,0.6113,0.5338,13.0,401.69,0.5337837837837838
359959,22,0.4797,0.6136,0.5338,12.86,410.41,0.5337837837837838
359959,23,0.4796,0.6166,0.5338,12.81,421.92,0.5337837837837838
359959,24,0.4795,0.6181,0.5405,12.84,439.07,0.5337837837837838
359959,25,0.479,0.6166,0.5405,12.76,451.04,0.5337837837837838
359959,26,0.479,0.6174,0.5405,12.65,464.79,0.5337837837837838
359959,27,0.4793,0.6174,0.5405,12.53,475.4,0.5337837837837838
359959,28,0.4794,0.6181,0.5405,12.4,494.3,0.5337837837837838
359959,29,0.4795,0.6166,0.5405,12.33,510.08,0.5337837837837838
359959,30,0.4795,0.6181,0.5338,12.26,524.5,0.5337837837837838
359959,31,0.4797,0.6204,0.5338,12.23,544.07,0.5337837837837838
359959,32,0.4797,0.6219,0.5405,12.15,559.81,0.5337837837837838
359959,33,0.4797,0.6249,0.5405,12.07,573.26,0.5337837837837838
359959,34,0.4798,0.6257,0.5405,12.11,602.36,0.5337837837837838
359959,35,0.4799,0.6279,0.5405,12.06,620.07,0.5337837837837838
359959,36,0.48,0.6272,0.5405,11.96,632.14,0.5337837837837838
359959,37,0.4801,0.6264,0.5405,11.91,642.93,0.5337837837837838
359959,38,0.4801,0.6264,0.5405,11.79,647.81,0.5337837837837838
359959,39,0.4801,0.6272,0.5473,11.68,651.33,0.5337837837837838
359959,40,0.4803,0.6272,0.5473,11.63,663.85,0.5337837837837838
359959,41,0.4804,0.6279,0.5473,11.56,676.06,0.5337837837837838
359959,42,0.4804,0.6302,0.5473,11.52,696.49,0.5337837837837838
359959,43,0.4804,0.6302,0.5473,11.54,720.9,0.5337837837837838
359959,44,0.4802,0.6332,0.5473,11.51,746.46,0.5337837837837838
359959,45,0.48,0.6355,0.5473,11.46,777.58,0.5337837837837838
359959,46,0.48,0.637,0.5473,11.46,821.29,0.5337837837837838
359959,47,0.4798,0.6385,0.5473,11.47,867.36,0.5337837837837838
359959,48,0.4797,0.6423,0.5473,11.51,912.5,0.5337837837837838
359959,49,0.4797,0.6438,0.5541,11.52,949.97,0.5337837837837838
359959,0,0.4567,0.4272,0.4257,11.4,73.39,0.527027027027027
359959,1,0.4567,0.4272,0.4257,11.4,73.39,0.527027027027027
359959,2,0.4657,0.486,0.4527,15.37,153.36,0.527027027027027
359959,3,0.4728,0.5404,0.5,19.14,261.71,0.527027027027027
359959,4,0.477,0.5728,0.527,20.45,336.12,0.527027027027027
359959,5,0.4783,0.5872,0.5338,19.99,344.35,0.527027027027027
359959,6,0.4804,0.5955,0.5203,19.28,366.52,0.527027027027027
359959,7,0.4828,0.6068,0.5068,18.5,379.91,0.527027027027027
359959,8,0.484,0.6106,0.5068,17.82,391.09,0.527027027027027
359959,9,0.4838,0.6196,0.5135,17.21,400.35,0.527027027027027
359959,10,0.4842,0.6257,0.527,16.65,405.56,0.527027027027027
359959,11,0.4843,0.6279,0.5338,16.01,407.04,0.527027027027027
359959,12,0.4848,0.634,0.5405,15.38,401.72,0.527027027027027
359959,13,0.4849,0.6332,0.5473,14.78,394.57,0.527027027027027
359959,14,0.4852,0.6332,0.5473,14.19,389.63,0.527027027027027
359959,15,0.4855,0.6325,0.5541,13.76,390.45,0.527027027027027
359959,16,0.486,0.6347,0.5608,13.33,392.66,0.527027027027027
359959,17,0.486,0.6362,0.5608,13.1,395.71,0.527027027027027
359959,18,0.4859,0.6362,0.5608,12.79,406.4,0.527027027027027
359959,19,0.4861,0.64,0.5608,12.52,421.21,0.527027027027027
359959,20,0.4861,0.64,0.5676,12.4,450.25,0.527027027027027
359959,21,0.4862,0.6408,0.5608,12.3,487.96,0.527027027027027
359959,22,0.4861,0.6445,0.5608,12.13,516.71,0.527027027027027
359959,23,0.4862,0.646,0.5608,12.04,567.94,0.527027027027027
359959,24,0.4862,0.6483,0.5541,12.02,621.27,0.527027027027027
359959,25,0.4859,0.6506,0.5608,12.02,687.47,0.527027027027027
359959,26,0.486,0.6536,0.5676,12.01,793.4,0.527027027027027
359959,27,0.486,0.6551,0.5676,12.06,908.93,0.527027027027027
359959,28,0.486,0.6589,0.5676,12.03,1007.69,0.527027027027027
359959,29,0.4857,0.6589,0.5676,12.09,1117.53,0.527027027027027
359959,30,0.4858,0.6626,0.5676,12.12,1230.26,0.527027027027027
359959,31,0.4856,0.6642,0.5676,12.13,1335.95,0.527027027027027
359959,32,0.4855,0.6664,0.5676,12.09,1437.14,0.527027027027027
359959,33,0.4852,0.6672,0.5676,12.05,1543.16,0.527027027027027
359959,34,0.485,0.6694,0.5608,12.06,1663.72,0.527027027027027
359959,35,0.4849,0.6732,0.5743,12.04,1808.78,0.527027027027027
359959,36,0.4847,0.6747,0.5743,12.03,1954.04,0.527027027027027
359959,37,0.4843,0.677,0.5743,12.01,2073.48,0.527027027027027
359959,38,0.484,0.6777,0.5743,12.04,2248.87,0.527027027027027
359959,39,0.4838,0.683,0.5743,12.08,2454.93,0.527027027027027
359959,40,0.4837,0.6875,0.5743,12.16,2654.92,0.527027027027027
359959,41,0.4838,0.6898,0.5676,12.17,2837.63,0.527027027027027
359959,42,0.4836,0.6898,0.5676,12.2,3011.97,0.527027027027027
359959,43,0.4837,0.6921,0.5676,12.31,3208.07,0.527027027027027
359959,44,0.4834,0.6936,0.5676,12.36,3357.91,0.527027027027027
359959,45,0.4834,0.6936,0.5676,12.34,3505.44,0.527027027027027
359959,46,0.4831,0.6958,0.5676,12.32,3656.3,0.527027027027027
359959,47,0.4831,0.6981,0.5676,12.3,3781.83,0.527027027027027
359959,48,0.483,0.6996,0.5676,12.26,3908.49,0.527027027027027
359959,49,0.4828,0.6974,0.5676,12.21,4018.08,0.527027027027027
2073,0,0.473,0.579,0.6174,11.79,94.61,0.7181208053691275
2073,1,0.473,0.579,0.6174,11.79,94.61,0.7181208053691275
2073,2,0.4767,0.5955,0.6174,15.51,150.07,0.7181208053691275
2073,3,0.4877,0.6135,0.6309,20.39,323.27,0.7181208053691275
2073,4,0.4943,0.6202,0.6443,22.67,512.83,0.7181208053691275
2073,5,0.4986,0.6315,0.6309,24.12,680.94,0.7181208053691275
2073,6,0.502,0.6419,0.651,24.28,831.44,0.7181208053691275
2073,7,0.5054,0.6509,0.6577,24.26,894.79,0.7181208053691275
2073,8,0.5074,0.6494,0.6644,23.34,928.83,0.7181208053691275
2073,9,0.51,0.6547,0.6711,22.64,987.21,0.7181208053691275
2073,10,0.5118,0.6577,0.6711,22.08,1048.56,0.7181208053691275
2073,11,0.513,0.6629,0.6779,22.17,1137.02,0.7181208053691275
2073,12,0.5146,0.6689,0.6644,21.89,1203.84,0.7181208053691275
2073,13,0.516,0.6727,0.6711,21.77,1293.93,0.7181208053691275
2073,14,0.5167,0.6749,0.6711,21.53,1352.52,0.7181208053691275
2073,15,0.5173,0.6801,0.6779,21.4,1397.69,0.7181208053691275
2073,16,0.5178,0.6839,0.6779,21.33,1457.36,0.7181208053691275
2073,17,0.5185,0.6869,0.6779,21.4,1570.29,0.7181208053691275
2073,18,0.5188,0.6914,0.6779,21.61,1816.41,0.7181208053691275
2073,19,0.5188,0.6936,0.6779,22.16,2063.25,0.7181208053691275
2073,20,0.5188,0.6959,0.6779,22.39,2259.84,0.7181208053691275
2073,21,0.519,0.7064,0.6846,22.83,2455.64,0.7181208053691275
2073,22,0.519,0.7154,0.6846,22.83,2614.3,0.7181208053691275
2073,23,0.5191,0.7176,0.6913,22.66,2788.8,0.7181208053691275
2073,24,0.5189,0.7243,0.6913,22.51,3044.55,0.7181208053691275
2073,25,0.5186,0.7303,0.6913,22.54,3273.93,0.7181208053691275
2073,26,0.5184,0.7393,0.6913,22.59,3573.56,0.7181208053691275
2073,27,0.5182,0.7461,0.698,22.84,3892.76,0.7181208053691275
2073,28,0.5177,0.7506,0.698,23.17,4296.14,0.7181208053691275
2073,29,0.5172,0.7551,0.698,23.67,4915.14,0.7181208053691275
2073,30,0.5167,0.764,0.7047,24.14,5583.85,0.7181208053691275
2073,31,0.5162,0.7708,0.7047,24.51,6288.42,0.7181208053691275
2073,32,0.5159,0.7783,0.7114,25.01,7103.61,0.7181208053691275
2073,33,0.5157,0.7835,0.7114,25.32,7836.74,0.7181208053691275
2073,34,0.5155,0.7888,0.7114,25.57,8618.71,0.7181208053691275
2073,35,0.5153,0.7963,0.7114,25.81,9401.31,0.7181208053691275
2073,36,0.515,0.8015,0.7114,26.08,10037.94,0.7181208053691275
2073,37,0.5147,0.809,0.7114,26.45,10586.85,0.7181208053691275
2073,38,0.5142,0.812,0.7114,26.55,11045.29,0.7181208053691275
2073,39,0.5138,0.8165,0.7114,26.7,11481.53,0.7181208053691275
2073,40,0.5135,0.8217,0.7114,26.94,11887.9,0.7181208053691275
2073,41,0.5132,0.8262,0.7114,27.05,12222.83,0.7181208053691275
2073,42,0.5128,0.8307,0.7114,27.04,12499.64,0.7181208053691275
2073,43,0.5126,0.8382,0.7114,27.07,12750.26,0.7181208053691275
2073,44,0.5124,0.8412,0.7114,27.05,12986.58,0.7181208053691275
2073,45,0.5121,0.8472,0.7114,26.93,13193.57,0.7181208053691275
2073,46,0.5118,0.8502,0.7047,26.78,13370.44,0.7181208053691275
2073,47,0.5116,0.8562,0.7047,26.73,13555.39,0.7181208053691275
2073,48,0.5111,0.8569,0.7047,26.65,13709.63,0.7181208053691275
2073,49,0.5108,0.8599,0.7047,26.61,13822.33,0.7181208053691275
190146,0,0.6522,0.8305,0.7412,4.23,85.97,0.7647058823529411
190146,1,0.6522,0.8305,0.7412,4.23,85.97,0.7647058823529411
190146,2,0.659,0.8778,0.7294,7.42,231.09,0.7647058823529411
190146,3,0.6603,0.9133,0.7412,9.35,319.88,0.7647058823529411
190146,4,0.6624,0.9317,0.7412,10.57,384.68,0.7647058823529411
190146,5,0.6653,0.9488,0.7412,11.15,417.88,0.7647058823529411
190146,6,0.6668,0.954,0.7412,10.95,408.43,0.7647058823529411
190146,7,0.6669,0.9553,0.7294,10.53,402.7,0.7647058823529411
190146,8,0.6671,0.9606,0.7294,10.24,404.04,0.7647058823529411
190146,9,0.6666,0.9645,0.7294,9.96,399.26,0.7647058823529411
190146,10,0.6674,0.9645,0.7294,9.6,393.79,0.7647058823529411
190146,11,0.6679,0.9658,0.7294,9.34,388.37,0.7647058823529411
190146,12,0.6676,0.9658,0.7294,9.1,393.15,0.7647058823529411
190146,13,0.6678,0.9658,0.7294,8.9,419.31,0.7647058823529411
190146,14,0.6676,0.975,0.7294,8.75,437.18,0.7647058823529411
190146,15,0.6677,0.9737,0.7294,8.58,443.4,0.7647058823529411
190146,16,0.6681,0.9763,0.7294,8.38,454.83,0.7647058823529411
190146,17,0.6687,0.9777,0.7294,8.28,466.88,0.7647058823529411
190146,18,0.6687,0.9777,0.7294,8.11,478.44,0.7647058823529411
190146,19,0.6688,0.9777,0.7294,7.84,488.68,0.7647058823529411
190146,20,0.6689,0.9816,0.7294,7.7,494.75,0.7647058823529411
190146,21,0.6695,0.9829,0.7294,7.48,491.97,0.7647058823529411
190146,22,0.6699,0.9842,0.7294,7.34,485.32,0.7647058823529411
190146,23,0.67,0.9855,0.7294,7.32,482.38,0.7647058823529411
190146,24,0.6702,0.9855,0.7412,7.24,477.47,0.7647058823529411
190146,25,0.6704,0.9855,0.7412,7.16,476.02,0.7647058823529411
190146,26,0.6706,0.9869,0.7412,7.13,478.27,0.7647058823529411
190146,27,0.6706,0.9869,0.7412,7.18,481.26,0.7647058823529411
190146,28,0.6714,0.9869,0.7529,7.15,482.33,0.7647058823529411
190146,29,0.6715,0.9869,0.7412,7.15,484.32,0.7647058823529411
190146,30,0.6718,0.9908,0.7529,7.04,488.05,0.7647058823529411
190146,31,0.672,0.9908,0.7529,6.92,490.95,0.7647058823529411
190146,32,0.6723,0.9908,0.7529,6.79,499.23,0.7647058823529411
190146,33,0.6723,0.9934,0.7529,6.68,510.71,0.7647058823529411
190146,34,0.6726,0.9934,0.7529,6.59,521.21,0.7647058823529411
190146,35,0.6727,0.9947,0.7412,6.54,529.27,0.7647058823529411
190146,36,0.6729,0.9947,0.7294,6.47,534.61,0.7647058823529411
190146,37,0.6728,0.9947,0.7294,6.41,542.6,0.7647058823529411
190146,38,0.6729,0.9947,0.7294,6.34,548.82,0.7647058823529411
190146,39,0.673,0.9947,0.7294,6.27,555.4,0.7647058823529411
190146,40,0.673,0.9947,0.7294,6.19,562.24,0.7647058823529411
190146,41,0.6732,0.9974,0.7294,6.1,567.12,0.7647058823529411
190146,42,0.6734,0.9974,0.7294,6.01,571.41,0.7647058823529411
190146,43,0.6735,0.9961,0.7412,5.93,576.06,0.7647058823529411
190146,44,0.6734,0.9961,0.7412,5.88,580.31,0.7647058823529411
190146,45,0.6736,0.9961,0.7412,5.85,582.79,0.7647058823529411
190146,46,0.6737,0.9961,0.7412,5.88,587.27,0.7647058823529411
190146,47,0.6738,0.9961,0.7412,5.88,594.09,0.7647058823529411
190146,48,0.6738,0.9961,0.7412,5.91,598.73,0.7647058823529411
190146,49,0.6739,0.9961,0.7412,5.89,602.88,0.7647058823529411
359959,0,0.4539,0.4272,0.4257,10.63,73.02,0.5337837837837838
359959,1,0.4539,0.4272,0.4257,10.63,73.02,0.5337837837837838
359959,2,0.4603,0.4574,0.4392,14.29,132.62,0.5337837837837838
359959,3,0.4667,0.5177,0.5,16.25,192.32,0.5337837837837838
359959,4,0.4699,0.554,0.5203,17.77,281.95,0.5337837837837838
359959,5,0.4718,0.5796,0.527,18.45,341.92,0.5337837837837838
359959,6,0.4714,0.594,0.5338,18.16,357.85,0.5337837837837838
359959,7,0.4722,0.5955,0.5405,17.51,366.45,0.5337837837837838
359959,8,0.4731,0.6053,0.5405,17.1,375.05,0.5337837837837838
359959,9,0.4741,0.6106,0.5541,16.53,381.61,0.5337837837837838
359959,10,0.4745,0.6083,0.5541,16.03,384.15,0.5337837837837838
359959,11,0.4749,0.6143,0.5541,15.6,387.42,0.5337837837837838
359959,12,0.4752,0.6174,0.5541,15.04,386.28,0.5337837837837838
359959,13,0.475,0.6189,0.5541,14.69,386.14,0.5337837837837838
359959,14,0.4753,0.6189,0.527,14.33,391.45,0.5337837837837838
359959,15,0.4755,0.6196,0.5338,13.98,392.08,0.5337837837837838
359959,16,0.4761,0.6189,0.5405,13.71,401.01,0.5337837837837838
359959,17,0.4763,0.6204,0.5405,13.41,403.44,0.5337837837837838
359959,18,0.4764,0.6234,0.5405,13.14,404.07,0.5337837837837838
359959,19,0.4767,0.6242,0.5405,12.84,404.18,0.5337837837837838
359959,20,0.477,0.6234,0.5405,12.49,403.13,0.5337837837837838
359959,21,0.4768,0.6242,0.5405,12.24,404.59,0.5337837837837838
359959,22,0.477,0.6272,0.5405,11.95,410.4,0.5337837837837838
359959,23,0.4772,0.6294,0.5405,11.78,430.27,0.5337837837837838
359959,24,0.4776,0.6279,0.5405,11.67,447.14,0.5337837837837838
359959,25,0.4781,0.6302,0.5405,11.53,463.22,0.5337837837837838
359959,26,0.4784,0.6287,0.5405,11.42,475.62,0.5337837837837838
359959,27,0.4786,0.6302,0.5405,11.29,488.35,0.5337837837837838
359959,28,0.4785,0.6302,0.5405,11.36,504.64,0.5337837837837838
359959,29,0.4788,0.6309,0.5405,11.31,530.97,0.5337837837837838
359959,30,0.4787,0.637,0.5473,11.31,548.78,0.5337837837837838
359959,31,0.4788,0.6362,0.5473,11.23,571.32,0.5337837837837838
359959,32,0.4789,0.6377,0.5473,11.27,592.31,0.5337837837837838
359959,33,0.4789,0.6385,0.5473,11.28,615.97,0.5337837837837838
359959,34,0.479,0.6385,0.5541,11.24,649.72,0.5337837837837838
359959,35,0.4789,0.6385,0.5541,11.15,670.45,0.5337837837837838
359959,36,0.4789,0.6377,0.5541,11.11,697.49,0.5337837837837838
359959,37,0.4789,0.6377,0.5541,11.1,720.17,0.5337837837837838
359959,38,0.4788,0.64,0.5541,11.11,743.24,0.5337837837837838
359959,39,0.4788,0.6415,0.5541,11.09,768.82,0.5337837837837838
359959,40,0.4789,0.6423,0.5541,11.08,804.36,0.5337837837837838
359959,41,0.4789,0.6445,0.5541,11.03,839.68,0.5337837837837838
359959,42,0.4789,0.6445,0.5608,10.96,868.25,0.5337837837837838
359959,43,0.4791,0.6468,0.5608,10.92,897.01,0.5337837837837838
359959,44,0.4793,0.6445,0.5608,10.91,921.68,0.5337837837837838
359959,45,0.4794,0.646,0.5608,10.86,944.36,0.5337837837837838
359959,46,0.4795,0.6468,0.5608,10.84,974.04,0.5337837837837838
359959,47,0.4796,0.646,0.5608,10.83,1001.7,0.5337837837837838
359959,48,0.4797,0.6468,0.5608,10.8,1027.16,0.5337837837837838
359959,49,0.4797,0.646,0.5608,10.78,1046.77,0.5337837837837838
359954,0,0.4681,0.6193,0.5,16.48,226.66,0.6756756756756757
359954,1,0.4681,0.6193,0.5,16.48,226.66,0.6756756756756757
359954,2,0.4835,0.6813,0.5541,22.39,563.84,0.6756756756756757
359954,3,0.4874,0.7251,0.5811,26.04,1003.14,0.6756756756756757
359954,4,0.4946,0.7659,0.5946,27.4,1191.6,0.6756756756756757
359954,5,0.4996,0.7885,0.6216,26.94,1242.64,0.6756756756756757
359954,6,0.5038,0.8097,0.6486,25.76,1268.34,0.6756756756756757
359954,7,0.5055,0.8233,0.6486,24.7,1257.87,0.6756756756756757
359954,8,0.5074,0.8353,0.6486,23.56,1257.51,0.6756756756756757
359954,9,0.5084,0.8444,0.6486,22.51,1236.7,0.6756756756756757
359954,10,0.5099,0.8565,0.6486,21.48,1216.81,0.6756756756756757
359954,11,0.5107,0.8731,0.6486,20.71,1190.81,0.6756756756756757
359954,12,0.5113,0.8776,0.6486,19.85,1186.53,0.6756756756756757
359954,13,0.512,0.8837,0.6351,18.94,1182.11,0.6756756756756757
359954,14,0.5124,0.8867,0.6351,18.65,1171.53,0.6756756756756757
359954,15,0.5128,0.8897,0.6351,18.36,1169.21,0.6756756756756757
359954,16,0.5138,0.8912,0.6486,17.92,1148.17,0.6756756756756757
359954,17,0.5138,0.8927,0.6622,17.33,1122.24,0.6756756756756757
359954,18,0.5144,0.8973,0.6757,16.75,1092.82,0.6756756756756757
359954,19,0.5146,0.9003,0.6622,16.47,1072.54,0.6756756756756757
359954,20,0.5149,0.9003,0.6622,16.06,1064.01,0.6756756756756757
359954,21,0.5151,0.9063,0.6622,15.81,1072.83,0.6756756756756757
359954,22,0.5159,0.9094,0.6622,15.63,1095.66,0.6756756756756757
359954,23,0.5162,0.9124,0.6622,15.48,1117.17,0.6756756756756757
359954,24,0.5165,0.9124,0.6622,15.34,1133.95,0.6756756756756757
359954,25,0.517,0.9154,0.6486,15.24,1163.38,0.6756756756756757
359954,26,0.5173,0.9169,0.6486,15.05,1199.39,0.6756756756756757
359954,27,0.5176,0.9215,0.6486,14.97,1236.69,0.6756756756756757
359954,28,0.5176,0.926,0.6486,14.9,1271.41,0.6756756756756757
359954,29,0.5181,0.9275,0.6486,14.83,1295.76,0.6756756756756757
359954,30,0.5183,0.9275,0.6622,14.76,1332.53,0.6756756756756757
359954,31,0.5184,0.9305,0.6622,14.75,1363.06,0.6756756756756757
359954,32,0.5187,0.9381,0.6622,14.7,1393.46,0.6756756756756757
359954,33,0.5191,0.9381,0.6757,14.64,1408.09,0.6756756756756757
359954,34,0.5192,0.9381,0.6757,14.74,1428.82,0.6756756756756757
359954,35,0.5193,0.9396,0.6757,14.67,1442.88,0.6756756756756757
359954,36,0.5194,0.9426,0.6757,14.57,1453.95,0.6756756756756757
359954,37,0.5195,0.9441,0.6757,14.54,1464.83,0.6756756756756757
359954,38,0.5198,0.9471,0.6757,14.48,1478.9,0.6756756756756757
359954,39,0.5201,0.9471,0.6757,14.34,1485.83,0.6756756756756757
359954,40,0.5203,0.9471,0.6757,14.25,1499.18,0.6756756756756757
359954,41,0.5206,0.9471,0.6757,14.23,1509.49,0.6756756756756757
359954,42,0.5209,0.9486,0.6757,14.14,1520.96,0.6756756756756757
359954,43,0.5209,0.9502,0.6757,13.98,1535.77,0.6756756756756757
359954,44,0.5211,0.9502,0.6757,13.88,1549.16,0.6756756756756757
359954,45,0.5214,0.9517,0.6757,13.75,1556.47,0.6756756756756757
359954,46,0.5217,0.9532,0.6757,13.63,1560.61,0.6756756756756757
359954,47,0.5219,0.9547,0.6757,13.6,1569.51,0.6756756756756757
359954,48,0.5223,0.9562,0.6757,13.5,1575.47,0.6756756756756757
359954,49,0.5224,0.9577,0.6757,13.46,1581.38,0.6756756756756757
190146,0,0.6534,0.8147,0.7529,5.55,108.09,0.7647058823529411
190146,1,0.6534,0.8147,0.7529,5.55,108.09,0.7647058823529411
190146,2,0.6568,0.8752,0.7294,8.32,283.28,0.7647058823529411
190146,3,0.6601,0.9238,0.7294,10.33,420.88,0.7647058823529411
190146,4,0.6624,0.9382,0.7412,11.13,438.66,0.7647058823529411
190146,5,0.6641,0.9435,0.7412,10.68,421.6,0.7647058823529411
190146,6,0.6655,0.9501,0.7529,10.33,403.95,0.7647058823529411
190146,7,0.6657,0.9553,0.7412,10.46,399.9,0.7647058823529411
190146,8,0.6666,0.9606,0.7412,10.5,400.89,0.7647058823529411
190146,9,0.6676,0.9606,0.7412,10.35,402.02,0.7647058823529411
190146,10,0.6682,0.9606,0.7412,10.28,402.17,0.7647058823529411
190146,11,0.6688,0.9619,0.7412,10.12,399.0,0.7647058823529411
190146,12,0.6689,0.9671,0.7412,10.06,408.77,0.7647058823529411
190146,13,0.6689,0.9711,0.7412,9.83,419.48,0.7647058823529411
190146,14,0.6701,0.9763,0.7294,9.85,445.54,0.7647058823529411
190146,15,0.6706,0.979,0.7294,9.95,481.7,0.7647058823529411
190146,16,0.6711,0.979,0.7294,9.9,499.46,0.7647058823529411
190146,17,0.6713,0.979,0.7294,9.87,530.34,0.7647058823529411
190146,18,0.6717,0.9803,0.7294,9.96,559.94,0.7647058823529411
190146,19,0.6717,0.9816,0.7294,9.83,586.03,0.7647058823529411
190146,20,0.6717,0.9842,0.7294,9.89,623.27,0.7647058823529411
190146,21,0.6717,0.9855,0.7294,9.92,653.34,0.7647058823529411
190146,22,0.6717,0.9869,0.7294,9.9,680.31,0.7647058823529411
190146,23,0.6723,0.9882,0.7294,9.87,697.67,0.7647058823529411
190146,24,0.6723,0.9908,0.7294,9.8,716.69,0.7647058823529411
190146,25,0.672,0.9908,0.7294,9.88,738.39,0.7647058823529411
190146,26,0.6719,0.9908,0.7294,9.88,759.55,0.7647058823529411
190146,27,0.6721,0.9934,0.7294,9.81,771.93,0.7647058823529411
190146,28,0.6719,0.9947,0.7294,9.79,784.56,0.7647058823529411
190146,29,0.6719,0.9934,0.7294,9.74,792.23,0.7647058823529411
190146,30,0.6722,0.9934,0.7294,9.73,794.1,0.7647058823529411
190146,31,0.6723,0.9934,0.7294,9.69,796.75,0.7647058823529411
190146,32,0.6724,0.9947,0.7294,9.66,796.09,0.7647058823529411
190146,33,0.6723,0.9947,0.7294,9.66,797.14,0.7647058823529411
190146,34,0.6724,0.9947,0.7294,9.64,796.32,0.7647058823529411
190146,35,0.6724,0.9947,0.7294,9.59,796.78,0.7647058823529411
190146,36,0.6727,0.9947,0.7294,9.52,795.21,0.7647058823529411
190146,37,0.6729,0.9961,0.7294,9.52,796.5,0.7647058823529411
190146,38,0.6727,0.9961,0.7294,9.48,797.95,0.7647058823529411
190146,39,0.6727,0.9974,0.7294,9.45,798.93,0.7647058823529411
190146,40,0.6728,0.9974,0.7294,9.46,799.63,0.7647058823529411
190146,41,0.6731,0.9974,0.7294,9.39,796.61,0.7647058823529411
190146,42,0.6732,0.9974,0.7294,9.33,792.54,0.7647058823529411
190146,43,0.6732,0.9987,0.7294,9.3,787.87,0.7647058823529411
190146,44,0.6734,0.9974,0.7294,9.19,783.21,0.7647058823529411
190146,45,0.6735,0.9987,0.7294,9.17,780.51,0.7647058823529411
190146,46,0.6736,0.9987,0.7294,9.14,776.36,0.7647058823529411
190146,47,0.6735,0.9987,0.7412,9.08,773.0,0.7647058823529411
190146,48,0.6736,0.9987,0.7412,9.07,770.85,0.7647058823529411
190146,49,0.6737,0.9987,0.7412,9.02,766.1,0.7647058823529411
2073,0,0.4786,0.5768,0.5839,12.21,159.29,0.7181208053691275
2073,1,0.4786,0.5768,0.5839,12.21,159.29,0.7181208053691275
2073,2,0.4902,0.6082,0.6242,23.39,481.27,0.7181208053691275
2073,3,0.4989,0.633,0.6309,27.19,702.48,0.7181208053691275
2073,4,0.5043,0.6494,0.6309,29.97,865.83,0.7181208053691275
2073,5,0.5057,0.6554,0.6242,31.85,1040.0,0.7181208053691275
2073,6,0.5084,0.6637,0.6242,31.98,1139.57,0.7181208053691275
2073,7,0.5104,0.6734,0.6443,32.6,1252.71,0.7181208053691275
2073,8,0.5134,0.6854,0.6443,32.43,1365.59,0.7181208053691275
2073,9,0.5153,0.6929,0.6443,31.92,1463.41,0.7181208053691275
2073,10,0.5161,0.7019,0.6443,32.3,1739.78,0.7181208053691275
2073,11,0.5159,0.7101,0.651,33.12,2104.17,0.7181208053691275
2073,12,0.5158,0.7161,0.651,32.81,2319.13,0.7181208053691275
2073,13,0.5152,0.7228,0.6577,33.1,2680.01,0.7181208053691275
2073,14,0.5146,0.7296,0.6577,33.27,3331.35,0.7181208053691275
2073,15,0.5136,0.7401,0.6644,34.25,4252.1,0.7181208053691275
2073,16,0.5124,0.7521,0.6644,35.1,5084.87,0.7181208053691275
2073,17,0.5116,0.7588,0.6711,35.33,5830.94,0.7181208053691275
2073,18,0.5111,0.773,0.6711,35.43,6503.8,0.7181208053691275
2073,19,0.5101,0.779,0.6711,35.59,7112.36,0.7181208053691275
2073,20,0.5098,0.7873,0.6711,35.41,7756.67,0.7181208053691275
2073,21,0.5095,0.794,0.6711,35.13,8301.89,0.7181208053691275
2073,22,0.5092,0.806,0.6779,34.74,9059.72,0.7181208053691275
2073,23,0.5088,0.8172,0.6779,35.08,9811.42,0.7181208053691275
2073,24,0.5083,0.8255,0.6779,34.92,10559.52,0.7181208053691275
2073,25,0.508,0.8352,0.6779,34.79,11211.18,0.7181208053691275
2073,26,0.5082,0.8397,0.6779,34.72,11691.97,0.7181208053691275
2073,27,0.5081,0.8427,0.6779,34.38,12152.55,0.7181208053691275
2073,28,0.5081,0.8502,0.6779,34.13,12433.6,0.7181208053691275
2073,29,0.5079,0.8562,0.6711,33.89,12704.63,0.7181208053691275
2073,30,0.5076,0.8592,0.6711,33.57,12903.04,0.7181208053691275
2073,31,0.5076,0.8599,0.6711,33.19,13049.69,0.7181208053691275
2073,32,0.5076,0.8614,0.6711,32.89,13181.76,0.7181208053691275
2073,33,0.5076,0.8637,0.6779,32.5,13247.38,0.7181208053691275
2073,34,0.5074,0.8674,0.6779,32.16,13362.11,0.7181208053691275
2073,35,0.5073,0.8689,0.6779,31.87,13452.81,0.7181208053691275
2073,36,0.5072,0.8734,0.6779,31.58,13505.97,0.7181208053691275
2073,37,0.5069,0.8749,0.6779,31.26,13530.69,0.7181208053691275
2073,38,0.5067,0.8801,0.6779,31.05,13540.98,0.7181208053691275
2073,39,0.5065,0.8846,0.6779,30.66,13533.35,0.7181208053691275
2073,40,0.5063,0.8884,0.6779,30.51,13546.66,0.7181208053691275
2073,41,0.5063,0.8914,0.6846,30.25,13515.95,0.7181208053691275
2073,42,0.5062,0.8936,0.6846,29.98,13512.68,0.7181208053691275
2073,43,0.506,0.8989,0.6846,29.69,13491.61,0.7181208053691275
2073,44,0.506,0.9019,0.6913,29.46,13464.18,0.7181208053691275
2073,45,0.5059,0.9019,0.6913,29.13,13406.57,0.7181208053691275
2073,46,0.5059,0.9019,0.698,28.79,13368.63,0.7181208053691275
2073,47,0.5058,0.9056,0.698,28.62,13328.92,0.7181208053691275
2073,48,0.506,0.9064,0.698,28.37,13259.23,0.7181208053691275
2073,49,0.5059,0.9071,0.698,28.07,13207.53,0.7181208053691275
168784,0,0.6147,0.744,0.7231,5.29,232.44,0.8205128205128205
168784,1,0.6147,0.744,0.7231,5.29,232.44,0.8205128205128205
168784,2,0.6288,0.7806,0.7538,9.07,589.76,0.8205128205128205
168784,3,0.6368,0.807,0.759,11.02,909.17,0.8205128205128205
168784,4,0.6409,0.8288,0.7641,12.99,1097.18,0.8205128205128205
168784,5,0.6447,0.8454,0.7744,13.85,1256.9,0.8205128205128205
168784,6,0.647,0.8614,0.7692,13.85,1401.72,0.8205128205128205
168784,7,0.6486,0.8683,0.7641,13.66,1512.6,0.8205128205128205
168784,8,0.6501,0.8723,0.7641,13.46,1642.08,0.8205128205128205
168784,9,0.6517,0.8786,0.759,13.01,1715.89,0.8205128205128205
168784,10,0.6528,0.886,0.7538,12.66,1823.86,0.8205128205128205
168784,11,0.654,0.8912,0.7641,12.32,1943.19,0.8205128205128205
168784,12,0.6549,0.9003,0.7692,12.08,2120.59,0.8205128205128205
168784,13,0.6557,0.9066,0.7641,11.76,2266.86,0.8205128205128205
168784,14,0.6564,0.9124,0.7692,11.47,2443.2,0.8205128205128205
168784,15,0.6566,0.9187,0.7692,11.24,2629.56,0.8205128205128205
168784,16,0.6566,0.9238,0.7692,11.01,2799.49,0.8205128205128205
168784,17,0.6571,0.9284,0.7692,10.83,2947.19,0.8205128205128205
168784,18,0.6569,0.9347,0.7692,10.71,3119.31,0.8205128205128205
168784,19,0.6571,0.9399,0.7795,10.54,3244.22,0.8205128205128205
168784,20,0.6575,0.945,0.7846,10.52,3386.48,0.8205128205128205
168784,21,0.6578,0.9479,0.7846,10.47,3544.91,0.8205128205128205
168784,22,0.6578,0.9519,0.7897,10.56,3700.71,0.8205128205128205
168784,23,0.658,0.9565,0.7897,10.55,3833.26,0.8205128205128205
168784,24,0.6582,0.9611,0.7897,10.56,3979.41,0.8205128205128205
168784,25,0.6582,0.9639,0.7949,10.46,4140.76,0.8205128205128205
168784,26,0.6583,0.9662,0.7949,10.33,4280.84,0.8205128205128205
168784,27,0.6584,0.9668,0.7949,10.23,4451.16,0.8205128205128205
168784,28,0.6585,0.9708,0.7949,10.11,4618.68,0.8205128205128205
168784,29,0.6586,0.9731,0.7949,9.98,4741.63,0.8205128205128205
168784,30,0.6588,0.9782,0.7949,9.87,4849.76,0.8205128205128205
168784,31,0.6589,0.98,0.8,9.74,4956.7,0.8205128205128205
168784,32,0.6591,0.9817,0.8,9.66,5047.3,0.8205128205128205
168784,33,0.6594,0.9828,0.8051,9.59,5116.51,0.8205128205128205
168784,34,0.6595,0.9851,0.8103,9.45,5190.23,0.8205128205128205
168784,35,0.6595,0.9874,0.8103,9.31,5235.53,0.8205128205128205
168784,36,0.6597,0.9885,0.8103,9.18,5279.59,0.8205128205128205
168784,37,0.6598,0.9891,0.8051,9.07,5339.77,0.8205128205128205
168784,38,0.6602,0.9897,0.8103,8.93,5376.37,0.8205128205128205
168784,39,0.6602,0.9903,0.8,8.79,5418.51,0.8205128205128205
168784,40,0.6603,0.9908,0.8051,8.67,5448.77,0.8205128205128205
168784,41,0.6604,0.9908,0.8,8.55,5463.59,0.8205128205128205
168784,42,0.6605,0.9914,0.8,8.47,5482.79,0.8205128205128205
168784,43,0.6607,0.992,0.8051,8.39,5499.94,0.8205128205128205
168784,44,0.6607,0.9937,0.8051,8.33,5520.49,0.8205128205128205
168784,45,0.6608,0.9943,0.8103,8.24,5529.56,0.8205128205128205
168784,46,0.6608,0.9943,0.8103,8.21,5550.05,0.8205128205128205
168784,47,0.6607,0.9943,0.8103,8.19,5557.41,0.8205128205128205
168784,48,0.6607,0.9943,0.8103,8.17,5556.17,0.8205128205128205
168784,49,0.6606,0.9948,0.8103,8.19,5551.58,0.8205128205128205
359954,0,0.4746,0.6571,0.5541,12.22,186.07,0.6756756756756757
359954,1,0.4746,0.6571,0.5541,12.22,186.07,0.6756756756756757
359954,2,0.4847,0.6994,0.5541,14.74,360.01,0.6756756756756757
359954,3,0.4929,0.7311,0.5676,15.16,488.55,0.6756756756756757
359954,4,0.4968,0.7674,0.6081,13.38,562.53,0.6756756756756757
359954,5,0.5018,0.7885,0.6351,11.47,672.57,0.6756756756756757
359954,6,0.5053,0.8112,0.6351,10.15,718.15,0.6756756756756757
359954,7,0.5071,0.8187,0.6351,9.16,719.08,0.6756756756756757
359954,8,0.5096,0.8233,0.6351,8.65,715.26,0.6756756756756757
359954,9,0.5114,0.8369,0.6486,8.29,731.64,0.6756756756756757
359954,10,0.5121,0.8429,0.6622,7.96,759.02,0.6756756756756757
359954,11,0.5133,0.855,0.6622,7.77,820.93,0.6756756756756757
359954,12,0.5141,0.861,0.6622,7.71,904.33,0.6756756756756757
359954,13,0.5154,0.8701,0.6622,7.84,992.86,0.6756756756756757
359954,14,0.516,0.8776,0.6622,7.97,1084.33,0.6756756756756757
359954,15,0.517,0.8912,0.6622,8.18,1181.09,0.6756756756756757
359954,16,0.5182,0.8958,0.6757,8.54,1244.35,0.6756756756756757
359954,17,0.5175,0.9048,0.6622,8.86,1320.95,0.6756756756756757
359954,18,0.5181,0.9094,0.6622,9.44,1378.32,0.6756756756756757
359954,19,0.5182,0.9139,0.6622,10.19,1428.65,0.6756756756756757
359954,20,0.5183,0.9154,0.6622,10.3,1480.35,0.6756756756756757
359954,21,0.5184,0.923,0.6622,10.55,1516.11,0.6756756756756757
359954,22,0.5191,0.926,0.6622,10.75,1561.34,0.6756756756756757
359954,23,0.5198,0.929,0.6622,10.97,1628.41,0.6756756756756757
359954,24,0.5202,0.932,0.6622,11.18,1692.31,0.6756756756756757
359954,25,0.5203,0.9381,0.6622,11.67,1755.63,0.6756756756756757
359954,26,0.5204,0.9396,0.6622,11.97,1806.8,0.6756756756756757
359954,27,0.5207,0.9441,0.6622,12.29,1843.25,0.6756756756756757
359954,28,0.521,0.9471,0.6622,12.57,1875.73,0.6756756756756757
359954,29,0.5214,0.9502,0.6622,12.81,1916.9,0.6756756756756757
359954,30,0.5215,0.9547,0.6622,13.06,1961.63,0.6756756756756757
359954,31,0.5218,0.9562,0.6622,13.36,1997.69,0.6756756756756757
359954,32,0.5219,0.9562,0.6622,13.41,2008.16,0.6756756756756757
359954,33,0.5222,0.9562,0.6622,13.6,2024.43,0.6756756756756757
359954,34,0.5227,0.9562,0.6622,13.77,2034.62,0.6756756756756757
359954,35,0.5229,0.9562,0.6622,13.83,2040.15,0.6756756756756757
359954,36,0.5232,0.9562,0.6622,13.87,2037.39,0.6756756756756757
359954,37,0.5234,0.9562,0.6622,13.9,2039.4,0.6756756756756757
359954,38,0.5234,0.9562,0.6622,13.99,2037.59,0.6756756756756757
359954,39,0.5234,0.9577,0.6486,14.21,2035.54,0.6756756756756757
359954,40,0.5233,0.9592,0.6486,14.35,2037.41,0.6756756756756757
359954,41,0.5237,0.9622,0.6486,14.48,2033.91,0.6756756756756757
359954,42,0.5238,0.9622,0.6486,14.72,2029.09,0.6756756756756757
359954,43,0.5238,0.9622,0.6486,14.82,2021.78,0.6756756756756757
359954,44,0.5237,0.9653,0.6622,14.94,2015.23,0.6756756756756757
359954,45,0.5239,0.9668,0.6622,15.08,2005.46,0.6756756756756757
359954,46,0.524,0.9668,0.6622,15.11,1992.21,0.6756756756756757
359954,47,0.524,0.9668,0.6622,15.09,1980.88,0.6756756756756757
359954,48,0.5241,0.9698,0.6622,15.11,1968.37,0.6756756756756757
359954,49,0.5241,0.9698,0.6622,15.06,1958.11,0.6756756756756757
168784,0,0.6175,0.7423,0.7333,3.88,94.74,0.8205128205128205
168784,1,0.6175,0.7423,0.7333,3.88,94.74,0.8205128205128205
168784,2,0.6301,0.7732,0.7385,6.46,325.63,0.8205128205128205
168784,3,0.6378,0.7961,0.7487,9.75,690.84,0.8205128205128205
168784,4,0.6426,0.8116,0.7487,10.78,811.54,0.8205128205128205
168784,5,0.6452,0.8253,0.7538,10.81,936.54,0.8205128205128205
168784,6,0.648,0.8368,0.7487,10.74,1071.54,0.8205128205128205
168784,7,0.6503,0.8454,0.759,10.93,1238.41,0.8205128205128205
168784,8,0.6515,0.8574,0.7641,11.27,1488.92,0.8205128205128205
168784,9,0.6523,0.8637,0.759,11.27,1726.71,0.8205128205128205
168784,10,0.6535,0.8723,0.759,11.12,1897.59,0.8205128205128205
168784,11,0.654,0.8809,0.759,11.01,2036.27,0.8205128205128205
168784,12,0.6545,0.89,0.759,10.82,2139.22,0.8205128205128205
168784,13,0.6549,0.8935,0.759,10.8,2313.09,0.8205128205128205
168784,14,0.6554,0.8992,0.759,10.62,2397.49,0.8205128205128205
168784,15,0.6555,0.9021,0.7641,10.62,2506.38,0.8205128205128205
168784,16,0.656,0.9066,0.7692,10.68,2588.35,0.8205128205128205
168784,17,0.6559,0.9101,0.7692,10.6,2686.29,0.8205128205128205
168784,18,0.656,0.9141,0.7692,10.5,2795.53,0.8205128205128205
168784,19,0.6561,0.9221,0.7641,10.43,2883.18,0.8205128205128205
168784,20,0.6562,0.9261,0.7692,10.4,2934.46,0.8205128205128205
168784,21,0.6563,0.9284,0.7744,10.39,3055.33,0.8205128205128205
168784,22,0.6567,0.9336,0.7744,10.38,3186.4,0.8205128205128205
168784,23,0.657,0.9393,0.7744,10.39,3444.93,0.8205128205128205
168784,24,0.657,0.9416,0.7744,10.44,3718.43,0.8205128205128205
168784,25,0.6569,0.9462,0.7795,10.39,3943.43,0.8205128205128205
168784,26,0.6569,0.9479,0.7795,10.35,4116.05,0.8205128205128205
168784,27,0.6569,0.9513,0.7795,10.37,4259.9,0.8205128205128205
168784,28,0.657,0.9548,0.7795,10.3,4361.15,0.8205128205128205
168784,29,0.657,0.9588,0.7795,10.26,4439.7,0.8205128205128205
168784,30,0.6571,0.9605,0.7795,10.18,4501.76,0.8205128205128205
168784,31,0.6571,0.9616,0.7795,10.18,4543.7,0.8205128205128205
168784,32,0.6572,0.9639,0.7795,10.15,4591.32,0.8205128205128205
168784,33,0.6574,0.9668,0.7795,10.06,4639.31,0.8205128205128205
168784,34,0.6575,0.9685,0.7795,9.98,4715.43,0.8205128205128205
168784,35,0.6577,0.9714,0.7795,9.99,4805.77,0.8205128205128205
168784,36,0.6578,0.9742,0.7795,9.92,4891.01,0.8205128205128205
168784,37,0.6579,0.9759,0.7897,9.91,4961.41,0.8205128205128205
168784,38,0.658,0.9759,0.7846,9.85,5015.57,0.8205128205128205
168784,39,0.6581,0.9771,0.7846,9.79,5077.6,0.8205128205128205
168784,40,0.6582,0.98,0.7795,9.72,5127.07,0.8205128205128205
168784,41,0.6585,0.9817,0.7795,9.72,5182.71,0.8205128205128205
168784,42,0.6586,0.9834,0.7795,9.73,5258.95,0.8205128205128205
168784,43,0.6586,0.9863,0.7795,9.71,5322.17,0.8205128205128205
168784,44,0.6586,0.9874,0.7795,9.69,5386.56,0.8205128205128205
168784,45,0.6587,0.9885,0.7795,9.62,5445.16,0.8205128205128205
168784,46,0.6588,0.9891,0.7949,9.57,5499.51,0.8205128205128205
168784,47,0.6588,0.9891,0.7949,9.53,5548.3,0.8205128205128205
168784,48,0.6588,0.9897,0.7949,9.46,5587.77,0.8205128205128205
168784,49,0.6587,0.9908,0.7949,9.41,5623.38,0.8205128205128205
168784,0,0.6119,0.7371,0.7282,4.32,172.93,0.8205128205128205
168784,1,0.6119,0.7371,0.7282,4.32,172.93,0.8205128205128205
168784,2,0.6223,0.7692,0.7436,9.35,783.43,0.8205128205128205
168784,3,0.6327,0.8081,0.7487,15.6,1743.23,0.8205128205128205
168784,4,0.6379,0.8379,0.7538,17.47,2087.32,0.8205128205128205
168784,5,0.6411,0.8562,0.7692,17.48,2219.81,0.8205128205128205
168784,6,0.6442,0.8683,0.7692,17.77,2356.0,0.8205128205128205
168784,7,0.6468,0.8763,0.7692,17.49,2375.68,0.8205128205128205
168784,8,0.6484,0.8849,0.7744,16.74,2371.23,0.8205128205128205
168784,9,0.6496,0.8906,0.7692,16.19,2415.97,0.8205128205128205
168784,10,0.6501,0.8981,0.7641,15.69,2510.6,0.8205128205128205
168784,11,0.6508,0.9038,0.759,15.3,2646.78,0.8205128205128205
168784,12,0.6517,0.9118,0.759,15.05,2752.73,0.8205128205128205
168784,13,0.6526,0.9187,0.7641,14.71,2880.31,0.8205128205128205
168784,14,0.6529,0.925,0.7641,14.33,3055.45,0.8205128205128205
168784,15,0.653,0.9341,0.7795,14.18,3311.03,0.8205128205128205
168784,16,0.6532,0.9399,0.7744,13.89,3538.94,0.8205128205128205
168784,17,0.6537,0.9502,0.7846,13.65,3811.68,0.8205128205128205
168784,18,0.6538,0.9548,0.7846,13.57,4065.15,0.8205128205128205
168784,19,0.6539,0.9611,0.7897,13.41,4236.66,0.8205128205128205
168784,20,0.6544,0.9628,0.7846,13.18,4448.82,0.8205128205128205
168784,21,0.655,0.9656,0.7846,12.98,4617.87,0.8205128205128205
168784,22,0.6554,0.9708,0.7897,12.79,4816.52,0.8205128205128205
168784,23,0.6557,0.9754,0.7897,12.68,5001.2,0.8205128205128205
168784,24,0.6559,0.9788,0.7897,12.54,5169.77,0.8205128205128205
168784,25,0.6563,0.9811,0.7949,12.37,5305.97,0.8205128205128205
168784,26,0.6565,0.984,0.7897,12.22,5395.95,0.8205128205128205
168784,27,0.6567,0.9874,0.7949,12.09,5464.05,0.8205128205128205
168784,28,0.6567,0.9885,0.7949,11.95,5535.83,0.8205128205128205
168784,29,0.6569,0.9891,0.7949,11.82,5618.79,0.8205128205128205
168784,30,0.6569,0.9891,0.7897,11.66,5682.82,0.8205128205128205
168784,31,0.6568,0.9897,0.7949,11.52,5760.43,0.8205128205128205
168784,32,0.6568,0.9914,0.7949,11.41,5808.06,0.8205128205128205
168784,33,0.6569,0.992,0.7949,11.3,5841.8,0.8205128205128205
168784,34,0.6568,0.9937,0.7897,11.17,5885.82,0.8205128205128205
168784,35,0.6568,0.9943,0.7949,11.06,5920.55,0.8205128205128205
168784,36,0.6568,0.9943,0.8,10.96,5943.91,0.8205128205128205
168784,37,0.6568,0.9943,0.8,10.92,5957.33,0.8205128205128205
168784,38,0.6567,0.9954,0.8051,10.85,5958.0,0.8205128205128205
168784,39,0.6567,0.9954,0.8051,10.74,5942.57,0.8205128205128205
168784,40,0.6567,0.996,0.8051,10.62,5933.9,0.8205128205128205
168784,41,0.6567,0.996,0.8051,10.48,5914.06,0.8205128205128205
168784,42,0.6568,0.9966,0.8051,10.35,5883.19,0.8205128205128205
168784,43,0.6568,0.9971,0.8051,10.25,5859.09,0.8205128205128205
168784,44,0.6568,0.9971,0.8051,10.14,5826.64,0.8205128205128205
168784,45,0.6569,0.9971,0.8103,10.03,5807.65,0.8205128205128205
168784,46,0.6568,0.9971,0.8051,9.93,5783.6,0.8205128205128205
168784,47,0.6568,0.9971,0.8051,9.85,5745.23,0.8205128205128205
168784,48,0.6569,0.9971,0.8051,9.76,5701.48,0.8205128205128205
168784,49,0.657,0.9977,0.8,9.65,5663.97,0.8205128205128205
168784,0,0.6181,0.7383,0.7333,3.18,256.73,0.8153846153846154
168784,1,0.6181,0.7383,0.7333,3.18,256.73,0.8153846153846154
168784,2,0.6297,0.7824,0.7333,9.39,1188.72,0.8153846153846154
168784,3,0.6371,0.8207,0.7538,13.8,1968.63,0.8153846153846154
168784,4,0.6425,0.8459,0.7692,15.19,2225.38,0.8153846153846154
168784,5,0.6462,0.8631,0.7692,15.25,2282.22,0.8153846153846154
168784,6,0.6485,0.8729,0.7692,14.68,2333.81,0.8153846153846154
168784,7,0.6498,0.8792,0.7692,14.19,2349.04,0.8153846153846154
168784,8,0.6507,0.886,0.7744,13.43,2307.3,0.8153846153846154
168784,9,0.6509,0.8918,0.7744,13.16,2365.73,0.8153846153846154
168784,10,0.6515,0.8981,0.7692,12.78,2432.85,0.8153846153846154
168784,11,0.6526,0.9044,0.7692,12.54,2572.97,0.8153846153846154
168784,12,0.6532,0.9141,0.7641,12.38,2896.44,0.8153846153846154
168784,13,0.6537,0.9192,0.7641,12.5,3175.97,0.8153846153846154
168784,14,0.654,0.9238,0.7692,12.52,3447.44,0.8153846153846154
168784,15,0.6543,0.9313,0.7692,12.51,3686.04,0.8153846153846154
168784,16,0.6548,0.9387,0.7692,12.53,3963.27,0.8153846153846154
168784,17,0.6547,0.9462,0.7692,12.4,4235.27,0.8153846153846154
168784,18,0.6549,0.9513,0.7795,12.25,4480.48,0.8153846153846154
168784,19,0.6552,0.9553,0.7795,12.26,4660.27,0.8153846153846154
168784,20,0.6553,0.9599,0.7795,12.09,4807.08,0.8153846153846154
168784,21,0.6556,0.9616,0.7744,11.99,4883.92,0.8153846153846154
168784,22,0.6558,0.9674,0.7795,11.9,4948.89,0.8153846153846154
168784,23,0.6559,0.9691,0.7897,11.8,4991.37,0.8153846153846154
168784,24,0.656,0.9714,0.7846,11.73,5073.44,0.8153846153846154
168784,25,0.6562,0.9731,0.7897,11.69,5174.82,0.8153846153846154
168784,26,0.6563,0.9759,0.7949,11.56,5281.73,0.8153846153846154
168784,27,0.6564,0.9777,0.7949,11.4,5373.11,0.8153846153846154
168784,28,0.6564,0.98,0.7949,11.35,5476.13,0.8153846153846154
168784,29,0.6565,0.9811,0.7949,11.29,5621.29,0.8153846153846154
168784,30,0.6566,0.9828,0.7949,11.19,5721.35,0.8153846153846154
168784,31,0.6568,0.9851,0.7949,11.1,5809.29,0.8153846153846154
168784,32,0.6568,0.9857,0.7846,11.01,5892.25,0.8153846153846154
168784,33,0.6569,0.9863,0.7897,10.93,5964.88,0.8153846153846154
168784,34,0.6569,0.988,0.7897,10.83,6009.32,0.8153846153846154
168784,35,0.657,0.988,0.7949,10.73,6057.85,0.8153846153846154
168784,36,0.6571,0.9885,0.7949,10.64,6080.74,0.8153846153846154
168784,37,0.6572,0.9885,0.7949,10.56,6094.87,0.8153846153846154
168784,38,0.6574,0.9891,0.7949,10.45,6085.34,0.8153846153846154
168784,39,0.6575,0.9891,0.7949,10.37,6068.17,0.8153846153846154
168784,40,0.6576,0.9891,0.7897,10.29,6057.04,0.8153846153846154
168784,41,0.6577,0.9897,0.7897,10.22,6041.37,0.8153846153846154
168784,42,0.6576,0.9903,0.7949,10.13,6022.17,0.8153846153846154
168784,43,0.6577,0.9908,0.7949,10.05,5997.13,0.8153846153846154
168784,44,0.6578,0.9908,0.7949,9.97,5970.61,0.8153846153846154
168784,45,0.6579,0.9908,0.7949,9.87,5933.74,0.8153846153846154
168784,46,0.658,0.9908,0.7949,9.78,5895.14,0.8153846153846154
168784,47,0.658,0.9908,0.7949,9.71,5860.46,0.8153846153846154
168784,48,0.658,0.9914,0.7949,9.59,5815.36,0.8153846153846154
168784,49,0.658,0.9914,0.7949,9.51,5783.88,0.8153846153846154
168784,0,0.6126,0.7405,0.7436,4.51,147.25,0.8102564102564103
168784,1,0.6126,0.7405,0.7436,4.51,147.25,0.8102564102564103
168784,2,0.6238,0.7715,0.7436,9.8,602.04,0.8102564102564103
168784,3,0.6338,0.8087,0.7436,11.71,958.88,0.8102564102564103
168784,4,0.6402,0.8282,0.7487,12.56,1163.21,0.8102564102564103
168784,5,0.6437,0.8408,0.7385,12.5,1317.32,0.8102564102564103
168784,6,0.6457,0.8528,0.7436,12.23,1371.82,0.8102564102564103
168784,7,0.6475,0.8591,0.7487,11.89,1386.31,0.8102564102564103
168784,8,0.6493,0.8625,0.7487,11.67,1431.94,0.8102564102564103
168784,9,0.6502,0.8688,0.7641,11.43,1486.64,0.8102564102564103
168784,10,0.6512,0.8746,0.7692,11.16,1551.17,0.8102564102564103
168784,11,0.6526,0.886,0.7744,11.0,1677.58,0.8102564102564103
168784,12,0.6537,0.8889,0.7744,10.71,1727.65,0.8102564102564103
168784,13,0.6543,0.8935,0.7744,10.55,1799.99,0.8102564102564103
168784,14,0.6548,0.8986,0.7744,10.44,1858.21,0.8102564102564103
168784,15,0.6553,0.9021,0.7744,10.29,1883.02,0.8102564102564103
168784,16,0.6559,0.9044,0.7795,10.04,1906.57,0.8102564102564103
168784,17,0.6565,0.9084,0.7795,9.94,1914.74,0.8102564102564103
168784,18,0.6568,0.9124,0.7744,9.79,1937.29,0.8102564102564103
168784,19,0.6571,0.917,0.7795,9.67,2002.18,0.8102564102564103
168784,20,0.657,0.9181,0.7795,9.52,2070.76,0.8102564102564103
168784,21,0.6575,0.921,0.7744,9.36,2121.94,0.8102564102564103
168784,22,0.6579,0.9233,0.7795,9.27,2157.82,0.8102564102564103
168784,23,0.6582,0.925,0.7744,9.16,2190.93,0.8102564102564103
168784,24,0.6582,0.9284,0.7744,8.94,2203.21,0.8102564102564103
168784,25,0.6584,0.9301,0.7744,8.81,2231.75,0.8102564102564103
168784,26,0.6583,0.933,0.7795,8.71,2259.56,0.8102564102564103
168784,27,0.6582,0.9347,0.7795,8.58,2323.95,0.8102564102564103
168784,28,0.6585,0.9364,0.7795,8.48,2394.25,0.8102564102564103
168784,29,0.6587,0.9399,0.7795,8.36,2469.04,0.8102564102564103
168784,30,0.6589,0.9399,0.7795,8.29,2556.3,0.8102564102564103
168784,31,0.6588,0.9439,0.7744,8.3,2673.75,0.8102564102564103
168784,32,0.6589,0.945,0.7744,8.27,2785.51,0.8102564102564103
168784,33,0.6588,0.9485,0.7744,8.32,2912.55,0.8102564102564103
168784,34,0.6589,0.9507,0.7744,8.4,3047.91,0.8102564102564103
168784,35,0.6588,0.9553,0.7744,8.49,3175.09,0.8102564102564103
168784,36,0.6587,0.9593,0.7744,8.5,3289.61,0.8102564102564103
168784,37,0.6589,0.9605,0.7795,8.49,3439.37,0.8102564102564103
168784,38,0.659,0.9622,0.7846,8.48,3590.01,0.8102564102564103
168784,39,0.6591,0.9656,0.7795,8.47,3746.99,0.8102564102564103
168784,40,0.6592,0.9662,0.7846,8.45,3900.98,0.8102564102564103
168784,41,0.6592,0.9674,0.7846,8.46,4054.81,0.8102564102564103
168784,42,0.6593,0.9691,0.7897,8.47,4201.69,0.8102564102564103
168784,43,0.6594,0.9696,0.7897,8.5,4335.52,0.8102564102564103
168784,44,0.6595,0.9702,0.7949,8.54,4453.49,0.8102564102564103
168784,45,0.6595,0.9708,0.7949,8.54,4555.55,0.8102564102564103
168784,46,0.6597,0.9725,0.7897,8.53,4654.76,0.8102564102564103
168784,47,0.6596,0.9742,0.7897,8.52,4750.75,0.8102564102564103
168784,48,0.6597,0.9754,0.7897,8.48,4848.98,0.8102564102564103
168784,49,0.6598,0.9759,0.8,8.5,4945.85,0.8102564102564103
359954,0,0.4689,0.6616,0.5946,11.15,182.18,0.6756756756756757
359954,1,0.4689,0.6616,0.5946,11.15,182.18,0.6756756756756757
359954,2,0.4811,0.71,0.5946,19.92,540.83,0.6756756756756757
359954,3,0.4915,0.7477,0.6081,23.58,707.53,0.6756756756756757
359954,4,0.4977,0.781,0.6216,23.43,725.93,0.6756756756756757
359954,5,0.5016,0.8021,0.6216,22.42,706.31,0.6756756756756757
359954,6,0.5031,0.8157,0.6351,21.82,717.42,0.6756756756756757
359954,7,0.5048,0.8278,0.6351,21.31,744.16,0.6756756756756757
359954,8,0.507,0.8429,0.6351,21.07,762.89,0.6756756756756757
359954,9,0.5086,0.855,0.6486,20.25,770.83,0.6756756756756757
359954,10,0.5105,0.8716,0.6622,19.48,790.79,0.6756756756756757
359954,11,0.5115,0.8746,0.6622,19.3,810.51,0.6756756756756757
359954,12,0.513,0.8852,0.6757,18.82,831.08,0.6756756756756757
359954,13,0.5136,0.8897,0.6757,18.81,887.69,0.6756756756756757
359954,14,0.514,0.8912,0.6757,18.87,972.9,0.6756756756756757
359954,15,0.5145,0.8988,0.6757,18.57,1032.91,0.6756756756756757
359954,16,0.5151,0.9003,0.6757,18.55,1083.21,0.6756756756756757
359954,17,0.5159,0.9048,0.6757,18.29,1138.2,0.6756756756756757
359954,18,0.5158,0.9079,0.6757,18.0,1177.7,0.6756756756756757
359954,19,0.5156,0.9094,0.6757,18.19,1238.74,0.6756756756756757
359954,20,0.5158,0.9139,0.6757,18.3,1300.15,0.6756756756756757
359954,21,0.5159,0.9184,0.6622,18.53,1395.38,0.6756756756756757
359954,22,0.5163,0.929,0.6622,18.4,1490.97,0.6756756756756757
359954,23,0.5168,0.932,0.6622,18.12,1573.92,0.6756756756756757
359954,24,0.5177,0.9335,0.6622,17.89,1615.67,0.6756756756756757
359954,25,0.5186,0.9335,0.6622,17.69,1680.3,0.6756756756756757
359954,26,0.5192,0.9366,0.6622,17.46,1738.33,0.6756756756756757
359954,27,0.5194,0.9366,0.6622,17.24,1793.36,0.6756756756756757
359954,28,0.5195,0.9426,0.6622,17.0,1845.28,0.6756756756756757
359954,29,0.5198,0.9471,0.6622,16.75,1899.13,0.6756756756756757
359954,30,0.52,0.9471,0.6622,16.47,1927.91,0.6756756756756757
359954,31,0.5203,0.9502,0.6622,16.21,1958.45,0.6756756756756757
359954,32,0.5206,0.9532,0.6622,15.91,1972.74,0.6756756756756757
359954,33,0.5208,0.9532,0.6622,15.65,1980.93,0.6756756756756757
359954,34,0.5211,0.9562,0.6622,15.46,1993.83,0.6756756756756757
359954,35,0.5214,0.9592,0.6622,15.35,2004.06,0.6756756756756757
359954,36,0.5215,0.9607,0.6622,15.17,2010.79,0.6756756756756757
359954,37,0.5217,0.9607,0.6622,15.03,2010.87,0.6756756756756757
359954,38,0.522,0.9622,0.6622,14.98,2017.13,0.6756756756756757
359954,39,0.5224,0.9622,0.6622,14.84,2024.61,0.6756756756756757
359954,40,0.5228,0.9637,0.6622,14.74,2028.99,0.6756756756756757
359954,41,0.523,0.9637,0.6622,14.64,2029.22,0.6756756756756757
359954,42,0.5231,0.9637,0.6622,14.52,2024.18,0.6756756756756757
359954,43,0.5234,0.9637,0.6622,14.38,2016.62,0.6756756756756757
359954,44,0.5234,0.9637,0.6622,14.26,2004.3,0.6756756756756757
359954,45,0.5235,0.9653,0.6622,14.11,1994.9,0.6756756756756757
359954,46,0.5238,0.9668,0.6757,13.98,1984.99,0.6756756756756757
359954,47,0.5241,0.9683,0.6757,13.87,1971.86,0.6756756756756757
359954,48,0.5243,0.9698,0.6757,13.73,1962.92,0.6756756756756757
359954,49,0.5242,0.9698,0.6757,13.67,1952.47,0.6756756756756757
359954,0,0.4708,0.6193,0.5,10.55,124.94,0.6756756756756757
359954,1,0.4708,0.6193,0.5,10.55,124.94,0.6756756756756757
359954,2,0.4777,0.6662,0.5405,15.03,370.0,0.6756756756756757
359954,3,0.4919,0.7266,0.5676,15.06,841.57,0.6756756756756757
359954,4,0.4992,0.7674,0.5946,14.01,1016.76,0.6756756756756757
359954,5,0.5033,0.8036,0.6351,13.59,1144.55,0.6756756756756757
359954,6,0.5063,0.8323,0.6351,12.95,1161.16,0.6756756756756757
359954,7,0.5089,0.8444,0.6351,12.43,1222.72,0.6756756756756757
359954,8,0.512,0.855,0.6351,12.45,1280.07,0.6756756756756757
359954,9,0.5137,0.864,0.6486,13.29,1380.01,0.6756756756756757
359954,10,0.5149,0.8776,0.6486,14.56,1490.62,0.6756756756756757
359954,11,0.5155,0.8897,0.6486,15.86,1548.38,0.6756756756756757
359954,12,0.5164,0.9018,0.6757,16.71,1609.87,0.6756756756756757
359954,13,0.517,0.9063,0.6757,16.89,1658.97,0.6756756756756757
359954,14,0.518,0.9154,0.6757,17.01,1715.85,0.6756756756756757
359954,15,0.5184,0.9199,0.6757,17.36,1783.76,0.6756756756756757
359954,16,0.5193,0.923,0.6757,17.67,1849.62,0.6756756756756757
359954,17,0.52,0.9305,0.6757,17.79,1894.34,0.6756756756756757
359954,18,0.5202,0.9381,0.6757,17.89,1919.83,0.6756756756756757
359954,19,0.5206,0.9441,0.6757,17.84,1941.79,0.6756756756756757
359954,20,0.5212,0.9471,0.6757,17.91,1950.36,0.6756756756756757
359954,21,0.5216,0.9517,0.6757,17.78,1946.16,0.6756756756756757
359954,22,0.5223,0.9547,0.6757,17.7,1944.25,0.6756756756756757
359954,23,0.5226,0.9562,0.6757,17.5,1930.55,0.6756756756756757
359954,24,0.5232,0.9577,0.6757,17.26,1919.48,0.6756756756756757
359954,25,0.5235,0.9577,0.6757,17.05,1923.31,0.6756756756756757
359954,26,0.5235,0.9577,0.6757,16.88,1913.76,0.6756756756756757
359954,27,0.5236,0.9592,0.6757,16.79,1921.08,0.6756756756756757
359954,28,0.524,0.9637,0.6757,16.69,1919.97,0.6756756756756757
359954,29,0.5244,0.9653,0.6757,16.62,1907.57,0.6756756756756757
359954,30,0.5244,0.9668,0.6757,16.56,1892.54,0.6756756756756757
359954,31,0.5245,0.9668,0.6757,16.4,1876.14,0.6756756756756757
359954,32,0.5246,0.9683,0.6757,16.29,1868.59,0.6756756756756757
359954,33,0.5245,0.9683,0.6622,16.21,1856.58,0.6756756756756757
359954,34,0.5246,0.9683,0.6622,16.07,1843.53,0.6756756756756757
359954,35,0.5249,0.9683,0.6622,15.99,1828.28,0.6756756756756757
359954,36,0.525,0.9683,0.6622,15.84,1813.42,0.6756756756756757
359954,37,0.5252,0.9683,0.6757,15.7,1798.22,0.6756756756756757
359954,38,0.5253,0.9698,0.6757,15.53,1779.49,0.6756756756756757
359954,39,0.5256,0.9698,0.6757,15.44,1761.95,0.6756756756756757
359954,40,0.5257,0.9698,0.6757,15.32,1747.71,0.6756756756756757
359954,41,0.5258,0.9713,0.6757,15.24,1731.85,0.6756756756756757
359954,42,0.5262,0.9713,0.6757,15.1,1713.7,0.6756756756756757
359954,43,0.5265,0.9713,0.6757,15.05,1700.33,0.6756756756756757
359954,44,0.5266,0.9728,0.6757,15.0,1685.64,0.6756756756756757
359954,45,0.5267,0.9728,0.6757,14.9,1671.17,0.6756756756756757
359954,46,0.527,0.9743,0.6757,14.81,1657.46,0.6756756756756757
359954,47,0.5272,0.9758,0.6757,14.72,1643.37,0.6756756756756757
359954,48,0.5274,0.9773,0.6757,14.66,1629.56,0.6756756756756757
359954,49,0.5276,0.9773,0.6757,14.53,1617.41,0.6756756756756757
168784,0,0.6204,0.7434,0.7282,3.52,156.89,0.8153846153846154
168784,1,0.6204,0.7434,0.7282,3.52,156.89,0.8153846153846154
168784,2,0.6321,0.7732,0.7436,8.44,687.25,0.8153846153846154
168784,3,0.6416,0.8087,0.7538,10.77,935.64,0.8153846153846154
168784,4,0.6448,0.8316,0.7641,11.6,1003.87,0.8153846153846154
168784,5,0.6471,0.8436,0.7692,11.67,1042.1,0.8153846153846154
168784,6,0.6488,0.8494,0.7692,11.96,1068.54,0.8153846153846154
168784,7,0.6504,0.8557,0.7692,12.01,1096.31,0.8153846153846154
168784,8,0.6515,0.8591,0.7795,11.74,1081.06,0.8153846153846154
168784,9,0.6523,0.8648,0.7744,11.51,1062.66,0.8153846153846154
168784,10,0.6528,0.8677,0.7641,10.93,1062.55,0.8153846153846154
168784,11,0.6537,0.8717,0.7641,10.66,1077.7,0.8153846153846154
168784,12,0.654,0.8769,0.7692,10.39,1114.63,0.8153846153846154
168784,13,0.6547,0.8832,0.7744,10.09,1142.77,0.8153846153846154
168784,14,0.6553,0.886,0.7744,9.76,1209.98,0.8153846153846154
168784,15,0.6562,0.8866,0.7744,9.6,1298.4,0.8153846153846154
168784,16,0.6566,0.8912,0.7744,9.51,1427.02,0.8153846153846154
168784,17,0.6567,0.8975,0.7795,9.42,1559.17,0.8153846153846154
168784,18,0.6571,0.9009,0.7795,9.35,1696.39,0.8153846153846154
168784,19,0.6572,0.9049,0.7795,9.28,1816.04,0.8153846153846154
168784,20,0.6574,0.9089,0.7897,9.25,1958.77,0.8153846153846154
168784,21,0.6577,0.9124,0.7897,9.04,2076.12,0.8153846153846154
168784,22,0.658,0.9175,0.7897,8.99,2207.22,0.8153846153846154
168784,23,0.658,0.921,0.7897,8.98,2335.55,0.8153846153846154
168784,24,0.6583,0.9221,0.7949,8.95,2445.5,0.8153846153846154
168784,25,0.6585,0.9255,0.7949,8.9,2542.45,0.8153846153846154
168784,26,0.6587,0.9273,0.7897,8.86,2708.2,0.8153846153846154
168784,27,0.6586,0.933,0.7897,8.86,2912.88,0.8153846153846154
168784,28,0.6587,0.9353,0.7897,8.94,3079.15,0.8153846153846154
168784,29,0.6588,0.9393,0.7897,8.89,3209.32,0.8153846153846154
168784,30,0.6588,0.9427,0.7897,8.96,3336.31,0.8153846153846154
168784,31,0.6589,0.9473,0.7897,9.0,3452.85,0.8153846153846154
168784,32,0.6592,0.9507,0.7897,9.0,3624.17,0.8153846153846154
168784,33,0.6593,0.9553,0.7897,8.97,3809.91,0.8153846153846154
168784,34,0.6592,0.9565,0.7897,8.99,4004.14,0.8153846153846154
168784,35,0.6594,0.9599,0.7897,8.98,4200.33,0.8153846153846154
168784,36,0.6595,0.9628,0.7897,8.96,4362.85,0.8153846153846154
168784,37,0.6595,0.9674,0.7949,9.02,4536.0,0.8153846153846154
168784,38,0.6596,0.9691,0.7949,9.08,4689.25,0.8153846153846154
168784,39,0.6596,0.9696,0.7949,9.08,4831.49,0.8153846153846154
168784,40,0.6596,0.9719,0.7897,9.1,4956.81,0.8153846153846154
168784,41,0.6597,0.9742,0.7897,9.09,5085.04,0.8153846153846154
168784,42,0.6598,0.9754,0.7949,9.12,5187.28,0.8153846153846154
168784,43,0.66,0.9765,0.7949,9.12,5270.81,0.8153846153846154
168784,44,0.6602,0.9782,0.8,9.11,5346.33,0.8153846153846154
168784,45,0.6604,0.9788,0.7949,9.08,5422.12,0.8153846153846154
168784,46,0.6605,0.9811,0.7949,9.12,5473.36,0.8153846153846154
168784,47,0.6607,0.9817,0.8,9.12,5512.02,0.8153846153846154
168784,48,0.6609,0.9834,0.8,9.15,5554.52,0.8153846153846154
168784,49,0.661,0.9834,0.8,9.16,5593.09,0.8153846153846154
359954,0,0.4597,0.6239,0.527,14.22,160.3,0.6756756756756757
359954,1,0.4597,0.6239,0.527,14.22,160.3,0.6756756756756757
359954,2,0.4751,0.6858,0.5811,19.18,395.16,0.6756756756756757
359954,3,0.4896,0.716,0.5946,22.92,700.79,0.6756756756756757
359954,4,0.4968,0.7508,0.6216,23.33,794.8,0.6756756756756757
359954,5,0.5007,0.787,0.6216,22.79,808.79,0.6756756756756757
359954,6,0.5039,0.8051,0.6216,21.75,792.73,0.6756756756756757
359954,7,0.5071,0.8157,0.6216,20.98,777.94,0.6756756756756757
359954,8,0.5089,0.8263,0.6486,19.76,760.32,0.6756756756756757
359954,9,0.5089,0.8369,0.6351,18.99,769.41,0.6756756756756757
359954,10,0.5102,0.8444,0.6486,18.09,772.86,0.6756756756756757
359954,11,0.5116,0.855,0.6486,17.72,775.69,0.6756756756756757
359954,12,0.5124,0.861,0.6486,17.24,776.98,0.6756756756756757
359954,13,0.5129,0.864,0.6486,16.8,776.58,0.6756756756756757
359954,14,0.5133,0.8761,0.6486,16.32,783.15,0.6756756756756757
359954,15,0.5142,0.8837,0.6486,15.94,786.6,0.6756756756756757
359954,16,0.5152,0.8958,0.6622,15.65,826.63,0.6756756756756757
359954,17,0.516,0.9003,0.6622,15.53,892.83,0.6756756756756757
359954,18,0.5164,0.9018,0.6622,15.6,979.1,0.6756756756756757
359954,19,0.5167,0.9033,0.6622,15.76,1080.47,0.6756756756756757
359954,20,0.5165,0.9063,0.6622,15.9,1183.18,0.6756756756756757
359954,21,0.5172,0.9124,0.6622,15.98,1272.97,0.6756756756756757
359954,22,0.5173,0.9139,0.6622,15.83,1348.4,0.6756756756756757
359954,23,0.5178,0.923,0.6622,15.82,1408.82,0.6756756756756757
359954,24,0.5184,0.9275,0.6757,15.62,1465.86,0.6756756756756757
359954,25,0.5185,0.9305,0.6622,15.41,1515.0,0.6756756756756757
359954,26,0.5188,0.932,0.6757,15.42,1566.81,0.6756756756756757
359954,27,0.5194,0.9366,0.6757,15.32,1616.28,0.6756756756756757
359954,28,0.5201,0.9381,0.6757,15.12,1658.79,0.6756756756756757
359954,29,0.5205,0.9441,0.6757,15.04,1707.83,0.6756756756756757
359954,30,0.5205,0.9456,0.6757,15.02,1747.73,0.6756756756756757
359954,31,0.5208,0.9502,0.6757,15.02,1790.76,0.6756756756756757
359954,32,0.521,0.9502,0.6757,14.96,1818.93,0.6756756756756757
359954,33,0.5213,0.9547,0.6757,14.86,1847.27,0.6756756756756757
359954,34,0.5215,0.9547,0.6757,14.71,1870.21,0.6756756756756757
359954,35,0.5216,0.9547,0.6757,14.62,1885.55,0.6756756756756757
359954,36,0.5219,0.9577,0.6757,14.57,1891.46,0.6756756756756757
359954,37,0.5216,0.9577,0.6757,14.47,1897.54,0.6756756756756757
359954,38,0.5217,0.9577,0.6757,14.35,1888.64,0.6756756756756757
359954,39,0.5219,0.9607,0.6757,14.18,1896.54,0.6756756756756757
359954,40,0.5223,0.9637,0.6757,14.09,1895.17,0.6756756756756757
359954,41,0.5227,0.9637,0.6757,14.0,1893.82,0.6756756756756757
359954,42,0.5227,0.9653,0.6757,13.87,1888.24,0.6756756756756757
359954,43,0.523,0.9668,0.6757,13.75,1885.33,0.6756756756756757
359954,44,0.5234,0.9683,0.6757,13.61,1881.36,0.6756756756756757
359954,45,0.5234,0.9698,0.6757,13.55,1873.35,0.6756756756756757
359954,46,0.5236,0.9728,0.6757,13.42,1866.88,0.6756756756756757
359954,47,0.5236,0.9758,0.6757,13.3,1859.55,0.6756756756756757
359954,48,0.5237,0.9758,0.6757,13.22,1850.89,0.6756756756756757
359954,49,0.5237,0.9758,0.6757,13.09,1844.09,0.6756756756756757
359954,0,0.4631,0.636,0.5541,13.96,132.64,0.6621621621621622
359954,1,0.4631,0.636,0.5541,13.96,132.64,0.6621621621621622
359954,2,0.4735,0.6722,0.5811,20.22,296.23,0.6621621621621622
359954,3,0.4772,0.6873,0.5811,23.69,418.1,0.6621621621621622
359954,4,0.4767,0.6813,0.5405,26.36,497.06,0.6621621621621622
359954,5,0.4775,0.6903,0.527,28.32,581.96,0.6621621621621622
359954,6,0.4788,0.7054,0.5405,28.58,638.64,0.6621621621621622
359954,7,0.4798,0.7175,0.5405,29.5,712.99,0.6621621621621622
359954,8,0.4799,0.7205,0.5405,30.0,770.11,0.6621621621621622
359954,9,0.4819,0.7326,0.5405,29.81,823.76,0.6621621621621622
359954,10,0.4823,0.7387,0.5405,30.7,897.48,0.6621621621621622
359954,11,0.4831,0.7432,0.5405,30.2,941.92,0.6621621621621622
359954,12,0.4856,0.7598,0.5541,29.87,989.2,0.6621621621621622
359954,13,0.4872,0.7659,0.5541,29.74,1034.46,0.6621621621621622
359954,14,0.4888,0.7734,0.5811,29.89,1091.12,0.6621621621621622
359954,15,0.4902,0.787,0.5946,30.17,1213.9,0.6621621621621622
359954,16,0.4923,0.8036,0.5946,30.26,1324.2,0.6621621621621622
359954,17,0.4945,0.8112,0.6081,30.19,1418.57,0.6621621621621622
359954,18,0.4951,0.8187,0.6081,29.94,1502.25,0.6621621621621622
359954,19,0.4968,0.8308,0.6081,29.49,1597.08,0.6621621621621622
359954,20,0.4973,0.8338,0.6081,29.32,1687.05,0.6621621621621622
359954,21,0.4978,0.8369,0.6081,29.35,1779.88,0.6621621621621622
359954,22,0.4985,0.8399,0.6351,29.48,1860.15,0.6621621621621622
359954,23,0.499,0.8444,0.6216,29.57,1959.89,0.6621621621621622
359954,24,0.5,0.8535,0.6351,29.49,2080.88,0.6621621621621622
359954,25,0.501,0.8625,0.6351,29.61,2201.01,0.6621621621621622
359954,26,0.5021,0.8701,0.6486,29.48,2300.67,0.6621621621621622
359954,27,0.5032,0.8731,0.6622,29.36,2384.58,0.6621621621621622
359954,28,0.5038,0.8807,0.6757,29.1,2462.73,0.6621621621621622
359954,29,0.5045,0.8897,0.6622,28.77,2514.28,0.6621621621621622
359954,30,0.5051,0.8988,0.6622,28.48,2572.69,0.6621621621621622
359954,31,0.5055,0.9018,0.6622,28.28,2617.68,0.6621621621621622
359954,32,0.506,0.9139,0.6622,27.92,2666.13,0.6621621621621622
359954,33,0.5068,0.9154,0.6622,27.71,2686.58,0.6621621621621622
359954,34,0.5073,0.9169,0.6622,27.48,2698.29,0.6621621621621622
359954,35,0.5076,0.9199,0.6622,27.28,2707.72,0.6621621621621622
359954,36,0.5081,0.9199,0.6622,26.99,2707.2,0.6621621621621622
359954,37,0.5085,0.9215,0.6622,26.73,2708.15,0.6621621621621622
359954,38,0.509,0.9215,0.6757,26.45,2712.26,0.6621621621621622
359954,39,0.5092,0.9275,0.6757,26.17,2708.97,0.6621621621621622
359954,40,0.5097,0.932,0.6757,25.92,2710.21,0.6621621621621622
359954,41,0.5102,0.935,0.6757,25.68,2713.66,0.6621621621621622
359954,42,0.5105,0.9366,0.6757,25.39,2707.74,0.6621621621621622
359954,43,0.511,0.9366,0.6757,25.07,2702.41,0.6621621621621622
359954,44,0.5112,0.9396,0.6757,24.9,2695.42,0.6621621621621622
359954,45,0.5115,0.9411,0.6757,24.63,2685.12,0.6621621621621622
359954,46,0.5117,0.9441,0.6757,24.43,2676.44,0.6621621621621622
359954,47,0.5119,0.9471,0.6757,24.18,2666.83,0.6621621621621622
359954,48,0.5121,0.9456,0.6757,23.93,2658.61,0.6621621621621622
359954,49,0.5124,0.9456,0.6757,23.65,2646.53,0.6621621621621622
168784,0,0.6111,0.7583,0.7385,5.11,207.11,0.8256410256410256
168784,1,0.6111,0.7583,0.7385,5.11,207.11,0.8256410256410256
168784,2,0.6248,0.7795,0.7538,7.93,546.33,0.8256410256410256
168784,3,0.6323,0.8007,0.759,9.42,712.63,0.8256410256410256
168784,4,0.6357,0.8139,0.7487,9.57,778.51,0.8256410256410256
168784,5,0.6391,0.8219,0.7487,9.85,786.61,0.8256410256410256
168784,6,0.6413,0.8288,0.7487,9.49,789.53,0.8256410256410256
168784,7,0.6437,0.8396,0.7538,9.56,792.55,0.8256410256410256
168784,8,0.645,0.8414,0.7487,9.73,826.57,0.8256410256410256
168784,9,0.6469,0.8482,0.7487,9.51,868.3,0.8256410256410256
168784,10,0.6483,0.8551,0.759,9.44,902.8,0.8256410256410256
168784,11,0.6498,0.8597,0.7641,9.01,912.56,0.8256410256410256
168784,12,0.6509,0.8625,0.759,8.5,950.3,0.8256410256410256
168784,13,0.652,0.8671,0.7641,8.09,964.65,0.8256410256410256
168784,14,0.6531,0.8694,0.7641,7.64,986.43,0.8256410256410256
168784,15,0.654,0.874,0.7641,7.27,1081.56,0.8256410256410256
168784,16,0.6545,0.8774,0.7641,6.99,1206.52,0.8256410256410256
168784,17,0.655,0.8809,0.759,6.77,1361.17,0.8256410256410256
168784,18,0.6555,0.8843,0.759,6.62,1534.56,0.8256410256410256
168784,19,0.6562,0.8912,0.759,6.44,1668.05,0.8256410256410256
168784,20,0.6566,0.8946,0.7692,6.29,1839.06,0.8256410256410256
168784,21,0.6569,0.9003,0.7641,6.19,2024.55,0.8256410256410256
168784,22,0.6571,0.9026,0.7744,6.16,2180.31,0.8256410256410256
168784,23,0.6572,0.9089,0.7744,6.15,2316.28,0.8256410256410256
168784,24,0.6574,0.9124,0.7692,6.21,2438.31,0.8256410256410256
168784,25,0.6576,0.9164,0.7692,6.27,2574.55,0.8256410256410256
168784,26,0.6576,0.9187,0.7692,6.35,2729.09,0.8256410256410256
168784,27,0.6577,0.9204,0.7692,6.36,2865.16,0.8256410256410256
168784,28,0.6578,0.9221,0.7692,6.34,2993.58,0.8256410256410256
168784,29,0.658,0.9244,0.7744,6.25,3135.25,0.8256410256410256
168784,30,0.6581,0.9273,0.7795,6.18,3275.97,0.8256410256410256
168784,31,0.6582,0.929,0.7846,6.14,3415.2,0.8256410256410256
168784,32,0.6582,0.9318,0.7846,6.18,3582.04,0.8256410256410256
168784,33,0.6586,0.9353,0.7897,6.29,3731.23,0.8256410256410256
168784,34,0.6586,0.9399,0.7949,6.38,3907.13,0.8256410256410256
168784,35,0.6586,0.9427,0.7949,6.49,4104.7,0.8256410256410256
168784,36,0.6586,0.9462,0.7897,6.57,4312.52,0.8256410256410256
168784,37,0.6587,0.9507,0.7897,6.61,4495.07,0.8256410256410256
168784,38,0.6587,0.9525,0.7897,6.64,4658.12,0.8256410256410256
168784,39,0.6589,0.957,0.7949,6.62,4853.14,0.8256410256410256
168784,40,0.659,0.9605,0.7897,6.59,5037.25,0.8256410256410256
168784,41,0.6592,0.9616,0.7846,6.57,5180.18,0.8256410256410256
168784,42,0.6592,0.9651,0.7846,6.54,5332.83,0.8256410256410256
168784,43,0.6592,0.9679,0.7846,6.6,5486.06,0.8256410256410256
168784,44,0.6593,0.9691,0.7846,6.64,5614.39,0.8256410256410256
168784,45,0.6594,0.9714,0.7846,6.65,5733.63,0.8256410256410256
168784,46,0.6594,0.9725,0.7846,6.67,5844.31,0.8256410256410256
168784,47,0.6595,0.9748,0.7846,6.74,5951.81,0.8256410256410256
168784,48,0.6595,0.9759,0.7897,6.87,6064.03,0.8256410256410256
168784,49,0.6594,0.9759,0.7897,6.92,6158.29,0.8256410256410256
2073,0,0.4693,0.5768,0.5906,11.8,115.96,0.7181208053691275
2073,1,0.4693,0.5768,0.5906,11.8,115.96,0.7181208053691275
2073,2,0.4791,0.597,0.5906,16.51,272.69,0.7181208053691275
2073,3,0.4925,0.6165,0.6174,24.97,525.41,0.7181208053691275
2073,4,0.4986,0.6292,0.6174,27.77,604.67,0.7181208053691275
2073,5,0.5035,0.6397,0.6376,28.41,642.45,0.7181208053691275
2073,6,0.5077,0.6532,0.6376,27.94,652.25,0.7181208053691275
2073,7,0.511,0.6569,0.651,27.58,636.85,0.7181208053691275
2073,8,0.5128,0.6614,0.6577,27.0,654.94,0.7181208053691275
2073,9,0.5143,0.6652,0.6577,26.58,681.5,0.7181208053691275
2073,10,0.516,0.6719,0.6577,26.07,732.05,0.7181208053691275
2073,11,0.5184,0.6779,0.6644,26.22,817.65,0.7181208053691275
2073,12,0.5189,0.6816,0.6644,25.84,866.68,0.7181208053691275
2073,13,0.5199,0.6824,0.6644,25.66,919.45,0.7181208053691275
2073,14,0.5205,0.6899,0.6644,25.06,943.15,0.7181208053691275
2073,15,0.5211,0.6929,0.6644,24.76,989.62,0.7181208053691275
2073,16,0.5211,0.6959,0.6644,24.76,1095.11,0.7181208053691275
2073,17,0.5209,0.6989,0.6711,24.74,1275.99,0.7181208053691275
2073,18,0.5203,0.7071,0.6711,25.21,1537.39,0.7181208053691275
2073,19,0.5202,0.7124,0.6711,25.33,1827.25,0.7181208053691275
2073,20,0.5197,0.7154,0.6711,25.69,2136.23,0.7181208053691275
2073,21,0.5194,0.7169,0.6779,25.83,2363.68,0.7181208053691275
2073,22,0.5196,0.7243,0.6779,26.23,2601.87,0.7181208053691275
2073,23,0.5195,0.7258,0.6779,26.23,2781.35,0.7181208053691275
2073,24,0.5194,0.7288,0.6779,26.16,2962.9,0.7181208053691275
2073,25,0.5194,0.7326,0.6846,26.16,3194.04,0.7181208053691275
2073,26,0.5187,0.7371,0.6846,26.29,3562.39,0.7181208053691275
2073,27,0.5183,0.7408,0.6846,26.22,3910.6,0.7181208053691275
2073,28,0.518,0.7446,0.6913,26.24,4268.0,0.7181208053691275
2073,29,0.5177,0.7506,0.6913,26.4,4598.42,0.7181208053691275
2073,30,0.5172,0.7551,0.6913,26.25,4877.39,0.7181208053691275
2073,31,0.5167,0.7573,0.6913,26.46,5143.79,0.7181208053691275
2073,32,0.5164,0.7596,0.6913,26.44,5399.46,0.7181208053691275
2073,33,0.5162,0.7603,0.6913,26.34,5588.69,0.7181208053691275
2073,34,0.516,0.764,0.6913,26.27,5856.76,0.7181208053691275
2073,35,0.5153,0.7685,0.698,26.35,6174.05,0.7181208053691275
2073,36,0.515,0.7738,0.698,26.38,6496.0,0.7181208053691275
2073,37,0.5146,0.7775,0.698,26.52,6914.13,0.7181208053691275
2073,38,0.5145,0.7835,0.698,26.64,7336.68,0.7181208053691275
2073,39,0.5143,0.785,0.698,26.77,7700.63,0.7181208053691275
2073,40,0.5139,0.7903,0.698,27.0,8090.96,0.7181208053691275
2073,41,0.5135,0.7955,0.698,27.11,8512.73,0.7181208053691275
2073,42,0.5133,0.7993,0.698,27.2,8980.7,0.7181208053691275
2073,43,0.513,0.8045,0.698,27.36,9412.83,0.7181208053691275
2073,44,0.5126,0.8075,0.698,27.37,9812.96,0.7181208053691275
2073,45,0.5123,0.8142,0.698,27.36,10244.27,0.7181208053691275
2073,46,0.5121,0.8157,0.698,27.52,10568.48,0.7181208053691275
2073,47,0.512,0.8165,0.698,27.48,10847.67,0.7181208053691275
2073,48,0.5119,0.8195,0.698,27.49,11124.74,0.7181208053691275
2073,49,0.5119,0.827,0.698,27.31,11364.2,0.7181208053691275
190146,0,0.6362,0.8029,0.7176,5.03,149.65,0.7647058823529411
190146,1,0.6362,0.8029,0.7176,5.03,149.65,0.7647058823529411
190146,2,0.6475,0.8844,0.7412,10.89,453.88,0.7647058823529411
190146,3,0.6537,0.9277,0.7294,11.34,551.83,0.7647058823529411
190146,4,0.6561,0.9422,0.7294,10.57,539.95,0.7647058823529411
190146,5,0.6584,0.9501,0.7294,9.95,544.53,0.7647058823529411
190146,6,0.6602,0.9566,0.7294,9.85,554.19,0.7647058823529411
190146,7,0.6614,0.9645,0.7294,9.58,576.45,0.7647058823529411
190146,8,0.6616,0.9671,0.7412,9.27,597.39,0.7647058823529411
190146,9,0.662,0.9698,0.7412,9.01,595.29,0.7647058823529411
190146,10,0.662,0.9737,0.7294,8.92,585.16,0.7647058823529411
190146,11,0.6625,0.9737,0.7176,8.86,573.13,0.7647058823529411
190146,12,0.6634,0.9777,0.7176,8.8,578.91,0.7647058823529411
190146,13,0.6635,0.979,0.7176,8.58,589.59,0.7647058823529411
190146,14,0.664,0.9803,0.7176,8.54,604.88,0.7647058823529411
190146,15,0.6648,0.9842,0.7294,8.44,617.67,0.7647058823529411
190146,16,0.6653,0.9869,0.7294,8.25,624.59,0.7647058823529411
190146,17,0.6657,0.9882,0.7176,8.19,628.04,0.7647058823529411
190146,18,0.6661,0.9895,0.7294,8.13,634.46,0.7647058823529411
190146,19,0.6668,0.9908,0.7294,8.07,648.0,0.7647058823529411
190146,20,0.6668,0.9921,0.7294,8.12,666.56,0.7647058823529411
190146,21,0.6671,0.9934,0.7176,8.13,680.97,0.7647058823529411
190146,22,0.6674,0.9947,0.7176,8.2,691.6,0.7647058823529411
190146,23,0.6679,0.9974,0.7294,8.15,703.03,0.7647058823529411
190146,24,0.6685,0.9974,0.7294,8.06,718.26,0.7647058823529411
190146,25,0.6689,0.9974,0.7294,7.93,730.91,0.7647058823529411
190146,26,0.6693,0.9974,0.7294,7.87,740.69,0.7647058823529411
190146,27,0.6694,0.9974,0.7294,7.81,746.83,0.7647058823529411
190146,28,0.6696,0.9974,0.7294,7.7,750.66,0.7647058823529411
190146,29,0.6696,0.9974,0.7294,7.6,755.62,0.7647058823529411
190146,30,0.6698,0.9974,0.7294,7.52,757.23,0.7647058823529411
190146,31,0.6701,0.9974,0.7294,7.44,757.49,0.7647058823529411
190146,32,0.6702,0.9974,0.7294,7.39,754.58,0.7647058823529411
190146,33,0.6702,0.9974,0.7294,7.29,749.93,0.7647058823529411
190146,34,0.6704,0.9974,0.7294,7.28,746.15,0.7647058823529411
190146,35,0.6703,0.9974,0.7294,7.28,743.22,0.7647058823529411
190146,36,0.6705,0.9974,0.7294,7.33,739.25,0.7647058823529411
190146,37,0.6704,0.9974,0.7294,7.31,733.91,0.7647058823529411
190146,38,0.6706,0.9974,0.7294,7.29,727.55,0.7647058823529411
190146,39,0.6706,0.9974,0.7294,7.22,721.48,0.7647058823529411
190146,40,0.6707,0.9974,0.7294,7.17,716.58,0.7647058823529411
190146,41,0.671,0.9974,0.7412,7.12,709.94,0.7647058823529411
190146,42,0.671,0.9974,0.7412,7.1,706.73,0.7647058823529411
190146,43,0.6711,0.9974,0.7412,7.04,700.21,0.7647058823529411
190146,44,0.671,0.9974,0.7412,6.99,696.8,0.7647058823529411
190146,45,0.671,0.9974,0.7412,6.91,691.43,0.7647058823529411
190146,46,0.6711,0.9974,0.7412,6.85,684.41,0.7647058823529411
190146,47,0.6711,0.9987,0.7412,6.79,678.54,0.7647058823529411
190146,48,0.6711,0.9987,0.7294,6.74,673.82,0.7647058823529411
190146,49,0.6711,0.9987,0.7294,6.69,668.68,0.7647058823529411
168784,0,0.6143,0.7245,0.7282,4.95,178.92,0.8153846153846154
168784,1,0.6143,0.7245,0.7282,4.95,178.92,0.8153846153846154
168784,2,0.6239,0.7669,0.7385,9.19,885.55,0.8153846153846154
168784,3,0.6342,0.8087,0.7436,13.66,1930.37,0.8153846153846154
168784,4,0.6384,0.8351,0.759,14.69,2301.56,0.8153846153846154
168784,5,0.6424,0.8494,0.759,14.33,2268.42,0.8153846153846154
168784,6,0.6451,0.858,0.7641,14.08,2273.12,0.8153846153846154
168784,7,0.6467,0.8688,0.759,13.53,2271.02,0.8153846153846154
168784,8,0.648,0.8792,0.7641,13.28,2332.97,0.8153846153846154
168784,9,0.6487,0.8855,0.7641,13.09,2455.99,0.8153846153846154
168784,10,0.6494,0.8912,0.7538,12.96,2534.6,0.8153846153846154
168784,11,0.6501,0.8952,0.7641,12.59,2564.52,0.8153846153846154
168784,12,0.6512,0.9003,0.7692,12.26,2613.11,0.8153846153846154
168784,13,0.6518,0.9044,0.7692,12.06,2641.37,0.8153846153846154
168784,14,0.6522,0.9112,0.7744,12.01,2644.21,0.8153846153846154
168784,15,0.6526,0.9158,0.7692,11.86,2712.61,0.8153846153846154
168784,16,0.653,0.921,0.7692,11.64,2743.68,0.8153846153846154
168784,17,0.6536,0.925,0.7692,11.5,2763.69,0.8153846153846154
168784,18,0.6539,0.9296,0.7692,11.43,2844.54,0.8153846153846154
168784,19,0.6541,0.933,0.7744,11.27,3047.87,0.8153846153846154
168784,20,0.6545,0.9416,0.7744,11.2,3260.48,0.8153846153846154
168784,21,0.6546,0.945,0.7744,11.13,3458.99,0.8153846153846154
168784,22,0.6546,0.9485,0.7795,11.07,3636.6,0.8153846153846154
168784,23,0.6547,0.9519,0.7795,11.11,3772.51,0.8153846153846154
168784,24,0.6549,0.9548,0.7795,11.0,3861.2,0.8153846153846154
168784,25,0.6549,0.9565,0.7795,10.93,3952.02,0.8153846153846154
168784,26,0.6549,0.9599,0.7795,10.91,4010.9,0.8153846153846154
168784,27,0.6551,0.9633,0.7795,10.87,4082.73,0.8153846153846154
168784,28,0.655,0.9662,0.7795,10.69,4145.27,0.8153846153846154
168784,29,0.6553,0.9685,0.7795,10.58,4202.57,0.8153846153846154
168784,30,0.6556,0.9714,0.7795,10.59,4340.92,0.8153846153846154
168784,31,0.656,0.9737,0.7795,10.63,4490.26,0.8153846153846154
168784,32,0.6562,0.9765,0.7795,10.69,4647.24,0.8153846153846154
168784,33,0.6564,0.9794,0.7795,10.64,4773.22,0.8153846153846154
168784,34,0.6565,0.9805,0.7795,10.58,4907.71,0.8153846153846154
168784,35,0.6565,0.9822,0.7795,10.62,5009.08,0.8153846153846154
168784,36,0.6565,0.9851,0.7846,10.59,5102.45,0.8153846153846154
168784,37,0.6567,0.9874,0.7846,10.54,5190.26,0.8153846153846154
168784,38,0.6567,0.988,0.7846,10.47,5268.38,0.8153846153846154
168784,39,0.6567,0.9891,0.7897,10.42,5338.15,0.8153846153846154
168784,40,0.6567,0.9908,0.7897,10.34,5393.38,0.8153846153846154
168784,41,0.6568,0.9914,0.7846,10.28,5433.37,0.8153846153846154
168784,42,0.6567,0.992,0.7846,10.25,5456.98,0.8153846153846154
168784,43,0.6567,0.9926,0.7897,10.16,5464.93,0.8153846153846154
168784,44,0.6569,0.9937,0.7949,10.1,5473.9,0.8153846153846154
168784,45,0.6569,0.9937,0.7949,10.01,5491.28,0.8153846153846154
168784,46,0.657,0.9943,0.7949,9.9,5495.92,0.8153846153846154
168784,47,0.6571,0.9948,0.7949,9.79,5496.69,0.8153846153846154
168784,48,0.6571,0.9954,0.7949,9.73,5487.92,0.8153846153846154
168784,49,0.6571,0.9954,0.7949,9.65,5478.3,0.8153846153846154
168784,0,0.6231,0.7451,0.7692,4.05,248.63,0.8153846153846154
168784,1,0.6231,0.7451,0.7692,4.05,248.63,0.8153846153846154
168784,2,0.6347,0.7875,0.7641,9.01,774.8,0.8153846153846154
168784,3,0.6413,0.815,0.759,11.3,1184.44,0.8153846153846154
168784,4,0.6445,0.8345,0.7744,11.73,1397.21,0.8153846153846154
168784,5,0.6461,0.8454,0.7744,11.8,1615.51,0.8153846153846154
168784,6,0.6481,0.8534,0.7795,12.11,1831.41,0.8153846153846154
168784,7,0.6489,0.8648,0.7846,12.04,1970.57,0.8153846153846154
168784,8,0.6498,0.8723,0.7744,11.88,2056.5,0.8153846153846154
168784,9,0.6508,0.8774,0.7641,11.81,2092.54,0.8153846153846154
168784,10,0.6519,0.8843,0.7692,11.89,2158.15,0.8153846153846154
168784,11,0.6526,0.89,0.7692,11.74,2201.6,0.8153846153846154
168784,12,0.6529,0.8981,0.7692,11.54,2227.23,0.8153846153846154
168784,13,0.6539,0.9038,0.7692,11.19,2255.73,0.8153846153846154
168784,14,0.654,0.9101,0.7744,11.07,2298.65,0.8153846153846154
168784,15,0.6546,0.9141,0.7744,11.02,2361.11,0.8153846153846154
168784,16,0.6546,0.9187,0.7744,10.95,2472.54,0.8153846153846154
168784,17,0.6554,0.9233,0.7744,10.82,2610.3,0.8153846153846154
168784,18,0.6557,0.9273,0.7795,10.69,2722.12,0.8153846153846154
168784,19,0.6561,0.9341,0.7795,10.75,2849.15,0.8153846153846154
168784,20,0.6566,0.9381,0.7795,10.58,2932.52,0.8153846153846154
168784,21,0.6569,0.941,0.7897,10.47,3104.64,0.8153846153846154
168784,22,0.6571,0.9427,0.7846,10.51,3280.03,0.8153846153846154
168784,23,0.6573,0.9473,0.7897,10.51,3476.68,0.8153846153846154
168784,24,0.6576,0.9473,0.7949,10.54,3611.61,0.8153846153846154
168784,25,0.6578,0.9548,0.7949,10.53,3725.5,0.8153846153846154
168784,26,0.6579,0.9582,0.7949,10.45,3826.04,0.8153846153846154
168784,27,0.6581,0.9611,0.7949,10.35,3938.66,0.8153846153846154
168784,28,0.6583,0.9639,0.7949,10.3,4058.05,0.8153846153846154
168784,29,0.6583,0.9656,0.7897,10.23,4197.77,0.8153846153846154
168784,30,0.6583,0.9662,0.7897,10.21,4291.39,0.8153846153846154
168784,31,0.6583,0.9696,0.7897,10.19,4370.11,0.8153846153846154
168784,32,0.6582,0.9708,0.7897,10.16,4515.7,0.8153846153846154
168784,33,0.6583,0.9725,0.7949,10.13,4658.89,0.8153846153846154
168784,34,0.6584,0.9737,0.7949,10.11,4755.85,0.8153846153846154
168784,35,0.6584,0.9748,0.7949,10.13,4854.89,0.8153846153846154
168784,36,0.6584,0.9759,0.7949,10.06,4942.65,0.8153846153846154
168784,37,0.6583,0.9777,0.7949,10.0,5026.53,0.8153846153846154
168784,38,0.6585,0.9788,0.7949,9.99,5086.74,0.8153846153846154
168784,39,0.6587,0.9794,0.7949,9.96,5152.22,0.8153846153846154
168784,40,0.6588,0.98,0.7949,9.98,5214.36,0.8153846153846154
168784,41,0.659,0.9811,0.7949,9.96,5264.7,0.8153846153846154
168784,42,0.6591,0.9817,0.7897,9.96,5302.21,0.8153846153846154
168784,43,0.659,0.9817,0.7897,9.98,5329.4,0.8153846153846154
168784,44,0.6591,0.9828,0.7897,9.92,5334.2,0.8153846153846154
168784,45,0.659,0.9834,0.7897,9.85,5358.49,0.8153846153846154
168784,46,0.6592,0.9851,0.7897,9.78,5373.58,0.8153846153846154
168784,47,0.6592,0.9851,0.7897,9.74,5385.86,0.8153846153846154
168784,48,0.6593,0.9851,0.7897,9.68,5399.47,0.8153846153846154
168784,49,0.6592,0.9845,0.7897,9.59,5402.59,0.8153846153846154
359954,0,0.4604,0.6269,0.5405,11.76,162.86,0.6756756756756757
359954,1,0.4604,0.6269,0.5405,11.76,162.86,0.6756756756756757
359954,2,0.4725,0.6722,0.527,17.35,419.38,0.6756756756756757
359954,3,0.4765,0.7009,0.5405,22.68,701.42,0.6756756756756757
359954,4,0.485,0.7568,0.5946,26.11,899.04,0.6756756756756757
359954,5,0.4912,0.784,0.6081,26.81,952.54,0.6756756756756757
359954,6,0.4964,0.8036,0.6351,26.39,967.7,0.6756756756756757
359954,7,0.5007,0.8097,0.6486,25.49,964.82,0.6756756756756757
359954,8,0.5047,0.8308,0.6486,23.99,958.21,0.6756756756756757
359954,9,0.5068,0.8474,0.6486,22.99,975.23,0.6756756756756757
359954,10,0.5082,0.861,0.6351,21.84,985.0,0.6756756756756757
359954,11,0.51,0.8686,0.6351,20.9,988.4,0.6756756756756757
359954,12,0.5109,0.8701,0.6486,20.27,1004.36,0.6756756756756757
359954,13,0.5115,0.8807,0.6622,19.84,1048.58,0.6756756756756757
359954,14,0.5134,0.8867,0.6622,19.21,1094.08,0.6756756756756757
359954,15,0.5143,0.8958,0.6622,19.0,1180.96,0.6756756756756757
359954,16,0.5147,0.9048,0.6622,18.96,1300.18,0.6756756756756757
359954,17,0.5152,0.9079,0.6622,19.12,1422.05,0.6756756756756757
359954,18,0.5158,0.9094,0.6622,19.12,1514.58,0.6756756756756757
359954,19,0.5164,0.9139,0.6622,19.06,1596.52,0.6756756756756757
359954,20,0.5172,0.9215,0.6622,18.98,1650.15,0.6756756756756757
359954,21,0.5176,0.932,0.6622,18.88,1738.65,0.6756756756756757
359954,22,0.5178,0.9411,0.6622,18.85,1816.26,0.6756756756756757
359954,23,0.5187,0.9471,0.6757,18.74,1880.67,0.6756756756756757
359954,24,0.5192,0.9502,0.6757,18.45,1952.97,0.6756756756756757
359954,25,0.5197,0.9547,0.6757,18.37,2006.73,0.6756756756756757
359954,26,0.5202,0.9562,0.6757,18.15,2055.18,0.6756756756756757
359954,27,0.5204,0.9607,0.6757,18.05,2103.19,0.6756756756756757
359954,28,0.5206,0.9637,0.6757,17.87,2128.11,0.6756756756756757
359954,29,0.5209,0.9668,0.6757,17.66,2155.79,0.6756756756756757
359954,30,0.5212,0.9668,0.6757,17.67,2164.51,0.6756756756756757
359954,31,0.5214,0.9668,0.6757,17.51,2169.04,0.6756756756756757
359954,32,0.5216,0.9713,0.6757,17.37,2178.17,0.6756756756756757
359954,33,0.5216,0.9713,0.6757,17.21,2182.14,0.6756756756756757
359954,34,0.522,0.9728,0.6757,16.97,2177.96,0.6756756756756757
359954,35,0.5222,0.9743,0.6757,16.88,2171.48,0.6756756756756757
359954,36,0.5223,0.9743,0.6757,16.67,2167.0,0.6756756756756757
359954,37,0.5225,0.9743,0.6622,16.5,2151.89,0.6756756756756757
359954,38,0.5225,0.9743,0.6622,16.24,2134.68,0.6756756756756757
359954,39,0.5227,0.9758,0.6622,15.99,2122.67,0.6756756756756757
359954,40,0.523,0.9773,0.6622,15.87,2113.81,0.6756756756756757
359954,41,0.5231,0.9773,0.6622,15.69,2103.75,0.6756756756756757
359954,42,0.5234,0.9773,0.6622,15.46,2093.01,0.6756756756756757
359954,43,0.5236,0.9773,0.6622,15.29,2075.57,0.6756756756756757
359954,44,0.524,0.9789,0.6622,15.18,2058.05,0.6756756756756757
359954,45,0.5242,0.9789,0.6622,15.02,2038.08,0.6756756756756757
359954,46,0.5244,0.9789,0.6622,14.87,2016.84,0.6756756756756757
359954,47,0.5247,0.9789,0.6622,14.76,1996.91,0.6756756756756757
359954,48,0.5247,0.9789,0.6622,14.64,1977.44,0.6756756756756757
359954,49,0.5247,0.9804,0.6622,14.55,1959.67,0.6756756756756757
168784,0,0.6208,0.7365,0.7385,4.97,164.54,0.8205128205128205
168784,1,0.6208,0.7365,0.7385,4.97,164.54,0.8205128205128205
168784,2,0.6328,0.7761,0.7487,7.16,407.38,0.8205128205128205
168784,3,0.6392,0.7921,0.7641,8.17,518.06,0.8205128205128205
168784,4,0.6427,0.8024,0.7744,7.91,496.22,0.8205128205128205
168784,5,0.6457,0.8053,0.7744,7.5,463.95,0.8205128205128205
168784,6,0.6472,0.8093,0.7744,7.14,432.93,0.8205128205128205
168784,7,0.6471,0.8116,0.7692,6.76,411.15,0.8205128205128205
168784,8,0.6491,0.8162,0.7744,6.54,408.86,0.8205128205128205
168784,9,0.6502,0.8219,0.7795,6.37,426.65,0.8205128205128205
168784,10,0.6515,0.8253,0.7795,6.19,436.84,0.8205128205128205
168784,11,0.6524,0.8305,0.7744,6.11,455.45,0.8205128205128205
168784,12,0.6532,0.8328,0.7641,6.02,477.98,0.8205128205128205
168784,13,0.6534,0.8373,0.7692,5.91,502.23,0.8205128205128205
168784,14,0.6535,0.8391,0.7692,5.94,562.58,0.8205128205128205
168784,15,0.6534,0.8431,0.7692,6.11,686.63,0.8205128205128205
168784,16,0.6535,0.8488,0.7692,6.31,862.02,0.8205128205128205
168784,17,0.6537,0.854,0.7744,6.49,1045.13,0.8205128205128205
168784,18,0.6537,0.858,0.7744,6.78,1216.58,0.8205128205128205
168784,19,0.6539,0.862,0.7744,7.02,1395.17,0.8205128205128205
168784,20,0.6538,0.8637,0.7744,7.29,1592.19,0.8205128205128205
168784,21,0.6543,0.8677,0.7744,7.46,1816.72,0.8205128205128205
168784,22,0.6547,0.8729,0.7744,7.68,2029.24,0.8205128205128205
168784,23,0.6549,0.8763,0.7692,7.84,2288.08,0.8205128205128205
168784,24,0.6551,0.8814,0.7744,7.97,2581.02,0.8205128205128205
168784,25,0.6551,0.8866,0.7692,8.23,2838.32,0.8205128205128205
168784,26,0.6552,0.89,0.7692,8.47,3067.99,0.8205128205128205
168784,27,0.655,0.8958,0.7744,8.63,3280.29,0.8205128205128205
168784,28,0.6554,0.9044,0.7795,8.67,3470.13,0.8205128205128205
168784,29,0.6555,0.9084,0.7846,8.67,3674.39,0.8205128205128205
168784,30,0.6557,0.9118,0.7846,8.66,3848.13,0.8205128205128205
168784,31,0.6558,0.9164,0.7846,8.62,4036.39,0.8205128205128205
168784,32,0.656,0.9204,0.7846,8.79,4191.93,0.8205128205128205
168784,33,0.6561,0.9227,0.7846,8.91,4373.36,0.8205128205128205
168784,34,0.6564,0.9244,0.7846,8.93,4521.45,0.8205128205128205
168784,35,0.6566,0.9267,0.7897,9.07,4660.5,0.8205128205128205
168784,36,0.6568,0.9278,0.7897,9.21,4834.8,0.8205128205128205
168784,37,0.657,0.9313,0.7897,9.39,5029.97,0.8205128205128205
168784,38,0.6571,0.9359,0.7897,9.58,5209.93,0.8205128205128205
168784,39,0.6572,0.9393,0.7897,9.73,5442.72,0.8205128205128205
168784,40,0.6574,0.945,0.7897,9.85,5693.98,0.8205128205128205
168784,41,0.6575,0.9479,0.7897,9.95,5925.19,0.8205128205128205
168784,42,0.6577,0.9513,0.7897,10.06,6137.46,0.8205128205128205
168784,43,0.6577,0.9542,0.7897,10.09,6334.43,0.8205128205128205
168784,44,0.6577,0.9565,0.7949,10.18,6527.94,0.8205128205128205
168784,45,0.6578,0.9605,0.7949,10.18,6681.76,0.8205128205128205
168784,46,0.658,0.9622,0.7949,10.19,6799.29,0.8205128205128205
168784,47,0.6581,0.9622,0.7949,10.15,6904.51,0.8205128205128205
168784,48,0.6582,0.9674,0.7949,10.1,7010.36,0.8205128205128205
168784,49,0.6583,0.9691,0.7949,10.08,7109.73,0.8205128205128205
168784,0,0.6186,0.7486,0.7333,3.08,87.48,0.8205128205128205
168784,1,0.6186,0.7486,0.7333,3.08,87.48,0.8205128205128205
168784,2,0.6278,0.7709,0.7385,5.24,202.67,0.8205128205128205
168784,3,0.6353,0.7818,0.7436,6.11,275.59,0.8205128205128205
168784,4,0.6398,0.7961,0.7538,6.42,318.31,0.8205128205128205
168784,5,0.6427,0.8007,0.7641,6.45,332.38,0.8205128205128205
168784,6,0.6456,0.8081,0.7692,6.24,331.94,0.8205128205128205
168784,7,0.6471,0.8127,0.7744,6.08,334.2,0.8205128205128205
168784,8,0.6484,0.8213,0.7692,6.02,368.54,0.8205128205128205
168784,9,0.6497,0.8265,0.7641,6.01,407.26,0.8205128205128205
168784,10,0.65,0.8322,0.759,6.22,447.95,0.8205128205128205
168784,11,0.6505,0.8322,0.7641,6.17,489.14,0.8205128205128205
168784,12,0.651,0.8368,0.7641,6.06,530.19,0.8205128205128205
168784,13,0.6518,0.8402,0.759,5.98,566.35,0.8205128205128205
168784,14,0.6527,0.8414,0.7641,6.04,608.88,0.8205128205128205
168784,15,0.6531,0.8465,0.759,6.11,644.12,0.8205128205128205
168784,16,0.6535,0.8505,0.7641,6.25,686.58,0.8205128205128205
168784,17,0.6535,0.854,0.7641,6.37,727.75,0.8205128205128205
168784,18,0.654,0.8551,0.7641,6.36,774.25,0.8205128205128205
168784,19,0.6543,0.8585,0.7641,6.47,842.64,0.8205128205128205
168784,20,0.6547,0.8608,0.7641,6.72,940.08,0.8205128205128205
168784,21,0.6546,0.8637,0.7641,6.75,1048.21,0.8205128205128205
168784,22,0.655,0.8706,0.7641,6.79,1160.81,0.8205128205128205
168784,23,0.6555,0.8706,0.7641,6.98,1254.13,0.8205128205128205
168784,24,0.6556,0.8746,0.7692,7.22,1400.49,0.8205128205128205
168784,25,0.6557,0.878,0.7692,7.37,1560.27,0.8205128205128205
168784,26,0.6559,0.8803,0.7692,7.51,1741.74,0.8205128205128205
168784,27,0.656,0.8855,0.7692,7.71,1956.57,0.8205128205128205
168784,28,0.6561,0.89,0.7641,7.82,2209.73,0.8205128205128205
168784,29,0.6563,0.8923,0.7641,7.99,2454.67,0.8205128205128205
168784,30,0.6564,0.8975,0.7744,8.19,2735.48,0.8205128205128205
168784,31,0.6565,0.9032,0.7795,8.36,3012.57,0.8205128205128205
168784,32,0.6567,0.9072,0.7795,8.58,3315.87,0.8205128205128205
168784,33,0.6566,0.9095,0.7795,8.77,3642.96,0.8205128205128205
168784,34,0.6567,0.9118,0.7744,8.95,3974.57,0.8205128205128205
168784,35,0.6568,0.9158,0.7744,9.19,4298.73,0.8205128205128205
168784,36,0.6568,0.9181,0.7744,9.37,4591.9,0.8205128205128205
168784,37,0.657,0.9233,0.7744,9.5,4867.49,0.8205128205128205
168784,38,0.6571,0.929,0.7744,9.57,5109.27,0.8205128205128205
168784,39,0.6572,0.933,0.7744,9.68,5352.02,0.8205128205128205
168784,40,0.6571,0.9364,0.7744,9.83,5592.31,0.8205128205128205
168784,41,0.6571,0.9387,0.7795,9.97,5817.01,0.8205128205128205
168784,42,0.6571,0.9427,0.7795,10.07,6042.8,0.8205128205128205
168784,43,0.6572,0.9433,0.7795,10.19,6271.51,0.8205128205128205
168784,44,0.6573,0.9479,0.7795,10.41,6464.42,0.8205128205128205
168784,45,0.6573,0.9519,0.7795,10.62,6646.8,0.8205128205128205
168784,46,0.6573,0.9542,0.7795,10.72,6789.32,0.8205128205128205
168784,47,0.6573,0.9588,0.7795,10.78,6931.58,0.8205128205128205
168784,48,0.6573,0.9628,0.7795,10.82,7079.22,0.8205128205128205
168784,49,0.6572,0.9645,0.7795,10.87,7220.43,0.8205128205128205
2073,0,0.4726,0.5798,0.5772,11.92,87.17,0.7181208053691275
2073,1,0.4726,0.5798,0.5772,11.92,87.17,0.7181208053691275
2073,2,0.4818,0.6,0.5973,15.01,131.01,0.7181208053691275
2073,3,0.492,0.6157,0.6376,17.38,181.22,0.7181208053691275
2073,4,0.5005,0.6217,0.6309,19.44,218.17,0.7181208053691275
2073,5,0.5073,0.6315,0.6376,20.65,236.91,0.7181208053691275
2073,6,0.5112,0.6382,0.6577,22.25,300.01,0.7181208053691275
2073,7,0.5148,0.6449,0.6577,22.74,382.78,0.7181208053691275
2073,8,0.5166,0.6487,0.651,23.01,472.74,0.7181208053691275
2073,9,0.5179,0.6569,0.651,22.83,525.84,0.7181208053691275
2073,10,0.5187,0.6607,0.651,22.94,591.75,0.7181208053691275
2073,11,0.5198,0.6614,0.651,23.23,655.81,0.7181208053691275
2073,12,0.5203,0.6697,0.651,23.17,706.69,0.7181208053691275
2073,13,0.5201,0.6742,0.651,23.45,747.55,0.7181208053691275
2073,14,0.5203,0.6787,0.651,23.27,781.17,0.7181208053691275
2073,15,0.521,0.6824,0.651,23.27,836.31,0.7181208053691275
2073,16,0.5211,0.6854,0.6577,23.45,952.89,0.7181208053691275
2073,17,0.5211,0.6876,0.651,23.73,1082.99,0.7181208053691275
2073,18,0.521,0.6929,0.651,23.78,1244.47,0.7181208053691275
2073,19,0.5205,0.6951,0.6644,23.83,1414.98,0.7181208053691275
2073,20,0.5191,0.6989,0.6577,24.8,1665.21,0.7181208053691275
2073,21,0.5183,0.7019,0.6644,25.24,1982.13,0.7181208053691275
2073,22,0.5173,0.7086,0.6779,26.09,2550.78,0.7181208053691275
2073,23,0.5166,0.7131,0.6779,26.76,3074.38,0.7181208053691275
2073,24,0.5161,0.7184,0.6711,27.23,3680.92,0.7181208053691275
2073,25,0.5154,0.7221,0.6779,27.35,4266.31,0.7181208053691275
2073,26,0.5151,0.7258,0.6846,27.48,4834.31,0.7181208053691275
2073,27,0.5151,0.7288,0.6846,27.72,5422.42,0.7181208053691275
2073,28,0.5148,0.7348,0.6846,27.95,6022.92,0.7181208053691275
2073,29,0.5143,0.7438,0.6846,28.61,6833.78,0.7181208053691275
2073,30,0.514,0.7513,0.6913,29.04,7706.29,0.7181208053691275
2073,31,0.5138,0.7596,0.698,29.29,8600.8,0.7181208053691275
2073,32,0.5134,0.7663,0.698,29.53,9574.38,0.7181208053691275
2073,33,0.5129,0.7723,0.698,29.96,10396.57,0.7181208053691275
2073,34,0.5128,0.7798,0.7047,30.6,11156.54,0.7181208053691275
2073,35,0.5124,0.7865,0.698,31.02,11875.39,0.7181208053691275
2073,36,0.5123,0.794,0.698,31.41,12449.45,0.7181208053691275
2073,37,0.5122,0.7985,0.698,31.61,12949.86,0.7181208053691275
2073,38,0.512,0.806,0.698,31.89,13410.48,0.7181208053691275
2073,39,0.5118,0.8075,0.698,32.02,13793.43,0.7181208053691275
2073,40,0.5116,0.815,0.698,32.17,14135.77,0.7181208053691275
2073,41,0.5116,0.818,0.698,32.18,14461.58,0.7181208053691275
2073,42,0.5114,0.8232,0.698,32.12,14695.39,0.7181208053691275
2073,43,0.5111,0.8292,0.6913,32.12,14904.68,0.7181208053691275
2073,44,0.5109,0.8315,0.6913,32.09,15080.55,0.7181208053691275
2073,45,0.511,0.833,0.6913,32.1,15253.72,0.7181208053691275
2073,46,0.511,0.8382,0.6913,31.99,15432.49,0.7181208053691275
2073,47,0.5109,0.8442,0.6913,31.95,15599.84,0.7181208053691275
2073,48,0.5108,0.8479,0.6913,31.86,15747.98,0.7181208053691275
2073,49,0.5107,0.8494,0.6913,31.63,15780.49,0.7181208053691275
359959,0,0.457,0.4868,0.4527,9.39,44.25,0.5337837837837838
359959,1,0.457,0.4868,0.4527,9.39,44.25,0.5337837837837838
359959,2,0.462,0.5117,0.4932,11.07,68.12,0.5337837837837838
359959,3,0.4689,0.5426,0.5338,14.52,114.32,0.5337837837837838
359959,4,0.4745,0.5766,0.5405,14.82,129.91,0.5337837837837838
359959,5,0.4773,0.5834,0.5405,14.23,141.91,0.5337837837837838
359959,6,0.4792,0.5902,0.5541,14.0,159.11,0.5337837837837838
359959,7,0.4804,0.5932,0.527,14.1,195.93,0.5337837837837838
359959,8,0.4807,0.6015,0.527,14.06,222.26,0.5337837837837838
359959,9,0.4816,0.6038,0.527,13.57,234.48,0.5337837837837838
359959,10,0.4827,0.6038,0.5338,13.27,241.33,0.5337837837837838
359959,11,0.483,0.6068,0.527,12.92,252.48,0.5337837837837838
359959,12,0.4835,0.6083,0.5405,12.67,266.27,0.5337837837837838
359959,13,0.4839,0.6166,0.5405,12.41,276.34,0.5337837837837838
359959,14,0.4846,0.6174,0.5338,12.02,282.19,0.5337837837837838
359959,15,0.4852,0.6189,0.5405,11.77,285.43,0.5337837837837838
359959,16,0.4853,0.6189,0.5405,11.51,289.5,0.5337837837837838
359959,17,0.4857,0.6181,0.5473,11.18,290.74,0.5337837837837838
359959,18,0.4858,0.6189,0.5473,11.02,293.65,0.5337837837837838
359959,19,0.4859,0.6189,0.5541,10.85,290.8,0.5337837837837838
359959,20,0.4866,0.6189,0.5608,10.62,288.15,0.5337837837837838
359959,21,0.4867,0.6204,0.5608,10.42,288.9,0.5337837837837838
359959,22,0.4871,0.6189,0.5608,10.24,291.9,0.5337837837837838
359959,23,0.4869,0.6196,0.5608,10.07,293.32,0.5337837837837838
359959,24,0.4871,0.6204,0.5541,9.96,297.34,0.5337837837837838
359959,25,0.4871,0.6211,0.5541,9.83,301.01,0.5337837837837838
359959,26,0.4868,0.6211,0.5541,9.74,308.65,0.5337837837837838
359959,27,0.4868,0.6242,0.5541,9.69,327.51,0.5337837837837838
359959,28,0.487,0.6272,0.5541,9.57,341.71,0.5337837837837838
359959,29,0.4873,0.6272,0.5541,9.46,360.28,0.5337837837837838
359959,30,0.4873,0.6264,0.5608,9.43,382.59,0.5337837837837838
359959,31,0.4874,0.6302,0.5608,9.42,413.53,0.5337837837837838
359959,32,0.4874,0.6294,0.5608,9.41,446.04,0.5337837837837838
359959,33,0.4875,0.6309,0.5608,9.42,486.49,0.5337837837837838
359959,34,0.4876,0.6317,0.5608,9.45,531.1,0.5337837837837838
359959,35,0.4873,0.6347,0.5608,9.39,557.13,0.5337837837837838
359959,36,0.4873,0.634,0.5608,9.36,579.31,0.5337837837837838
359959,37,0.4872,0.637,0.5608,9.33,607.59,0.5337837837837838
359959,38,0.4869,0.6377,0.5608,9.39,657.35,0.5337837837837838
359959,39,0.4869,0.6377,0.5608,9.45,705.82,0.5337837837837838
359959,40,0.4869,0.6377,0.5608,9.49,749.94,0.5337837837837838
359959,41,0.4868,0.6392,0.5608,9.58,813.37,0.5337837837837838
359959,42,0.4867,0.64,0.5608,9.58,854.75,0.5337837837837838
359959,43,0.4864,0.643,0.5608,9.55,898.94,0.5337837837837838
359959,44,0.4862,0.6438,0.5608,9.59,946.52,0.5337837837837838
359959,45,0.4861,0.6453,0.5608,9.6,1006.37,0.5337837837837838
359959,46,0.4859,0.646,0.5608,9.6,1068.8,0.5337837837837838
359959,47,0.4858,0.6498,0.5608,9.7,1157.05,0.5337837837837838
359959,48,0.4858,0.6528,0.5608,9.76,1250.87,0.5337837837837838
359959,49,0.4856,0.6543,0.5608,9.86,1353.58,0.5337837837837838
359959,0,0.4573,0.4475,0.4257,11.69,98.88,0.527027027027027
359959,1,0.4573,0.4475,0.4257,11.69,98.88,0.527027027027027
359959,2,0.4655,0.5026,0.4595,13.97,128.25,0.527027027027027
359959,3,0.4707,0.5449,0.5,14.95,147.0,0.527027027027027
359959,4,0.4739,0.5706,0.5203,15.35,158.35,0.527027027027027
359959,5,0.4761,0.5796,0.5473,14.77,153.12,0.527027027027027
359959,6,0.478,0.5894,0.5676,14.12,151.16,0.527027027027027
359959,7,0.4796,0.5857,0.5608,13.39,146.48,0.527027027027027
359959,8,0.481,0.5917,0.5405,12.61,143.23,0.527027027027027
359959,9,0.482,0.594,0.5405,11.97,139.33,0.527027027027027
359959,10,0.4825,0.5962,0.5473,11.33,135.81,0.527027027027027
359959,11,0.4835,0.5992,0.5473,10.88,133.16,0.527027027027027
359959,12,0.4838,0.6023,0.5405,10.5,132.31,0.527027027027027
359959,13,0.4841,0.6015,0.5405,10.11,130.47,0.527027027027027
359959,14,0.4848,0.6023,0.5473,9.87,129.8,0.527027027027027
359959,15,0.4849,0.6045,0.5676,9.55,128.95,0.527027027027027
359959,16,0.4853,0.6075,0.5676,9.32,131.49,0.527027027027027
359959,17,0.4855,0.6091,0.5676,9.17,135.62,0.527027027027027
359959,18,0.4857,0.6106,0.5676,9.04,138.63,0.527027027027027
359959,19,0.4863,0.6128,0.5676,8.81,138.72,0.527027027027027
359959,20,0.4864,0.6128,0.5608,8.74,145.57,0.527027027027027
359959,21,0.4866,0.6143,0.5608,8.68,153.66,0.527027027027027
359959,22,0.487,0.6143,0.5608,8.54,157.91,0.527027027027027
359959,23,0.4872,0.6174,0.5608,8.42,161.13,0.527027027027027
359959,24,0.4872,0.6189,0.5608,8.3,163.51,0.527027027027027
359959,25,0.487,0.6166,0.5608,8.18,169.87,0.527027027027027
359959,26,0.4868,0.6158,0.5676,8.12,176.08,0.527027027027027
359959,27,0.4869,0.6158,0.5676,8.06,184.83,0.527027027027027
359959,28,0.4871,0.6196,0.5676,7.96,191.7,0.527027027027027
359959,29,0.4873,0.6204,0.5676,7.84,197.51,0.527027027027027
359959,30,0.4873,0.6196,0.5676,7.76,208.05,0.527027027027027
359959,31,0.4874,0.6196,0.5676,7.68,216.66,0.527027027027027
359959,32,0.4877,0.6204,0.5676,7.6,227.17,0.527027027027027
359959,33,0.4875,0.6219,0.5676,7.55,237.25,0.527027027027027
359959,34,0.4873,0.6211,0.5676,7.47,250.04,0.527027027027027
359959,35,0.4871,0.6226,0.5676,7.44,268.21,0.527027027027027
359959,36,0.4871,0.6219,0.5676,7.43,282.54,0.527027027027027
359959,37,0.4872,0.6226,0.5676,7.4,295.65,0.527027027027027
359959,38,0.487,0.6242,0.5608,7.29,306.75,0.527027027027027
359959,39,0.487,0.6242,0.5676,7.21,319.68,0.527027027027027
359959,40,0.4872,0.6249,0.5676,7.2,339.04,0.527027027027027
359959,41,0.4873,0.6272,0.5676,7.27,364.85,0.527027027027027
359959,42,0.4874,0.6294,0.5676,7.35,390.34,0.527027027027027
359959,43,0.4874,0.6302,0.5676,7.41,416.22,0.527027027027027
359959,44,0.4872,0.6325,0.5676,7.45,446.28,0.527027027027027
359959,45,0.4871,0.6332,0.5676,7.48,474.99,0.527027027027027
359959,46,0.4872,0.634,0.5676,7.59,500.2,0.527027027027027
359959,47,0.487,0.6347,0.5676,7.65,526.49,0.527027027027027
359959,48,0.4871,0.6377,0.5676,7.71,559.75,0.527027027027027
359959,49,0.4871,0.6408,0.5608,7.82,605.82,0.527027027027027
190146,0,0.6474,0.8042,0.7294,4.1,130.4,0.7647058823529411
190146,1,0.6474,0.8042,0.7294,4.1,130.4,0.7647058823529411
190146,2,0.6526,0.8752,0.7294,8.37,410.54,0.7647058823529411
190146,3,0.6594,0.929,0.7412,12.16,664.09,0.7647058823529411
190146,4,0.6608,0.9488,0.7412,12.92,812.64,0.7647058823529411
190146,5,0.663,0.9619,0.7529,12.84,913.1,0.7647058823529411
190146,6,0.6641,0.9698,0.7294,13.04,1016.23,0.7647058823529411
190146,7,0.6643,0.9711,0.7294,12.59,1054.67,0.7647058823529411
190146,8,0.665,0.9842,0.7529,12.08,1067.87,0.7647058823529411
190146,9,0.6662,0.9869,0.7529,11.51,1078.26,0.7647058823529411
190146,10,0.6677,0.9908,0.7647,10.94,1074.59,0.7647058823529411
190146,11,0.6685,0.9934,0.7647,10.49,1053.88,0.7647058823529411
190146,12,0.6686,0.9974,0.7647,10.09,1022.83,0.7647058823529411
190146,13,0.6689,0.9961,0.7647,9.73,1001.53,0.7647058823529411
190146,14,0.6694,0.9974,0.7412,9.28,988.41,0.7647058823529411
190146,15,0.6702,0.9974,0.7412,8.85,976.94,0.7647058823529411
190146,16,0.6711,0.9974,0.7412,8.53,958.12,0.7647058823529411
190146,17,0.6715,0.9987,0.7412,8.27,941.57,0.7647058823529411
190146,18,0.672,0.9987,0.7412,8.13,925.44,0.7647058823529411
190146,19,0.6728,0.9987,0.7529,7.95,910.47,0.7647058823529411
190146,20,0.6732,0.9987,0.7529,7.71,896.12,0.7647058823529411
190146,21,0.6736,0.9987,0.7529,7.53,881.4,0.7647058823529411
190146,22,0.6737,0.9987,0.7529,7.38,865.53,0.7647058823529411
190146,23,0.674,0.9987,0.7529,7.23,851.07,0.7647058823529411
190146,24,0.674,1.0,0.7647,7.11,836.76,0.7647058823529411
190146,25,0.6742,1.0,0.7765,7.02,822.73,0.7647058823529411
190146,26,0.6746,1.0,0.7647,6.97,807.79,0.7647058823529411
190146,27,0.6748,1.0,0.7647,6.9,794.97,0.7647058823529411
190146,28,0.6751,1.0,0.7647,6.85,782.34,0.7647058823529411
190146,29,0.6752,1.0,0.7765,6.8,774.51,0.7647058823529411
190146,30,0.6755,0.9987,0.7765,6.72,764.44,0.7647058823529411
190146,31,0.6757,0.9987,0.7765,6.6,753.34,0.7647058823529411
190146,32,0.676,0.9974,0.7765,6.48,739.68,0.7647058823529411
190146,33,0.6761,0.9974,0.7765,6.42,727.3,0.7647058823529411
190146,34,0.6762,0.9974,0.7765,6.39,716.7,0.7647058823529411
190146,35,0.6763,0.9974,0.7765,6.36,707.06,0.7647058823529411
190146,36,0.6763,0.9974,0.7647,6.32,697.01,0.7647058823529411
190146,37,0.6763,0.9974,0.7765,6.3,687.53,0.7647058823529411
190146,38,0.6763,0.9974,0.7647,6.3,678.54,0.7647058823529411
190146,39,0.6765,0.9974,0.7765,6.3,669.05,0.7647058823529411
190146,40,0.6767,0.9974,0.7765,6.27,659.76,0.7647058823529411
190146,41,0.6769,0.9974,0.7765,6.25,651.07,0.7647058823529411
190146,42,0.677,0.9974,0.7882,6.24,643.36,0.7647058823529411
190146,43,0.677,0.9974,0.7882,6.22,635.18,0.7647058823529411
190146,44,0.677,0.9974,0.7882,6.23,626.38,0.7647058823529411
190146,45,0.6772,0.9974,0.7882,6.25,617.42,0.7647058823529411
190146,46,0.6772,0.9974,0.7882,6.24,609.44,0.7647058823529411
190146,47,0.6772,0.9974,0.7882,6.22,600.9,0.7647058823529411
190146,48,0.6773,0.9974,0.7882,6.2,593.3,0.7647058823529411
190146,49,0.6774,0.9974,0.7882,6.24,586.37,0.7647058823529411
359954,0,0.4636,0.6526,0.5676,11.8,198.76,0.6756756756756757
359954,1,0.4636,0.6526,0.5676,11.8,198.76,0.6756756756756757
359954,2,0.475,0.7039,0.5676,13.78,442.5,0.6756756756756757
359954,3,0.4834,0.719,0.5676,14.02,684.14,0.6756756756756757
359954,4,0.4856,0.7492,0.5676,15.85,816.82,0.6756756756756757
359954,5,0.488,0.7659,0.5811,16.72,937.64,0.6756756756756757
359954,6,0.492,0.7825,0.5946,16.26,1111.11,0.6756756756756757
359954,7,0.4961,0.7976,0.6081,15.36,1249.35,0.6756756756756757
359954,8,0.4996,0.8127,0.6351,14.89,1457.54,0.6756756756756757
359954,9,0.5032,0.8338,0.6351,14.42,1587.08,0.6756756756756757
359954,10,0.5061,0.8489,0.6351,14.05,1690.85,0.6756756756756757
359954,11,0.5066,0.8671,0.6486,14.05,1790.95,0.6756756756756757
359954,12,0.5081,0.8792,0.6486,13.66,1869.32,0.6756756756756757
359954,13,0.5081,0.8852,0.6622,13.46,1951.28,0.6756756756756757
359954,14,0.5096,0.8973,0.6486,13.27,2011.6,0.6756756756756757
359954,15,0.5118,0.9018,0.6622,13.41,2091.0,0.6756756756756757
359954,16,0.513,0.9048,0.6622,13.76,2149.39,0.6756756756756757
359954,17,0.5141,0.9094,0.6757,14.12,2211.61,0.6756756756756757
359954,18,0.5152,0.9139,0.6757,14.51,2255.76,0.6756756756756757
359954,19,0.5163,0.923,0.6757,14.78,2288.07,0.6756756756756757
359954,20,0.5172,0.9275,0.6757,15.03,2305.61,0.6756756756756757
359954,21,0.5178,0.9335,0.6757,14.98,2298.67,0.6756756756756757
359954,22,0.5182,0.9381,0.6757,14.96,2301.9,0.6756756756756757
359954,23,0.5189,0.9411,0.6757,14.95,2289.23,0.6756756756756757
359954,24,0.5191,0.9426,0.6757,15.3,2284.36,0.6756756756756757
359954,25,0.5195,0.9441,0.6757,15.21,2283.51,0.6756756756756757
359954,26,0.5196,0.9441,0.6757,15.62,2272.6,0.6756756756756757
359954,27,0.5197,0.9486,0.6757,15.88,2250.73,0.6756756756756757
359954,28,0.5198,0.9517,0.6757,16.02,2233.48,0.6756756756756757
359954,29,0.5204,0.9562,0.6757,16.09,2205.27,0.6756756756756757
359954,30,0.5209,0.9592,0.6757,16.04,2182.0,0.6756756756756757
359954,31,0.5212,0.9622,0.6757,15.87,2163.79,0.6756756756756757
359954,32,0.522,0.9637,0.6757,15.75,2145.34,0.6756756756756757
359954,33,0.5225,0.9653,0.6757,15.7,2133.43,0.6756756756756757
359954,34,0.5228,0.9668,0.6757,15.65,2120.75,0.6756756756756757
359954,35,0.523,0.9683,0.6757,15.61,2109.44,0.6756756756756757
359954,36,0.5237,0.9683,0.6757,15.61,2093.41,0.6756756756756757
359954,37,0.5242,0.9683,0.6757,15.69,2083.0,0.6756756756756757
359954,38,0.5246,0.9698,0.6757,15.81,2067.61,0.6756756756756757
359954,39,0.5252,0.9698,0.6757,15.77,2057.59,0.6756756756756757
359954,40,0.5254,0.9713,0.6757,15.81,2045.33,0.6756756756756757
359954,41,0.5255,0.9728,0.6757,15.87,2030.99,0.6756756756756757
359954,42,0.5259,0.9743,0.6757,15.82,2014.83,0.6756756756756757
359954,43,0.5263,0.9728,0.6757,15.78,1995.35,0.6756756756756757
359954,44,0.5266,0.9728,0.6757,15.81,1980.96,0.6756756756756757
359954,45,0.5268,0.9728,0.6757,15.74,1961.1,0.6756756756756757
359954,46,0.5269,0.9728,0.6757,15.63,1941.48,0.6756756756756757
359954,47,0.5273,0.9728,0.6757,15.5,1921.76,0.6756756756756757
359954,48,0.5278,0.9743,0.6757,15.33,1905.07,0.6756756756756757
359954,49,0.528,0.9743,0.6757,15.15,1881.93,0.6756756756756757
359954,0,0.4691,0.636,0.5541,13.42,199.3,0.6756756756756757
359954,1,0.4691,0.636,0.5541,13.42,199.3,0.6756756756756757
359954,2,0.4754,0.6798,0.5541,18.1,553.64,0.6756756756756757
359954,3,0.4862,0.7508,0.5811,29.46,1476.31,0.6756756756756757
359954,4,0.4954,0.7931,0.6351,33.31,1823.03,0.6756756756756757
359954,5,0.5006,0.8248,0.6216,32.42,1842.43,0.6756756756756757
359954,6,0.5035,0.8505,0.6216,31.08,1822.62,0.6756756756756757
359954,7,0.5067,0.8731,0.6351,29.43,1820.13,0.6756756756756757
359954,8,0.5076,0.8882,0.6351,28.95,1796.9,0.6756756756756757
359954,9,0.5078,0.8973,0.6486,27.59,1788.16,0.6756756756756757
359954,10,0.508,0.9048,0.6622,26.45,1758.44,0.6756756756756757
359954,11,0.5087,0.9124,0.6622,25.49,1789.03,0.6756756756756757
359954,12,0.5099,0.9169,0.6622,24.76,1795.86,0.6756756756756757
359954,13,0.5107,0.9215,0.6622,23.74,1777.1,0.6756756756756757
359954,14,0.5114,0.932,0.6622,22.9,1780.16,0.6756756756756757
359954,15,0.5119,0.9335,0.6622,22.22,1780.6,0.6756756756756757
359954,16,0.5125,0.9381,0.6622,21.62,1783.07,0.6756756756756757
359954,17,0.5131,0.9411,0.6622,21.0,1782.71,0.6756756756756757
359954,18,0.5137,0.9441,0.6622,20.38,1778.22,0.6756756756756757
359954,19,0.5146,0.9486,0.6622,19.87,1773.01,0.6756756756756757
359954,20,0.5149,0.9547,0.6622,19.48,1774.56,0.6756756756756757
359954,21,0.5154,0.9562,0.6622,19.08,1767.5,0.6756756756756757
359954,22,0.516,0.9577,0.6622,18.7,1759.64,0.6756756756756757
359954,23,0.5165,0.9577,0.6622,18.31,1746.97,0.6756756756756757
359954,24,0.5169,0.9577,0.6622,17.98,1744.64,0.6756756756756757
359954,25,0.5174,0.9607,0.6622,17.67,1747.67,0.6756756756756757
359954,26,0.5183,0.9607,0.6622,17.34,1735.4,0.6756756756756757
359954,27,0.5186,0.9622,0.6622,17.2,1719.44,0.6756756756756757
359954,28,0.5188,0.9607,0.6622,16.95,1714.5,0.6756756756756757
359954,29,0.5189,0.9607,0.6622,16.71,1702.11,0.6756756756756757
359954,30,0.5197,0.9607,0.6622,16.5,1688.89,0.6756756756756757
359954,31,0.52,0.9607,0.6622,16.35,1680.22,0.6756756756756757
359954,32,0.5205,0.9622,0.6622,16.11,1672.6,0.6756756756756757
359954,33,0.5208,0.9637,0.6622,15.84,1658.51,0.6756756756756757
359954,34,0.5209,0.9653,0.6757,15.63,1645.34,0.6756756756756757
359954,35,0.5215,0.9653,0.6757,15.34,1633.88,0.6756756756756757
359954,36,0.5218,0.9653,0.6622,15.14,1624.53,0.6756756756756757
359954,37,0.5222,0.9653,0.6622,14.91,1611.16,0.6756756756756757
359954,38,0.5224,0.9637,0.6622,14.65,1593.78,0.6756756756756757
359954,39,0.5228,0.9637,0.6622,14.42,1579.39,0.6756756756756757
359954,40,0.5231,0.9637,0.6622,14.24,1574.37,0.6756756756756757
359954,41,0.523,0.9637,0.6622,14.22,1578.48,0.6756756756756757
359954,42,0.5234,0.9637,0.6622,13.98,1567.16,0.6756756756756757
359954,43,0.5234,0.9637,0.6622,13.9,1562.94,0.6756756756756757
359954,44,0.5236,0.9637,0.6622,13.94,1559.57,0.6756756756756757
359954,45,0.5239,0.9637,0.6622,13.81,1549.17,0.6756756756756757
359954,46,0.5242,0.9622,0.6622,13.69,1540.19,0.6756756756756757
359954,47,0.5245,0.9622,0.6622,13.62,1532.97,0.6756756756756757
359954,48,0.5246,0.9622,0.6622,13.5,1524.23,0.6756756756756757
359954,49,0.5248,0.9607,0.6622,13.39,1514.5,0.6756756756756757
168784,0,0.6192,0.7377,0.7282,4.61,136.07,0.8102564102564103
168784,1,0.6192,0.7377,0.7282,4.61,136.07,0.8102564102564103
168784,2,0.6295,0.7629,0.7385,6.77,238.96,0.8102564102564103
168784,3,0.6361,0.7852,0.7282,7.75,301.84,0.8102564102564103
168784,4,0.6425,0.7984,0.7385,8.0,310.56,0.8102564102564103
168784,5,0.6453,0.8076,0.7538,8.19,340.83,0.8102564102564103
168784,6,0.648,0.8116,0.7487,8.15,352.59,0.8102564102564103
168784,7,0.6494,0.8184,0.7487,8.42,379.49,0.8102564102564103
168784,8,0.6508,0.8247,0.759,8.8,425.54,0.8102564102564103
168784,9,0.6518,0.831,0.759,8.91,528.75,0.8102564102564103
168784,10,0.6534,0.8391,0.759,9.19,651.62,0.8102564102564103
168784,11,0.6543,0.8414,0.7641,9.21,725.42,0.8102564102564103
168784,12,0.6553,0.8494,0.7538,9.41,849.35,0.8102564102564103
168784,13,0.6557,0.854,0.759,9.65,1016.23,0.8102564102564103
168784,14,0.6561,0.8597,0.759,9.56,1198.51,0.8102564102564103
168784,15,0.6566,0.8648,0.7641,9.61,1376.39,0.8102564102564103
168784,16,0.657,0.8677,0.7641,9.65,1541.7,0.8102564102564103
168784,17,0.657,0.874,0.759,9.74,1730.92,0.8102564102564103
168784,18,0.6571,0.8803,0.7538,9.74,1894.06,0.8102564102564103
168784,19,0.657,0.8837,0.7538,9.76,2046.43,0.8102564102564103
168784,20,0.6573,0.89,0.7538,9.82,2198.72,0.8102564102564103
168784,21,0.6575,0.8935,0.759,9.74,2354.08,0.8102564102564103
168784,22,0.6579,0.8986,0.759,9.69,2532.26,0.8102564102564103
168784,23,0.6581,0.9026,0.7641,9.7,2743.65,0.8102564102564103
168784,24,0.6583,0.9089,0.7641,9.62,2970.05,0.8102564102564103
168784,25,0.6585,0.9135,0.7744,9.57,3269.31,0.8102564102564103
168784,26,0.6588,0.917,0.7692,9.66,3559.46,0.8102564102564103
168784,27,0.6591,0.921,0.7692,9.81,3917.5,0.8102564102564103
168784,28,0.6594,0.9255,0.7692,9.97,4227.01,0.8102564102564103
168784,29,0.6597,0.929,0.7692,10.13,4560.57,0.8102564102564103
168784,30,0.6597,0.9336,0.7692,10.22,4873.78,0.8102564102564103
168784,31,0.6598,0.9393,0.7744,10.37,5200.03,0.8102564102564103
168784,32,0.6599,0.945,0.7744,10.47,5464.25,0.8102564102564103
168784,33,0.66,0.949,0.7795,10.52,5695.09,0.8102564102564103
168784,34,0.66,0.953,0.7795,10.56,5930.13,0.8102564102564103
168784,35,0.6601,0.9565,0.7795,10.53,6127.16,0.8102564102564103
168784,36,0.6601,0.9599,0.7795,10.49,6406.14,0.8102564102564103
168784,37,0.6603,0.9605,0.7795,10.55,6624.26,0.8102564102564103
168784,38,0.6605,0.9662,0.7795,10.53,6814.01,0.8102564102564103
168784,39,0.6606,0.9679,0.7846,10.59,6990.51,0.8102564102564103
168784,40,0.6607,0.9708,0.7846,10.55,7109.45,0.8102564102564103
168784,41,0.6609,0.9725,0.7846,10.47,7226.79,0.8102564102564103
168784,42,0.661,0.9754,0.7846,10.37,7323.55,0.8102564102564103
168784,43,0.661,0.9777,0.7897,10.3,7392.99,0.8102564102564103
168784,44,0.661,0.98,0.7897,10.25,7457.76,0.8102564102564103
168784,45,0.661,0.9811,0.7897,10.19,7517.56,0.8102564102564103
168784,46,0.661,0.9822,0.8,10.16,7577.77,0.8102564102564103
168784,47,0.6611,0.9857,0.8051,10.1,7611.32,0.8102564102564103
168784,48,0.6612,0.9874,0.7949,10.07,7639.92,0.8102564102564103
168784,49,0.6612,0.988,0.7897,10.03,7651.3,0.8102564102564103
2073,0,0.4698,0.5933,0.5973,10.49,112.29,0.7181208053691275
2073,1,0.4698,0.5933,0.5973,10.49,112.29,0.7181208053691275
2073,2,0.4815,0.6112,0.6309,18.48,370.24,0.7181208053691275
2073,3,0.495,0.6292,0.6242,23.46,673.4,0.7181208053691275
2073,4,0.5029,0.6375,0.6309,24.44,804.81,0.7181208053691275
2073,5,0.5062,0.6472,0.6242,23.84,868.66,0.7181208053691275
2073,6,0.507,0.6532,0.6242,23.56,899.63,0.7181208053691275
2073,7,0.5087,0.6562,0.6309,23.79,914.47,0.7181208053691275
2073,8,0.5124,0.6577,0.6443,23.0,910.12,0.7181208053691275
2073,9,0.5134,0.6644,0.6443,22.74,920.23,0.7181208053691275
2073,10,0.5147,0.6667,0.651,22.28,919.66,0.7181208053691275
2073,11,0.516,0.6704,0.651,21.89,939.73,0.7181208053691275
2073,12,0.5166,0.6787,0.6577,21.68,962.13,0.7181208053691275
2073,13,0.5166,0.6787,0.6577,21.59,990.31,0.7181208053691275
2073,14,0.5169,0.6801,0.6644,21.52,1016.36,0.7181208053691275
2073,15,0.5171,0.6831,0.6711,21.4,1054.91,0.7181208053691275
2073,16,0.518,0.6869,0.6711,21.24,1132.43,0.7181208053691275
2073,17,0.5185,0.6906,0.6711,21.01,1235.17,0.7181208053691275
2073,18,0.5187,0.6914,0.6711,21.15,1332.89,0.7181208053691275
2073,19,0.5189,0.6974,0.6711,21.17,1435.8,0.7181208053691275
2073,20,0.519,0.7019,0.6711,21.29,1541.35,0.7181208053691275
2073,21,0.5186,0.7056,0.6779,21.52,1639.09,0.7181208053691275
2073,22,0.5185,0.7064,0.6779,21.47,1734.5,0.7181208053691275
2073,23,0.5184,0.7101,0.6779,21.65,1856.18,0.7181208053691275
2073,24,0.5182,0.7131,0.6779,21.78,2005.66,0.7181208053691275
2073,25,0.518,0.7184,0.6779,22.0,2147.4,0.7181208053691275
2073,26,0.5177,0.7199,0.6846,21.95,2309.19,0.7181208053691275
2073,27,0.5169,0.7213,0.6779,21.86,2484.2,0.7181208053691275
2073,28,0.5165,0.7258,0.6846,21.97,2669.8,0.7181208053691275
2073,29,0.5163,0.7281,0.6846,22.17,2880.38,0.7181208053691275
2073,30,0.5157,0.7326,0.6779,22.66,3156.04,0.7181208053691275
2073,31,0.5152,0.7348,0.6779,23.09,3405.51,0.7181208053691275
2073,32,0.5145,0.7386,0.6779,23.26,3589.85,0.7181208053691275
2073,33,0.514,0.7431,0.6779,23.66,3820.4,0.7181208053691275
2073,34,0.5139,0.7476,0.6779,24.09,4083.49,0.7181208053691275
2073,35,0.5133,0.7513,0.6711,24.44,4418.27,0.7181208053691275
2073,36,0.5128,0.7558,0.6846,24.86,4859.47,0.7181208053691275
2073,37,0.5125,0.7573,0.6846,25.19,5314.16,0.7181208053691275
2073,38,0.5122,0.761,0.6846,25.5,5767.85,0.7181208053691275
2073,39,0.5119,0.7648,0.6913,25.81,6288.41,0.7181208053691275
2073,40,0.5116,0.7685,0.6913,26.12,6828.87,0.7181208053691275
2073,41,0.5114,0.7745,0.6913,26.41,7316.71,0.7181208053691275
2073,42,0.5114,0.7813,0.7047,26.63,7854.09,0.7181208053691275
2073,43,0.5114,0.788,0.698,26.76,8355.71,0.7181208053691275
2073,44,0.5113,0.791,0.698,26.7,8731.62,0.7181208053691275
2073,45,0.5107,0.7925,0.698,26.89,9177.85,0.7181208053691275
2073,46,0.5105,0.7933,0.698,26.92,9514.46,0.7181208053691275
2073,47,0.5104,0.797,0.7047,26.96,9839.94,0.7181208053691275
2073,48,0.5101,0.8015,0.7047,26.96,10150.36,0.7181208053691275
2073,49,0.5099,0.8037,0.7047,26.87,10380.76,0.7181208053691275
359954,0,0.4712,0.6208,0.5676,12.44,125.99,0.6756756756756757
359954,1,0.4712,0.6208,0.5676,12.44,125.99,0.6756756756756757
359954,2,0.4732,0.6737,0.5811,18.35,288.93,0.6756756756756757
359954,3,0.4845,0.7251,0.5811,22.56,475.71,0.6756756756756757
359954,4,0.4914,0.7523,0.6081,22.61,505.06,0.6756756756756757
359954,5,0.4956,0.7779,0.6216,21.7,515.16,0.6756756756756757
359954,6,0.4998,0.787,0.6081,20.76,509.16,0.6756756756756757
359954,7,0.5024,0.8112,0.6081,20.06,511.76,0.6756756756756757
359954,8,0.5059,0.8127,0.6081,19.19,514.0,0.6756756756756757
359954,9,0.5075,0.8187,0.6081,18.33,513.93,0.6756756756756757
359954,10,0.5089,0.8263,0.6081,17.62,514.15,0.6756756756756757
359954,11,0.5104,0.8338,0.6081,16.82,510.82,0.6756756756756757
359954,12,0.5125,0.8323,0.6351,16.25,505.52,0.6756756756756757
359954,13,0.5127,0.8369,0.6216,15.57,496.07,0.6756756756756757
359954,14,0.5144,0.8399,0.6216,15.2,493.69,0.6756756756756757
359954,15,0.5146,0.8489,0.6216,15.06,496.15,0.6756756756756757
359954,16,0.5149,0.852,0.6351,14.92,508.87,0.6756756756756757
359954,17,0.515,0.858,0.6351,14.7,521.58,0.6756756756756757
359954,18,0.5155,0.8656,0.6351,14.48,534.89,0.6756756756756757
359954,19,0.5155,0.8686,0.6486,14.22,556.51,0.6756756756756757
359954,20,0.5158,0.8746,0.6486,14.08,582.47,0.6756756756756757
359954,21,0.516,0.8822,0.6486,13.96,600.52,0.6756756756756757
359954,22,0.5164,0.8837,0.6486,13.88,624.7,0.6756756756756757
359954,23,0.5166,0.8837,0.6486,13.89,652.94,0.6756756756756757
359954,24,0.5169,0.8852,0.6486,13.67,669.63,0.6756756756756757
359954,25,0.5175,0.8867,0.6486,13.67,695.46,0.6756756756756757
359954,26,0.518,0.8882,0.6486,13.58,730.22,0.6756756756756757
359954,27,0.5186,0.8988,0.6486,13.64,766.72,0.6756756756756757
359954,28,0.5192,0.9003,0.6486,13.56,804.09,0.6756756756756757
359954,29,0.5194,0.9048,0.6486,13.62,852.38,0.6756756756756757
359954,30,0.5199,0.9079,0.6486,13.61,906.84,0.6756756756756757
359954,31,0.52,0.9139,0.6486,13.61,964.63,0.6756756756756757
359954,32,0.5204,0.9139,0.6486,13.64,1014.35,0.6756756756756757
359954,33,0.5209,0.9199,0.6486,13.63,1080.53,0.6756756756756757
359954,34,0.5213,0.9245,0.6486,13.64,1131.17,0.6756756756756757
359954,35,0.5214,0.926,0.6486,13.6,1185.84,0.6756756756756757
359954,36,0.5216,0.926,0.6486,13.57,1242.13,0.6756756756756757
359954,37,0.5218,0.9275,0.6486,13.63,1306.04,0.6756756756756757
359954,38,0.5221,0.9335,0.6486,13.71,1371.51,0.6756756756756757
359954,39,0.5225,0.935,0.6486,13.78,1435.32,0.6756756756756757
359954,40,0.5225,0.9411,0.6486,13.77,1497.11,0.6756756756756757
359954,41,0.5226,0.9411,0.6622,13.83,1542.05,0.6756756756756757
359954,42,0.5228,0.9441,0.6622,13.77,1587.75,0.6756756756756757
359954,43,0.5227,0.9441,0.6622,13.73,1628.2,0.6756756756756757
359954,44,0.5225,0.9456,0.6622,13.66,1663.36,0.6756756756756757
359954,45,0.5227,0.9486,0.6622,13.61,1703.04,0.6756756756756757
359954,46,0.5229,0.9502,0.6622,13.56,1740.01,0.6756756756756757
359954,47,0.5231,0.9532,0.6622,13.53,1768.32,0.6756756756756757
359954,48,0.5231,0.9532,0.6622,13.47,1790.67,0.6756756756756757
359954,49,0.5235,0.9532,0.6622,13.39,1813.52,0.6756756756756757
2073,0,0.484,0.585,0.6376,11.21,94.79,0.7181208053691275
2073,1,0.484,0.585,0.6376,11.21,94.79,0.7181208053691275
2073,2,0.4888,0.5933,0.6376,14.03,148.02,0.7181208053691275
2073,3,0.4993,0.6045,0.6309,15.11,185.8,0.7181208053691275
2073,4,0.5004,0.6157,0.6443,16.53,233.81,0.7181208053691275
2073,5,0.5043,0.6232,0.6443,17.36,284.56,0.7181208053691275
2073,6,0.5064,0.6247,0.6376,17.5,322.75,0.7181208053691275
2073,7,0.5088,0.6277,0.6443,17.13,350.17,0.7181208053691275
2073,8,0.5104,0.6345,0.6376,16.99,364.38,0.7181208053691275
2073,9,0.5111,0.6412,0.6309,16.52,369.49,0.7181208053691275
2073,10,0.5127,0.6427,0.6443,16.53,371.38,0.7181208053691275
2073,11,0.5143,0.6442,0.6443,16.4,373.94,0.7181208053691275
2073,12,0.5152,0.6449,0.651,16.37,374.18,0.7181208053691275
2073,13,0.5167,0.6494,0.6443,16.22,371.0,0.7181208053691275
2073,14,0.5185,0.6494,0.651,16.08,374.07,0.7181208053691275
2073,15,0.5196,0.6487,0.651,15.87,384.12,0.7181208053691275
2073,16,0.5201,0.6517,0.6443,15.83,399.43,0.7181208053691275
2073,17,0.521,0.6547,0.6577,15.8,411.22,0.7181208053691275
2073,18,0.522,0.6569,0.6779,15.86,416.02,0.7181208053691275
2073,19,0.5228,0.6584,0.6779,15.92,420.19,0.7181208053691275
2073,20,0.5232,0.6607,0.6779,15.84,427.81,0.7181208053691275
2073,21,0.5235,0.6607,0.6779,15.77,435.52,0.7181208053691275
2073,22,0.524,0.6637,0.6779,15.78,442.4,0.7181208053691275
2073,23,0.5244,0.6652,0.6711,15.77,445.86,0.7181208053691275
2073,24,0.5248,0.6682,0.6711,15.82,452.77,0.7181208053691275
2073,25,0.5252,0.6697,0.6711,16.01,471.72,0.7181208053691275
2073,26,0.525,0.6719,0.6711,16.37,511.99,0.7181208053691275
2073,27,0.5252,0.6734,0.6711,16.87,601.66,0.7181208053691275
2073,28,0.5252,0.6779,0.6711,17.41,719.42,0.7181208053691275
2073,29,0.5252,0.6809,0.6711,17.96,869.22,0.7181208053691275
2073,30,0.525,0.6839,0.6711,18.41,1011.83,0.7181208053691275
2073,31,0.5251,0.6869,0.6711,18.71,1166.82,0.7181208053691275
2073,32,0.5249,0.6876,0.6779,19.23,1336.69,0.7181208053691275
2073,33,0.5248,0.6876,0.6779,19.7,1553.49,0.7181208053691275
2073,34,0.5245,0.6914,0.6779,20.32,1772.73,0.7181208053691275
2073,35,0.5243,0.6914,0.6779,20.71,1964.33,0.7181208053691275
2073,36,0.524,0.6966,0.6779,21.22,2152.71,0.7181208053691275
2073,37,0.5237,0.6966,0.6779,21.61,2326.71,0.7181208053691275
2073,38,0.5234,0.6989,0.6779,21.98,2512.23,0.7181208053691275
2073,39,0.5232,0.7019,0.6779,22.44,2678.32,0.7181208053691275
2073,40,0.5228,0.7049,0.6779,22.78,2823.64,0.7181208053691275
2073,41,0.5223,0.7109,0.6779,23.12,2987.72,0.7181208053691275
2073,42,0.5221,0.7146,0.6846,23.49,3121.49,0.7181208053691275
2073,43,0.5218,0.7191,0.6846,23.82,3346.7,0.7181208053691275
2073,44,0.5213,0.7221,0.6846,24.15,3632.37,0.7181208053691275
2073,45,0.5212,0.7251,0.6846,24.56,3984.95,0.7181208053691275
2073,46,0.5208,0.7288,0.6846,25.0,4436.54,0.7181208053691275
2073,47,0.5203,0.7318,0.6846,25.48,4967.66,0.7181208053691275
2073,48,0.5198,0.7356,0.6913,25.88,5527.25,0.7181208053691275
2073,49,0.5194,0.7416,0.698,26.17,5970.02,0.7181208053691275
190146,0,0.6515,0.8055,0.7294,3.95,86.01,0.7647058823529411
190146,1,0.6515,0.8055,0.7294,3.95,86.01,0.7647058823529411
190146,2,0.6565,0.8568,0.7176,8.07,207.02,0.7647058823529411
190146,3,0.66,0.8844,0.7294,8.64,225.77,0.7647058823529411
190146,4,0.6604,0.908,0.7294,8.44,271.14,0.7647058823529411
190146,5,0.6599,0.9185,0.7412,8.9,301.04,0.7647058823529411
190146,6,0.6595,0.929,0.7294,8.82,311.39,0.7647058823529411
190146,7,0.6599,0.9317,0.7294,8.68,315.18,0.7647058823529411
190146,8,0.6598,0.9356,0.7294,8.66,320.45,0.7647058823529411
190146,9,0.6609,0.9382,0.7294,8.53,326.72,0.7647058823529411
190146,10,0.6614,0.9448,0.7294,8.71,338.77,0.7647058823529411
190146,11,0.662,0.9527,0.7294,8.92,360.39,0.7647058823529411
190146,12,0.6627,0.954,0.7294,9.13,380.16,0.7647058823529411
190146,13,0.6634,0.9619,0.7294,9.24,409.22,0.7647058823529411
190146,14,0.664,0.9658,0.7294,9.13,435.74,0.7647058823529411
190146,15,0.6645,0.9671,0.7294,9.15,446.59,0.7647058823529411
190146,16,0.6651,0.9711,0.7294,9.02,457.25,0.7647058823529411
190146,17,0.6656,0.9711,0.7294,9.04,471.37,0.7647058823529411
190146,18,0.6663,0.9711,0.7294,8.98,485.13,0.7647058823529411
190146,19,0.6666,0.9737,0.7294,8.92,498.48,0.7647058823529411
190146,20,0.6671,0.9737,0.7294,8.96,507.55,0.7647058823529411
190146,21,0.6678,0.9763,0.7412,8.99,524.96,0.7647058823529411
190146,22,0.6683,0.979,0.7412,9.2,547.21,0.7647058823529411
190146,23,0.6687,0.9829,0.7412,9.16,572.9,0.7647058823529411
190146,24,0.6691,0.9855,0.7529,9.23,599.12,0.7647058823529411
190146,25,0.6695,0.9855,0.7529,9.11,614.18,0.7647058823529411
190146,26,0.6694,0.9895,0.7529,9.13,627.67,0.7647058823529411
190146,27,0.6699,0.9895,0.7529,9.04,643.97,0.7647058823529411
190146,28,0.67,0.9895,0.7529,9.03,672.63,0.7647058823529411
190146,29,0.6704,0.9908,0.7529,9.03,693.76,0.7647058823529411
190146,30,0.6708,0.9908,0.7529,9.04,709.4,0.7647058823529411
190146,31,0.6711,0.9908,0.7529,9.0,724.1,0.7647058823529411
190146,32,0.6712,0.9934,0.7529,8.98,736.06,0.7647058823529411
190146,33,0.6716,0.9934,0.7412,8.93,745.16,0.7647058823529411
190146,34,0.6716,0.9934,0.7412,8.92,752.45,0.7647058823529411
190146,35,0.6717,0.9934,0.7412,8.87,763.11,0.7647058823529411
190146,36,0.672,0.9947,0.7412,8.92,770.38,0.7647058823529411
190146,37,0.6723,0.9947,0.7529,8.88,780.75,0.7647058823529411
190146,38,0.6725,0.9947,0.7529,8.85,789.05,0.7647058823529411
190146,39,0.6729,0.9947,0.7529,8.81,795.84,0.7647058823529411
190146,40,0.673,0.9947,0.7529,8.81,804.94,0.7647058823529411
190146,41,0.6732,0.9947,0.7529,8.74,809.51,0.7647058823529411
190146,42,0.6732,0.9947,0.7529,8.69,814.58,0.7647058823529411
190146,43,0.6732,0.9947,0.7529,8.62,817.97,0.7647058823529411
190146,44,0.6733,0.9947,0.7529,8.56,823.49,0.7647058823529411
190146,45,0.6732,0.9947,0.7529,8.52,826.78,0.7647058823529411
190146,46,0.6734,0.9947,0.7529,8.5,830.23,0.7647058823529411
190146,47,0.6733,0.9961,0.7647,8.5,833.15,0.7647058823529411
190146,48,0.6735,0.9961,0.7765,8.48,833.84,0.7647058823529411
190146,49,0.6736,0.9961,0.7765,8.44,833.11,0.7647058823529411
168784,0,0.6127,0.7463,0.7128,4.48,151.67,0.8153846153846154
168784,1,0.6127,0.7463,0.7128,4.48,151.67,0.8153846153846154
168784,2,0.6229,0.7778,0.7282,9.31,568.12,0.8153846153846154
168784,3,0.6324,0.8087,0.7641,13.67,1185.52,0.8153846153846154
168784,4,0.6371,0.8265,0.759,15.66,1403.75,0.8153846153846154
168784,5,0.6408,0.8436,0.7538,15.75,1478.3,0.8153846153846154
168784,6,0.6439,0.8528,0.759,15.59,1572.3,0.8153846153846154
168784,7,0.6458,0.8671,0.7538,15.28,1866.98,0.8153846153846154
168784,8,0.6476,0.878,0.759,15.14,2191.02,0.8153846153846154
168784,9,0.6488,0.8883,0.759,14.92,2519.73,0.8153846153846154
168784,10,0.6499,0.8952,0.7692,14.52,2762.05,0.8153846153846154
168784,11,0.6508,0.9015,0.7692,14.27,2936.66,0.8153846153846154
168784,12,0.6508,0.9055,0.7744,13.97,3072.04,0.8153846153846154
168784,13,0.6518,0.9078,0.7692,13.63,3317.69,0.8153846153846154
168784,14,0.6523,0.9141,0.7692,13.23,3504.43,0.8153846153846154
168784,15,0.6529,0.9233,0.7795,13.07,3669.49,0.8153846153846154
168784,16,0.6534,0.929,0.7846,12.85,3837.65,0.8153846153846154
168784,17,0.6541,0.9336,0.7846,12.57,4040.68,0.8153846153846154
168784,18,0.6547,0.9387,0.7846,12.42,4182.68,0.8153846153846154
168784,19,0.6549,0.9427,0.7846,12.23,4321.14,0.8153846153846154
168784,20,0.655,0.9485,0.7795,12.12,4431.0,0.8153846153846154
168784,21,0.655,0.9536,0.7795,11.94,4582.38,0.8153846153846154
168784,22,0.6556,0.9582,0.7795,11.82,4665.18,0.8153846153846154
168784,23,0.656,0.9599,0.7795,11.7,4744.01,0.8153846153846154
168784,24,0.6563,0.9616,0.7744,11.52,4802.39,0.8153846153846154
168784,25,0.6567,0.9645,0.7744,11.4,4839.22,0.8153846153846154
168784,26,0.6567,0.9656,0.7744,11.24,4858.32,0.8153846153846154
168784,27,0.6569,0.9662,0.7744,11.12,4865.65,0.8153846153846154
168784,28,0.657,0.9696,0.7744,10.99,4854.72,0.8153846153846154
168784,29,0.6571,0.9725,0.7744,10.85,4832.12,0.8153846153846154
168784,30,0.6571,0.9737,0.7744,10.77,4819.01,0.8153846153846154
168784,31,0.6571,0.9759,0.7744,10.67,4812.75,0.8153846153846154
168784,32,0.6574,0.9777,0.7744,10.63,4811.69,0.8153846153846154
168784,33,0.6577,0.9788,0.7744,10.56,4820.55,0.8153846153846154
168784,34,0.6579,0.9811,0.7744,10.41,4815.84,0.8153846153846154
168784,35,0.6581,0.9822,0.7795,10.27,4824.31,0.8153846153846154
168784,36,0.658,0.9834,0.7846,10.24,4823.18,0.8153846153846154
168784,37,0.658,0.9845,0.7846,10.17,4836.8,0.8153846153846154
168784,38,0.6581,0.9857,0.7846,10.07,4874.79,0.8153846153846154
168784,39,0.6581,0.9874,0.7846,9.99,4911.21,0.8153846153846154
168784,40,0.6581,0.988,0.7897,9.89,4941.1,0.8153846153846154
168784,41,0.6582,0.988,0.7897,9.84,4961.22,0.8153846153846154
168784,42,0.6582,0.9885,0.7897,9.76,4992.17,0.8153846153846154
168784,43,0.6581,0.9897,0.7846,9.7,5013.31,0.8153846153846154
168784,44,0.6582,0.9914,0.7897,9.6,5028.23,0.8153846153846154
168784,45,0.6583,0.992,0.7897,9.53,5052.26,0.8153846153846154
168784,46,0.6583,0.9931,0.7897,9.44,5056.76,0.8153846153846154
168784,47,0.6583,0.9937,0.7897,9.38,5055.17,0.8153846153846154
168784,48,0.6582,0.9943,0.7897,9.32,5056.16,0.8153846153846154
168784,49,0.6583,0.9943,0.7949,9.28,5055.63,0.8153846153846154
2073,0,0.4719,0.567,0.6107,11.39,91.13,0.7181208053691275
2073,1,0.4719,0.567,0.6107,11.39,91.13,0.7181208053691275
2073,2,0.4866,0.5955,0.6309,18.27,187.67,0.7181208053691275
2073,3,0.5007,0.6142,0.651,24.82,264.89,0.7181208053691275
2073,4,0.5093,0.6337,0.6443,28.2,307.43,0.7181208053691275
2073,5,0.5153,0.6404,0.6644,27.74,315.56,0.7181208053691275
2073,6,0.52,0.6502,0.6644,27.2,329.51,0.7181208053691275
2073,7,0.5231,0.6517,0.6644,26.43,337.95,0.7181208053691275
2073,8,0.5248,0.6569,0.6711,25.87,375.99,0.7181208053691275
2073,9,0.5261,0.6659,0.6779,26.46,490.2,0.7181208053691275
2073,10,0.527,0.6697,0.6846,26.2,618.06,0.7181208053691275
2073,11,0.5279,0.6734,0.6779,26.22,727.5,0.7181208053691275
2073,12,0.5289,0.6734,0.6913,25.64,843.65,0.7181208053691275
2073,13,0.529,0.6854,0.6913,24.96,920.09,0.7181208053691275
2073,14,0.5294,0.6899,0.6913,24.38,1016.49,0.7181208053691275
2073,15,0.5298,0.6951,0.6913,23.96,1129.45,0.7181208053691275
2073,16,0.5301,0.6996,0.6913,23.3,1257.82,0.7181208053691275
2073,17,0.5299,0.7041,0.6913,22.58,1409.9,0.7181208053691275
2073,18,0.5293,0.7071,0.6913,21.93,1563.99,0.7181208053691275
2073,19,0.5291,0.7146,0.6913,21.18,1727.84,0.7181208053691275
2073,20,0.5289,0.7176,0.6913,20.45,1890.06,0.7181208053691275
2073,21,0.5286,0.7221,0.6913,19.82,2048.58,0.7181208053691275
2073,22,0.5283,0.7303,0.6913,19.2,2250.75,0.7181208053691275
2073,23,0.5281,0.7356,0.6913,18.57,2433.79,0.7181208053691275
2073,24,0.5279,0.7393,0.6913,17.93,2626.23,0.7181208053691275
2073,25,0.5273,0.7453,0.6913,17.42,2898.64,0.7181208053691275
2073,26,0.5264,0.7461,0.6913,17.03,3223.22,0.7181208053691275
2073,27,0.5256,0.7513,0.6913,16.62,3587.11,0.7181208053691275
2073,28,0.5248,0.7596,0.6913,16.4,3965.26,0.7181208053691275
2073,29,0.5243,0.764,0.6913,16.11,4330.54,0.7181208053691275
2073,30,0.524,0.7693,0.6913,15.8,4752.8,0.7181208053691275
2073,31,0.5235,0.7768,0.6913,15.46,5255.82,0.7181208053691275
2073,32,0.5229,0.779,0.6913,15.23,5781.23,0.7181208053691275
2073,33,0.5224,0.7828,0.6913,15.13,6351.52,0.7181208053691275
2073,34,0.522,0.7888,0.6846,15.19,7016.32,0.7181208053691275
2073,35,0.5215,0.7925,0.6913,15.08,7636.35,0.7181208053691275
2073,36,0.521,0.7963,0.698,15.16,8298.63,0.7181208053691275
2073,37,0.5204,0.8015,0.698,15.33,8916.73,0.7181208053691275
2073,38,0.5201,0.8127,0.698,15.56,9458.27,0.7181208053691275
2073,39,0.5197,0.815,0.7047,15.8,9986.48,0.7181208053691275
2073,40,0.5194,0.8195,0.7047,16.02,10453.79,0.7181208053691275
2073,41,0.519,0.8247,0.698,16.29,10911.49,0.7181208053691275
2073,42,0.5186,0.827,0.7047,16.55,11359.12,0.7181208053691275
2073,43,0.5183,0.8315,0.7114,16.79,11742.97,0.7181208053691275
2073,44,0.518,0.8367,0.7114,17.02,12091.13,0.7181208053691275
2073,45,0.5177,0.8397,0.7114,17.14,12330.86,0.7181208053691275
2073,46,0.5173,0.8457,0.7114,17.21,12567.61,0.7181208053691275
2073,47,0.5169,0.8494,0.7047,17.1,12741.21,0.7181208053691275
2073,48,0.5166,0.8532,0.7047,17.05,12895.52,0.7181208053691275
2073,49,0.5164,0.8562,0.7047,17.02,13060.59,0.7181208053691275
168784,0,0.6188,0.7503,0.7179,4.14,142.96,0.8153846153846154
168784,1,0.6188,0.7503,0.7179,4.14,142.96,0.8153846153846154
168784,2,0.6292,0.7806,0.7333,7.77,394.44,0.8153846153846154
168784,3,0.6372,0.7973,0.7385,9.41,685.59,0.8153846153846154
168784,4,0.6411,0.8116,0.7436,9.35,807.93,0.8153846153846154
168784,5,0.6443,0.8247,0.759,9.2,825.15,0.8153846153846154
168784,6,0.6473,0.8293,0.7641,8.62,820.55,0.8153846153846154
168784,7,0.649,0.8356,0.759,8.23,803.07,0.8153846153846154
168784,8,0.6505,0.8402,0.7538,7.95,828.74,0.8153846153846154
168784,9,0.6515,0.8465,0.759,7.86,868.57,0.8153846153846154
168784,10,0.6527,0.8517,0.7641,7.91,1005.28,0.8153846153846154
168784,11,0.6532,0.8557,0.759,8.13,1160.71,0.8153846153846154
168784,12,0.6539,0.8654,0.7538,8.27,1281.99,0.8153846153846154
168784,13,0.6548,0.8688,0.7538,8.21,1426.19,0.8153846153846154
168784,14,0.6549,0.874,0.7641,8.32,1538.65,0.8153846153846154
168784,15,0.6546,0.8809,0.7641,8.3,1635.96,0.8153846153846154
168784,16,0.6549,0.8866,0.7641,8.45,1748.3,0.8153846153846154
168784,17,0.6553,0.8912,0.7641,8.52,1847.16,0.8153846153846154
168784,18,0.6556,0.8946,0.7641,8.63,1954.7,0.8153846153846154
168784,19,0.6557,0.8975,0.7692,8.7,2043.29,0.8153846153846154
168784,20,0.656,0.9032,0.7692,8.72,2172.67,0.8153846153846154
168784,21,0.6562,0.9066,0.7692,8.72,2339.96,0.8153846153846154
168784,22,0.6563,0.9084,0.7692,8.75,2465.64,0.8153846153846154
168784,23,0.6561,0.9141,0.7692,8.74,2669.4,0.8153846153846154
168784,24,0.6564,0.9181,0.7795,8.75,2861.67,0.8153846153846154
168784,25,0.6562,0.9215,0.7846,8.9,3058.88,0.8153846153846154
168784,26,0.6562,0.9255,0.7846,8.97,3288.58,0.8153846153846154
168784,27,0.656,0.929,0.7795,9.01,3502.83,0.8153846153846154
168784,28,0.656,0.9324,0.7795,9.13,3752.34,0.8153846153846154
168784,29,0.6561,0.9364,0.7846,9.3,3966.69,0.8153846153846154
168784,30,0.6564,0.9416,0.7846,9.42,4160.37,0.8153846153846154
168784,31,0.6567,0.9462,0.7795,9.62,4362.42,0.8153846153846154
168784,32,0.6569,0.9473,0.7795,9.78,4601.24,0.8153846153846154
168784,33,0.6572,0.9548,0.7795,10.01,4838.09,0.8153846153846154
168784,34,0.6572,0.9576,0.7795,10.13,5066.31,0.8153846153846154
168784,35,0.6573,0.9611,0.7795,10.28,5267.72,0.8153846153846154
168784,36,0.6575,0.9622,0.7795,10.33,5449.79,0.8153846153846154
168784,37,0.6576,0.9651,0.7795,10.32,5611.6,0.8153846153846154
168784,38,0.6576,0.9674,0.7846,10.33,5733.98,0.8153846153846154
168784,39,0.6577,0.9679,0.7846,10.36,5834.65,0.8153846153846154
168784,40,0.6578,0.9708,0.7846,10.37,5933.78,0.8153846153846154
168784,41,0.6579,0.9719,0.7846,10.39,6041.96,0.8153846153846154
168784,42,0.6581,0.9725,0.7846,10.38,6144.92,0.8153846153846154
168784,43,0.6581,0.9748,0.7897,10.38,6239.32,0.8153846153846154
168784,44,0.6582,0.9754,0.7949,10.39,6311.26,0.8153846153846154
168784,45,0.6582,0.9782,0.7949,10.43,6375.31,0.8153846153846154
168784,46,0.6584,0.9794,0.7949,10.39,6435.4,0.8153846153846154
168784,47,0.6585,0.9805,0.7949,10.39,6495.73,0.8153846153846154
168784,48,0.6586,0.9834,0.7949,10.42,6545.18,0.8153846153846154
168784,49,0.6587,0.984,0.7949,10.41,6588.19,0.8153846153846154
359954,0,0.4731,0.6616,0.5676,9.11,125.55,0.6621621621621622
359954,1,0.4731,0.6616,0.5676,9.11,125.55,0.6621621621621622
359954,2,0.482,0.6798,0.5811,11.35,166.07,0.6621621621621622
359954,3,0.4933,0.713,0.5811,15.18,328.41,0.6621621621621622
359954,4,0.4961,0.7417,0.6081,18.63,692.11,0.6621621621621622
359954,5,0.4978,0.7764,0.5946,19.88,875.5,0.6621621621621622
359954,6,0.5011,0.7961,0.6486,20.19,1077.2,0.6621621621621622
359954,7,0.5032,0.8097,0.6486,20.17,1277.12,0.6621621621621622
359954,8,0.5052,0.8353,0.6486,19.79,1402.63,0.6621621621621622
359954,9,0.508,0.8505,0.6622,19.4,1465.4,0.6621621621621622
359954,10,0.5092,0.861,0.6622,18.9,1510.43,0.6621621621621622
359954,11,0.5108,0.8716,0.6622,18.33,1534.01,0.6621621621621622
359954,12,0.5111,0.8807,0.6622,17.86,1553.09,0.6621621621621622
359954,13,0.5123,0.8837,0.6757,17.54,1555.14,0.6621621621621622
359954,14,0.5133,0.8912,0.6757,17.14,1551.05,0.6621621621621622
359954,15,0.5148,0.8958,0.6622,16.8,1523.68,0.6621621621621622
359954,16,0.5148,0.9003,0.6622,16.28,1496.73,0.6621621621621622
359954,17,0.5156,0.9033,0.6757,15.88,1491.49,0.6621621621621622
359954,18,0.5163,0.9048,0.6757,15.63,1487.5,0.6621621621621622
359954,19,0.5167,0.9124,0.6757,15.36,1485.99,0.6621621621621622
359954,20,0.5171,0.9184,0.6757,15.05,1495.96,0.6621621621621622
359954,21,0.5174,0.9215,0.6757,14.93,1516.28,0.6621621621621622
359954,22,0.5181,0.926,0.6757,14.79,1519.76,0.6621621621621622
359954,23,0.5181,0.929,0.6757,14.57,1529.3,0.6621621621621622
359954,24,0.5184,0.9366,0.6757,14.45,1545.5,0.6621621621621622
359954,25,0.519,0.9411,0.6757,14.29,1552.9,0.6621621621621622
359954,26,0.5193,0.9456,0.6622,14.05,1578.09,0.6621621621621622
359954,27,0.5196,0.9471,0.6622,13.81,1593.89,0.6621621621621622
359954,28,0.5202,0.9532,0.6622,13.51,1602.24,0.6621621621621622
359954,29,0.5204,0.9562,0.6622,13.3,1605.38,0.6621621621621622
359954,30,0.5206,0.9562,0.6622,13.13,1607.34,0.6621621621621622
359954,31,0.5209,0.9592,0.6622,13.03,1606.28,0.6621621621621622
359954,32,0.5213,0.9592,0.6622,12.94,1602.66,0.6621621621621622
359954,33,0.5216,0.9607,0.6622,12.94,1603.59,0.6621621621621622
359954,34,0.5219,0.9607,0.6622,12.82,1601.3,0.6621621621621622
359954,35,0.522,0.9622,0.6622,12.74,1597.1,0.6621621621621622
359954,36,0.5224,0.9622,0.6622,12.62,1590.32,0.6621621621621622
359954,37,0.5226,0.9622,0.6622,12.55,1582.61,0.6621621621621622
359954,38,0.523,0.9653,0.6622,12.52,1577.72,0.6621621621621622
359954,39,0.5236,0.9653,0.6622,12.45,1571.52,0.6621621621621622
359954,40,0.5239,0.9653,0.6622,12.38,1564.99,0.6621621621621622
359954,41,0.524,0.9653,0.6622,12.35,1562.65,0.6621621621621622
359954,42,0.5241,0.9653,0.6622,12.34,1562.99,0.6621621621621622
359954,43,0.5243,0.9653,0.6622,12.36,1558.27,0.6621621621621622
359954,44,0.5245,0.9653,0.6622,12.31,1562.81,0.6621621621621622
359954,45,0.5247,0.9637,0.6622,12.29,1566.5,0.6621621621621622
359954,46,0.525,0.9637,0.6622,12.23,1566.24,0.6621621621621622
359954,47,0.5253,0.9637,0.6622,12.16,1565.86,0.6621621621621622
359954,48,0.5255,0.9653,0.6622,12.08,1567.71,0.6621621621621622
359954,49,0.5258,0.9653,0.6622,12.09,1566.61,0.6621621621621622
190146,0,0.6452,0.7911,0.7412,4.19,112.59,0.7764705882352941
190146,1,0.6452,0.7911,0.7412,4.19,112.59,0.7764705882352941
190146,2,0.654,0.8699,0.7294,7.22,263.51,0.7764705882352941
190146,3,0.6566,0.9041,0.7176,8.03,353.25,0.7764705882352941
190146,4,0.6608,0.9225,0.7412,8.62,378.13,0.7764705882352941
190146,5,0.6649,0.9356,0.7529,8.72,386.69,0.7764705882352941
190146,6,0.6659,0.9435,0.7412,8.81,403.2,0.7764705882352941
190146,7,0.6664,0.9474,0.7412,8.96,401.82,0.7764705882352941
190146,8,0.6681,0.9501,0.7412,9.06,397.03,0.7764705882352941
190146,9,0.6685,0.9566,0.7529,9.05,409.39,0.7764705882352941
190146,10,0.6686,0.958,0.7412,9.35,429.56,0.7764705882352941
190146,11,0.6684,0.9606,0.7529,9.54,447.2,0.7764705882352941
190146,12,0.6686,0.9606,0.7412,9.52,460.74,0.7764705882352941
190146,13,0.669,0.9632,0.7412,9.57,471.17,0.7764705882352941
190146,14,0.6694,0.9671,0.7412,9.51,476.77,0.7764705882352941
190146,15,0.67,0.9685,0.7412,9.49,478.48,0.7764705882352941
190146,16,0.6702,0.9724,0.7412,9.46,499.08,0.7764705882352941
190146,17,0.6703,0.9737,0.7412,9.47,512.57,0.7764705882352941
190146,18,0.6706,0.9763,0.7412,9.48,525.54,0.7764705882352941
190146,19,0.6709,0.9777,0.7412,9.47,531.59,0.7764705882352941
190146,20,0.6711,0.9816,0.7412,9.44,543.92,0.7764705882352941
190146,21,0.6711,0.9816,0.7412,9.42,555.95,0.7764705882352941
190146,22,0.6708,0.9829,0.7412,9.35,558.72,0.7764705882352941
190146,23,0.6708,0.9829,0.7294,9.33,567.02,0.7764705882352941
190146,24,0.6711,0.9842,0.7294,9.37,574.14,0.7764705882352941
190146,25,0.6711,0.9855,0.7294,9.38,583.45,0.7764705882352941
190146,26,0.6712,0.9855,0.7294,9.3,592.14,0.7764705882352941
190146,27,0.6717,0.9855,0.7294,9.25,603.45,0.7764705882352941
190146,28,0.6721,0.9869,0.7294,9.24,615.42,0.7764705882352941
190146,29,0.6721,0.9882,0.7294,9.21,627.23,0.7764705882352941
190146,30,0.6723,0.9895,0.7294,9.16,637.76,0.7764705882352941
190146,31,0.6726,0.9895,0.7294,9.13,649.82,0.7764705882352941
190146,32,0.6726,0.9908,0.7176,9.19,665.14,0.7764705882352941
190146,33,0.6727,0.9908,0.7176,9.26,680.49,0.7764705882352941
190146,34,0.6727,0.9908,0.7294,9.21,700.25,0.7764705882352941
190146,35,0.6728,0.9908,0.7294,9.23,711.95,0.7764705882352941
190146,36,0.6728,0.9908,0.7412,9.21,724.98,0.7764705882352941
190146,37,0.6726,0.9908,0.7412,9.26,732.35,0.7764705882352941
190146,38,0.6727,0.9908,0.7412,9.25,740.41,0.7764705882352941
190146,39,0.6727,0.9921,0.7294,9.28,750.48,0.7764705882352941
190146,40,0.6727,0.9934,0.7294,9.29,760.58,0.7764705882352941
190146,41,0.6726,0.9934,0.7294,9.38,769.25,0.7764705882352941
190146,42,0.6728,0.9934,0.7294,9.46,776.57,0.7764705882352941
190146,43,0.6727,0.9934,0.7412,9.52,783.59,0.7764705882352941
190146,44,0.6727,0.9934,0.7412,9.6,790.05,0.7764705882352941
190146,45,0.6726,0.9934,0.7412,9.63,796.52,0.7764705882352941
190146,46,0.6726,0.9934,0.7529,9.71,798.65,0.7764705882352941
190146,47,0.6725,0.9934,0.7412,9.77,799.49,0.7764705882352941
190146,48,0.6725,0.9947,0.7412,9.85,801.63,0.7764705882352941
190146,49,0.6724,0.9961,0.7412,9.85,802.08,0.7764705882352941
359954,0,0.4739,0.6178,0.527,14.08,182.25,0.6756756756756757
359954,1,0.4739,0.6178,0.527,14.08,182.25,0.6756756756756757
359954,2,0.4858,0.6873,0.527,21.33,682.92,0.6756756756756757
359954,3,0.497,0.7613,0.5811,26.48,1357.99,0.6756756756756757
359954,4,0.5034,0.8082,0.6351,27.42,1576.85,0.6756756756756757
359954,5,0.5077,0.8489,0.6622,26.21,1615.68,0.6756756756756757
359954,6,0.5111,0.8701,0.6622,24.55,1635.53,0.6756756756756757
359954,7,0.5128,0.8837,0.6757,22.76,1637.53,0.6756756756756757
359954,8,0.5146,0.9018,0.6622,21.57,1662.08,0.6756756756756757
359954,9,0.5165,0.9079,0.6757,20.94,1669.74,0.6756756756756757
359954,10,0.5183,0.9109,0.6757,20.11,1677.55,0.6756756756756757
359954,11,0.5186,0.9169,0.6757,19.62,1686.59,0.6756756756756757
359954,12,0.5196,0.9215,0.6757,18.74,1709.14,0.6756756756756757
359954,13,0.5201,0.9275,0.6757,18.17,1737.91,0.6756756756756757
359954,14,0.5208,0.9335,0.6757,17.75,1788.1,0.6756756756756757
359954,15,0.5213,0.9456,0.6622,17.29,1846.69,0.6756756756756757
359954,16,0.5216,0.9502,0.6622,16.84,1893.67,0.6756756756756757
359954,17,0.5216,0.9562,0.6622,16.38,1932.04,0.6756756756756757
359954,18,0.5219,0.9577,0.6622,15.88,1942.57,0.6756756756756757
359954,19,0.5221,0.9607,0.6622,15.5,1955.77,0.6756756756756757
359954,20,0.5226,0.9607,0.6622,15.07,1964.54,0.6756756756756757
359954,21,0.523,0.9622,0.6622,14.77,1967.41,0.6756756756756757
359954,22,0.5234,0.9637,0.6622,14.49,1988.21,0.6756756756756757
359954,23,0.5233,0.9653,0.6622,14.27,1998.52,0.6756756756756757
359954,24,0.5235,0.9668,0.6486,14.0,2003.05,0.6756756756756757
359954,25,0.5234,0.9713,0.6622,13.68,1992.47,0.6756756756756757
359954,26,0.524,0.9713,0.6622,13.48,1982.1,0.6756756756756757
359954,27,0.524,0.9758,0.6622,13.22,1976.7,0.6756756756756757
359954,28,0.5245,0.9743,0.6486,13.12,1975.19,0.6756756756756757
359954,29,0.5248,0.9773,0.6486,12.94,1963.14,0.6756756756756757
359954,30,0.5249,0.9789,0.6486,12.76,1946.12,0.6756756756756757
359954,31,0.5247,0.9804,0.6486,12.59,1935.57,0.6756756756756757
359954,32,0.5247,0.9789,0.6486,12.51,1923.86,0.6756756756756757
359954,33,0.5246,0.9789,0.6486,12.37,1909.28,0.6756756756756757
359954,34,0.5249,0.9819,0.6486,12.25,1895.45,0.6756756756756757
359954,35,0.525,0.9819,0.6486,12.11,1877.87,0.6756756756756757
359954,36,0.5252,0.9804,0.6486,11.99,1859.37,0.6756756756756757
359954,37,0.5253,0.9804,0.6486,11.85,1842.63,0.6756756756756757
359954,38,0.525,0.9804,0.6486,11.74,1821.86,0.6756756756756757
359954,39,0.5252,0.9804,0.6486,11.61,1802.34,0.6756756756756757
359954,40,0.5253,0.9819,0.6486,11.5,1782.51,0.6756756756756757
359954,41,0.5252,0.9834,0.6486,11.4,1763.37,0.6756756756756757
359954,42,0.525,0.9834,0.6486,11.31,1744.41,0.6756756756756757
359954,43,0.5251,0.9849,0.6486,11.22,1722.42,0.6756756756756757
359954,44,0.5252,0.9849,0.6486,11.07,1701.35,0.6756756756756757
359954,45,0.5255,0.9849,0.6486,10.94,1679.16,0.6756756756756757
359954,46,0.5254,0.9849,0.6486,10.81,1655.06,0.6756756756756757
359954,47,0.5255,0.9864,0.6486,10.67,1635.33,0.6756756756756757
359954,48,0.5254,0.9864,0.6486,10.53,1616.37,0.6756756756756757
359954,49,0.5254,0.9864,0.6486,10.4,1597.33,0.6756756756756757
2073,0,0.4606,0.5603,0.5638,12.96,104.42,0.7181208053691275
2073,1,0.4606,0.5603,0.5638,12.96,104.42,0.7181208053691275
2073,2,0.4742,0.585,0.6242,18.81,166.79,0.7181208053691275
2073,3,0.4901,0.612,0.6309,24.02,235.63,0.7181208053691275
2073,4,0.5,0.6225,0.651,26.05,306.2,0.7181208053691275
2073,5,0.5059,0.6307,0.6443,26.45,346.99,0.7181208053691275
2073,6,0.5097,0.6375,0.6376,26.1,377.59,0.7181208053691275
2073,7,0.5117,0.6472,0.6376,26.01,413.93,0.7181208053691275
2073,8,0.5133,0.6502,0.6376,25.9,429.55,0.7181208053691275
2073,9,0.516,0.6577,0.6577,25.6,454.82,0.7181208053691275
2073,10,0.5177,0.6644,0.6577,25.8,496.56,0.7181208053691275
2073,11,0.5185,0.6674,0.6644,26.04,547.38,0.7181208053691275
2073,12,0.5201,0.6719,0.6644,25.95,595.11,0.7181208053691275
2073,13,0.5215,0.6742,0.6644,25.7,650.32,0.7181208053691275
2073,14,0.5218,0.6764,0.6711,25.49,704.78,0.7181208053691275
2073,15,0.5219,0.6801,0.6711,25.57,783.16,0.7181208053691275
2073,16,0.5217,0.6854,0.6711,26.19,875.86,0.7181208053691275
2073,17,0.5221,0.6891,0.6711,26.11,954.7,0.7181208053691275
2073,18,0.5225,0.6936,0.6711,25.99,1014.57,0.7181208053691275
2073,19,0.5225,0.6974,0.6711,25.71,1060.42,0.7181208053691275
2073,20,0.5225,0.6981,0.6711,25.37,1110.12,0.7181208053691275
2073,21,0.5224,0.6974,0.6711,25.11,1156.88,0.7181208053691275
2073,22,0.5226,0.6974,0.6779,25.17,1259.42,0.7181208053691275
2073,23,0.5225,0.7026,0.6711,25.13,1367.4,0.7181208053691275
2073,24,0.5221,0.7034,0.6779,25.18,1507.66,0.7181208053691275
2073,25,0.5217,0.7064,0.6846,25.26,1647.46,0.7181208053691275
2073,26,0.521,0.7071,0.6779,25.35,1829.48,0.7181208053691275
2073,27,0.5204,0.7116,0.6779,25.48,2024.3,0.7181208053691275
2073,28,0.5199,0.7184,0.6711,25.65,2239.9,0.7181208053691275
2073,29,0.5196,0.7251,0.6711,25.78,2435.68,0.7181208053691275
2073,30,0.5192,0.7281,0.6846,25.93,2590.06,0.7181208053691275
2073,31,0.519,0.7333,0.6846,25.97,2811.17,0.7181208053691275
2073,32,0.5186,0.7371,0.6913,26.1,3171.81,0.7181208053691275
2073,33,0.5182,0.7393,0.6846,26.32,3676.25,0.7181208053691275
2073,34,0.5178,0.7461,0.6913,26.57,4179.18,0.7181208053691275
2073,35,0.5173,0.7521,0.698,27.05,4635.4,0.7181208053691275
2073,36,0.5169,0.7588,0.698,27.33,5164.13,0.7181208053691275
2073,37,0.5165,0.7618,0.698,27.38,5620.72,0.7181208053691275
2073,38,0.5163,0.7648,0.698,27.49,6101.75,0.7181208053691275
2073,39,0.5157,0.767,0.7047,27.52,6656.67,0.7181208053691275
2073,40,0.5153,0.7708,0.7047,27.7,7212.42,0.7181208053691275
2073,41,0.515,0.7753,0.7047,28.05,7780.23,0.7181208053691275
2073,42,0.5146,0.7813,0.7047,28.18,8352.72,0.7181208053691275
2073,43,0.5143,0.785,0.7047,28.26,8792.03,0.7181208053691275
2073,44,0.5139,0.7888,0.7047,28.36,9176.34,0.7181208053691275
2073,45,0.5137,0.7903,0.7047,28.39,9538.04,0.7181208053691275
2073,46,0.5135,0.7963,0.7047,28.4,9826.98,0.7181208053691275
2073,47,0.5132,0.7985,0.698,28.42,10234.54,0.7181208053691275
2073,48,0.5129,0.8007,0.7047,28.54,10646.01,0.7181208053691275
2073,49,0.5126,0.806,0.698,28.61,10993.78,0.7181208053691275
168784,0,0.6146,0.7348,0.7282,5.22,253.17,0.8153846153846154
168784,1,0.6146,0.7348,0.7282,5.22,253.17,0.8153846153846154
168784,2,0.6305,0.7829,0.7487,10.2,679.96,0.8153846153846154
168784,3,0.6397,0.8104,0.7436,11.91,924.8,0.8153846153846154
168784,4,0.6444,0.8333,0.7487,12.04,1088.92,0.8153846153846154
168784,5,0.6477,0.8459,0.7538,11.92,1291.31,0.8153846153846154
168784,6,0.6494,0.8585,0.759,12.09,1402.27,0.8153846153846154
168784,7,0.6514,0.8694,0.759,11.77,1463.44,0.8153846153846154
168784,8,0.6531,0.8757,0.7641,11.45,1496.96,0.8153846153846154
168784,9,0.6546,0.8826,0.7641,11.02,1548.64,0.8153846153846154
168784,10,0.6554,0.8877,0.7692,10.8,1607.74,0.8153846153846154
168784,11,0.6554,0.8929,0.7692,10.77,1688.29,0.8153846153846154
168784,12,0.6556,0.8975,0.7744,10.55,1802.83,0.8153846153846154
168784,13,0.6558,0.9032,0.7744,10.29,1876.57,0.8153846153846154
168784,14,0.6566,0.9072,0.7744,10.25,2046.54,0.8153846153846154
168784,15,0.6567,0.9112,0.7744,10.18,2238.91,0.8153846153846154
168784,16,0.6568,0.9187,0.7795,10.03,2464.43,0.8153846153846154
168784,17,0.6568,0.9244,0.7795,9.9,2619.85,0.8153846153846154
168784,18,0.6569,0.9278,0.7846,9.74,2754.1,0.8153846153846154
168784,19,0.6573,0.9359,0.7795,9.75,2904.79,0.8153846153846154
168784,20,0.6575,0.9399,0.7795,9.69,3037.44,0.8153846153846154
168784,21,0.6577,0.9422,0.7795,9.71,3171.16,0.8153846153846154
168784,22,0.6575,0.9433,0.7795,9.75,3303.73,0.8153846153846154
168784,23,0.6574,0.9467,0.7846,9.69,3406.57,0.8153846153846154
168784,24,0.6571,0.9485,0.7846,9.59,3497.78,0.8153846153846154
168784,25,0.6571,0.9502,0.7846,9.58,3599.63,0.8153846153846154
168784,26,0.6572,0.9525,0.7846,9.53,3679.67,0.8153846153846154
168784,27,0.6574,0.9553,0.7897,9.45,3748.04,0.8153846153846154
168784,28,0.6575,0.9576,0.7949,9.48,3850.72,0.8153846153846154
168784,29,0.6574,0.9611,0.7949,9.51,4018.15,0.8153846153846154
168784,30,0.6574,0.9633,0.7949,9.55,4184.84,0.8153846153846154
168784,31,0.6575,0.9685,0.7949,9.49,4322.62,0.8153846153846154
168784,32,0.6576,0.9708,0.7897,9.48,4441.75,0.8153846153846154
168784,33,0.6578,0.9759,0.7949,9.44,4555.33,0.8153846153846154
168784,34,0.6581,0.9777,0.7949,9.43,4667.64,0.8153846153846154
168784,35,0.6582,0.9794,0.8,9.41,4769.19,0.8153846153846154
168784,36,0.6584,0.9805,0.7949,9.35,4864.06,0.8153846153846154
168784,37,0.6587,0.9817,0.7949,9.43,4958.67,0.8153846153846154
168784,38,0.6589,0.9822,0.8,9.48,5058.6,0.8153846153846154
168784,39,0.659,0.9834,0.8,9.59,5145.01,0.8153846153846154
168784,40,0.6592,0.9851,0.8,9.63,5202.41,0.8153846153846154
168784,41,0.6594,0.9863,0.8051,9.64,5262.2,0.8153846153846154
168784,42,0.6594,0.9868,0.8051,9.61,5321.09,0.8153846153846154
168784,43,0.6594,0.988,0.8051,9.52,5363.83,0.8153846153846154
168784,44,0.6594,0.988,0.8103,9.45,5406.48,0.8153846153846154
168784,45,0.6596,0.988,0.8103,9.4,5435.0,0.8153846153846154
168784,46,0.6596,0.9885,0.8103,9.39,5450.69,0.8153846153846154
168784,47,0.6596,0.9885,0.8051,9.33,5470.15,0.8153846153846154
168784,48,0.6598,0.9885,0.8103,9.23,5470.1,0.8153846153846154
168784,49,0.6598,0.9891,0.8103,9.2,5474.17,0.8153846153846154
359959,0,0.4516,0.4272,0.4257,10.18,52.0,0.527027027027027
359959,1,0.4516,0.4272,0.4257,10.18,52.0,0.527027027027027
359959,2,0.4603,0.4853,0.4459,14.2,115.79,0.527027027027027
359959,3,0.4661,0.5245,0.4932,16.03,188.66,0.527027027027027
359959,4,0.4709,0.5585,0.5203,16.1,205.48,0.527027027027027
359959,5,0.4735,0.5721,0.5203,15.31,202.3,0.527027027027027
359959,6,0.476,0.5834,0.527,13.99,187.97,0.527027027027027
359959,7,0.4775,0.5864,0.527,12.99,177.8,0.527027027027027
359959,8,0.4787,0.5917,0.527,12.26,178.69,0.527027027027027
359959,9,0.4799,0.5925,0.5338,11.64,175.11,0.527027027027027
359959,10,0.4797,0.5902,0.5338,11.17,174.45,0.527027027027027
359959,11,0.4809,0.5985,0.527,10.6,172.89,0.527027027027027
359959,12,0.4821,0.6023,0.527,10.17,169.98,0.527027027027027
359959,13,0.4821,0.6023,0.527,9.73,166.63,0.527027027027027
359959,14,0.4822,0.6053,0.527,9.38,168.52,0.527027027027027
359959,15,0.4824,0.6068,0.527,9.16,174.8,0.527027027027027
359959,16,0.4824,0.6091,0.5405,8.9,180.26,0.527027027027027
359959,17,0.4828,0.6091,0.5405,8.66,186.51,0.527027027027027
359959,18,0.483,0.6106,0.5405,8.45,191.13,0.527027027027027
359959,19,0.4831,0.6106,0.5405,8.32,193.8,0.527027027027027
359959,20,0.4833,0.6113,0.5405,8.19,199.51,0.527027027027027
359959,21,0.4835,0.6136,0.5473,8.11,210.65,0.527027027027027
359959,22,0.4833,0.6136,0.5473,8.03,216.95,0.527027027027027
359959,23,0.4835,0.6128,0.5473,7.97,223.74,0.527027027027027
359959,24,0.484,0.6128,0.5473,7.91,230.57,0.527027027027027
359959,25,0.4842,0.6128,0.5473,7.86,238.17,0.527027027027027
359959,26,0.4843,0.6136,0.5541,7.83,248.26,0.527027027027027
359959,27,0.4847,0.6151,0.5541,7.83,263.24,0.527027027027027
359959,28,0.4845,0.6166,0.5541,7.81,275.93,0.527027027027027
359959,29,0.4847,0.6166,0.5541,7.74,287.59,0.527027027027027
359959,30,0.4845,0.6166,0.5541,7.69,294.71,0.527027027027027
359959,31,0.4843,0.6189,0.5541,7.6,301.53,0.527027027027027
359959,32,0.4842,0.6219,0.5541,7.59,313.95,0.527027027027027
359959,33,0.484,0.6242,0.5541,7.56,323.76,0.527027027027027
359959,34,0.4842,0.6257,0.5541,7.53,334.4,0.527027027027027
359959,35,0.484,0.6257,0.5541,7.52,350.6,0.527027027027027
359959,36,0.4841,0.6264,0.5541,7.54,372.98,0.527027027027027
359959,37,0.4841,0.6287,0.5608,7.55,391.85,0.527027027027027
359959,38,0.4841,0.6302,0.5608,7.57,415.47,0.527027027027027
359959,39,0.484,0.6309,0.5608,7.61,441.08,0.527027027027027
359959,40,0.484,0.6332,0.5608,7.67,463.84,0.527027027027027
359959,41,0.4842,0.634,0.5608,7.7,483.08,0.527027027027027
359959,42,0.4843,0.6332,0.5608,7.72,510.74,0.527027027027027
359959,43,0.4844,0.6332,0.5608,7.73,528.75,0.527027027027027
359959,44,0.4844,0.6332,0.5608,7.73,547.35,0.527027027027027
359959,45,0.4845,0.634,0.5608,7.77,566.07,0.527027027027027
359959,46,0.4847,0.6325,0.5608,7.79,588.12,0.527027027027027
359959,47,0.4848,0.6347,0.5608,7.82,610.98,0.527027027027027
359959,48,0.4849,0.637,0.5608,7.86,649.75,0.527027027027027
359959,49,0.485,0.6385,0.5608,7.93,693.33,0.527027027027027
190146,0,0.6481,0.8213,0.6941,3.83,98.61,0.788235294117647
190146,1,0.6481,0.8213,0.6941,3.83,98.61,0.788235294117647
190146,2,0.6559,0.8739,0.7294,5.73,262.09,0.788235294117647
190146,3,0.6625,0.9028,0.7294,5.96,312.12,0.788235294117647
190146,4,0.6648,0.9251,0.7412,5.51,335.39,0.788235294117647
190146,5,0.6672,0.929,0.7412,5.07,351.33,0.788235294117647
190146,6,0.6674,0.9343,0.7529,4.93,367.75,0.788235294117647
190146,7,0.6687,0.9448,0.7529,4.68,392.95,0.788235294117647
190146,8,0.6691,0.9488,0.7529,4.52,416.54,0.788235294117647
190146,9,0.6696,0.9593,0.7647,4.41,439.77,0.788235294117647
190146,10,0.6699,0.9632,0.7647,4.34,460.61,0.788235294117647
190146,11,0.6705,0.9671,0.7647,4.34,475.92,0.788235294117647
190146,12,0.6707,0.9671,0.7529,4.53,488.01,0.788235294117647
190146,13,0.6705,0.9711,0.7294,4.6,497.98,0.788235294117647
190146,14,0.6711,0.975,0.7294,4.65,519.69,0.788235294117647
190146,15,0.6722,0.979,0.7294,4.76,533.07,0.788235294117647
190146,16,0.6726,0.9803,0.7412,4.9,547.19,0.788235294117647
190146,17,0.6729,0.9829,0.7412,4.98,556.44,0.788235294117647
190146,18,0.6728,0.9829,0.7294,5.16,563.54,0.788235294117647
190146,19,0.6726,0.9829,0.7294,5.44,575.12,0.788235294117647
190146,20,0.6726,0.9869,0.7412,5.59,585.07,0.788235294117647
190146,21,0.6726,0.9895,0.7412,5.7,589.52,0.788235294117647
190146,22,0.6727,0.9895,0.7412,5.78,592.32,0.788235294117647
190146,23,0.673,0.9921,0.7412,5.86,586.27,0.788235294117647
190146,24,0.673,0.9921,0.7412,5.9,585.47,0.788235294117647
190146,25,0.6734,0.9961,0.7412,6.07,589.08,0.788235294117647
190146,26,0.6738,0.9961,0.7412,6.33,598.4,0.788235294117647
190146,27,0.6739,0.9961,0.7412,6.5,610.71,0.788235294117647
190146,28,0.6742,0.9961,0.7412,6.73,625.13,0.788235294117647
190146,29,0.6743,0.9961,0.7412,6.88,639.54,0.788235294117647
190146,30,0.6745,0.9961,0.7412,6.99,652.4,0.788235294117647
190146,31,0.6746,0.9961,0.7412,7.12,662.92,0.788235294117647
190146,32,0.6746,0.9961,0.7412,7.27,669.89,0.788235294117647
190146,33,0.6745,0.9961,0.7529,7.31,678.78,0.788235294117647
190146,34,0.6746,0.9974,0.7529,7.35,685.38,0.788235294117647
190146,35,0.6747,0.9974,0.7529,7.45,691.01,0.788235294117647
190146,36,0.6746,0.9974,0.7529,7.5,697.79,0.788235294117647
190146,37,0.6747,0.9974,0.7647,7.52,703.57,0.788235294117647
190146,38,0.6747,0.9974,0.7647,7.49,708.49,0.788235294117647
190146,39,0.6746,0.9974,0.7765,7.55,716.95,0.788235294117647
190146,40,0.6745,0.9974,0.7765,7.56,720.48,0.788235294117647
190146,41,0.6746,0.9974,0.7765,7.56,722.69,0.788235294117647
190146,42,0.6746,0.9974,0.7765,7.62,726.88,0.788235294117647
190146,43,0.6746,0.9974,0.7765,7.66,731.42,0.788235294117647
190146,44,0.6748,0.9987,0.7765,7.68,732.95,0.788235294117647
190146,45,0.6749,0.9987,0.7765,7.7,733.96,0.788235294117647
190146,46,0.6749,0.9987,0.7765,7.7,733.78,0.788235294117647
190146,47,0.675,0.9987,0.7765,7.69,734.7,0.788235294117647
190146,48,0.675,0.9987,0.7765,7.68,732.53,0.788235294117647
190146,49,0.6749,0.9987,0.7765,7.68,729.4,0.788235294117647
190146,0,0.6432,0.8068,0.7412,2.84,129.14,0.7647058823529411
190146,1,0.6432,0.8068,0.7412,2.84,129.14,0.7647058823529411
190146,2,0.6496,0.8739,0.7412,9.58,560.46,0.7647058823529411
190146,3,0.6515,0.9317,0.7176,13.29,907.87,0.7647058823529411
190146,4,0.6551,0.9488,0.7176,13.96,1006.23,0.7647058823529411
190146,5,0.659,0.9685,0.7294,14.07,1044.39,0.7647058823529411
190146,6,0.6616,0.979,0.7294,13.7,1057.7,0.7647058823529411
190146,7,0.6639,0.9882,0.7059,13.19,1050.77,0.7647058823529411
190146,8,0.6648,0.9895,0.7059,12.73,1034.41,0.7647058823529411
190146,9,0.665,0.9895,0.7059,12.27,1004.75,0.7647058823529411
190146,10,0.6661,0.9921,0.7294,11.59,982.38,0.7647058823529411
190146,11,0.6674,0.9934,0.7294,11.14,962.94,0.7647058823529411
190146,12,0.6682,0.9947,0.7176,10.64,941.62,0.7647058823529411
190146,13,0.6689,0.9947,0.7294,10.47,922.9,0.7647058823529411
190146,14,0.6697,0.9947,0.7412,10.23,908.35,0.7647058823529411
190146,15,0.6705,0.9961,0.7412,10.03,900.66,0.7647058823529411
190146,16,0.6717,0.9961,0.7412,9.85,895.47,0.7647058823529411
190146,17,0.6718,0.9974,0.7529,9.68,890.59,0.7647058823529411
190146,18,0.6725,0.9974,0.7529,9.45,883.3,0.7647058823529411
190146,19,0.6728,0.9974,0.7529,9.28,877.74,0.7647058823529411
190146,20,0.6728,0.9974,0.7529,9.09,867.68,0.7647058823529411
190146,21,0.6731,0.9974,0.7529,8.94,854.44,0.7647058823529411
190146,22,0.6734,0.9987,0.7529,8.79,843.41,0.7647058823529411
190146,23,0.6734,0.9987,0.7412,8.73,832.89,0.7647058823529411
190146,24,0.6734,0.9987,0.7529,8.66,823.38,0.7647058823529411
190146,25,0.6734,0.9987,0.7529,8.56,812.28,0.7647058823529411
190146,26,0.6733,0.9987,0.7529,8.46,799.84,0.7647058823529411
190146,27,0.6735,0.9987,0.7529,8.36,789.85,0.7647058823529411
190146,28,0.6735,1.0,0.7529,8.34,779.06,0.7647058823529411
190146,29,0.6737,1.0,0.7529,8.24,769.65,0.7647058823529411
190146,30,0.6739,1.0,0.7529,8.18,759.16,0.7647058823529411
190146,31,0.674,1.0,0.7529,8.2,751.19,0.7647058823529411
190146,32,0.6741,1.0,0.7529,8.13,741.53,0.7647058823529411
190146,33,0.6741,1.0,0.7529,8.04,731.35,0.7647058823529411
190146,34,0.6743,1.0,0.7529,8.05,720.48,0.7647058823529411
190146,35,0.6743,1.0,0.7529,8.0,708.76,0.7647058823529411
190146,36,0.6745,1.0,0.7412,7.99,700.3,0.7647058823529411
190146,37,0.6746,1.0,0.7412,7.93,690.77,0.7647058823529411
190146,38,0.6747,1.0,0.7412,7.91,681.26,0.7647058823529411
190146,39,0.6745,1.0,0.7412,7.91,671.96,0.7647058823529411
190146,40,0.6746,1.0,0.7412,7.92,663.47,0.7647058823529411
190146,41,0.6748,1.0,0.7412,7.87,655.35,0.7647058823529411
190146,42,0.675,1.0,0.7412,7.8,646.32,0.7647058823529411
190146,43,0.6749,1.0,0.7647,7.72,638.23,0.7647058823529411
190146,44,0.6751,1.0,0.7647,7.72,630.19,0.7647058823529411
190146,45,0.6753,1.0,0.7647,7.72,621.92,0.7647058823529411
190146,46,0.6753,1.0,0.7647,7.69,613.33,0.7647058823529411
190146,47,0.6752,1.0,0.7647,7.68,605.14,0.7647058823529411
190146,48,0.6753,1.0,0.7647,7.68,598.1,0.7647058823529411
190146,49,0.6753,1.0,0.7647,7.63,591.29,0.7647058823529411
359959,0,0.4551,0.4287,0.4257,12.71,87.08,0.527027027027027
359959,1,0.4551,0.4287,0.4257,12.71,87.08,0.527027027027027
359959,2,0.4681,0.5245,0.5068,16.83,209.71,0.527027027027027
359959,3,0.4746,0.5638,0.5338,17.38,294.86,0.527027027027027
359959,4,0.4779,0.5879,0.5338,17.84,382.19,0.527027027027027
359959,5,0.4775,0.5932,0.5135,17.37,418.89,0.527027027027027
359959,6,0.4786,0.6053,0.5203,17.03,456.85,0.527027027027027
359959,7,0.4792,0.6053,0.5203,16.29,470.57,0.527027027027027
359959,8,0.4789,0.6053,0.5203,15.59,471.61,0.527027027027027
359959,9,0.4791,0.6121,0.5203,15.02,472.82,0.527027027027027
359959,10,0.4792,0.6128,0.5203,14.37,472.93,0.527027027027027
359959,11,0.4792,0.6158,0.5203,13.67,461.35,0.527027027027027
359959,12,0.4798,0.6174,0.527,13.11,454.35,0.527027027027027
359959,13,0.4801,0.6219,0.5203,12.64,449.15,0.527027027027027
359959,14,0.4797,0.6204,0.527,12.43,449.37,0.527027027027027
359959,15,0.4801,0.6242,0.5338,12.03,441.25,0.527027027027027
359959,16,0.4809,0.6287,0.5405,11.71,435.9,0.527027027027027
359959,17,0.4815,0.6309,0.5473,11.41,437.81,0.527027027027027
359959,18,0.4816,0.6317,0.5473,11.19,436.88,0.527027027027027
359959,19,0.4817,0.6325,0.5473,10.94,441.75,0.527027027027027
359959,20,0.4816,0.6325,0.5473,10.76,454.12,0.527027027027027
359959,21,0.4812,0.634,0.5473,10.58,465.92,0.527027027027027
359959,22,0.4813,0.6347,0.5608,10.44,477.97,0.527027027027027
359959,23,0.4815,0.6355,0.5608,10.31,494.35,0.527027027027027
359959,24,0.4817,0.6377,0.5608,10.11,501.91,0.527027027027027
359959,25,0.4818,0.637,0.5608,9.97,515.27,0.527027027027027
359959,26,0.4818,0.6408,0.5608,9.89,530.85,0.527027027027027
359959,27,0.4819,0.6423,0.5608,9.81,554.64,0.527027027027027
359959,28,0.482,0.6445,0.5608,9.76,580.09,0.527027027027027
359959,29,0.4821,0.6438,0.5608,9.77,602.25,0.527027027027027
359959,30,0.4819,0.6453,0.5608,9.65,612.68,0.527027027027027
359959,31,0.4818,0.646,0.5608,9.6,639.09,0.527027027027027
359959,32,0.4817,0.646,0.5608,9.53,658.26,0.527027027027027
359959,33,0.4818,0.646,0.5608,9.48,675.38,0.527027027027027
359959,34,0.4819,0.6483,0.5608,9.52,721.75,0.527027027027027
359959,35,0.482,0.6491,0.5608,9.47,755.74,0.527027027027027
359959,36,0.482,0.6506,0.5608,9.46,787.98,0.527027027027027
359959,37,0.482,0.6528,0.5608,9.47,827.48,0.527027027027027
359959,38,0.4819,0.6566,0.5608,9.52,869.61,0.527027027027027
359959,39,0.4818,0.6574,0.5608,9.53,902.7,0.527027027027027
359959,40,0.4817,0.6589,0.5608,9.51,935.82,0.527027027027027
359959,41,0.4817,0.6581,0.5608,9.48,965.63,0.527027027027027
359959,42,0.4816,0.6589,0.5608,9.43,991.66,0.527027027027027
359959,43,0.4817,0.6604,0.5608,9.37,1015.78,0.527027027027027
359959,44,0.4814,0.6604,0.5608,9.37,1038.27,0.527027027027027
359959,45,0.4814,0.6619,0.5608,9.38,1093.73,0.527027027027027
359959,46,0.4814,0.6626,0.5608,9.39,1165.79,0.527027027027027
359959,47,0.4814,0.6626,0.5608,9.36,1207.08,0.527027027027027
359959,48,0.4813,0.6619,0.5608,9.32,1262.3,0.527027027027027
359959,49,0.4812,0.6642,0.5608,9.32,1296.12,0.527027027027027
168784,0,0.6091,0.7411,0.7231,4.54,121.05,0.8153846153846154
168784,1,0.6091,0.7411,0.7231,4.54,121.05,0.8153846153846154
168784,2,0.6234,0.7692,0.7231,7.32,314.88,0.8153846153846154
168784,3,0.6327,0.7955,0.7436,10.29,568.6,0.8153846153846154
168784,4,0.6379,0.8139,0.7436,11.12,737.28,0.8153846153846154
168784,5,0.642,0.8282,0.759,11.37,1055.88,0.8153846153846154
168784,6,0.6441,0.8385,0.759,11.58,1259.09,0.8153846153846154
168784,7,0.6457,0.8488,0.759,11.78,1416.36,0.8153846153846154
168784,8,0.6477,0.8597,0.759,11.73,1658.87,0.8153846153846154
168784,9,0.6498,0.8711,0.759,11.86,1904.74,0.8153846153846154
168784,10,0.6507,0.8843,0.759,12.23,2302.77,0.8153846153846154
168784,11,0.6511,0.8918,0.759,12.21,2542.62,0.8153846153846154
168784,12,0.6516,0.8975,0.7641,12.06,2828.28,0.8153846153846154
168784,13,0.6523,0.9038,0.7641,11.83,3031.85,0.8153846153846154
168784,14,0.6529,0.9089,0.7641,11.64,3222.1,0.8153846153846154
168784,15,0.653,0.9158,0.759,11.58,3377.79,0.8153846153846154
168784,16,0.6534,0.9204,0.759,11.49,3687.45,0.8153846153846154
168784,17,0.654,0.9255,0.759,11.38,3924.3,0.8153846153846154
168784,18,0.6541,0.9347,0.7692,11.3,4124.53,0.8153846153846154
168784,19,0.6544,0.9393,0.7744,11.18,4281.42,0.8153846153846154
168784,20,0.6546,0.945,0.7744,11.12,4459.59,0.8153846153846154
168784,21,0.6549,0.9507,0.7692,10.93,4601.16,0.8153846153846154
168784,22,0.6549,0.9525,0.7692,10.76,4718.75,0.8153846153846154
168784,23,0.6552,0.9553,0.7795,10.58,4806.87,0.8153846153846154
168784,24,0.6555,0.9582,0.7795,10.54,4893.25,0.8153846153846154
168784,25,0.6556,0.9611,0.7744,10.39,4926.45,0.8153846153846154
168784,26,0.6558,0.9628,0.7795,10.32,4960.68,0.8153846153846154
168784,27,0.6558,0.9639,0.7795,10.2,4981.67,0.8153846153846154
168784,28,0.656,0.9679,0.7795,10.09,4987.97,0.8153846153846154
168784,29,0.6561,0.9702,0.7795,10.1,5003.48,0.8153846153846154
168784,30,0.6564,0.9708,0.7744,9.99,4995.77,0.8153846153846154
168784,31,0.6566,0.9719,0.7692,9.87,5006.48,0.8153846153846154
168784,32,0.6565,0.9742,0.7744,9.79,5026.13,0.8153846153846154
168784,33,0.6566,0.9759,0.7744,9.76,5053.25,0.8153846153846154
168784,34,0.6567,0.9771,0.7692,9.71,5101.07,0.8153846153846154
168784,35,0.6568,0.9782,0.7744,9.66,5163.2,0.8153846153846154
168784,36,0.6569,0.98,0.7744,9.64,5222.22,0.8153846153846154
168784,37,0.6571,0.9811,0.7744,9.58,5267.69,0.8153846153846154
168784,38,0.6571,0.9845,0.7795,9.61,5317.65,0.8153846153846154
168784,39,0.6572,0.9845,0.7795,9.54,5342.7,0.8153846153846154
168784,40,0.6573,0.9863,0.7795,9.51,5372.59,0.8153846153846154
168784,41,0.6573,0.9874,0.7795,9.51,5416.57,0.8153846153846154
168784,42,0.6574,0.9885,0.7897,9.49,5461.51,0.8153846153846154
168784,43,0.6574,0.9891,0.7897,9.45,5491.07,0.8153846153846154
168784,44,0.6574,0.9891,0.7846,9.54,5534.74,0.8153846153846154
168784,45,0.6573,0.9908,0.7846,9.59,5565.86,0.8153846153846154
168784,46,0.6573,0.9908,0.7846,9.62,5588.86,0.8153846153846154
168784,47,0.6572,0.9914,0.7897,9.62,5602.89,0.8153846153846154
168784,48,0.6571,0.9914,0.7897,9.64,5604.62,0.8153846153846154
168784,49,0.6572,0.9914,0.7897,9.61,5607.6,0.8153846153846154
359959,0,0.4537,0.4279,0.4257,10.14,70.14,0.5337837837837838
359959,1,0.4537,0.4279,0.4257,10.14,70.14,0.5337837837837838
359959,2,0.4616,0.5132,0.4797,15.09,122.52,0.5337837837837838
359959,3,0.4668,0.5434,0.4865,17.19,179.62,0.5337837837837838
359959,4,0.4702,0.5691,0.527,17.13,209.09,0.5337837837837838
359959,5,0.4725,0.5857,0.5338,16.82,226.29,0.5337837837837838
359959,6,0.4748,0.5909,0.5405,16.09,236.55,0.5337837837837838
359959,7,0.4761,0.5909,0.5338,15.96,255.42,0.5337837837837838
359959,8,0.4776,0.5947,0.5405,15.66,260.52,0.5337837837837838
359959,9,0.4782,0.5992,0.5338,15.31,262.99,0.5337837837837838
359959,10,0.4791,0.6038,0.527,14.99,265.4,0.5337837837837838
359959,11,0.4797,0.6075,0.527,14.65,272.86,0.5337837837837838
359959,12,0.4801,0.6113,0.527,14.17,271.39,0.5337837837837838
359959,13,0.4803,0.6128,0.5203,13.9,278.87,0.5337837837837838
359959,14,0.4802,0.6121,0.527,13.63,294.59,0.5337837837837838
359959,15,0.4807,0.6143,0.527,13.33,297.56,0.5337837837837838
359959,16,0.4813,0.6143,0.5338,12.97,299.68,0.5337837837837838
359959,17,0.4815,0.6189,0.5405,12.72,312.87,0.5337837837837838
359959,18,0.482,0.6219,0.5405,12.66,326.51,0.5337837837837838
359959,19,0.4826,0.6226,0.5405,12.46,339.86,0.5337837837837838
359959,20,0.4833,0.6226,0.5541,12.31,351.78,0.5337837837837838
359959,21,0.4835,0.6219,0.5608,12.15,363.85,0.5337837837837838
359959,22,0.484,0.6226,0.5608,11.99,368.13,0.5337837837837838
359959,23,0.4842,0.6242,0.5608,11.9,380.61,0.5337837837837838
359959,24,0.4844,0.6249,0.5608,11.74,397.01,0.5337837837837838
359959,25,0.4847,0.6249,0.5608,11.72,418.08,0.5337837837837838
359959,26,0.4849,0.6272,0.5608,11.66,440.97,0.5337837837837838
359959,27,0.4849,0.6325,0.5608,11.61,470.53,0.5337837837837838
359959,28,0.4852,0.6332,0.5608,11.6,508.53,0.5337837837837838
359959,29,0.4852,0.634,0.5608,11.59,560.81,0.5337837837837838
359959,30,0.4851,0.6347,0.5608,11.55,619.37,0.5337837837837838
359959,31,0.4849,0.6355,0.5608,11.57,679.16,0.5337837837837838
359959,32,0.485,0.637,0.5608,11.52,733.12,0.5337837837837838
359959,33,0.4847,0.6377,0.5608,11.48,790.36,0.5337837837837838
359959,34,0.4845,0.6408,0.5608,11.44,856.92,0.5337837837837838
359959,35,0.4845,0.6423,0.5608,11.33,931.04,0.5337837837837838
359959,36,0.4846,0.643,0.5608,11.17,993.75,0.5337837837837838
359959,37,0.4845,0.6423,0.5608,11.01,1052.17,0.5337837837837838
359959,38,0.4845,0.6438,0.5608,10.87,1110.29,0.5337837837837838
359959,39,0.4843,0.6453,0.5608,10.83,1180.75,0.5337837837837838
359959,40,0.4843,0.6468,0.5676,10.75,1259.25,0.5337837837837838
359959,41,0.4843,0.6475,0.5676,10.67,1302.41,0.5337837837837838
359959,42,0.4841,0.6475,0.5676,10.59,1342.09,0.5337837837837838
359959,43,0.4841,0.6528,0.5676,10.51,1388.84,0.5337837837837838
359959,44,0.4841,0.6543,0.5676,10.38,1441.21,0.5337837837837838
359959,45,0.4841,0.6536,0.5676,10.22,1483.51,0.5337837837837838
359959,46,0.484,0.6543,0.5676,10.05,1529.14,0.5337837837837838
359959,47,0.4839,0.6558,0.5676,9.93,1564.86,0.5337837837837838
359959,48,0.4838,0.6551,0.5676,9.8,1600.65,0.5337837837837838
359959,49,0.4836,0.6566,0.5676,9.67,1638.06,0.5337837837837838
190146,0,0.6506,0.8121,0.7176,7.75,137.13,0.7764705882352941
190146,1,0.6506,0.8121,0.7176,7.75,137.13,0.7764705882352941
190146,2,0.6541,0.8817,0.7294,10.42,329.83,0.7764705882352941
190146,3,0.6589,0.929,0.7294,12.5,438.8,0.7764705882352941
190146,4,0.6608,0.9461,0.7294,12.52,466.2,0.7764705882352941
190146,5,0.6619,0.9593,0.7294,12.39,503.38,0.7764705882352941
190146,6,0.6651,0.9658,0.7529,11.92,526.41,0.7764705882352941
190146,7,0.6658,0.9698,0.7529,11.28,544.2,0.7764705882352941
190146,8,0.6658,0.975,0.7412,10.95,581.03,0.7764705882352941
190146,9,0.6664,0.979,0.7294,10.55,628.02,0.7764705882352941
190146,10,0.6672,0.9842,0.7294,10.08,642.92,0.7764705882352941
190146,11,0.6674,0.9869,0.7176,9.78,654.38,0.7764705882352941
190146,12,0.6678,0.9895,0.7176,9.54,659.65,0.7764705882352941
190146,13,0.6676,0.9895,0.7294,9.38,662.61,0.7764705882352941
190146,14,0.6686,0.9921,0.7294,9.18,661.98,0.7764705882352941
190146,15,0.6691,0.9934,0.7176,8.95,661.3,0.7764705882352941
190146,16,0.6695,0.9947,0.7176,8.63,667.67,0.7764705882352941
190146,17,0.6693,0.9947,0.7176,8.37,671.43,0.7764705882352941
190146,18,0.6691,0.9947,0.7176,8.14,673.8,0.7764705882352941
190146,19,0.6692,0.9947,0.7176,8.06,671.9,0.7764705882352941
190146,20,0.6698,0.9947,0.7176,7.92,674.07,0.7764705882352941
190146,21,0.6698,0.9961,0.7176,7.66,684.24,0.7764705882352941
190146,22,0.6701,0.9961,0.7294,7.46,691.42,0.7764705882352941
190146,23,0.6705,0.9961,0.7412,7.26,694.74,0.7764705882352941
190146,24,0.6712,0.9961,0.7412,7.11,699.89,0.7764705882352941
190146,25,0.6715,0.9961,0.7412,6.91,702.42,0.7764705882352941
190146,26,0.6719,0.9974,0.7412,6.72,705.9,0.7764705882352941
190146,27,0.6718,0.9974,0.7412,6.59,710.81,0.7764705882352941
190146,28,0.672,0.9974,0.7412,6.41,709.55,0.7764705882352941
190146,29,0.6722,0.9974,0.7412,6.25,705.31,0.7764705882352941
190146,30,0.6723,0.9974,0.7412,6.11,697.4,0.7764705882352941
190146,31,0.6725,0.9974,0.7412,6.01,692.0,0.7764705882352941
190146,32,0.6726,0.9974,0.7412,5.93,687.19,0.7764705882352941
190146,33,0.6727,0.9974,0.7412,5.88,682.7,0.7764705882352941
190146,34,0.6726,0.9974,0.7412,5.85,679.59,0.7764705882352941
190146,35,0.6728,0.9974,0.7412,5.8,673.25,0.7764705882352941
190146,36,0.6729,0.9974,0.7412,5.79,667.87,0.7764705882352941
190146,37,0.673,0.9974,0.7412,5.74,662.87,0.7764705882352941
190146,38,0.6732,0.9974,0.7529,5.69,657.49,0.7764705882352941
190146,39,0.6731,0.9974,0.7529,5.65,652.08,0.7764705882352941
190146,40,0.6732,0.9974,0.7529,5.61,647.36,0.7764705882352941
190146,41,0.6732,0.9974,0.7529,5.57,640.46,0.7764705882352941
190146,42,0.6734,0.9974,0.7529,5.57,633.61,0.7764705882352941
190146,43,0.6737,0.9974,0.7529,5.54,626.45,0.7764705882352941
190146,44,0.6737,0.9974,0.7529,5.53,620.95,0.7764705882352941
190146,45,0.6738,0.9974,0.7529,5.52,616.36,0.7764705882352941
190146,46,0.6738,0.9974,0.7529,5.51,610.92,0.7764705882352941
190146,47,0.674,0.9974,0.7529,5.48,605.01,0.7764705882352941
190146,48,0.6742,0.9974,0.7529,5.44,599.79,0.7764705882352941
190146,49,0.6742,0.9974,0.7529,5.41,594.4,0.7764705882352941
190146,0,0.6433,0.7976,0.7412,4.46,101.33,0.7647058823529411
190146,1,0.6433,0.7976,0.7412,4.46,101.33,0.7647058823529411
190146,2,0.6495,0.8633,0.7412,8.8,268.89,0.7647058823529411
190146,3,0.6552,0.9054,0.7294,10.1,471.86,0.7647058823529411
190146,4,0.6596,0.9356,0.7412,11.52,573.41,0.7647058823529411
190146,5,0.6623,0.9435,0.7294,11.93,622.87,0.7647058823529411
190146,6,0.6641,0.954,0.7412,11.96,640.02,0.7647058823529411
190146,7,0.6647,0.9593,0.7412,11.89,641.74,0.7647058823529411
190146,8,0.666,0.9658,0.7412,11.69,638.43,0.7647058823529411
190146,9,0.6667,0.9711,0.7412,11.39,635.89,0.7647058823529411
190146,10,0.6675,0.9763,0.7412,11.12,630.04,0.7647058823529411
190146,11,0.6678,0.979,0.7412,11.2,657.27,0.7647058823529411
190146,12,0.6684,0.9803,0.7412,11.34,686.39,0.7647058823529411
190146,13,0.6688,0.9842,0.7412,11.5,713.97,0.7647058823529411
190146,14,0.6696,0.9842,0.7294,11.61,731.69,0.7647058823529411
190146,15,0.6701,0.9869,0.7412,11.44,733.64,0.7647058823529411
190146,16,0.6706,0.9882,0.7412,11.35,739.72,0.7647058823529411
190146,17,0.6707,0.9895,0.7176,11.16,738.04,0.7647058823529411
190146,18,0.671,0.9908,0.7294,11.15,740.79,0.7647058823529411
190146,19,0.6712,0.9908,0.7176,11.19,740.44,0.7647058823529411
190146,20,0.6718,0.9908,0.7176,11.07,734.55,0.7647058823529411
190146,21,0.6723,0.9908,0.7176,11.05,730.79,0.7647058823529411
190146,22,0.6727,0.9908,0.7176,10.93,727.96,0.7647058823529411
190146,23,0.6729,0.9908,0.7176,10.8,726.46,0.7647058823529411
190146,24,0.6734,0.9895,0.7176,10.75,732.04,0.7647058823529411
190146,25,0.6734,0.9921,0.7176,10.69,744.11,0.7647058823529411
190146,26,0.6733,0.9934,0.7176,10.7,753.97,0.7647058823529411
190146,27,0.6735,0.9947,0.7176,10.73,757.43,0.7647058823529411
190146,28,0.6738,0.9947,0.7176,10.7,761.38,0.7647058823529411
190146,29,0.6739,0.9947,0.7176,10.69,766.87,0.7647058823529411
190146,30,0.6739,0.9961,0.7176,10.61,775.94,0.7647058823529411
190146,31,0.6741,0.9961,0.7176,10.52,780.98,0.7647058823529411
190146,32,0.674,0.9961,0.7176,10.5,784.63,0.7647058823529411
190146,33,0.6743,0.9961,0.7176,10.39,784.16,0.7647058823529411
190146,34,0.6744,0.9961,0.7176,10.34,787.14,0.7647058823529411
190146,35,0.6747,0.9974,0.7176,10.37,785.88,0.7647058823529411
190146,36,0.6746,0.9974,0.7176,10.35,783.88,0.7647058823529411
190146,37,0.6749,0.9974,0.7176,10.31,781.64,0.7647058823529411
190146,38,0.6751,0.9974,0.7176,10.35,779.56,0.7647058823529411
190146,39,0.6752,0.9974,0.7059,10.24,778.32,0.7647058823529411
190146,40,0.6755,0.9974,0.7176,10.18,774.88,0.7647058823529411
190146,41,0.6758,0.9974,0.7176,10.13,769.97,0.7647058823529411
190146,42,0.6759,0.9974,0.7176,10.09,765.72,0.7647058823529411
190146,43,0.6759,0.9974,0.7176,10.01,762.85,0.7647058823529411
190146,44,0.6761,0.9947,0.7176,9.92,758.8,0.7647058823529411
190146,45,0.6762,0.9947,0.7294,9.9,755.75,0.7647058823529411
190146,46,0.6761,0.9947,0.7294,9.86,752.47,0.7647058823529411
190146,47,0.6762,0.9947,0.7294,9.85,750.64,0.7647058823529411
190146,48,0.6763,0.9947,0.7412,9.8,746.88,0.7647058823529411
190146,49,0.6766,0.9947,0.7412,9.8,743.89,0.7647058823529411
190146,0,0.6535,0.8121,0.7294,4.12,130.11,0.7647058823529411
190146,1,0.6535,0.8121,0.7294,4.12,130.11,0.7647058823529411
190146,2,0.6578,0.8647,0.7412,9.2,383.87,0.7647058823529411
190146,3,0.6654,0.9185,0.7647,12.93,675.06,0.7647058823529411
190146,4,0.6666,0.9369,0.7647,13.32,752.27,0.7647058823529411
190146,5,0.6686,0.9461,0.7647,12.65,764.74,0.7647058823529411
190146,6,0.6682,0.9566,0.7647,12.0,760.66,0.7647058823529411
190146,7,0.669,0.9645,0.7647,11.72,748.19,0.7647058823529411
190146,8,0.6694,0.9698,0.7647,11.13,729.69,0.7647058823529411
190146,9,0.6694,0.9737,0.7647,10.69,713.9,0.7647058823529411
190146,10,0.6695,0.975,0.7647,10.4,692.93,0.7647058823529411
190146,11,0.6702,0.975,0.7647,9.91,675.58,0.7647058823529411
190146,12,0.6703,0.975,0.7647,9.38,665.36,0.7647058823529411
190146,13,0.6708,0.9777,0.7529,8.99,662.21,0.7647058823529411
190146,14,0.6711,0.9816,0.7529,8.61,654.41,0.7647058823529411
190146,15,0.6709,0.9829,0.7412,8.23,650.24,0.7647058823529411
190146,16,0.671,0.9842,0.7412,7.91,641.08,0.7647058823529411
190146,17,0.671,0.9842,0.7412,7.63,628.86,0.7647058823529411
190146,18,0.6713,0.9855,0.7412,7.43,618.28,0.7647058823529411
190146,19,0.6715,0.9869,0.7412,7.24,607.77,0.7647058823529411
190146,20,0.6715,0.9869,0.7412,7.04,591.86,0.7647058823529411
190146,21,0.6713,0.9895,0.7412,6.99,581.65,0.7647058823529411
190146,22,0.6712,0.9895,0.7412,6.93,570.23,0.7647058823529411
190146,23,0.6714,0.9895,0.7412,6.85,560.39,0.7647058823529411
190146,24,0.6717,0.9934,0.7412,6.88,552.33,0.7647058823529411
190146,25,0.6716,0.9947,0.7412,6.81,547.25,0.7647058823529411
190146,26,0.6714,0.9947,0.7412,6.77,549.15,0.7647058823529411
190146,27,0.6714,0.9961,0.7412,6.77,555.6,0.7647058823529411
190146,28,0.6715,0.9961,0.7412,6.84,557.97,0.7647058823529411
190146,29,0.6715,0.9974,0.7412,6.87,558.87,0.7647058823529411
190146,30,0.6715,0.9974,0.7412,6.92,561.65,0.7647058823529411
190146,31,0.671,0.9974,0.7412,7.01,565.49,0.7647058823529411
190146,32,0.6709,0.9974,0.7412,7.11,569.38,0.7647058823529411
190146,33,0.671,0.9974,0.7412,7.21,571.57,0.7647058823529411
190146,34,0.671,0.9974,0.7294,7.29,574.19,0.7647058823529411
190146,35,0.6709,0.9974,0.7294,7.37,578.04,0.7647058823529411
190146,36,0.671,0.9974,0.7294,7.45,582.43,0.7647058823529411
190146,37,0.6709,0.9961,0.7294,7.44,587.87,0.7647058823529411
190146,38,0.671,0.9961,0.7294,7.43,593.47,0.7647058823529411
190146,39,0.6709,0.9961,0.7294,7.43,595.72,0.7647058823529411
190146,40,0.671,0.9961,0.7294,7.44,598.76,0.7647058823529411
190146,41,0.6708,0.9961,0.7294,7.43,598.51,0.7647058823529411
190146,42,0.6707,0.9961,0.7294,7.39,598.11,0.7647058823529411
190146,43,0.6708,0.9961,0.7294,7.37,596.33,0.7647058823529411
190146,44,0.6707,0.9961,0.7412,7.34,596.05,0.7647058823529411
190146,45,0.6708,0.9961,0.7412,7.41,595.22,0.7647058823529411
190146,46,0.6707,0.9961,0.7412,7.43,594.58,0.7647058823529411
190146,47,0.6706,0.9961,0.7412,7.4,593.79,0.7647058823529411
190146,48,0.6705,0.9961,0.7412,7.44,591.97,0.7647058823529411
190146,49,0.6704,0.9961,0.7412,7.46,590.65,0.7647058823529411
190146,0,0.6544,0.8344,0.7412,4.44,112.46,0.7764705882352941
190146,1,0.6544,0.8344,0.7412,4.44,112.46,0.7764705882352941
190146,2,0.6589,0.8883,0.7294,8.02,285.94,0.7764705882352941
190146,3,0.6606,0.9133,0.7176,10.13,332.17,0.7764705882352941
190146,4,0.6632,0.9212,0.7176,10.94,329.03,0.7764705882352941
190146,5,0.6652,0.933,0.7294,11.23,325.11,0.7764705882352941
190146,6,0.6657,0.9461,0.7294,11.28,333.24,0.7764705882352941
190146,7,0.666,0.9514,0.7294,11.01,331.43,0.7764705882352941
190146,8,0.6671,0.9566,0.7294,10.97,329.66,0.7764705882352941
190146,9,0.6678,0.9632,0.7294,10.6,335.4,0.7764705882352941
190146,10,0.6683,0.9658,0.7294,10.5,349.36,0.7764705882352941
190146,11,0.6688,0.9711,0.7294,10.43,382.72,0.7764705882352941
190146,12,0.6691,0.9711,0.7294,10.37,406.53,0.7764705882352941
190146,13,0.669,0.975,0.7294,10.49,431.73,0.7764705882352941
190146,14,0.669,0.9777,0.7412,10.42,465.03,0.7764705882352941
190146,15,0.6694,0.9816,0.7529,10.37,491.22,0.7764705882352941
190146,16,0.6696,0.9816,0.7412,10.41,516.09,0.7764705882352941
190146,17,0.67,0.9829,0.7529,10.44,544.71,0.7764705882352941
190146,18,0.67,0.9855,0.7529,10.21,559.09,0.7764705882352941
190146,19,0.67,0.9855,0.7529,10.15,580.31,0.7764705882352941
190146,20,0.6708,0.9895,0.7529,10.09,600.63,0.7764705882352941
190146,21,0.6711,0.9908,0.7529,9.96,612.8,0.7764705882352941
190146,22,0.6713,0.9934,0.7412,9.83,629.61,0.7764705882352941
190146,23,0.6715,0.9934,0.7412,9.73,653.57,0.7764705882352941
190146,24,0.6715,0.9934,0.7412,9.55,676.61,0.7764705882352941
190146,25,0.6714,0.9934,0.7412,9.48,703.97,0.7764705882352941
190146,26,0.6715,0.9934,0.7294,9.4,726.44,0.7764705882352941
190146,27,0.6715,0.9947,0.7294,9.3,745.62,0.7764705882352941
190146,28,0.6716,0.9947,0.7294,9.27,762.48,0.7764705882352941
190146,29,0.6718,0.9947,0.7294,9.16,777.14,0.7764705882352941
190146,30,0.6719,0.9947,0.7294,9.12,789.73,0.7764705882352941
190146,31,0.6719,0.9961,0.7294,9.01,803.73,0.7764705882352941
190146,32,0.6719,0.9961,0.7294,8.94,814.24,0.7764705882352941
190146,33,0.672,0.9974,0.7294,8.83,825.0,0.7764705882352941
190146,34,0.6721,0.9974,0.7294,8.83,833.86,0.7764705882352941
190146,35,0.672,0.9987,0.7294,8.72,841.31,0.7764705882352941
190146,36,0.6718,1.0,0.7294,8.66,850.59,0.7764705882352941
190146,37,0.6716,1.0,0.7412,8.63,857.84,0.7764705882352941
190146,38,0.6716,1.0,0.7412,8.56,861.81,0.7764705882352941
190146,39,0.6714,1.0,0.7412,8.51,865.72,0.7764705882352941
190146,40,0.6715,1.0,0.7412,8.44,868.89,0.7764705882352941
190146,41,0.6715,1.0,0.7412,8.39,873.34,0.7764705882352941
190146,42,0.6716,1.0,0.7412,8.31,873.99,0.7764705882352941
190146,43,0.6712,1.0,0.7412,8.25,874.88,0.7764705882352941
190146,44,0.6712,1.0,0.7412,8.16,873.0,0.7764705882352941
190146,45,0.671,1.0,0.7412,8.15,871.1,0.7764705882352941
190146,46,0.671,1.0,0.7412,8.12,867.89,0.7764705882352941
190146,47,0.6709,1.0,0.7412,8.1,865.47,0.7764705882352941
190146,48,0.6709,1.0,0.7412,8.05,862.33,0.7764705882352941
190146,49,0.6708,1.0,0.7412,7.99,857.19,0.7764705882352941
190146,0,0.6451,0.8029,0.7412,4.47,99.44,0.788235294117647
190146,1,0.6451,0.8029,0.7412,4.47,99.44,0.788235294117647
190146,2,0.6531,0.8725,0.7294,7.91,326.64,0.788235294117647
190146,3,0.6564,0.9133,0.7294,10.99,453.48,0.788235294117647
190146,4,0.66,0.9382,0.7294,12.76,474.85,0.788235294117647
190146,5,0.6628,0.9474,0.7294,12.51,482.63,0.788235294117647
190146,6,0.6631,0.9566,0.7176,12.54,504.09,0.788235294117647
190146,7,0.6646,0.9632,0.7176,11.88,513.91,0.788235294117647
190146,8,0.6646,0.9645,0.7176,11.54,536.54,0.788235294117647
190146,9,0.6658,0.9698,0.7294,11.34,559.76,0.788235294117647
190146,10,0.6665,0.9724,0.7294,11.17,591.77,0.788235294117647
190146,11,0.6667,0.9763,0.7294,10.9,635.97,0.788235294117647
190146,12,0.6673,0.979,0.7294,10.92,691.85,0.788235294117647
190146,13,0.6681,0.9803,0.7294,10.81,740.99,0.788235294117647
190146,14,0.6693,0.9855,0.7294,10.72,788.92,0.788235294117647
190146,15,0.6701,0.9895,0.7294,10.51,820.75,0.788235294117647
190146,16,0.6702,0.9934,0.7412,10.4,849.37,0.788235294117647
190146,17,0.6709,0.9934,0.7412,10.45,874.01,0.788235294117647
190146,18,0.6711,0.9934,0.7412,10.34,897.44,0.788235294117647
190146,19,0.6713,0.9947,0.7412,10.36,908.63,0.788235294117647
190146,20,0.6721,0.9947,0.7412,10.22,915.47,0.788235294117647
190146,21,0.6728,0.9947,0.7412,10.07,919.93,0.788235294117647
190146,22,0.6732,0.9947,0.7412,9.95,923.16,0.788235294117647
190146,23,0.6736,0.9947,0.7412,9.85,919.96,0.788235294117647
190146,24,0.6743,0.9947,0.7412,9.86,916.1,0.788235294117647
190146,25,0.6747,0.9947,0.7529,9.79,912.03,0.788235294117647
190146,26,0.6747,0.9961,0.7647,9.7,906.0,0.788235294117647
190146,27,0.6753,0.9961,0.7647,9.67,906.6,0.788235294117647
190146,28,0.6756,0.9961,0.7647,9.58,899.34,0.788235294117647
190146,29,0.6758,0.9961,0.7647,9.54,894.86,0.788235294117647
190146,30,0.676,0.9961,0.7529,9.48,890.88,0.788235294117647
190146,31,0.6761,0.9961,0.7529,9.46,888.77,0.788235294117647
190146,32,0.6762,0.9961,0.7647,9.4,887.32,0.788235294117647
190146,33,0.6763,0.9961,0.7529,9.36,884.36,0.788235294117647
190146,34,0.6764,0.9961,0.7529,9.28,879.84,0.788235294117647
190146,35,0.6765,0.9961,0.7529,9.21,874.6,0.788235294117647
190146,36,0.6766,0.9961,0.7529,9.12,868.15,0.788235294117647
190146,37,0.6768,0.9961,0.7647,9.07,863.43,0.788235294117647
190146,38,0.6769,0.9961,0.7647,8.96,856.82,0.788235294117647
190146,39,0.677,0.9961,0.7647,8.9,849.17,0.788235294117647
190146,40,0.6772,0.9961,0.7647,8.82,843.53,0.788235294117647
190146,41,0.6775,0.9961,0.7529,8.74,836.6,0.788235294117647
190146,42,0.6775,0.9961,0.7765,8.69,829.2,0.788235294117647
190146,43,0.6778,0.9961,0.7647,8.65,824.56,0.788235294117647
190146,44,0.6779,0.9961,0.7765,8.58,818.71,0.788235294117647
190146,45,0.678,0.9961,0.7647,8.52,812.54,0.788235294117647
190146,46,0.6782,0.9961,0.7765,8.46,805.77,0.788235294117647
190146,47,0.6784,0.9961,0.7882,8.39,798.55,0.788235294117647
190146,48,0.6784,0.9961,0.7882,8.32,792.26,0.788235294117647
190146,49,0.6786,0.9961,0.7765,8.28,785.38,0.788235294117647
2073,0,0.4764,0.5843,0.6107,12.53,115.5,0.7181208053691275
2073,1,0.4764,0.5843,0.6107,12.53,115.5,0.7181208053691275
2073,2,0.4863,0.6007,0.6242,15.1,141.41,0.7181208053691275
2073,3,0.4976,0.6105,0.6376,20.54,210.69,0.7181208053691275
2073,4,0.5055,0.6225,0.651,23.4,244.02,0.7181208053691275
2073,5,0.511,0.6292,0.6309,24.02,272.97,0.7181208053691275
2073,6,0.5147,0.6419,0.651,23.95,306.71,0.7181208053691275
2073,7,0.5183,0.6487,0.651,23.94,325.0,0.7181208053691275
2073,8,0.5206,0.6554,0.651,23.5,343.84,0.7181208053691275
2073,9,0.5216,0.6592,0.6577,23.25,374.66,0.7181208053691275
2073,10,0.5233,0.6614,0.6577,22.82,407.95,0.7181208053691275
2073,11,0.5245,0.6659,0.6644,22.83,444.69,0.7181208053691275
2073,12,0.525,0.6704,0.6644,22.8,498.31,0.7181208053691275
2073,13,0.5258,0.6764,0.6711,22.97,565.75,0.7181208053691275
2073,14,0.5259,0.6801,0.6711,22.55,626.19,0.7181208053691275
2073,15,0.5259,0.6831,0.6779,22.38,694.62,0.7181208053691275
2073,16,0.526,0.6831,0.6779,22.46,775.01,0.7181208053691275
2073,17,0.5265,0.6869,0.6779,22.16,869.85,0.7181208053691275
2073,18,0.5264,0.6869,0.6711,21.9,961.47,0.7181208053691275
2073,19,0.5261,0.6914,0.6711,21.5,1053.69,0.7181208053691275
2073,20,0.5257,0.6936,0.6779,21.58,1154.81,0.7181208053691275
2073,21,0.5256,0.6951,0.6779,21.37,1264.88,0.7181208053691275
2073,22,0.5252,0.6981,0.6779,21.13,1425.02,0.7181208053691275
2073,23,0.5247,0.7034,0.6779,21.13,1625.24,0.7181208053691275
2073,24,0.5244,0.7079,0.6846,21.44,1874.96,0.7181208053691275
2073,25,0.5241,0.7139,0.6846,21.54,2103.31,0.7181208053691275
2073,26,0.5239,0.7161,0.6846,21.78,2300.94,0.7181208053691275
2073,27,0.5234,0.7221,0.6846,22.23,2492.87,0.7181208053691275
2073,28,0.5232,0.7258,0.6779,22.35,2705.75,0.7181208053691275
2073,29,0.5229,0.7326,0.6779,22.55,2968.25,0.7181208053691275
2073,30,0.5226,0.7348,0.6846,22.75,3275.41,0.7181208053691275
2073,31,0.5223,0.7393,0.6913,23.03,3637.26,0.7181208053691275
2073,32,0.5218,0.7416,0.6913,23.42,4059.3,0.7181208053691275
2073,33,0.5215,0.7483,0.6913,23.53,4461.71,0.7181208053691275
2073,34,0.5207,0.7528,0.698,23.65,5010.0,0.7181208053691275
2073,35,0.5203,0.7551,0.698,23.85,5522.12,0.7181208053691275
2073,36,0.5196,0.7588,0.698,24.27,6122.27,0.7181208053691275
2073,37,0.5193,0.7625,0.698,24.56,6661.42,0.7181208053691275
2073,38,0.5189,0.77,0.698,25.14,7237.61,0.7181208053691275
2073,39,0.5183,0.7745,0.698,25.42,7728.71,0.7181208053691275
2073,40,0.518,0.7768,0.698,25.57,8226.59,0.7181208053691275
2073,41,0.5175,0.7805,0.7047,25.67,8761.53,0.7181208053691275
2073,42,0.5173,0.7835,0.7047,25.78,9278.68,0.7181208053691275
2073,43,0.5169,0.7925,0.7047,26.15,9822.73,0.7181208053691275
2073,44,0.5167,0.794,0.7047,26.29,10257.5,0.7181208053691275
2073,45,0.5163,0.794,0.7047,26.49,10603.29,0.7181208053691275
2073,46,0.516,0.8,0.7047,26.6,10943.35,0.7181208053691275
2073,47,0.5158,0.8007,0.7047,26.8,11291.21,0.7181208053691275
2073,48,0.5155,0.8045,0.698,26.77,11610.77,0.7181208053691275
2073,49,0.5153,0.809,0.698,26.65,11911.06,0.7181208053691275
168784,0,0.6148,0.7331,0.7333,5.91,188.72,0.8256410256410256
168784,1,0.6148,0.7331,0.7333,5.91,188.72,0.8256410256410256
168784,2,0.6264,0.7709,0.7436,9.44,517.94,0.8256410256410256
168784,3,0.6368,0.8036,0.7487,11.74,969.48,0.8256410256410256
168784,4,0.6422,0.8207,0.7538,12.23,1206.02,0.8256410256410256
168784,5,0.6456,0.8356,0.7692,11.82,1361.58,0.8256410256410256
168784,6,0.6483,0.8471,0.7641,11.88,1510.91,0.8256410256410256
168784,7,0.6496,0.854,0.7641,11.86,1683.39,0.8256410256410256
168784,8,0.6519,0.8654,0.759,11.56,1737.59,0.8256410256410256
168784,9,0.6521,0.8717,0.7641,11.12,1742.59,0.8256410256410256
168784,10,0.6531,0.8774,0.7641,11.12,1801.69,0.8256410256410256
168784,11,0.6538,0.8849,0.7641,10.76,1839.82,0.8256410256410256
168784,12,0.6545,0.8883,0.7692,10.55,1924.2,0.8256410256410256
168784,13,0.6551,0.894,0.7692,10.38,1969.46,0.8256410256410256
168784,14,0.6553,0.8986,0.7692,10.28,2032.91,0.8256410256410256
168784,15,0.6554,0.9032,0.7692,9.99,2073.12,0.8256410256410256
168784,16,0.6557,0.9072,0.7692,9.7,2075.01,0.8256410256410256
168784,17,0.6559,0.9107,0.7744,9.57,2114.82,0.8256410256410256
168784,18,0.6562,0.9158,0.759,9.47,2137.24,0.8256410256410256
168784,19,0.6562,0.9215,0.7692,9.34,2208.9,0.8256410256410256
168784,20,0.6565,0.925,0.7692,9.28,2287.6,0.8256410256410256
168784,21,0.6569,0.9267,0.7795,9.24,2363.84,0.8256410256410256
168784,22,0.6574,0.9278,0.7795,9.25,2442.82,0.8256410256410256
168784,23,0.6576,0.9301,0.7795,9.24,2509.7,0.8256410256410256
168784,24,0.6579,0.9324,0.7846,9.21,2582.58,0.8256410256410256
168784,25,0.658,0.9353,0.7846,9.18,2664.63,0.8256410256410256
168784,26,0.6584,0.937,0.7846,9.13,2765.66,0.8256410256410256
168784,27,0.6585,0.9416,0.7846,9.05,2869.62,0.8256410256410256
168784,28,0.6586,0.9433,0.7846,9.05,2975.81,0.8256410256410256
168784,29,0.6587,0.9473,0.7846,8.98,3076.35,0.8256410256410256
168784,30,0.6589,0.9502,0.7846,8.97,3197.96,0.8256410256410256
168784,31,0.659,0.953,0.7795,8.96,3311.69,0.8256410256410256
168784,32,0.6593,0.9553,0.7795,8.91,3412.19,0.8256410256410256
168784,33,0.6594,0.9582,0.7795,8.96,3518.37,0.8256410256410256
168784,34,0.6595,0.9605,0.7795,8.95,3621.94,0.8256410256410256
168784,35,0.6596,0.9622,0.7795,8.91,3715.45,0.8256410256410256
168784,36,0.6597,0.9639,0.7795,8.98,3829.74,0.8256410256410256
168784,37,0.6598,0.9662,0.7795,8.95,3974.76,0.8256410256410256
168784,38,0.6599,0.9708,0.7846,9.01,4122.16,0.8256410256410256
168784,39,0.66,0.9731,0.7846,9.13,4279.11,0.8256410256410256
168784,40,0.66,0.9742,0.7846,9.21,4399.85,0.8256410256410256
168784,41,0.66,0.9754,0.7897,9.26,4508.54,0.8256410256410256
168784,42,0.6602,0.9759,0.7897,9.24,4607.03,0.8256410256410256
168784,43,0.6603,0.9765,0.7897,9.23,4693.03,0.8256410256410256
168784,44,0.6603,0.9788,0.7949,9.2,4786.27,0.8256410256410256
168784,45,0.6604,0.98,0.7949,9.18,4854.06,0.8256410256410256
168784,46,0.6605,0.9811,0.8,9.14,4921.34,0.8256410256410256
168784,47,0.6605,0.9817,0.7949,9.12,4993.43,0.8256410256410256
168784,48,0.6606,0.9822,0.8,9.11,5054.23,0.8256410256410256
168784,49,0.6607,0.9845,0.8,9.1,5089.86,0.8256410256410256
190146,0,0.6398,0.8029,0.7412,3.81,65.23,0.7764705882352941
190146,1,0.6398,0.8029,0.7412,3.81,65.23,0.7764705882352941
190146,2,0.6445,0.8515,0.7294,5.61,121.69,0.7764705882352941
190146,3,0.6508,0.8778,0.7294,8.33,184.33,0.7764705882352941
190146,4,0.6544,0.9041,0.7176,10.2,226.04,0.7764705882352941
190146,5,0.6562,0.9238,0.7176,10.39,237.34,0.7764705882352941
190146,6,0.6585,0.9317,0.7176,10.33,245.64,0.7764705882352941
190146,7,0.6607,0.9343,0.7176,10.38,260.3,0.7764705882352941
190146,8,0.6618,0.9369,0.7294,10.37,276.3,0.7764705882352941
190146,9,0.6625,0.9435,0.7294,10.55,302.67,0.7764705882352941
190146,10,0.6638,0.9501,0.7294,10.62,330.3,0.7764705882352941
190146,11,0.6652,0.9566,0.7294,10.58,370.53,0.7764705882352941
190146,12,0.6662,0.9658,0.7294,10.57,412.68,0.7764705882352941
190146,13,0.6673,0.9671,0.7294,10.6,446.56,0.7764705882352941
190146,14,0.6679,0.9685,0.7294,10.74,489.56,0.7764705882352941
190146,15,0.6688,0.9711,0.7294,11.06,570.98,0.7764705882352941
190146,16,0.6692,0.9777,0.7294,11.14,641.53,0.7764705882352941
190146,17,0.6696,0.9816,0.7294,11.21,711.14,0.7764705882352941
190146,18,0.6701,0.9829,0.7294,11.39,770.93,0.7764705882352941
190146,19,0.6704,0.9855,0.7294,11.36,810.57,0.7764705882352941
190146,20,0.6704,0.9882,0.7176,11.48,847.36,0.7764705882352941
190146,21,0.6707,0.9882,0.7176,11.36,872.71,0.7764705882352941
190146,22,0.6712,0.9869,0.7176,11.32,904.06,0.7764705882352941
190146,23,0.6716,0.9869,0.7176,11.18,934.86,0.7764705882352941
190146,24,0.6721,0.9895,0.7176,11.07,960.92,0.7764705882352941
190146,25,0.6725,0.9908,0.7176,10.98,979.17,0.7764705882352941
190146,26,0.6729,0.9934,0.7176,10.88,998.34,0.7764705882352941
190146,27,0.6729,0.9934,0.7176,10.87,1014.61,0.7764705882352941
190146,28,0.673,0.9934,0.7176,10.74,1028.49,0.7764705882352941
190146,29,0.6729,0.9934,0.7176,10.67,1044.09,0.7764705882352941
190146,30,0.673,0.9934,0.7176,10.57,1057.3,0.7764705882352941
190146,31,0.6734,0.9961,0.7176,10.56,1069.15,0.7764705882352941
190146,32,0.6737,0.9974,0.7294,10.5,1078.39,0.7764705882352941
190146,33,0.674,0.9974,0.7412,10.44,1084.49,0.7764705882352941
190146,34,0.6742,0.9987,0.7529,10.41,1088.17,0.7764705882352941
190146,35,0.6742,0.9987,0.7529,10.32,1092.92,0.7764705882352941
190146,36,0.6744,0.9987,0.7412,10.22,1093.75,0.7764705882352941
190146,37,0.6744,0.9987,0.7412,10.16,1093.8,0.7764705882352941
190146,38,0.6747,0.9987,0.7412,10.07,1087.72,0.7764705882352941
190146,39,0.6749,0.9987,0.7412,9.99,1080.1,0.7764705882352941
190146,40,0.675,0.9987,0.7412,9.93,1073.75,0.7764705882352941
190146,41,0.6752,0.9987,0.7412,9.86,1067.43,0.7764705882352941
190146,42,0.6755,0.9987,0.7412,9.76,1062.05,0.7764705882352941
190146,43,0.6757,0.9987,0.7412,9.66,1056.71,0.7764705882352941
190146,44,0.6757,0.9987,0.7529,9.57,1047.28,0.7764705882352941
190146,45,0.676,0.9987,0.7529,9.51,1040.24,0.7764705882352941
190146,46,0.676,0.9987,0.7529,9.43,1033.08,0.7764705882352941
190146,47,0.6761,0.9987,0.7529,9.38,1026.67,0.7764705882352941
190146,48,0.6762,0.9987,0.7529,9.28,1020.18,0.7764705882352941
190146,49,0.6763,0.9987,0.7529,9.22,1012.97,0.7764705882352941
2073,0,0.4734,0.5685,0.5503,14.89,237.69,0.7248322147651006
2073,1,0.4734,0.5685,0.5503,14.89,237.69,0.7248322147651006
2073,2,0.4861,0.6112,0.604,23.91,629.06,0.7248322147651006
2073,3,0.4924,0.6367,0.604,32.06,1230.8,0.7248322147651006
2073,4,0.4942,0.6479,0.6309,35.18,1586.24,0.7248322147651006
2073,5,0.4988,0.6569,0.651,35.66,1782.22,0.7248322147651006
2073,6,0.5005,0.6622,0.651,36.07,1877.54,0.7248322147651006
2073,7,0.503,0.6727,0.651,35.37,1932.36,0.7248322147651006
2073,8,0.5044,0.6839,0.6443,35.1,1948.37,0.7248322147651006
2073,9,0.5054,0.6891,0.6376,34.62,1996.19,0.7248322147651006
2073,10,0.5061,0.6951,0.6443,34.41,2046.06,0.7248322147651006
2073,11,0.507,0.7004,0.6376,33.31,2092.37,0.7248322147651006
2073,12,0.5069,0.7049,0.6376,33.13,2168.86,0.7248322147651006
2073,13,0.5076,0.7094,0.6376,33.07,2267.06,0.7248322147651006
2073,14,0.5082,0.7131,0.6376,32.5,2343.08,0.7248322147651006
2073,15,0.5084,0.7131,0.6376,32.34,2409.51,0.7248322147651006
2073,16,0.508,0.7206,0.6376,32.5,2469.02,0.7248322147651006
2073,17,0.5084,0.7228,0.6376,32.26,2541.96,0.7248322147651006
2073,18,0.5081,0.7251,0.6443,31.89,2577.46,0.7248322147651006
2073,19,0.5081,0.7273,0.651,31.52,2619.94,0.7248322147651006
2073,20,0.5082,0.7296,0.651,31.17,2639.23,0.7248322147651006
2073,21,0.5077,0.7296,0.6443,31.31,2710.98,0.7248322147651006
2073,22,0.5073,0.7326,0.651,31.18,2755.09,0.7248322147651006
2073,23,0.5072,0.7371,0.651,30.96,2854.01,0.7248322147651006
2073,24,0.5071,0.7393,0.651,30.72,2947.32,0.7248322147651006
2073,25,0.507,0.7453,0.6577,30.64,3153.35,0.7248322147651006
2073,26,0.5069,0.7483,0.6644,30.42,3433.71,0.7248322147651006
2073,27,0.507,0.7551,0.6644,30.35,3696.18,0.7248322147651006
2073,28,0.5067,0.761,0.6644,30.39,4029.95,0.7248322147651006
2073,29,0.5067,0.7633,0.6644,30.2,4419.43,0.7248322147651006
2073,30,0.5066,0.77,0.6644,29.84,4941.77,0.7248322147651006
2073,31,0.5062,0.7753,0.6711,29.57,5383.76,0.7248322147651006
2073,32,0.506,0.7828,0.6711,29.46,5887.32,0.7248322147651006
2073,33,0.5059,0.788,0.6779,29.18,6374.41,0.7248322147651006
2073,34,0.5057,0.7963,0.6779,28.99,6949.88,0.7248322147651006
2073,35,0.5056,0.8015,0.6779,28.62,7439.89,0.7248322147651006
2073,36,0.5055,0.8067,0.6779,28.42,7994.87,0.7248322147651006
2073,37,0.5052,0.8105,0.6779,28.39,8428.27,0.7248322147651006
2073,38,0.5052,0.8157,0.6779,28.26,8915.1,0.7248322147651006
2073,39,0.5051,0.8195,0.6779,28.1,9404.55,0.7248322147651006
2073,40,0.5051,0.8292,0.6779,27.83,9818.41,0.7248322147651006
2073,41,0.505,0.8315,0.6779,27.62,10238.38,0.7248322147651006
2073,42,0.5049,0.8367,0.6779,27.37,10564.69,0.7248322147651006
2073,43,0.5049,0.8419,0.6779,27.08,10874.31,0.7248322147651006
2073,44,0.5049,0.8479,0.6779,26.83,11134.1,0.7248322147651006
2073,45,0.5049,0.8494,0.6779,26.62,11409.78,0.7248322147651006
2073,46,0.5049,0.8502,0.6846,26.46,11623.49,0.7248322147651006
2073,47,0.5049,0.8524,0.6846,26.36,11788.11,0.7248322147651006
2073,48,0.5049,0.8562,0.6779,26.2,11952.19,0.7248322147651006
2073,49,0.5049,0.8569,0.6913,26.1,12091.68,0.7248322147651006
2073,0,0.4698,0.585,0.5638,10.65,104.32,0.7181208053691275
2073,1,0.4698,0.585,0.5638,10.65,104.32,0.7181208053691275
2073,2,0.4809,0.594,0.5906,17.19,286.1,0.7181208053691275
2073,3,0.4968,0.615,0.6376,31.45,609.27,0.7181208053691275
2073,4,0.5068,0.636,0.6443,35.2,722.13,0.7181208053691275
2073,5,0.513,0.6494,0.6577,35.58,800.02,0.7181208053691275
2073,6,0.5167,0.6562,0.6577,34.24,846.81,0.7181208053691275
2073,7,0.5185,0.6659,0.651,33.01,898.71,0.7181208053691275
2073,8,0.5206,0.6697,0.6577,32.24,952.73,0.7181208053691275
2073,9,0.5223,0.6801,0.651,31.49,1001.76,0.7181208053691275
2073,10,0.5239,0.6884,0.6577,30.6,1041.52,0.7181208053691275
2073,11,0.5249,0.6936,0.6644,30.0,1100.36,0.7181208053691275
2073,12,0.5251,0.6989,0.6711,29.45,1191.84,0.7181208053691275
2073,13,0.5258,0.7011,0.6711,29.49,1279.24,0.7181208053691275
2073,14,0.5257,0.7071,0.6711,28.87,1355.67,0.7181208053691275
2073,15,0.5258,0.7094,0.6711,28.51,1434.24,0.7181208053691275
2073,16,0.5258,0.7131,0.6846,27.93,1523.84,0.7181208053691275
2073,17,0.5255,0.7206,0.6846,27.16,1638.96,0.7181208053691275
2073,18,0.5254,0.7258,0.698,26.84,1781.42,0.7181208053691275
2073,19,0.5247,0.7311,0.6913,26.39,1973.71,0.7181208053691275
2073,20,0.5243,0.7356,0.6913,25.95,2206.17,0.7181208053691275
2073,21,0.5238,0.7416,0.6913,25.56,2446.85,0.7181208053691275
2073,22,0.5236,0.7446,0.6913,25.16,2732.29,0.7181208053691275
2073,23,0.5231,0.7498,0.6913,24.63,3141.91,0.7181208053691275
2073,24,0.5225,0.7558,0.6913,24.18,3476.67,0.7181208053691275
2073,25,0.5218,0.7603,0.6913,24.09,3977.17,0.7181208053691275
2073,26,0.5212,0.7678,0.6913,24.0,4507.27,0.7181208053691275
2073,27,0.5207,0.77,0.698,23.8,5058.51,0.7181208053691275
2073,28,0.5197,0.7745,0.698,23.67,5625.22,0.7181208053691275
2073,29,0.5188,0.7828,0.698,23.73,6325.51,0.7181208053691275
2073,30,0.5181,0.7925,0.698,23.82,6970.26,0.7181208053691275
2073,31,0.5175,0.7978,0.698,23.76,7674.2,0.7181208053691275
2073,32,0.517,0.8052,0.698,23.89,8437.14,0.7181208053691275
2073,33,0.5163,0.8112,0.698,23.92,9166.73,0.7181208053691275
2073,34,0.5156,0.815,0.6846,23.92,9825.25,0.7181208053691275
2073,35,0.515,0.8225,0.6846,23.78,10441.89,0.7181208053691275
2073,36,0.5143,0.827,0.6913,23.63,10955.31,0.7181208053691275
2073,37,0.5139,0.8307,0.6913,23.39,11378.3,0.7181208053691275
2073,38,0.5134,0.8345,0.6913,23.34,11770.73,0.7181208053691275
2073,39,0.513,0.8404,0.698,23.19,12111.38,0.7181208053691275
2073,40,0.5126,0.8434,0.6913,23.07,12457.63,0.7181208053691275
2073,41,0.512,0.8479,0.6913,23.09,12767.74,0.7181208053691275
2073,42,0.5115,0.8524,0.6913,23.07,13023.3,0.7181208053691275
2073,43,0.5112,0.8562,0.698,22.96,13260.51,0.7181208053691275
2073,44,0.5109,0.8607,0.698,22.76,13444.22,0.7181208053691275
2073,45,0.5105,0.8622,0.698,22.61,13607.21,0.7181208053691275
2073,46,0.5103,0.8637,0.6913,22.4,13714.91,0.7181208053691275
2073,47,0.5102,0.8704,0.6913,22.11,13775.04,0.7181208053691275
2073,48,0.5099,0.8742,0.6913,21.88,13857.32,0.7181208053691275
2073,49,0.5096,0.8787,0.6913,21.68,13938.7,0.7181208053691275
