run_id,generation,avg_tree_test_acc,ensemble_train_acc,ensemble_test_acc,height_var,leaves_var,RF_baseline
359954,0,0.4765,0.6541,0.5405,9.54,144.23,0.6621621621621622
359954,1,0.4765,0.6541,0.5405,9.54,144.23,0.6621621621621622
359954,2,0.4809,0.6707,0.5676,9.77,167.64,0.6621621621621622
359954,3,0.4805,0.6677,0.5676,10.23,190.71,0.6621621621621622
359954,4,0.4841,0.6828,0.5811,11.29,236.46,0.6621621621621622
359954,5,0.4895,0.7024,0.5946,12.25,318.68,0.6621621621621622
359954,6,0.4923,0.713,0.5946,13.34,411.42,0.6621621621621622
359954,7,0.4948,0.7221,0.5946,14.89,532.47,0.6621621621621622
359954,8,0.4969,0.7356,0.6081,15.71,601.92,0.6621621621621622
359954,9,0.4983,0.7492,0.6081,15.97,648.38,0.6621621621621622
359954,10,0.5,0.7613,0.6081,16.37,694.64,0.6621621621621622
359954,11,0.5015,0.7674,0.6081,16.54,733.13,0.6621621621621622
359954,12,0.5031,0.7779,0.6081,16.67,766.93,0.6621621621621622
359954,13,0.5043,0.784,0.6216,16.86,779.59,0.6621621621621622
359954,14,0.5056,0.7961,0.6216,16.96,788.83,0.6621621621621622
359954,15,0.5069,0.8006,0.6216,16.97,799.33,0.6621621621621622
359954,16,0.5082,0.8097,0.6216,16.79,807.95,0.6621621621621622
359954,17,0.5093,0.8202,0.6216,16.76,818.15,0.6621621621621622
359954,18,0.5102,0.8248,0.6351,16.66,833.32,0.6621621621621622
359954,19,0.5112,0.8293,0.6486,16.56,842.53,0.6621621621621622
359954,20,0.5115,0.8338,0.6486,16.33,860.35,0.6621621621621622
359954,21,0.5116,0.8414,0.6486,16.14,876.79,0.6621621621621622
359954,22,0.5126,0.8459,0.6622,16.09,900.25,0.6621621621621622
359954,23,0.5133,0.8489,0.6622,15.96,921.73,0.6621621621621622
359954,24,0.5135,0.8505,0.6622,15.94,939.14,0.6621621621621622
359954,25,0.5138,0.8535,0.6622,15.85,954.34,0.6621621621621622
359954,26,0.5142,0.8565,0.6622,15.81,971.47,0.6621621621621622
359954,27,0.5144,0.858,0.6622,15.72,994.9,0.6621621621621622
359954,28,0.5148,0.8595,0.6622,15.58,1010.97,0.6621621621621622
359954,29,0.5149,0.8671,0.6757,15.7,1031.88,0.6621621621621622
359954,30,0.5151,0.8686,0.6757,15.63,1054.85,0.6621621621621622
359954,31,0.5152,0.8716,0.6757,15.46,1079.24,0.6621621621621622
359954,32,0.5154,0.8746,0.6757,15.34,1111.01,0.6621621621621622
359954,33,0.5158,0.8776,0.6757,15.3,1148.8,0.6621621621621622
359954,34,0.516,0.8822,0.6757,15.18,1191.26,0.6621621621621622
359954,35,0.5163,0.8852,0.6757,15.08,1250.23,0.6621621621621622
359954,36,0.5165,0.8867,0.6622,14.94,1295.83,0.6621621621621622
359954,37,0.5167,0.8882,0.6622,14.76,1343.38,0.6621621621621622
359954,38,0.5168,0.8912,0.6622,14.7,1382.77,0.6621621621621622
359954,39,0.5175,0.8973,0.6622,14.61,1417.54,0.6621621621621622
359954,40,0.5179,0.9003,0.6622,14.47,1443.41,0.6621621621621622
359954,41,0.5182,0.9018,0.6622,14.36,1468.34,0.6621621621621622
359954,42,0.5187,0.9018,0.6622,14.31,1491.2,0.6621621621621622
359954,43,0.5192,0.9018,0.6622,14.25,1517.34,0.6621621621621622
359954,44,0.5195,0.9063,0.6622,14.13,1545.15,0.6621621621621622
359954,45,0.5197,0.9109,0.6622,14.13,1576.5,0.6621621621621622
359954,46,0.52,0.9124,0.6622,14.07,1606.31,0.6621621621621622
359954,47,0.5201,0.9124,0.6622,14.05,1637.59,0.6621621621621622
359954,48,0.5203,0.9169,0.6622,14.02,1672.27,0.6621621621621622
359954,49,0.5204,0.9199,0.6622,13.94,1701.69,0.6621621621621622
2073,0,0.4822,0.5933,0.6174,16.14,377.49,0.7181208053691275
2073,1,0.4822,0.5933,0.6174,16.14,377.49,0.7181208053691275
2073,2,0.4795,0.5925,0.6174,17.28,373.58,0.7181208053691275
2073,3,0.4835,0.5925,0.6242,18.3,390.8,0.7181208053691275
2073,4,0.4851,0.6,0.6107,19.73,428.82,0.7181208053691275
2073,5,0.4881,0.6135,0.6174,20.87,526.62,0.7181208053691275
2073,6,0.4931,0.6195,0.6309,21.75,582.22,0.7181208053691275
2073,7,0.4955,0.627,0.6309,22.16,639.5,0.7181208053691275
2073,8,0.4979,0.6292,0.6309,22.99,705.47,0.7181208053691275
2073,9,0.5005,0.633,0.6309,23.8,796.74,0.7181208053691275
2073,10,0.5031,0.639,0.6309,24.23,892.04,0.7181208053691275
2073,11,0.5044,0.6472,0.6309,24.24,971.37,0.7181208053691275
2073,12,0.5053,0.6502,0.6376,24.49,1045.38,0.7181208053691275
2073,13,0.5069,0.6577,0.6376,24.86,1120.39,0.7181208053691275
2073,14,0.5086,0.6607,0.6376,25.02,1183.38,0.7181208053691275
2073,15,0.5094,0.6659,0.6376,25.36,1239.69,0.7181208053691275
2073,16,0.5098,0.6659,0.6376,25.73,1284.81,0.7181208053691275
2073,17,0.5106,0.6682,0.6376,25.85,1336.19,0.7181208053691275
2073,18,0.5108,0.6719,0.6376,26.27,1389.44,0.7181208053691275
2073,19,0.5112,0.6757,0.6376,26.16,1436.8,0.7181208053691275
2073,20,0.5118,0.6801,0.6443,26.1,1496.81,0.7181208053691275
2073,21,0.5125,0.6846,0.651,26.21,1564.78,0.7181208053691275
2073,22,0.513,0.6876,0.6577,26.39,1631.42,0.7181208053691275
2073,23,0.5137,0.6899,0.6577,26.55,1700.54,0.7181208053691275
2073,24,0.5142,0.6899,0.6577,26.71,1770.56,0.7181208053691275
2073,25,0.5145,0.6921,0.6779,26.66,1859.51,0.7181208053691275
2073,26,0.5145,0.6951,0.6779,26.64,1922.48,0.7181208053691275
2073,27,0.5143,0.6996,0.6779,26.85,2017.88,0.7181208053691275
2073,28,0.5145,0.7019,0.6779,26.78,2135.78,0.7181208053691275
2073,29,0.5146,0.7056,0.6779,26.9,2264.54,0.7181208053691275
2073,30,0.5146,0.7086,0.6779,26.92,2391.66,0.7181208053691275
2073,31,0.5149,0.7116,0.6779,27.23,2511.3,0.7181208053691275
2073,32,0.5147,0.7154,0.6779,27.46,2646.79,0.7181208053691275
2073,33,0.5149,0.7191,0.6779,27.71,2793.92,0.7181208053691275
2073,34,0.5146,0.7191,0.6779,27.94,2926.08,0.7181208053691275
2073,35,0.5146,0.7221,0.6779,28.11,3090.11,0.7181208053691275
2073,36,0.5144,0.7228,0.6779,28.26,3277.25,0.7181208053691275
2073,37,0.5143,0.7273,0.6846,28.46,3443.7,0.7181208053691275
2073,38,0.5142,0.7296,0.6779,28.67,3615.55,0.7181208053691275
2073,39,0.5142,0.7348,0.6846,28.87,3856.55,0.7181208053691275
2073,40,0.514,0.7393,0.6913,28.95,4092.56,0.7181208053691275
2073,41,0.514,0.7423,0.6846,29.19,4327.31,0.7181208053691275
2073,42,0.5136,0.7446,0.6846,29.36,4575.66,0.7181208053691275
2073,43,0.5135,0.7476,0.6846,29.52,4838.17,0.7181208053691275
2073,44,0.5134,0.7551,0.6913,29.6,5132.09,0.7181208053691275
2073,45,0.5133,0.7573,0.6913,29.7,5389.75,0.7181208053691275
2073,46,0.5131,0.7618,0.6913,29.85,5647.46,0.7181208053691275
2073,47,0.513,0.7655,0.6913,29.93,5892.99,0.7181208053691275
2073,48,0.5127,0.77,0.698,30.04,6175.85,0.7181208053691275
2073,49,0.5126,0.7745,0.698,30.18,6500.18,0.7181208053691275
190146,0,0.6362,0.8029,0.7176,5.03,149.65,0.7647058823529411
190146,1,0.6362,0.8029,0.7176,5.03,149.65,0.7647058823529411
190146,2,0.6423,0.8108,0.7412,5.9,180.03,0.7647058823529411
190146,3,0.6485,0.8292,0.7412,7.32,250.65,0.7647058823529411
190146,4,0.6515,0.8581,0.7294,8.51,339.47,0.7647058823529411
190146,5,0.6546,0.883,0.7294,9.97,416.35,0.7647058823529411
190146,6,0.6565,0.912,0.7294,10.4,464.31,0.7647058823529411
190146,7,0.6591,0.929,0.7412,10.81,493.51,0.7647058823529411
190146,8,0.6602,0.9382,0.7412,10.55,515.45,0.7647058823529411
190146,9,0.6604,0.9435,0.7294,10.63,536.4,0.7647058823529411
190146,10,0.6611,0.9514,0.7294,10.61,551.43,0.7647058823529411
190146,11,0.6614,0.9553,0.7294,10.4,559.82,0.7647058823529411
190146,12,0.6616,0.9632,0.7176,10.19,566.09,0.7647058823529411
190146,13,0.6625,0.9658,0.7294,9.95,571.95,0.7647058823529411
190146,14,0.6634,0.9685,0.7176,9.86,582.48,0.7647058823529411
190146,15,0.664,0.9685,0.7176,9.78,596.38,0.7647058823529411
190146,16,0.6646,0.9711,0.7176,9.77,607.79,0.7647058823529411
190146,17,0.6654,0.9737,0.7176,9.64,626.56,0.7647058823529411
190146,18,0.6658,0.9737,0.7294,9.51,641.13,0.7647058823529411
190146,19,0.6661,0.9737,0.7294,9.4,657.71,0.7647058823529411
190146,20,0.6664,0.979,0.7176,9.24,672.6,0.7647058823529411
190146,21,0.6666,0.9803,0.7176,9.09,688.04,0.7647058823529411
190146,22,0.6669,0.9829,0.7176,8.94,706.02,0.7647058823529411
190146,23,0.6675,0.9855,0.7294,8.8,723.26,0.7647058823529411
190146,24,0.6679,0.9855,0.7294,8.78,728.48,0.7647058823529411
190146,25,0.6684,0.9855,0.7176,8.64,735.36,0.7647058823529411
190146,26,0.6688,0.9869,0.7176,8.57,741.64,0.7647058823529411
190146,27,0.6688,0.9882,0.7176,8.47,747.68,0.7647058823529411
190146,28,0.6692,0.9882,0.7176,8.43,752.04,0.7647058823529411
190146,29,0.669,0.9908,0.7176,8.41,757.99,0.7647058823529411
190146,30,0.6691,0.9921,0.7294,8.35,761.59,0.7647058823529411
190146,31,0.6691,0.9934,0.7294,8.27,766.97,0.7647058823529411
190146,32,0.6691,0.9934,0.7294,8.16,770.48,0.7647058823529411
190146,33,0.6692,0.9934,0.7294,8.09,775.38,0.7647058823529411
190146,34,0.6693,0.9961,0.7294,8.07,776.28,0.7647058823529411
190146,35,0.6696,0.9974,0.7294,8.04,780.14,0.7647058823529411
190146,36,0.6699,0.9974,0.7294,8.0,785.68,0.7647058823529411
190146,37,0.6701,0.9974,0.7294,7.97,787.96,0.7647058823529411
190146,38,0.6702,0.9974,0.7294,7.91,790.17,0.7647058823529411
190146,39,0.6705,0.9974,0.7412,7.86,790.99,0.7647058823529411
190146,40,0.6706,0.9974,0.7412,7.84,792.53,0.7647058823529411
190146,41,0.6709,0.9987,0.7412,7.82,795.04,0.7647058823529411
190146,42,0.671,0.9987,0.7412,7.78,797.79,0.7647058823529411
190146,43,0.6711,0.9987,0.7412,7.73,798.86,0.7647058823529411
190146,44,0.6711,0.9987,0.7412,7.69,799.92,0.7647058823529411
190146,45,0.6712,0.9987,0.7412,7.67,802.24,0.7647058823529411
190146,46,0.6714,0.9987,0.7412,7.71,804.74,0.7647058823529411
190146,47,0.6714,0.9987,0.7412,7.67,809.43,0.7647058823529411
190146,48,0.6715,0.9987,0.7412,7.72,813.03,0.7647058823529411
190146,49,0.6715,0.9987,0.7412,7.71,814.94,0.7647058823529411
168784,0,0.6126,0.7405,0.7436,4.51,147.25,0.8102564102564103
168784,1,0.6126,0.7405,0.7436,4.51,147.25,0.8102564102564103
168784,2,0.6153,0.7474,0.7436,4.95,163.67,0.8102564102564103
168784,3,0.6191,0.7532,0.7436,4.86,175.58,0.8102564102564103
168784,4,0.6227,0.7617,0.7385,4.92,203.47,0.8102564102564103
168784,5,0.6264,0.7669,0.7487,5.65,251.01,0.8102564102564103
168784,6,0.6289,0.7755,0.7333,6.05,304.11,0.8102564102564103
168784,7,0.6317,0.7801,0.7385,6.55,364.26,0.8102564102564103
168784,8,0.6346,0.7881,0.7436,7.08,423.4,0.8102564102564103
168784,9,0.6374,0.7967,0.7487,7.33,463.5,0.8102564102564103
168784,10,0.6394,0.799,0.7487,7.32,499.57,0.8102564102564103
168784,11,0.6413,0.807,0.7538,7.29,535.08,0.8102564102564103
168784,12,0.6428,0.8156,0.759,7.29,562.45,0.8102564102564103
168784,13,0.644,0.819,0.759,7.41,595.78,0.8102564102564103
168784,14,0.6449,0.8219,0.7487,7.47,639.59,0.8102564102564103
168784,15,0.646,0.827,0.7538,7.51,657.87,0.8102564102564103
168784,16,0.6471,0.831,0.7641,7.54,696.89,0.8102564102564103
168784,17,0.6478,0.8328,0.7641,7.61,742.88,0.8102564102564103
168784,18,0.6486,0.8362,0.7641,7.68,784.2,0.8102564102564103
168784,19,0.6493,0.8391,0.7641,7.75,838.21,0.8102564102564103
168784,20,0.6498,0.8419,0.7641,7.88,893.73,0.8102564102564103
168784,21,0.6506,0.8436,0.7641,7.91,942.4,0.8102564102564103
168784,22,0.6509,0.8477,0.7744,8.06,1012.3,0.8102564102564103
168784,23,0.6512,0.8511,0.7641,8.2,1068.61,0.8102564102564103
168784,24,0.6518,0.8528,0.759,8.41,1129.53,0.8102564102564103
168784,25,0.6522,0.8557,0.759,8.5,1203.49,0.8102564102564103
168784,26,0.6525,0.858,0.759,8.6,1304.47,0.8102564102564103
168784,27,0.6529,0.8614,0.759,8.67,1407.19,0.8102564102564103
168784,28,0.6531,0.8666,0.7641,8.72,1513.86,0.8102564102564103
168784,29,0.6533,0.8694,0.7641,8.79,1622.84,0.8102564102564103
168784,30,0.6538,0.8711,0.7692,8.93,1723.96,0.8102564102564103
168784,31,0.654,0.8729,0.7692,9.05,1829.47,0.8102564102564103
168784,32,0.6542,0.8757,0.7692,9.18,1943.74,0.8102564102564103
168784,33,0.6545,0.8757,0.7641,9.23,2047.27,0.8102564102564103
168784,34,0.6546,0.8792,0.7744,9.3,2148.77,0.8102564102564103
168784,35,0.6547,0.8814,0.7692,9.3,2246.32,0.8102564102564103
168784,36,0.6548,0.8843,0.7692,9.37,2333.45,0.8102564102564103
168784,37,0.655,0.8895,0.7692,9.47,2418.11,0.8102564102564103
168784,38,0.6551,0.8895,0.7641,9.54,2505.69,0.8102564102564103
168784,39,0.6551,0.8906,0.7641,9.57,2589.35,0.8102564102564103
168784,40,0.6552,0.8923,0.7641,9.65,2686.34,0.8102564102564103
168784,41,0.6553,0.8958,0.7692,9.67,2790.67,0.8102564102564103
168784,42,0.6554,0.8992,0.7692,9.67,2883.4,0.8102564102564103
168784,43,0.6555,0.9015,0.7692,9.73,2969.56,0.8102564102564103
168784,44,0.6558,0.9038,0.7692,9.81,3056.75,0.8102564102564103
168784,45,0.6557,0.9055,0.7692,9.91,3147.9,0.8102564102564103
168784,46,0.6558,0.9089,0.7692,9.92,3262.7,0.8102564102564103
168784,47,0.6558,0.9129,0.7692,10.0,3386.55,0.8102564102564103
168784,48,0.6559,0.9147,0.7692,9.99,3511.5,0.8102564102564103
168784,49,0.6559,0.9158,0.7692,10.06,3628.47,0.8102564102564103
359959,0,0.4618,0.4468,0.4324,10.07,51.22,0.527027027027027
359959,1,0.4618,0.4468,0.4324,10.07,51.22,0.527027027027027
359959,2,0.4629,0.4679,0.4324,11.06,63.71,0.527027027027027
359959,3,0.4656,0.4981,0.4662,11.31,68.84,0.527027027027027
359959,4,0.4666,0.5087,0.4865,11.69,78.77,0.527027027027027
359959,5,0.4694,0.5223,0.5068,12.07,92.7,0.527027027027027
359959,6,0.4728,0.5449,0.5338,12.76,115.01,0.527027027027027
359959,7,0.4755,0.5517,0.527,13.17,131.95,0.527027027027027
359959,8,0.4766,0.56,0.5473,13.17,143.47,0.527027027027027
359959,9,0.4779,0.5728,0.5405,13.52,157.42,0.527027027027027
359959,10,0.4791,0.5834,0.5338,13.92,169.11,0.527027027027027
359959,11,0.4806,0.5872,0.5405,14.2,179.85,0.527027027027027
359959,12,0.4817,0.5879,0.5338,14.3,188.33,0.527027027027027
359959,13,0.4824,0.5925,0.527,14.27,194.33,0.527027027027027
359959,14,0.4828,0.5947,0.527,14.26,201.77,0.527027027027027
359959,15,0.4837,0.5962,0.527,14.19,209.75,0.527027027027027
359959,16,0.4846,0.5962,0.527,14.01,216.48,0.527027027027027
359959,17,0.4852,0.603,0.527,13.79,222.81,0.527027027027027
359959,18,0.4856,0.6015,0.5135,13.68,227.23,0.527027027027027
359959,19,0.4861,0.6091,0.5203,13.55,236.97,0.527027027027027
359959,20,0.4864,0.6083,0.5135,13.42,244.56,0.527027027027027
359959,21,0.4866,0.6083,0.5203,13.25,251.25,0.527027027027027
359959,22,0.4869,0.6136,0.527,13.1,258.82,0.527027027027027
359959,23,0.487,0.6143,0.527,12.96,265.89,0.527027027027027
359959,24,0.4871,0.6158,0.527,12.77,273.81,0.527027027027027
359959,25,0.4875,0.6158,0.5338,12.69,283.62,0.527027027027027
359959,26,0.4877,0.6181,0.5338,12.56,294.01,0.527027027027027
359959,27,0.4878,0.6189,0.5338,12.41,304.64,0.527027027027027
359959,28,0.488,0.6226,0.5338,12.3,315.02,0.527027027027027
359959,29,0.4881,0.6242,0.5338,12.18,323.37,0.527027027027027
359959,30,0.4884,0.6234,0.5405,12.03,327.67,0.527027027027027
359959,31,0.4886,0.6257,0.5473,11.94,331.72,0.527027027027027
359959,32,0.4885,0.6257,0.5541,11.8,335.23,0.527027027027027
359959,33,0.4888,0.6249,0.5541,11.67,339.26,0.527027027027027
359959,34,0.4888,0.6249,0.5541,11.56,346.2,0.527027027027027
359959,35,0.4888,0.6242,0.5541,11.45,354.07,0.527027027027027
359959,36,0.4891,0.6272,0.5541,11.41,368.62,0.527027027027027
359959,37,0.4893,0.6249,0.5541,11.34,382.46,0.527027027027027
359959,38,0.4892,0.6257,0.5541,11.3,401.65,0.527027027027027
359959,39,0.4892,0.6264,0.5541,11.25,423.57,0.527027027027027
359959,40,0.4892,0.6257,0.5541,11.24,447.0,0.527027027027027
359959,41,0.4892,0.6264,0.5541,11.22,475.71,0.527027027027027
359959,42,0.4892,0.6287,0.5541,11.2,510.83,0.527027027027027
359959,43,0.4891,0.6294,0.5541,11.23,550.73,0.527027027027027
359959,44,0.4889,0.6294,0.5541,11.28,593.62,0.527027027027027
359959,45,0.4888,0.6317,0.5541,11.33,632.02,0.527027027027027
359959,46,0.4887,0.6332,0.5541,11.36,675.58,0.527027027027027
359959,47,0.4886,0.6347,0.5608,11.34,712.79,0.527027027027027
359959,48,0.4886,0.6347,0.5608,11.34,745.17,0.527027027027027
359959,49,0.4887,0.6377,0.5676,11.33,779.78,0.527027027027027
190146,0,0.6535,0.8121,0.7294,4.12,130.11,0.7647058823529411
190146,1,0.6535,0.8121,0.7294,4.12,130.11,0.7647058823529411
190146,2,0.6544,0.8226,0.7412,5.22,173.31,0.7647058823529411
190146,3,0.6551,0.8344,0.7294,6.53,239.77,0.7647058823529411
190146,4,0.6572,0.8502,0.7294,7.29,313.76,0.7647058823529411
190146,5,0.6599,0.8725,0.7294,7.95,420.51,0.7647058823529411
190146,6,0.6628,0.912,0.7294,9.33,550.8,0.7647058823529411
190146,7,0.6636,0.9317,0.7294,10.35,648.88,0.7647058823529411
190146,8,0.6655,0.9396,0.7294,10.69,700.65,0.7647058823529411
190146,9,0.6664,0.9448,0.7294,10.91,742.95,0.7647058823529411
190146,10,0.6665,0.9527,0.7294,10.93,767.9,0.7647058823529411
190146,11,0.6665,0.9632,0.7412,10.83,768.18,0.7647058823529411
190146,12,0.6671,0.9658,0.7412,10.57,761.5,0.7647058823529411
190146,13,0.6673,0.9698,0.7412,10.5,758.0,0.7647058823529411
190146,14,0.6676,0.9724,0.7412,10.36,758.73,0.7647058823529411
190146,15,0.6681,0.9737,0.7412,10.3,757.65,0.7647058823529411
190146,16,0.6688,0.9737,0.7294,10.25,753.33,0.7647058823529411
190146,17,0.669,0.975,0.7176,10.06,751.54,0.7647058823529411
190146,18,0.6691,0.975,0.7176,10.06,753.45,0.7647058823529411
190146,19,0.6694,0.9777,0.7176,9.94,754.07,0.7647058823529411
190146,20,0.6699,0.979,0.7176,9.88,754.64,0.7647058823529411
190146,21,0.6704,0.9842,0.7176,9.77,754.93,0.7647058823529411
190146,22,0.6705,0.9855,0.7176,9.6,753.53,0.7647058823529411
190146,23,0.6707,0.9855,0.7176,9.47,752.33,0.7647058823529411
190146,24,0.6708,0.9869,0.7176,9.41,749.76,0.7647058823529411
190146,25,0.6709,0.9882,0.7176,9.33,747.09,0.7647058823529411
190146,26,0.671,0.9895,0.7176,9.25,744.95,0.7647058823529411
190146,27,0.671,0.9895,0.7176,9.15,741.55,0.7647058823529411
190146,28,0.6713,0.9908,0.7176,9.06,737.66,0.7647058823529411
190146,29,0.6712,0.9921,0.7294,9.04,737.71,0.7647058823529411
190146,30,0.6712,0.9934,0.7294,9.0,739.31,0.7647058823529411
190146,31,0.6713,0.9934,0.7294,9.01,745.89,0.7647058823529411
190146,32,0.6714,0.9934,0.7294,8.98,750.74,0.7647058823529411
190146,33,0.6716,0.9974,0.7294,9.01,759.5,0.7647058823529411
190146,34,0.6715,0.9987,0.7294,9.02,767.01,0.7647058823529411
190146,35,0.6717,0.9987,0.7294,8.97,775.21,0.7647058823529411
190146,36,0.6716,0.9987,0.7294,8.94,781.15,0.7647058823529411
190146,37,0.6716,0.9987,0.7294,8.87,788.45,0.7647058823529411
190146,38,0.6716,0.9987,0.7294,8.85,795.34,0.7647058823529411
190146,39,0.6716,0.9987,0.7294,8.81,802.97,0.7647058823529411
190146,40,0.6717,0.9987,0.7294,8.76,806.61,0.7647058823529411
190146,41,0.6719,0.9987,0.7294,8.73,808.69,0.7647058823529411
190146,42,0.672,0.9987,0.7294,8.71,811.91,0.7647058823529411
190146,43,0.6721,0.9987,0.7294,8.67,813.58,0.7647058823529411
190146,44,0.6722,0.9987,0.7294,8.68,817.46,0.7647058823529411
190146,45,0.6722,0.9987,0.7294,8.65,818.59,0.7647058823529411
190146,46,0.6723,0.9987,0.7294,8.61,820.51,0.7647058823529411
190146,47,0.6722,0.9987,0.7294,8.59,821.35,0.7647058823529411
190146,48,0.6721,0.9987,0.7294,8.58,821.27,0.7647058823529411
190146,49,0.6722,0.9987,0.7412,8.53,819.67,0.7647058823529411
168784,0,0.6192,0.7377,0.7282,4.61,136.07,0.8102564102564103
168784,1,0.6192,0.7377,0.7282,4.61,136.07,0.8102564102564103
168784,2,0.6252,0.7503,0.7179,4.68,144.46,0.8102564102564103
168784,3,0.6288,0.756,0.7282,5.03,157.18,0.8102564102564103
168784,4,0.6312,0.7646,0.7385,5.18,168.22,0.8102564102564103
168784,5,0.6343,0.7721,0.7487,5.21,179.51,0.8102564102564103
168784,6,0.6367,0.7778,0.7487,5.64,198.58,0.8102564102564103
168784,7,0.6381,0.7852,0.7385,5.83,218.18,0.8102564102564103
168784,8,0.6409,0.7892,0.7436,6.06,245.31,0.8102564102564103
168784,9,0.6426,0.7955,0.7538,6.22,265.98,0.8102564102564103
168784,10,0.6443,0.8018,0.7436,6.44,287.97,0.8102564102564103
168784,11,0.6458,0.807,0.7436,6.68,305.97,0.8102564102564103
168784,12,0.6469,0.8087,0.7436,6.66,321.87,0.8102564102564103
168784,13,0.6481,0.8116,0.7436,6.68,336.71,0.8102564102564103
168784,14,0.6486,0.8144,0.7538,6.64,358.18,0.8102564102564103
168784,15,0.6493,0.8156,0.7538,6.73,383.12,0.8102564102564103
168784,16,0.65,0.8202,0.7692,6.76,404.6,0.8102564102564103
168784,17,0.6507,0.8242,0.7641,6.77,430.75,0.8102564102564103
168784,18,0.6511,0.827,0.7641,6.87,451.44,0.8102564102564103
168784,19,0.6517,0.8276,0.759,6.85,467.71,0.8102564102564103
168784,20,0.6522,0.8316,0.759,6.9,489.8,0.8102564102564103
168784,21,0.6526,0.8351,0.7641,6.87,512.53,0.8102564102564103
168784,22,0.6529,0.8368,0.7641,6.89,539.25,0.8102564102564103
168784,23,0.6534,0.8391,0.7641,6.96,568.51,0.8102564102564103
168784,24,0.6538,0.8402,0.759,7.06,603.72,0.8102564102564103
168784,25,0.6542,0.8408,0.759,7.07,641.52,0.8102564102564103
168784,26,0.6545,0.8436,0.759,7.16,678.34,0.8102564102564103
168784,27,0.6547,0.8465,0.759,7.21,718.03,0.8102564102564103
168784,28,0.6547,0.8465,0.7641,7.26,751.02,0.8102564102564103
168784,29,0.6549,0.8494,0.7641,7.29,777.84,0.8102564102564103
168784,30,0.6551,0.8557,0.7641,7.35,800.54,0.8102564102564103
168784,31,0.6552,0.8574,0.7641,7.41,826.68,0.8102564102564103
168784,32,0.6553,0.8591,0.7641,7.45,865.41,0.8102564102564103
168784,33,0.6554,0.8597,0.7641,7.48,910.09,0.8102564102564103
168784,34,0.6557,0.8608,0.7641,7.51,958.44,0.8102564102564103
168784,35,0.6559,0.862,0.759,7.64,1016.37,0.8102564102564103
168784,36,0.656,0.8625,0.759,7.77,1074.76,0.8102564102564103
168784,37,0.6561,0.866,0.7641,7.85,1152.19,0.8102564102564103
168784,38,0.6563,0.8677,0.7641,7.93,1233.42,0.8102564102564103
168784,39,0.6563,0.8683,0.7641,8.02,1334.74,0.8102564102564103
168784,40,0.6563,0.87,0.7641,8.13,1457.99,0.8102564102564103
168784,41,0.6562,0.8723,0.7641,8.25,1610.32,0.8102564102564103
168784,42,0.6563,0.8763,0.7641,8.43,1770.37,0.8102564102564103
168784,43,0.6563,0.8792,0.7641,8.55,1928.64,0.8102564102564103
168784,44,0.6564,0.8814,0.7641,8.65,2085.16,0.8102564102564103
168784,45,0.6565,0.8843,0.7641,8.76,2234.63,0.8102564102564103
168784,46,0.6566,0.886,0.7641,8.93,2383.29,0.8102564102564103
168784,47,0.6566,0.8877,0.7641,9.07,2540.58,0.8102564102564103
168784,48,0.6567,0.8889,0.7641,9.16,2697.67,0.8102564102564103
168784,49,0.6566,0.8912,0.7692,9.23,2841.56,0.8102564102564103
190146,0,0.6534,0.8147,0.7529,5.55,108.09,0.7647058823529411
190146,1,0.6534,0.8147,0.7529,5.55,108.09,0.7647058823529411
190146,2,0.6543,0.8265,0.7294,5.83,135.12,0.7647058823529411
190146,3,0.6556,0.8384,0.7294,6.87,170.92,0.7647058823529411
190146,4,0.6571,0.8633,0.7294,8.18,225.94,0.7647058823529411
190146,5,0.6603,0.8844,0.7294,8.76,277.52,0.7647058823529411
190146,6,0.6617,0.8988,0.7294,8.81,327.61,0.7647058823529411
190146,7,0.6627,0.9146,0.7294,9.3,383.66,0.7647058823529411
190146,8,0.6629,0.9251,0.7294,9.43,423.67,0.7647058823529411
190146,9,0.6634,0.9382,0.7529,9.77,442.63,0.7647058823529411
190146,10,0.6637,0.9382,0.7529,9.83,446.46,0.7647058823529411
190146,11,0.664,0.9448,0.7529,9.85,451.99,0.7647058823529411
190146,12,0.6647,0.9488,0.7529,10.16,460.45,0.7647058823529411
190146,13,0.6656,0.9514,0.7529,10.07,466.06,0.7647058823529411
190146,14,0.6655,0.9553,0.7529,10.2,473.99,0.7647058823529411
190146,15,0.6652,0.9566,0.7529,10.12,479.45,0.7647058823529411
190146,16,0.6658,0.958,0.7529,10.06,483.36,0.7647058823529411
190146,17,0.6663,0.9619,0.7529,10.15,491.77,0.7647058823529411
190146,18,0.6665,0.9658,0.7529,10.05,496.81,0.7647058823529411
190146,19,0.6669,0.9685,0.7529,9.98,500.05,0.7647058823529411
190146,20,0.6672,0.9698,0.7529,9.9,505.54,0.7647058823529411
190146,21,0.6673,0.9698,0.7529,9.83,509.69,0.7647058823529411
190146,22,0.6676,0.9698,0.7529,9.66,514.26,0.7647058823529411
190146,23,0.668,0.9711,0.7529,9.63,521.27,0.7647058823529411
190146,24,0.6685,0.9711,0.7412,9.61,531.67,0.7647058823529411
190146,25,0.669,0.9737,0.7412,9.71,541.82,0.7647058823529411
190146,26,0.6691,0.975,0.7412,9.77,556.34,0.7647058823529411
190146,27,0.6693,0.975,0.7412,9.82,575.44,0.7647058823529411
190146,28,0.6696,0.9763,0.7294,9.97,591.04,0.7647058823529411
190146,29,0.6696,0.979,0.7294,10.04,607.41,0.7647058823529411
190146,30,0.6698,0.979,0.7294,10.09,620.75,0.7647058823529411
190146,31,0.6698,0.9803,0.7294,10.01,632.82,0.7647058823529411
190146,32,0.6697,0.9816,0.7294,10.14,647.62,0.7647058823529411
190146,33,0.6696,0.9816,0.7294,10.12,659.45,0.7647058823529411
190146,34,0.67,0.9829,0.7294,10.11,670.92,0.7647058823529411
190146,35,0.6703,0.9842,0.7294,10.13,682.62,0.7647058823529411
190146,36,0.6704,0.9842,0.7294,10.04,694.45,0.7647058823529411
190146,37,0.6706,0.9855,0.7294,9.99,706.8,0.7647058823529411
190146,38,0.6708,0.9855,0.7294,9.91,720.49,0.7647058823529411
190146,39,0.6711,0.9882,0.7294,9.81,731.66,0.7647058823529411
190146,40,0.6713,0.9882,0.7294,9.76,742.23,0.7647058823529411
190146,41,0.6714,0.9895,0.7294,9.69,752.46,0.7647058823529411
190146,42,0.6715,0.9921,0.7294,9.62,758.27,0.7647058823529411
190146,43,0.6718,0.9934,0.7294,9.6,766.17,0.7647058823529411
190146,44,0.6718,0.9934,0.7294,9.51,771.52,0.7647058823529411
190146,45,0.6719,0.9934,0.7294,9.48,778.94,0.7647058823529411
190146,46,0.672,0.9934,0.7294,9.47,785.03,0.7647058823529411
190146,47,0.672,0.9934,0.7294,9.46,791.59,0.7647058823529411
190146,48,0.6721,0.9934,0.7294,9.44,797.69,0.7647058823529411
190146,49,0.6722,0.9934,0.7294,9.42,802.85,0.7647058823529411
359959,0,0.4551,0.4287,0.4257,12.71,87.08,0.527027027027027
359959,1,0.4551,0.4287,0.4257,12.71,87.08,0.527027027027027
359959,2,0.4592,0.4611,0.4324,12.96,107.3,0.527027027027027
359959,3,0.4637,0.5042,0.4662,13.5,141.99,0.527027027027027
359959,4,0.4658,0.5283,0.5203,14.32,162.95,0.527027027027027
359959,5,0.4693,0.5457,0.5405,14.92,195.9,0.527027027027027
359959,6,0.4709,0.5577,0.5405,15.33,231.84,0.527027027027027
359959,7,0.4713,0.5668,0.5203,15.29,253.05,0.527027027027027
359959,8,0.4733,0.5811,0.5203,15.23,272.37,0.527027027027027
359959,9,0.4749,0.5864,0.5338,15.27,293.24,0.527027027027027
359959,10,0.4764,0.5879,0.5405,15.01,307.87,0.527027027027027
359959,11,0.477,0.5909,0.5338,14.81,315.5,0.527027027027027
359959,12,0.478,0.5962,0.527,14.48,317.95,0.527027027027027
359959,13,0.4787,0.6,0.5203,14.16,318.64,0.527027027027027
359959,14,0.4789,0.603,0.5135,13.97,322.24,0.527027027027027
359959,15,0.48,0.6053,0.5135,13.59,323.97,0.527027027027027
359959,16,0.4804,0.6128,0.5135,13.22,327.62,0.527027027027027
359959,17,0.4808,0.6128,0.5135,12.91,332.23,0.527027027027027
359959,18,0.4812,0.6136,0.5135,12.61,332.24,0.527027027027027
359959,19,0.4816,0.6143,0.527,12.32,334.69,0.527027027027027
359959,20,0.482,0.6136,0.527,12.18,337.69,0.527027027027027
359959,21,0.4822,0.6158,0.527,11.97,341.85,0.527027027027027
359959,22,0.4821,0.6158,0.5338,11.79,346.0,0.527027027027027
359959,23,0.4825,0.6181,0.5338,11.58,348.33,0.527027027027027
359959,24,0.4828,0.6181,0.5405,11.39,354.03,0.527027027027027
359959,25,0.483,0.6189,0.5405,11.22,356.59,0.527027027027027
359959,26,0.4836,0.6211,0.5405,11.03,359.46,0.527027027027027
359959,27,0.4836,0.6219,0.5405,10.85,363.17,0.527027027027027
359959,28,0.4837,0.6242,0.5405,10.66,364.66,0.527027027027027
359959,29,0.4839,0.6219,0.5405,10.53,369.19,0.527027027027027
359959,30,0.4839,0.6219,0.5473,10.38,374.13,0.527027027027027
359959,31,0.4838,0.6242,0.5473,10.27,377.7,0.527027027027027
359959,32,0.4837,0.6257,0.5473,10.14,382.46,0.527027027027027
359959,33,0.4838,0.6257,0.5473,10.0,388.92,0.527027027027027
359959,34,0.4839,0.6257,0.5473,9.87,396.72,0.527027027027027
359959,35,0.4841,0.6257,0.5541,9.71,403.3,0.527027027027027
359959,36,0.4841,0.6257,0.5541,9.55,407.35,0.527027027027027
359959,37,0.4842,0.6279,0.5541,9.42,410.24,0.527027027027027
359959,38,0.4843,0.6279,0.5608,9.31,413.35,0.527027027027027
359959,39,0.4843,0.6287,0.5608,9.21,418.05,0.527027027027027
359959,40,0.4843,0.6279,0.5608,9.11,426.11,0.527027027027027
359959,41,0.4844,0.6279,0.5608,9.02,435.41,0.527027027027027
359959,42,0.4843,0.6309,0.5608,8.96,444.74,0.527027027027027
359959,43,0.4843,0.6325,0.5608,8.91,460.05,0.527027027027027
359959,44,0.4843,0.6362,0.5608,8.88,478.84,0.527027027027027
359959,45,0.4843,0.637,0.5608,8.82,496.77,0.527027027027027
359959,46,0.4842,0.6377,0.5608,8.8,517.04,0.527027027027027
359959,47,0.4842,0.64,0.5608,8.8,534.17,0.527027027027027
359959,48,0.4843,0.6408,0.5608,8.81,553.24,0.527027027027027
359959,49,0.4843,0.6415,0.5608,8.78,572.07,0.527027027027027
359959,0,0.4573,0.4377,0.4257,11.82,88.21,0.5337837837837838
359959,1,0.4573,0.4377,0.4257,11.82,88.21,0.5337837837837838
359959,2,0.4607,0.4506,0.4257,11.84,97.61,0.5337837837837838
359959,3,0.462,0.4838,0.4527,12.08,104.57,0.5337837837837838
359959,4,0.4639,0.5087,0.4797,12.64,116.98,0.5337837837837838
359959,5,0.4673,0.5313,0.5,12.07,112.66,0.5337837837837838
359959,6,0.4687,0.5358,0.5203,11.53,105.41,0.5337837837837838
359959,7,0.4705,0.5464,0.5203,10.89,100.62,0.5337837837837838
359959,8,0.4725,0.5525,0.5608,10.62,98.89,0.5337837837837838
359959,9,0.4732,0.557,0.5541,10.27,94.34,0.5337837837837838
359959,10,0.4741,0.563,0.5473,9.71,89.99,0.5337837837837838
359959,11,0.4752,0.5683,0.5473,9.37,86.31,0.5337837837837838
359959,12,0.4762,0.5721,0.5338,9.03,83.36,0.5337837837837838
359959,13,0.4765,0.5743,0.527,8.79,83.28,0.5337837837837838
359959,14,0.477,0.5758,0.5405,8.62,84.88,0.5337837837837838
359959,15,0.4775,0.5751,0.527,8.46,85.66,0.5337837837837838
359959,16,0.478,0.5781,0.5338,8.43,90.64,0.5337837837837838
359959,17,0.4784,0.5758,0.5405,8.56,101.83,0.5337837837837838
359959,18,0.4788,0.5796,0.527,8.68,112.38,0.5337837837837838
359959,19,0.4792,0.5789,0.527,8.85,124.57,0.5337837837837838
359959,20,0.4795,0.5781,0.5338,9.13,141.81,0.5337837837837838
359959,21,0.4801,0.5774,0.527,9.48,161.68,0.5337837837837838
359959,22,0.4808,0.5811,0.527,9.81,182.98,0.5337837837837838
359959,23,0.4812,0.5826,0.527,10.14,210.63,0.5337837837837838
359959,24,0.4818,0.5879,0.527,10.44,233.66,0.5337837837837838
359959,25,0.4822,0.5894,0.5203,10.72,252.04,0.5337837837837838
359959,26,0.4824,0.5962,0.5203,11.01,271.6,0.5337837837837838
359959,27,0.4827,0.5992,0.5203,11.22,288.31,0.5337837837837838
359959,28,0.4829,0.6015,0.5135,11.36,306.1,0.5337837837837838
359959,29,0.4833,0.6008,0.5135,11.51,321.13,0.5337837837837838
359959,30,0.4836,0.6023,0.5135,11.66,336.69,0.5337837837837838
359959,31,0.4838,0.6053,0.5135,11.77,353.46,0.5337837837837838
359959,32,0.4838,0.6091,0.5135,11.89,372.34,0.5337837837837838
359959,33,0.4841,0.6098,0.5203,11.97,387.95,0.5337837837837838
359959,34,0.4843,0.6113,0.527,12.04,400.28,0.5337837837837838
359959,35,0.4845,0.6106,0.527,12.06,415.54,0.5337837837837838
359959,36,0.4845,0.6143,0.527,12.1,427.28,0.5337837837837838
359959,37,0.4845,0.6128,0.527,12.13,438.09,0.5337837837837838
359959,38,0.4846,0.6143,0.527,12.21,452.14,0.5337837837837838
359959,39,0.4847,0.6158,0.5405,12.16,463.99,0.5337837837837838
359959,40,0.4849,0.6158,0.5405,12.2,483.45,0.5337837837837838
359959,41,0.4848,0.6158,0.5405,12.24,504.25,0.5337837837837838
359959,42,0.4849,0.6174,0.5405,12.26,524.8,0.5337837837837838
359959,43,0.485,0.6189,0.5405,12.32,545.86,0.5337837837837838
359959,44,0.4851,0.6196,0.5405,12.33,568.15,0.5337837837837838
359959,45,0.4851,0.6204,0.5405,12.4,591.79,0.5337837837837838
359959,46,0.4851,0.6211,0.5541,12.48,618.66,0.5337837837837838
359959,47,0.4852,0.6234,0.5541,12.57,643.83,0.5337837837837838
359959,48,0.4852,0.6234,0.5541,12.59,669.14,0.5337837837837838
359959,49,0.4852,0.6249,0.5541,12.58,694.34,0.5337837837837838
359954,0,0.4681,0.6193,0.5,16.48,226.66,0.6756756756756757
359954,1,0.4681,0.6193,0.5,16.48,226.66,0.6756756756756757
359954,2,0.4677,0.6375,0.527,17.3,279.52,0.6756756756756757
359954,3,0.4737,0.6616,0.527,18.62,390.37,0.6756756756756757
359954,4,0.4786,0.6918,0.527,19.58,496.81,0.6756756756756757
359954,5,0.481,0.7085,0.527,20.73,612.86,0.6756756756756757
359954,6,0.4853,0.7251,0.5541,21.7,710.06,0.6756756756756757
359954,7,0.4881,0.7356,0.5811,22.28,838.79,0.6756756756756757
359954,8,0.4909,0.7462,0.5811,22.5,973.35,0.6756756756756757
359954,9,0.4933,0.7613,0.6081,23.25,1065.58,0.6756756756756757
359954,10,0.4947,0.7704,0.5946,23.89,1144.37,0.6756756756756757
359954,11,0.4961,0.7825,0.5946,24.19,1207.12,0.6756756756756757
359954,12,0.4979,0.7976,0.5946,24.15,1289.01,0.6756756756756757
359954,13,0.4989,0.8051,0.6081,24.02,1331.24,0.6756756756756757
359954,14,0.501,0.8157,0.6351,23.67,1378.4,0.6756756756756757
359954,15,0.5021,0.8202,0.6351,23.11,1414.09,0.6756756756756757
359954,16,0.5034,0.8369,0.6351,22.8,1458.48,0.6756756756756757
359954,17,0.5047,0.8505,0.6486,22.6,1497.84,0.6756756756756757
359954,18,0.5054,0.8535,0.6486,22.24,1523.53,0.6756756756756757
359954,19,0.5058,0.8625,0.6622,22.03,1558.33,0.6756756756756757
359954,20,0.5064,0.8686,0.6622,21.71,1580.81,0.6756756756756757
359954,21,0.507,0.8746,0.6622,21.26,1606.08,0.6756756756756757
359954,22,0.5081,0.8822,0.6757,20.82,1627.73,0.6756756756756757
359954,23,0.5087,0.8837,0.6757,20.51,1657.66,0.6756756756756757
359954,24,0.5095,0.8882,0.6757,20.29,1669.75,0.6756756756756757
359954,25,0.5101,0.8927,0.6757,19.97,1688.25,0.6756756756756757
359954,26,0.5108,0.8958,0.6757,19.69,1698.08,0.6756756756756757
359954,27,0.5114,0.8958,0.6757,19.54,1718.82,0.6756756756756757
359954,28,0.5121,0.9033,0.6757,19.47,1750.02,0.6756756756756757
359954,29,0.5125,0.9063,0.6757,19.46,1781.87,0.6756756756756757
359954,30,0.513,0.9124,0.6757,19.32,1798.82,0.6756756756756757
359954,31,0.5133,0.9139,0.6757,19.2,1839.58,0.6756756756756757
359954,32,0.5139,0.9169,0.6757,19.05,1861.61,0.6756756756756757
359954,33,0.5142,0.9184,0.6622,18.9,1879.64,0.6756756756756757
359954,34,0.5145,0.9199,0.6622,18.79,1897.75,0.6756756756756757
359954,35,0.5149,0.926,0.6622,18.61,1914.09,0.6756756756756757
359954,36,0.5152,0.9275,0.6622,18.47,1931.76,0.6756756756756757
359954,37,0.5157,0.9366,0.6622,18.42,1945.23,0.6756756756756757
359954,38,0.516,0.9381,0.6757,18.2,1956.23,0.6756756756756757
359954,39,0.5165,0.9426,0.6757,18.05,1971.33,0.6756756756756757
359954,40,0.5168,0.9441,0.6757,17.92,1978.35,0.6756756756756757
359954,41,0.5171,0.9441,0.6757,17.83,1980.45,0.6756756756756757
359954,42,0.5173,0.9471,0.6757,17.67,1987.62,0.6756756756756757
359954,43,0.5176,0.9486,0.6757,17.56,1990.6,0.6756756756756757
359954,44,0.5179,0.9486,0.6757,17.44,1995.05,0.6756756756756757
359954,45,0.5183,0.9502,0.6757,17.3,1992.99,0.6756756756756757
359954,46,0.5187,0.9532,0.6757,17.16,1993.08,0.6756756756756757
359954,47,0.5189,0.9547,0.6757,17.01,1995.82,0.6756756756756757
359954,48,0.5191,0.9562,0.6757,16.97,1997.07,0.6756756756756757
359954,49,0.5192,0.9577,0.6757,16.83,1997.66,0.6756756756756757
2073,0,0.4645,0.5775,0.5638,14.93,150.41,0.7114093959731543
2073,1,0.4645,0.5775,0.5638,14.93,150.41,0.7114093959731543
2073,2,0.466,0.5798,0.5772,15.09,186.66,0.7114093959731543
2073,3,0.4718,0.5918,0.5973,15.22,206.17,0.7114093959731543
2073,4,0.4739,0.5873,0.5973,15.17,215.55,0.7114093959731543
2073,5,0.4767,0.5963,0.5973,15.14,211.23,0.7114093959731543
2073,6,0.4823,0.6,0.6107,15.21,201.7,0.7114093959731543
2073,7,0.4864,0.6067,0.6174,15.2,195.78,0.7114093959731543
2073,8,0.4893,0.606,0.6174,15.88,199.87,0.7114093959731543
2073,9,0.4924,0.6075,0.6174,16.62,203.11,0.7114093959731543
2073,10,0.4947,0.6105,0.6174,16.78,204.12,0.7114093959731543
2073,11,0.4971,0.612,0.6174,17.11,211.63,0.7114093959731543
2073,12,0.4993,0.6097,0.6242,17.08,218.65,0.7114093959731543
2073,13,0.5013,0.6112,0.6242,17.3,224.32,0.7114093959731543
2073,14,0.5034,0.6127,0.6242,17.09,232.77,0.7114093959731543
2073,15,0.505,0.6127,0.6309,17.01,253.25,0.7114093959731543
2073,16,0.5059,0.6172,0.6309,17.24,273.23,0.7114093959731543
2073,17,0.5064,0.6195,0.6242,17.35,293.27,0.7114093959731543
2073,18,0.5078,0.621,0.6309,17.41,319.21,0.7114093959731543
2073,19,0.5086,0.6225,0.6309,17.5,347.88,0.7114093959731543
2073,20,0.5095,0.6255,0.6376,17.53,384.43,0.7114093959731543
2073,21,0.5103,0.6277,0.6376,17.55,409.41,0.7114093959731543
2073,22,0.5107,0.6292,0.6376,17.72,433.3,0.7114093959731543
2073,23,0.5111,0.633,0.6376,17.88,463.22,0.7114093959731543
2073,24,0.5115,0.633,0.6376,17.93,483.95,0.7114093959731543
2073,25,0.5118,0.636,0.6376,18.03,518.52,0.7114093959731543
2073,26,0.5121,0.6382,0.6376,18.41,567.37,0.7114093959731543
2073,27,0.5126,0.6412,0.6376,18.79,628.73,0.7114093959731543
2073,28,0.5127,0.6419,0.6376,19.28,695.33,0.7114093959731543
2073,29,0.5129,0.6442,0.6376,19.57,746.26,0.7114093959731543
2073,30,0.5126,0.6479,0.6376,19.89,797.49,0.7114093959731543
2073,31,0.5127,0.6494,0.6376,20.27,843.88,0.7114093959731543
2073,32,0.5129,0.6509,0.6443,20.44,891.92,0.7114093959731543
2073,33,0.513,0.6524,0.6443,20.63,946.92,0.7114093959731543
2073,34,0.5135,0.6532,0.6443,20.82,989.16,0.7114093959731543
2073,35,0.5134,0.6539,0.6443,21.21,1037.43,0.7114093959731543
2073,36,0.5134,0.6554,0.6443,21.48,1083.5,0.7114093959731543
2073,37,0.5136,0.6584,0.6443,21.83,1135.47,0.7114093959731543
2073,38,0.5139,0.6622,0.6443,21.99,1184.98,0.7114093959731543
2073,39,0.514,0.6614,0.651,22.22,1246.83,0.7114093959731543
2073,40,0.5141,0.6629,0.6577,22.4,1308.61,0.7114093959731543
2073,41,0.5144,0.6652,0.6644,22.66,1368.1,0.7114093959731543
2073,42,0.5144,0.6659,0.6644,23.05,1426.55,0.7114093959731543
2073,43,0.5146,0.6689,0.6644,23.36,1497.77,0.7114093959731543
2073,44,0.5146,0.6712,0.6644,23.55,1565.27,0.7114093959731543
2073,45,0.5149,0.6727,0.6644,23.78,1637.73,0.7114093959731543
2073,46,0.5151,0.6727,0.6644,24.0,1711.25,0.7114093959731543
2073,47,0.515,0.6742,0.6644,24.32,1782.39,0.7114093959731543
2073,48,0.5151,0.6742,0.6644,24.59,1871.79,0.7114093959731543
2073,49,0.515,0.6764,0.6644,24.9,1978.75,0.7114093959731543
359959,0,0.4567,0.4272,0.4257,11.4,73.39,0.527027027027027
359959,1,0.4567,0.4272,0.4257,11.4,73.39,0.527027027027027
359959,2,0.4614,0.4498,0.4324,11.45,78.56,0.527027027027027
359959,3,0.4647,0.474,0.4392,12.37,91.3,0.527027027027027
359959,4,0.468,0.5064,0.4662,13.11,112.17,0.527027027027027
359959,5,0.4696,0.5185,0.4865,13.34,127.22,0.527027027027027
359959,6,0.4717,0.5298,0.5068,13.74,141.28,0.527027027027027
359959,7,0.4738,0.5449,0.5405,13.85,164.08,0.527027027027027
359959,8,0.4748,0.5525,0.5338,14.13,184.03,0.527027027027027
359959,9,0.476,0.5592,0.5473,14.17,201.0,0.527027027027027
359959,10,0.4775,0.5691,0.5473,14.51,225.54,0.527027027027027
359959,11,0.4792,0.5789,0.5541,14.68,243.96,0.527027027027027
359959,12,0.4798,0.5789,0.5473,14.76,258.67,0.527027027027027
359959,13,0.48,0.5864,0.5405,14.74,277.12,0.527027027027027
359959,14,0.4809,0.5909,0.5338,14.58,296.03,0.527027027027027
359959,15,0.4814,0.5909,0.5405,14.48,315.93,0.527027027027027
359959,16,0.4823,0.597,0.5405,14.39,332.32,0.527027027027027
359959,17,0.4825,0.6008,0.5338,14.3,348.48,0.527027027027027
359959,18,0.4829,0.6045,0.527,14.08,360.44,0.527027027027027
359959,19,0.4834,0.6053,0.527,13.85,372.56,0.527027027027027
359959,20,0.4837,0.6121,0.527,13.59,384.5,0.527027027027027
359959,21,0.4838,0.6128,0.527,13.4,391.74,0.527027027027027
359959,22,0.4842,0.6166,0.5405,13.17,399.14,0.527027027027027
359959,23,0.4841,0.6204,0.5473,12.93,404.32,0.527027027027027
359959,24,0.4841,0.6211,0.5473,12.65,407.36,0.527027027027027
359959,25,0.4842,0.6204,0.5473,12.41,412.65,0.527027027027027
359959,26,0.4843,0.6219,0.5473,12.23,417.98,0.527027027027027
359959,27,0.4843,0.6219,0.5473,11.99,422.84,0.527027027027027
359959,28,0.4842,0.6226,0.5541,11.75,425.9,0.527027027027027
359959,29,0.4843,0.6234,0.5473,11.57,429.57,0.527027027027027
359959,30,0.4841,0.6219,0.5338,11.44,438.86,0.527027027027027
359959,31,0.4842,0.6226,0.5338,11.4,446.87,0.527027027027027
359959,32,0.4841,0.6249,0.5405,11.32,457.69,0.527027027027027
359959,33,0.4841,0.6264,0.5405,11.27,466.62,0.527027027027027
359959,34,0.4842,0.6264,0.5473,11.24,481.72,0.527027027027027
359959,35,0.4842,0.6272,0.5473,11.27,492.87,0.527027027027027
359959,36,0.4845,0.6294,0.5541,11.25,512.92,0.527027027027027
359959,37,0.4846,0.6287,0.5541,11.29,533.68,0.527027027027027
359959,38,0.4846,0.6287,0.5541,11.28,549.5,0.527027027027027
359959,39,0.4847,0.6302,0.5541,11.33,569.35,0.527027027027027
359959,40,0.4847,0.6309,0.5541,11.3,588.09,0.527027027027027
359959,41,0.4846,0.6302,0.5541,11.27,602.86,0.527027027027027
359959,42,0.4846,0.6309,0.5541,11.27,621.52,0.527027027027027
359959,43,0.4846,0.6325,0.5541,11.24,641.59,0.527027027027027
359959,44,0.4846,0.6347,0.5541,11.25,667.76,0.527027027027027
359959,45,0.4846,0.6362,0.5541,11.28,692.36,0.527027027027027
359959,46,0.4846,0.6362,0.5541,11.31,718.64,0.527027027027027
359959,47,0.4846,0.6362,0.5541,11.31,749.69,0.527027027027027
359959,48,0.4845,0.6377,0.5541,11.36,786.99,0.527027027027027
359959,49,0.4844,0.6392,0.5541,11.45,830.33,0.527027027027027
2073,0,0.473,0.579,0.6174,11.79,94.61,0.7181208053691275
2073,1,0.473,0.579,0.6174,11.79,94.61,0.7181208053691275
2073,2,0.4762,0.588,0.6242,11.76,94.64,0.7181208053691275
2073,3,0.4785,0.5873,0.6107,11.98,102.14,0.7181208053691275
2073,4,0.4845,0.5895,0.6309,12.18,117.0,0.7181208053691275
2073,5,0.4862,0.5955,0.6174,12.81,145.77,0.7181208053691275
2073,6,0.4889,0.6,0.6174,13.69,183.8,0.7181208053691275
2073,7,0.4915,0.6007,0.6309,14.9,223.59,0.7181208053691275
2073,8,0.4946,0.606,0.6309,16.15,261.95,0.7181208053691275
2073,9,0.4975,0.6082,0.6376,16.77,301.78,0.7181208053691275
2073,10,0.501,0.612,0.6376,17.62,332.23,0.7181208053691275
2073,11,0.5042,0.6187,0.6443,18.7,368.76,0.7181208053691275
2073,12,0.5065,0.6195,0.6242,19.47,403.73,0.7181208053691275
2073,13,0.5088,0.6247,0.6309,19.66,439.88,0.7181208053691275
2073,14,0.5103,0.6285,0.6443,19.73,473.74,0.7181208053691275
2073,15,0.5124,0.63,0.6443,20.0,514.02,0.7181208053691275
2073,16,0.513,0.633,0.6443,20.21,544.38,0.7181208053691275
2073,17,0.5144,0.6375,0.6443,20.07,580.34,0.7181208053691275
2073,18,0.5154,0.6382,0.651,20.02,603.39,0.7181208053691275
2073,19,0.5162,0.6419,0.651,20.43,640.33,0.7181208053691275
2073,20,0.5171,0.6449,0.651,20.61,684.98,0.7181208053691275
2073,21,0.5178,0.6487,0.6577,20.83,735.15,0.7181208053691275
2073,22,0.5185,0.6494,0.6577,20.87,790.76,0.7181208053691275
2073,23,0.5191,0.6509,0.651,21.03,844.94,0.7181208053691275
2073,24,0.5195,0.6509,0.651,21.17,896.83,0.7181208053691275
2073,25,0.52,0.6532,0.6644,21.37,951.89,0.7181208053691275
2073,26,0.5205,0.6562,0.6644,21.34,998.7,0.7181208053691275
2073,27,0.521,0.6577,0.6644,21.42,1065.81,0.7181208053691275
2073,28,0.521,0.6614,0.6711,21.61,1140.99,0.7181208053691275
2073,29,0.5215,0.6629,0.6779,21.74,1215.53,0.7181208053691275
2073,30,0.5218,0.6667,0.6779,21.83,1283.8,0.7181208053691275
2073,31,0.5221,0.6682,0.6779,21.93,1360.54,0.7181208053691275
2073,32,0.5224,0.6712,0.6644,22.11,1427.12,0.7181208053691275
2073,33,0.5226,0.6727,0.6711,22.24,1500.9,0.7181208053691275
2073,34,0.5226,0.6749,0.6779,22.33,1561.55,0.7181208053691275
2073,35,0.5227,0.6742,0.6644,22.72,1641.45,0.7181208053691275
2073,36,0.5228,0.6757,0.6644,22.76,1712.44,0.7181208053691275
2073,37,0.5229,0.6772,0.6644,22.83,1785.76,0.7181208053691275
2073,38,0.5229,0.6816,0.6779,22.89,1869.41,0.7181208053691275
2073,39,0.5228,0.6831,0.6779,22.94,1960.04,0.7181208053691275
2073,40,0.5229,0.6839,0.6711,23.01,2067.95,0.7181208053691275
2073,41,0.5228,0.6869,0.6711,23.12,2171.28,0.7181208053691275
2073,42,0.5228,0.6869,0.6711,23.22,2282.73,0.7181208053691275
2073,43,0.5228,0.6891,0.6711,23.28,2419.96,0.7181208053691275
2073,44,0.5228,0.6914,0.6711,23.43,2549.33,0.7181208053691275
2073,45,0.5224,0.6944,0.6711,23.42,2695.1,0.7181208053691275
2073,46,0.5221,0.6959,0.6711,23.55,2850.74,0.7181208053691275
2073,47,0.5221,0.7004,0.6711,23.65,3005.66,0.7181208053691275
2073,48,0.5219,0.7079,0.6711,23.81,3163.47,0.7181208053691275
2073,49,0.5218,0.7116,0.6711,23.93,3341.41,0.7181208053691275
2073,0,0.4698,0.585,0.5638,10.65,104.32,0.7181208053691275
2073,1,0.4698,0.585,0.5638,10.65,104.32,0.7181208053691275
2073,2,0.4665,0.588,0.5839,11.68,112.05,0.7181208053691275
2073,3,0.4678,0.5895,0.5839,12.02,127.69,0.7181208053691275
2073,4,0.4693,0.5895,0.5973,12.71,146.68,0.7181208053691275
2073,5,0.473,0.591,0.6107,13.49,175.94,0.7181208053691275
2073,6,0.4746,0.5933,0.6107,15.71,219.02,0.7181208053691275
2073,7,0.4789,0.5948,0.6174,17.07,256.56,0.7181208053691275
2073,8,0.4824,0.6015,0.6107,18.98,320.72,0.7181208053691275
2073,9,0.4871,0.609,0.6107,21.65,416.62,0.7181208053691275
2073,10,0.4907,0.6172,0.6107,24.69,518.08,0.7181208053691275
2073,11,0.4941,0.624,0.6242,27.44,613.18,0.7181208053691275
2073,12,0.4975,0.63,0.6242,29.0,695.79,0.7181208053691275
2073,13,0.5005,0.6367,0.6309,30.45,768.46,0.7181208053691275
2073,14,0.5031,0.6427,0.6376,31.8,845.3,0.7181208053691275
2073,15,0.5053,0.6487,0.6376,32.39,908.03,0.7181208053691275
2073,16,0.5077,0.6539,0.651,32.81,953.63,0.7181208053691275
2073,17,0.5094,0.6592,0.651,32.86,989.43,0.7181208053691275
2073,18,0.5109,0.6607,0.651,33.05,1030.94,0.7181208053691275
2073,19,0.5118,0.6629,0.651,33.07,1078.88,0.7181208053691275
2073,20,0.5129,0.6667,0.651,32.82,1120.65,0.7181208053691275
2073,21,0.514,0.6734,0.651,32.59,1166.92,0.7181208053691275
2073,22,0.5148,0.6757,0.651,32.33,1199.67,0.7181208053691275
2073,23,0.5152,0.6779,0.651,32.14,1232.5,0.7181208053691275
2073,24,0.516,0.6787,0.651,32.08,1269.36,0.7181208053691275
2073,25,0.5168,0.6854,0.651,31.84,1304.93,0.7181208053691275
2073,26,0.5173,0.6899,0.6644,31.6,1339.37,0.7181208053691275
2073,27,0.5178,0.6906,0.6644,31.36,1375.43,0.7181208053691275
2073,28,0.5183,0.6936,0.6644,31.27,1437.44,0.7181208053691275
2073,29,0.5186,0.6959,0.6644,31.08,1517.36,0.7181208053691275
2073,30,0.5189,0.6981,0.6711,30.87,1600.87,0.7181208053691275
2073,31,0.519,0.6996,0.6711,30.54,1681.14,0.7181208053691275
2073,32,0.5192,0.7011,0.6711,30.32,1788.45,0.7181208053691275
2073,33,0.5191,0.7034,0.6711,30.13,1916.69,0.7181208053691275
2073,34,0.5192,0.7041,0.6711,30.01,2063.33,0.7181208053691275
2073,35,0.5192,0.7064,0.6711,30.09,2229.78,0.7181208053691275
2073,36,0.5192,0.7109,0.6711,30.14,2395.95,0.7181208053691275
2073,37,0.519,0.7154,0.6711,30.12,2584.37,0.7181208053691275
2073,38,0.519,0.7191,0.6711,30.2,2759.28,0.7181208053691275
2073,39,0.5189,0.7206,0.6779,30.19,2926.59,0.7181208053691275
2073,40,0.5189,0.7236,0.6846,30.36,3098.95,0.7181208053691275
2073,41,0.5187,0.7266,0.6913,30.46,3294.62,0.7181208053691275
2073,42,0.5185,0.7303,0.6913,30.46,3470.02,0.7181208053691275
2073,43,0.5182,0.7348,0.6913,30.5,3649.75,0.7181208053691275
2073,44,0.5179,0.7378,0.6913,30.5,3865.2,0.7181208053691275
2073,45,0.5177,0.7386,0.6913,30.64,4085.59,0.7181208053691275
2073,46,0.5175,0.7438,0.6846,30.64,4321.05,0.7181208053691275
2073,47,0.5174,0.7476,0.6913,30.84,4577.37,0.7181208053691275
2073,48,0.5172,0.7513,0.6913,30.98,4835.21,0.7181208053691275
2073,49,0.517,0.7528,0.6913,31.1,5112.61,0.7181208053691275
359954,0,0.4531,0.5846,0.5135,13.99,101.83,0.6621621621621622
359954,1,0.4531,0.5846,0.5135,13.99,101.83,0.6621621621621622
359954,2,0.4557,0.5982,0.5,13.3,99.46,0.6621621621621622
359954,3,0.4603,0.6163,0.527,12.37,105.17,0.6621621621621622
359954,4,0.4669,0.6465,0.527,11.3,104.64,0.6621621621621622
359954,5,0.4723,0.6571,0.5135,10.7,106.96,0.6621621621621622
359954,6,0.4759,0.6722,0.527,10.02,110.38,0.6621621621621622
359954,7,0.4809,0.6843,0.5405,9.6,118.55,0.6621621621621622
359954,8,0.4833,0.6918,0.5405,9.25,126.78,0.6621621621621622
359954,9,0.4866,0.6949,0.5405,9.15,133.24,0.6621621621621622
359954,10,0.4895,0.7039,0.5676,8.83,139.15,0.6621621621621622
359954,11,0.492,0.7115,0.5811,8.59,146.13,0.6621621621621622
359954,12,0.4939,0.7251,0.5811,8.4,153.23,0.6621621621621622
359954,13,0.4964,0.7281,0.5946,8.24,160.51,0.6621621621621622
359954,14,0.4981,0.7311,0.5946,8.11,163.51,0.6621621621621622
359954,15,0.4996,0.7356,0.5811,8.02,169.09,0.6621621621621622
359954,16,0.5009,0.7372,0.5811,7.89,173.99,0.6621621621621622
359954,17,0.5022,0.7432,0.5811,7.72,177.2,0.6621621621621622
359954,18,0.5028,0.7462,0.5946,7.66,182.66,0.6621621621621622
359954,19,0.5043,0.7492,0.6081,7.83,192.42,0.6621621621621622
359954,20,0.5048,0.7538,0.6216,8.03,208.2,0.6621621621621622
359954,21,0.5049,0.7583,0.6216,8.22,224.61,0.6621621621621622
359954,22,0.5053,0.7644,0.6081,8.36,244.25,0.6621621621621622
359954,23,0.506,0.7674,0.6216,8.6,264.64,0.6621621621621622
359954,24,0.5067,0.7719,0.6216,8.6,283.5,0.6621621621621622
359954,25,0.5072,0.7719,0.6216,8.64,307.2,0.6621621621621622
359954,26,0.5083,0.7719,0.6216,8.65,335.3,0.6621621621621622
359954,27,0.509,0.7764,0.6081,8.73,363.1,0.6621621621621622
359954,28,0.5092,0.7825,0.6081,8.79,390.03,0.6621621621621622
359954,29,0.5095,0.7885,0.6081,8.88,414.96,0.6621621621621622
359954,30,0.5102,0.79,0.6216,8.96,444.14,0.6621621621621622
359954,31,0.5109,0.7915,0.6216,9.01,468.54,0.6621621621621622
359954,32,0.5113,0.7946,0.6216,9.09,489.35,0.6621621621621622
359954,33,0.5118,0.7976,0.6216,9.15,516.35,0.6621621621621622
359954,34,0.5122,0.8006,0.6216,9.27,545.09,0.6621621621621622
359954,35,0.5124,0.8036,0.6216,9.33,567.21,0.6621621621621622
359954,36,0.5125,0.8082,0.6351,9.42,590.52,0.6621621621621622
359954,37,0.5129,0.8112,0.6351,9.55,614.45,0.6621621621621622
359954,38,0.5132,0.8172,0.6351,9.69,639.92,0.6621621621621622
359954,39,0.5134,0.8202,0.6351,9.83,663.48,0.6621621621621622
359954,40,0.5139,0.8248,0.6486,10.07,689.26,0.6621621621621622
359954,41,0.5141,0.8248,0.6486,10.36,722.09,0.6621621621621622
359954,42,0.5142,0.8263,0.6351,10.62,760.53,0.6621621621621622
359954,43,0.5144,0.8338,0.6622,10.92,805.64,0.6621621621621622
359954,44,0.5149,0.8399,0.6486,11.19,850.69,0.6621621621621622
359954,45,0.5152,0.8459,0.6486,11.46,899.84,0.6621621621621622
359954,46,0.5154,0.8489,0.6486,11.71,954.8,0.6621621621621622
359954,47,0.5155,0.8505,0.6486,11.99,1016.64,0.6621621621621622
359954,48,0.5157,0.8595,0.6486,12.38,1083.8,0.6621621621621622
359954,49,0.516,0.864,0.6486,12.7,1151.3,0.6621621621621622
168784,0,0.6127,0.7463,0.7128,4.48,151.67,0.8153846153846154
168784,1,0.6127,0.7463,0.7128,4.48,151.67,0.8153846153846154
168784,2,0.615,0.7405,0.7231,4.85,195.67,0.8153846153846154
168784,3,0.6163,0.7503,0.7179,5.93,255.25,0.8153846153846154
168784,4,0.6186,0.7612,0.7231,6.19,279.09,0.8153846153846154
168784,5,0.6226,0.7715,0.7333,6.35,297.97,0.8153846153846154
168784,6,0.6276,0.7784,0.7487,6.74,397.81,0.8153846153846154
168784,7,0.6309,0.7858,0.759,7.63,511.69,0.8153846153846154
168784,8,0.6343,0.7927,0.7487,8.47,650.09,0.8153846153846154
168784,9,0.6366,0.803,0.7436,9.46,783.22,0.8153846153846154
168784,10,0.6395,0.8099,0.7487,10.07,897.57,0.8153846153846154
168784,11,0.6415,0.8196,0.7487,10.47,988.83,0.8153846153846154
168784,12,0.6431,0.8282,0.7538,10.91,1039.33,0.8153846153846154
168784,13,0.6445,0.8362,0.7538,11.15,1096.41,0.8153846153846154
168784,14,0.6454,0.8396,0.7538,11.13,1138.3,0.8153846153846154
168784,15,0.6463,0.8425,0.7538,11.24,1196.76,0.8153846153846154
168784,16,0.647,0.8448,0.759,11.27,1254.67,0.8153846153846154
168784,17,0.6481,0.8488,0.7538,11.41,1304.19,0.8153846153846154
168784,18,0.6487,0.8551,0.759,11.3,1357.13,0.8153846153846154
168784,19,0.6491,0.8597,0.759,11.44,1413.71,0.8153846153846154
168784,20,0.6497,0.8643,0.7641,11.47,1484.08,0.8153846153846154
168784,21,0.6503,0.8666,0.7641,11.45,1545.23,0.8153846153846154
168784,22,0.6508,0.8683,0.7641,11.53,1637.09,0.8153846153846154
168784,23,0.6512,0.8706,0.7692,11.45,1738.62,0.8153846153846154
168784,24,0.6515,0.8729,0.7744,11.45,1853.84,0.8153846153846154
168784,25,0.652,0.8757,0.7692,11.47,1957.97,0.8153846153846154
168784,26,0.6526,0.8792,0.7692,11.42,2044.45,0.8153846153846154
168784,27,0.6529,0.8803,0.7692,11.37,2136.6,0.8153846153846154
168784,28,0.6532,0.8837,0.7692,11.3,2217.24,0.8153846153846154
168784,29,0.6536,0.8849,0.7744,11.26,2278.84,0.8153846153846154
168784,30,0.654,0.8883,0.7692,11.22,2332.3,0.8153846153846154
168784,31,0.6541,0.8912,0.7692,11.22,2405.05,0.8153846153846154
168784,32,0.6544,0.8923,0.7692,11.24,2461.46,0.8153846153846154
168784,33,0.6547,0.8958,0.7692,11.22,2520.08,0.8153846153846154
168784,34,0.6549,0.8992,0.7641,11.19,2584.48,0.8153846153846154
168784,35,0.6551,0.9015,0.759,11.17,2640.15,0.8153846153846154
168784,36,0.6552,0.9044,0.759,11.2,2708.1,0.8153846153846154
168784,37,0.6554,0.9061,0.7641,11.22,2788.49,0.8153846153846154
168784,38,0.6554,0.9089,0.7692,11.23,2863.36,0.8153846153846154
168784,39,0.6556,0.9124,0.7692,11.25,2931.56,0.8153846153846154
168784,40,0.6558,0.9164,0.7692,11.35,3010.36,0.8153846153846154
168784,41,0.6558,0.9175,0.7692,11.38,3099.81,0.8153846153846154
168784,42,0.656,0.9198,0.7692,11.37,3185.51,0.8153846153846154
168784,43,0.6563,0.9215,0.7692,11.34,3274.27,0.8153846153846154
168784,44,0.6564,0.925,0.7692,11.38,3377.75,0.8153846153846154
168784,45,0.6565,0.9261,0.7692,11.43,3501.28,0.8153846153846154
168784,46,0.6566,0.929,0.7795,11.48,3627.89,0.8153846153846154
168784,47,0.6568,0.9318,0.7795,11.53,3773.89,0.8153846153846154
168784,48,0.6568,0.9347,0.7795,11.58,3922.56,0.8153846153846154
168784,49,0.6569,0.937,0.7795,11.62,4071.73,0.8153846153846154
359954,0,0.4631,0.636,0.5541,13.96,132.64,0.6621621621621622
359954,1,0.4631,0.636,0.5541,13.96,132.64,0.6621621621621622
359954,2,0.4695,0.642,0.5676,14.85,160.49,0.6621621621621622
359954,3,0.474,0.6616,0.5541,14.25,187.49,0.6621621621621622
359954,4,0.4779,0.6722,0.5811,15.37,225.88,0.6621621621621622
359954,5,0.4831,0.6888,0.5811,15.51,256.76,0.6621621621621622
359954,6,0.4876,0.7024,0.5811,16.04,299.18,0.6621621621621622
359954,7,0.4914,0.719,0.5946,16.63,333.18,0.6621621621621622
359954,8,0.4945,0.7236,0.6081,17.37,372.45,0.6621621621621622
359954,9,0.497,0.7372,0.6081,17.82,409.56,0.6621621621621622
359954,10,0.4994,0.7477,0.6216,17.95,442.63,0.6621621621621622
359954,11,0.5012,0.7613,0.6216,18.32,471.58,0.6621621621621622
359954,12,0.5028,0.7689,0.6351,18.21,489.47,0.6621621621621622
359954,13,0.5042,0.7764,0.6351,18.16,506.74,0.6621621621621622
359954,14,0.5052,0.7855,0.6486,18.04,523.06,0.6621621621621622
359954,15,0.5062,0.7931,0.6486,17.95,543.17,0.6621621621621622
359954,16,0.5063,0.8082,0.6486,17.92,568.33,0.6621621621621622
359954,17,0.5069,0.8127,0.6486,17.91,596.45,0.6621621621621622
359954,18,0.5076,0.8157,0.6486,17.98,622.78,0.6621621621621622
359954,19,0.5087,0.8248,0.6486,17.7,653.14,0.6621621621621622
359954,20,0.5091,0.8278,0.6622,17.61,702.5,0.6621621621621622
359954,21,0.5098,0.8399,0.6622,17.45,753.29,0.6621621621621622
359954,22,0.5102,0.8474,0.6622,17.26,828.35,0.6621621621621622
359954,23,0.5108,0.8656,0.6622,17.23,918.45,0.6621621621621622
359954,24,0.5115,0.8656,0.6622,17.5,1039.51,0.6621621621621622
359954,25,0.5121,0.8686,0.6622,17.66,1196.89,0.6621621621621622
359954,26,0.5129,0.8761,0.6757,17.9,1357.28,0.6621621621621622
359954,27,0.5134,0.8837,0.6622,18.26,1494.6,0.6621621621621622
359954,28,0.5141,0.8882,0.6622,18.48,1628.35,0.6621621621621622
359954,29,0.5147,0.8882,0.6622,18.58,1751.0,0.6621621621621622
359954,30,0.515,0.8882,0.6622,18.74,1848.43,0.6621621621621622
359954,31,0.5155,0.8988,0.6622,19.02,1955.1,0.6621621621621622
359954,32,0.516,0.9048,0.6622,19.08,2046.67,0.6621621621621622
359954,33,0.5162,0.9094,0.6622,19.11,2132.46,0.6621621621621622
359954,34,0.5165,0.9139,0.6622,19.1,2212.1,0.6621621621621622
359954,35,0.5168,0.9184,0.6622,19.07,2276.26,0.6621621621621622
359954,36,0.517,0.9199,0.6622,19.06,2334.57,0.6621621621621622
359954,37,0.5173,0.9215,0.6622,18.87,2387.46,0.6621621621621622
359954,38,0.5177,0.926,0.6622,18.72,2431.93,0.6621621621621622
359954,39,0.5178,0.9305,0.6622,18.56,2470.0,0.6621621621621622
359954,40,0.518,0.9335,0.6622,18.51,2501.4,0.6621621621621622
359954,41,0.5178,0.9381,0.6622,18.53,2534.84,0.6621621621621622
359954,42,0.5181,0.9381,0.6622,18.42,2554.25,0.6621621621621622
359954,43,0.5182,0.9426,0.6622,18.27,2575.34,0.6621621621621622
359954,44,0.5184,0.9471,0.6622,18.19,2593.06,0.6621621621621622
359954,45,0.5186,0.9502,0.6622,18.17,2608.0,0.6621621621621622
359954,46,0.5187,0.9502,0.6622,18.09,2621.44,0.6621621621621622
359954,47,0.5188,0.9517,0.6622,18.0,2629.15,0.6621621621621622
359954,48,0.519,0.9532,0.6622,17.86,2641.14,0.6621621621621622
359954,49,0.5192,0.9577,0.6622,17.7,2648.2,0.6621621621621622
168784,0,0.6146,0.7348,0.7282,5.22,253.17,0.8153846153846154
168784,1,0.6146,0.7348,0.7282,5.22,253.17,0.8153846153846154
168784,2,0.6207,0.7486,0.7179,5.76,337.32,0.8153846153846154
168784,3,0.6244,0.764,0.7282,7.11,449.32,0.8153846153846154
168784,4,0.6305,0.7755,0.7487,9.13,593.66,0.8153846153846154
168784,5,0.6342,0.7932,0.7385,10.48,712.42,0.8153846153846154
168784,6,0.639,0.8041,0.7385,11.41,774.79,0.8153846153846154
168784,7,0.6423,0.815,0.7436,11.51,791.8,0.8153846153846154
168784,8,0.6441,0.8225,0.7538,11.36,815.93,0.8153846153846154
168784,9,0.6457,0.8333,0.7436,11.22,821.81,0.8153846153846154
168784,10,0.6469,0.8396,0.7538,11.19,828.42,0.8153846153846154
168784,11,0.6483,0.8431,0.759,10.92,828.45,0.8153846153846154
168784,12,0.649,0.8459,0.7641,10.8,837.17,0.8153846153846154
168784,13,0.6502,0.8505,0.7641,10.58,854.31,0.8153846153846154
168784,14,0.6516,0.8517,0.7692,10.33,876.38,0.8153846153846154
168784,15,0.6526,0.8557,0.7692,10.14,900.29,0.8153846153846154
168784,16,0.653,0.858,0.7641,10.01,926.18,0.8153846153846154
168784,17,0.6538,0.8608,0.7641,9.91,963.27,0.8153846153846154
168784,18,0.6543,0.8625,0.7641,9.78,1011.35,0.8153846153846154
168784,19,0.6549,0.8666,0.7692,9.68,1071.19,0.8153846153846154
168784,20,0.6554,0.8711,0.7641,9.56,1132.06,0.8153846153846154
168784,21,0.6557,0.8717,0.7692,9.53,1198.37,0.8153846153846154
168784,22,0.6559,0.8757,0.7641,9.5,1265.12,0.8153846153846154
168784,23,0.6563,0.878,0.7641,9.47,1337.38,0.8153846153846154
168784,24,0.6564,0.8809,0.7641,9.44,1421.59,0.8153846153846154
168784,25,0.6565,0.8843,0.7641,9.39,1514.6,0.8153846153846154
168784,26,0.6567,0.8866,0.7641,9.35,1597.59,0.8153846153846154
168784,27,0.6567,0.8889,0.7641,9.31,1676.49,0.8153846153846154
168784,28,0.6567,0.8912,0.7641,9.27,1756.86,0.8153846153846154
168784,29,0.6568,0.8929,0.7641,9.21,1848.96,0.8153846153846154
168784,30,0.6568,0.8952,0.7641,9.13,1941.69,0.8153846153846154
168784,31,0.6568,0.8981,0.7641,9.16,2037.37,0.8153846153846154
168784,32,0.6569,0.9003,0.7641,9.16,2137.71,0.8153846153846154
168784,33,0.657,0.9026,0.7641,9.2,2231.67,0.8153846153846154
168784,34,0.6571,0.9061,0.7641,9.15,2321.71,0.8153846153846154
168784,35,0.6571,0.9089,0.7744,9.14,2425.85,0.8153846153846154
168784,36,0.6573,0.9118,0.7744,9.23,2521.39,0.8153846153846154
168784,37,0.6573,0.9164,0.7692,9.22,2648.31,0.8153846153846154
168784,38,0.6574,0.917,0.7692,9.31,2762.18,0.8153846153846154
168784,39,0.6574,0.9192,0.7692,9.35,2887.74,0.8153846153846154
168784,40,0.6575,0.9227,0.7692,9.35,3014.4,0.8153846153846154
168784,41,0.6576,0.925,0.7692,9.45,3142.98,0.8153846153846154
168784,42,0.6575,0.9273,0.7692,9.54,3287.78,0.8153846153846154
168784,43,0.6577,0.9313,0.7795,9.57,3426.13,0.8153846153846154
168784,44,0.6576,0.933,0.7795,9.59,3583.42,0.8153846153846154
168784,45,0.6578,0.9376,0.7795,9.58,3738.91,0.8153846153846154
168784,46,0.6579,0.941,0.7795,9.64,3889.33,0.8153846153846154
168784,47,0.658,0.9427,0.7795,9.72,4043.77,0.8153846153846154
168784,48,0.658,0.9462,0.7795,9.77,4207.92,0.8153846153846154
168784,49,0.6582,0.9502,0.7795,9.85,4364.66,0.8153846153846154
2073,0,0.4846,0.5895,0.6174,13.33,193.55,0.7181208053691275
2073,1,0.4846,0.5895,0.6174,13.33,193.55,0.7181208053691275
2073,2,0.4895,0.5918,0.6242,13.53,205.19,0.7181208053691275
2073,3,0.4892,0.5978,0.6242,14.54,239.59,0.7181208053691275
2073,4,0.4906,0.6022,0.6174,14.81,260.88,0.7181208053691275
2073,5,0.4923,0.6045,0.6174,16.02,324.01,0.7181208053691275
2073,6,0.496,0.6052,0.6174,17.76,370.6,0.7181208053691275
2073,7,0.4969,0.6097,0.6242,19.18,461.03,0.7181208053691275
2073,8,0.5012,0.6112,0.6376,20.45,587.97,0.7181208053691275
2073,9,0.5043,0.6142,0.6376,22.11,715.78,0.7181208053691275
2073,10,0.5066,0.621,0.6376,24.05,839.94,0.7181208053691275
2073,11,0.5089,0.627,0.6376,25.73,1014.4,0.7181208053691275
2073,12,0.5104,0.6352,0.6309,27.66,1266.26,0.7181208053691275
2073,13,0.5122,0.6487,0.6376,29.76,1563.73,0.7181208053691275
2073,14,0.513,0.6577,0.6443,31.66,1900.86,0.7181208053691275
2073,15,0.5138,0.6614,0.6376,33.2,2177.68,0.7181208053691275
2073,16,0.5145,0.6719,0.6443,34.32,2459.44,0.7181208053691275
2073,17,0.5149,0.6779,0.651,35.29,2684.9,0.7181208053691275
2073,18,0.5149,0.6831,0.6443,35.94,2894.41,0.7181208053691275
2073,19,0.5149,0.6914,0.651,36.63,3088.56,0.7181208053691275
2073,20,0.5149,0.6959,0.6577,36.95,3308.04,0.7181208053691275
2073,21,0.5149,0.6996,0.6577,37.47,3514.98,0.7181208053691275
2073,22,0.5154,0.7101,0.6577,37.77,3697.21,0.7181208053691275
2073,23,0.5154,0.7176,0.6644,37.95,3885.22,0.7181208053691275
2073,24,0.5153,0.7236,0.6711,38.18,4087.94,0.7181208053691275
2073,25,0.5151,0.7281,0.6711,38.34,4262.72,0.7181208053691275
2073,26,0.5152,0.7326,0.6711,38.27,4401.81,0.7181208053691275
2073,27,0.5151,0.7378,0.6846,38.14,4586.04,0.7181208053691275
2073,28,0.5149,0.7431,0.6913,37.9,4721.48,0.7181208053691275
2073,29,0.5147,0.7453,0.6913,37.98,4865.58,0.7181208053691275
2073,30,0.5146,0.7528,0.6913,37.87,5002.88,0.7181208053691275
2073,31,0.5144,0.7596,0.6913,37.75,5136.86,0.7181208053691275
2073,32,0.5143,0.7618,0.6913,37.78,5289.56,0.7181208053691275
2073,33,0.514,0.764,0.6913,37.75,5470.78,0.7181208053691275
2073,34,0.5139,0.7678,0.6913,37.58,5645.86,0.7181208053691275
2073,35,0.5138,0.7715,0.698,37.64,5810.6,0.7181208053691275
2073,36,0.5135,0.7738,0.698,37.46,6016.29,0.7181208053691275
2073,37,0.5133,0.7775,0.698,37.25,6207.85,0.7181208053691275
2073,38,0.5129,0.7835,0.698,37.09,6408.4,0.7181208053691275
2073,39,0.5126,0.7888,0.698,37.04,6608.62,0.7181208053691275
2073,40,0.5125,0.7933,0.698,36.98,6849.2,0.7181208053691275
2073,41,0.5125,0.797,0.698,36.77,7088.22,0.7181208053691275
2073,42,0.5123,0.797,0.6913,36.66,7338.37,0.7181208053691275
2073,43,0.5121,0.8,0.6913,36.46,7594.87,0.7181208053691275
2073,44,0.512,0.8022,0.6913,36.28,7854.37,0.7181208053691275
2073,45,0.5119,0.806,0.6913,36.08,8135.43,0.7181208053691275
2073,46,0.5115,0.8082,0.6913,35.78,8380.39,0.7181208053691275
2073,47,0.5114,0.8135,0.6913,35.63,8605.31,0.7181208053691275
2073,48,0.5112,0.8165,0.6913,35.34,8802.53,0.7181208053691275
2073,49,0.5108,0.8217,0.6913,35.22,9043.5,0.7181208053691275
359959,0,0.4561,0.4272,0.4257,10.34,93.15,0.5405405405405406
359959,1,0.4561,0.4272,0.4257,10.34,93.15,0.5405405405405406
359959,2,0.459,0.4287,0.4257,10.87,107.4,0.5405405405405406
359959,3,0.462,0.4423,0.4324,11.82,128.13,0.5405405405405406
359959,4,0.4635,0.4619,0.4392,13.18,193.32,0.5405405405405406
359959,5,0.4658,0.4958,0.4595,16.24,294.09,0.5405405405405406
359959,6,0.4685,0.5147,0.473,18.48,410.43,0.5405405405405406
359959,7,0.4705,0.5434,0.5,20.12,530.41,0.5405405405405406
359959,8,0.4726,0.5675,0.5135,21.56,651.35,0.5405405405405406
359959,9,0.4742,0.5842,0.5405,22.64,748.91,0.5405405405405406
359959,10,0.4753,0.5887,0.5338,23.46,842.56,0.5405405405405406
359959,11,0.4763,0.5985,0.5203,23.95,919.13,0.5405405405405406
359959,12,0.4773,0.6008,0.5203,23.94,959.12,0.5405405405405406
359959,13,0.4779,0.6106,0.5135,23.89,995.06,0.5405405405405406
359959,14,0.4786,0.6204,0.527,23.74,1013.86,0.5405405405405406
359959,15,0.4789,0.6257,0.527,23.39,1026.02,0.5405405405405406
359959,16,0.4793,0.6347,0.5405,22.98,1030.41,0.5405405405405406
359959,17,0.4795,0.637,0.5473,22.47,1020.86,0.5405405405405406
359959,18,0.4802,0.6362,0.5541,21.92,1011.49,0.5405405405405406
359959,19,0.4806,0.6385,0.5541,21.34,999.88,0.5405405405405406
359959,20,0.4809,0.6415,0.5541,20.83,997.73,0.5405405405405406
359959,21,0.4812,0.6408,0.5541,20.36,991.04,0.5405405405405406
359959,22,0.4819,0.64,0.5608,19.92,983.9,0.5405405405405406
359959,23,0.482,0.6408,0.5541,19.56,983.85,0.5405405405405406
359959,24,0.482,0.643,0.5608,19.23,984.62,0.5405405405405406
359959,25,0.4821,0.646,0.5608,18.82,984.68,0.5405405405405406
359959,26,0.4822,0.646,0.5608,18.47,978.78,0.5405405405405406
359959,27,0.4827,0.6475,0.5608,18.15,977.44,0.5405405405405406
359959,28,0.4827,0.6475,0.5608,17.86,987.96,0.5405405405405406
359959,29,0.4829,0.6475,0.5608,17.61,1002.13,0.5405405405405406
359959,30,0.483,0.6491,0.5608,17.38,1022.47,0.5405405405405406
359959,31,0.4832,0.6483,0.5608,17.19,1057.18,0.5405405405405406
359959,32,0.4832,0.6521,0.5608,17.03,1090.84,0.5405405405405406
359959,33,0.4832,0.6528,0.5541,16.89,1139.73,0.5405405405405406
359959,34,0.4832,0.6551,0.5541,16.79,1185.42,0.5405405405405406
359959,35,0.4833,0.6566,0.5541,16.68,1240.54,0.5405405405405406
359959,36,0.4832,0.6581,0.5608,16.54,1285.72,0.5405405405405406
359959,37,0.483,0.6604,0.5608,16.43,1331.19,0.5405405405405406
359959,38,0.483,0.6611,0.5676,16.33,1370.65,0.5405405405405406
359959,39,0.4829,0.6649,0.5676,16.17,1408.29,0.5405405405405406
359959,40,0.4831,0.6642,0.5676,16.04,1443.51,0.5405405405405406
359959,41,0.4831,0.6672,0.5676,15.96,1486.13,0.5405405405405406
359959,42,0.483,0.6702,0.5676,15.83,1533.77,0.5405405405405406
359959,43,0.483,0.6709,0.5676,15.79,1583.3,0.5405405405405406
359959,44,0.4829,0.6732,0.5676,15.74,1648.03,0.5405405405405406
359959,45,0.483,0.6747,0.5676,15.66,1699.21,0.5405405405405406
359959,46,0.483,0.6755,0.5676,15.55,1770.74,0.5405405405405406
359959,47,0.4829,0.6755,0.5676,15.48,1839.95,0.5405405405405406
359959,48,0.4827,0.6777,0.5676,15.41,1912.6,0.5405405405405406
359959,49,0.4826,0.6785,0.5676,15.36,2003.88,0.5405405405405406
359954,0,0.4691,0.636,0.5541,13.42,199.3,0.6756756756756757
359954,1,0.4691,0.636,0.5541,13.42,199.3,0.6756756756756757
359954,2,0.4714,0.6647,0.5811,14.68,297.19,0.6756756756756757
359954,3,0.4768,0.6798,0.5946,13.59,297.66,0.6756756756756757
359954,4,0.4816,0.6979,0.5946,13.7,375.62,0.6756756756756757
359954,5,0.4843,0.71,0.5946,15.25,491.6,0.6756756756756757
359954,6,0.4883,0.7236,0.5946,16.94,631.19,0.6756756756756757
359954,7,0.4922,0.7326,0.6216,18.54,831.62,0.6756756756756757
359954,8,0.4958,0.7628,0.6216,20.17,1016.32,0.6756756756756757
359954,9,0.4993,0.7825,0.6216,21.71,1193.85,0.6756756756756757
359954,10,0.5021,0.7961,0.6216,21.99,1322.98,0.6756756756756757
359954,11,0.5038,0.8157,0.6351,22.75,1438.9,0.6756756756756757
359954,12,0.5052,0.8323,0.6351,22.81,1513.94,0.6756756756756757
359954,13,0.5067,0.8429,0.6486,22.78,1598.74,0.6756756756756757
359954,14,0.508,0.8505,0.6622,23.04,1656.83,0.6756756756756757
359954,15,0.5095,0.8595,0.6622,23.14,1718.29,0.6756756756756757
359954,16,0.5103,0.8701,0.6622,23.16,1758.95,0.6756756756756757
359954,17,0.5117,0.8761,0.6622,22.79,1779.54,0.6756756756756757
359954,18,0.5124,0.8807,0.6622,22.63,1811.82,0.6756756756756757
359954,19,0.5127,0.8867,0.6622,22.6,1841.07,0.6756756756756757
359954,20,0.5134,0.8912,0.6622,22.43,1861.05,0.6756756756756757
359954,21,0.5141,0.8943,0.6622,22.19,1873.25,0.6756756756756757
359954,22,0.515,0.8988,0.6622,21.83,1893.08,0.6756756756756757
359954,23,0.5159,0.9033,0.6622,21.61,1904.31,0.6756756756756757
359954,24,0.5167,0.9094,0.6622,21.29,1922.67,0.6756756756756757
359954,25,0.517,0.9139,0.6622,21.05,1925.64,0.6756756756756757
359954,26,0.5171,0.9169,0.6622,20.91,1938.55,0.6756756756756757
359954,27,0.5168,0.923,0.6622,20.64,1957.83,0.6756756756756757
359954,28,0.5172,0.926,0.6622,20.41,1962.86,0.6756756756756757
359954,29,0.5174,0.9275,0.6622,20.11,1967.66,0.6756756756756757
359954,30,0.5174,0.9305,0.6622,19.77,1978.82,0.6756756756756757
359954,31,0.5177,0.9335,0.6622,19.61,1987.62,0.6756756756756757
359954,32,0.5181,0.9426,0.6622,19.38,1996.01,0.6756756756756757
359954,33,0.5183,0.9441,0.6622,19.21,2008.66,0.6756756756756757
359954,34,0.5183,0.9517,0.6622,19.08,2023.34,0.6756756756756757
359954,35,0.5184,0.9532,0.6622,18.87,2030.64,0.6756756756756757
359954,36,0.5189,0.9532,0.6622,18.77,2040.58,0.6756756756756757
359954,37,0.5192,0.9547,0.6622,18.69,2053.88,0.6756756756756757
359954,38,0.5195,0.9562,0.6622,18.58,2062.54,0.6756756756756757
359954,39,0.5198,0.9577,0.6622,18.38,2073.0,0.6756756756756757
359954,40,0.52,0.9577,0.6622,18.26,2079.14,0.6756756756756757
359954,41,0.5202,0.9577,0.6622,18.16,2085.54,0.6756756756756757
359954,42,0.5203,0.9577,0.6622,18.0,2091.1,0.6756756756756757
359954,43,0.5207,0.9577,0.6622,17.79,2096.66,0.6756756756756757
359954,44,0.521,0.9592,0.6622,17.66,2095.88,0.6756756756756757
359954,45,0.5212,0.9607,0.6622,17.51,2092.58,0.6756756756756757
359954,46,0.5214,0.9622,0.6622,17.34,2090.23,0.6756756756756757
359954,47,0.5215,0.9622,0.6622,17.19,2084.37,0.6756756756756757
359954,48,0.5216,0.9622,0.6622,17.02,2076.72,0.6756756756756757
359954,49,0.5217,0.9637,0.6622,16.91,2072.54,0.6756756756756757
359954,0,0.4731,0.6616,0.5676,9.11,125.55,0.6621621621621622
359954,1,0.4731,0.6616,0.5676,9.11,125.55,0.6621621621621622
359954,2,0.4724,0.6692,0.5676,10.58,189.22,0.6621621621621622
359954,3,0.475,0.6828,0.5811,12.66,338.71,0.6621621621621622
359954,4,0.4819,0.7009,0.6081,13.74,444.43,0.6621621621621622
359954,5,0.4872,0.719,0.5946,15.6,561.5,0.6621621621621622
359954,6,0.4913,0.7417,0.5946,16.48,708.07,0.6621621621621622
359954,7,0.4953,0.7492,0.5946,18.13,892.27,0.6621621621621622
359954,8,0.4977,0.7734,0.5946,19.67,1061.37,0.6621621621621622
359954,9,0.4993,0.7915,0.6216,20.37,1184.8,0.6621621621621622
359954,10,0.5019,0.8036,0.6216,21.35,1306.63,0.6621621621621622
359954,11,0.5036,0.8157,0.6216,21.78,1411.48,0.6621621621621622
359954,12,0.5046,0.8293,0.6351,22.13,1485.39,0.6621621621621622
359954,13,0.5063,0.8429,0.6351,22.21,1540.16,0.6621621621621622
359954,14,0.5075,0.8489,0.6486,22.0,1569.31,0.6621621621621622
359954,15,0.5087,0.8595,0.6486,21.71,1591.1,0.6621621621621622
359954,16,0.5098,0.8671,0.6486,21.29,1616.23,0.6621621621621622
359954,17,0.511,0.8716,0.6486,21.05,1629.32,0.6621621621621622
359954,18,0.5116,0.8776,0.6622,20.64,1637.48,0.6621621621621622
359954,19,0.5118,0.8776,0.6622,20.27,1631.51,0.6621621621621622
359954,20,0.5124,0.8852,0.6622,20.01,1622.31,0.6621621621621622
359954,21,0.5132,0.8882,0.6757,19.69,1619.15,0.6621621621621622
359954,22,0.5136,0.8897,0.6757,19.39,1620.29,0.6621621621621622
359954,23,0.5134,0.8943,0.6622,19.05,1621.85,0.6621621621621622
359954,24,0.5135,0.8943,0.6622,19.08,1634.59,0.6621621621621622
359954,25,0.514,0.8958,0.6757,18.81,1663.78,0.6621621621621622
359954,26,0.5146,0.9003,0.6622,18.6,1689.43,0.6621621621621622
359954,27,0.5154,0.9033,0.6622,18.47,1722.03,0.6621621621621622
359954,28,0.5159,0.9063,0.6622,18.25,1747.66,0.6621621621621622
359954,29,0.5164,0.9094,0.6622,18.0,1772.8,0.6621621621621622
359954,30,0.5168,0.9124,0.6622,17.81,1794.52,0.6621621621621622
359954,31,0.5173,0.9199,0.6622,17.61,1802.21,0.6621621621621622
359954,32,0.5173,0.9245,0.6622,17.4,1806.28,0.6621621621621622
359954,33,0.5176,0.9245,0.6757,17.25,1812.97,0.6621621621621622
359954,34,0.518,0.9305,0.6757,17.09,1816.58,0.6621621621621622
359954,35,0.5183,0.9335,0.6757,16.87,1826.43,0.6621621621621622
359954,36,0.5182,0.9381,0.6757,16.75,1831.67,0.6621621621621622
359954,37,0.5186,0.9411,0.6757,16.55,1839.62,0.6621621621621622
359954,38,0.5187,0.9426,0.6757,16.4,1850.7,0.6621621621621622
359954,39,0.519,0.9441,0.6757,16.25,1857.04,0.6621621621621622
359954,40,0.5193,0.9471,0.6757,16.11,1866.38,0.6621621621621622
359954,41,0.5194,0.9486,0.6757,16.03,1877.7,0.6621621621621622
359954,42,0.5195,0.9532,0.6757,16.05,1887.91,0.6621621621621622
359954,43,0.5199,0.9532,0.6757,15.98,1895.66,0.6621621621621622
359954,44,0.5202,0.9532,0.6757,15.98,1903.84,0.6621621621621622
359954,45,0.5203,0.9547,0.6757,15.92,1917.28,0.6621621621621622
359954,46,0.5207,0.9577,0.6757,15.82,1922.3,0.6621621621621622
359954,47,0.521,0.9607,0.6757,15.77,1923.09,0.6621621621621622
359954,48,0.5212,0.9607,0.6757,15.71,1925.52,0.6621621621621622
359954,49,0.5214,0.9622,0.6757,15.64,1926.51,0.6621621621621622
190146,0,0.6398,0.8029,0.7412,3.81,65.23,0.7764705882352941
190146,1,0.6398,0.8029,0.7412,3.81,65.23,0.7764705882352941
190146,2,0.6453,0.8108,0.7294,4.02,68.09,0.7764705882352941
190146,3,0.6471,0.8252,0.7294,3.98,72.7,0.7764705882352941
190146,4,0.6486,0.8436,0.7294,4.05,79.63,0.7764705882352941
190146,5,0.6502,0.8515,0.7294,4.08,86.83,0.7764705882352941
190146,6,0.6522,0.8568,0.7294,4.24,97.12,0.7764705882352941
190146,7,0.6532,0.8725,0.7294,4.39,105.45,0.7764705882352941
190146,8,0.6535,0.8804,0.7294,4.69,119.08,0.7764705882352941
190146,9,0.654,0.8844,0.7294,5.0,135.15,0.7764705882352941
190146,10,0.6554,0.8883,0.7294,5.28,151.79,0.7764705882352941
190146,11,0.6567,0.8936,0.7294,5.45,167.25,0.7764705882352941
190146,12,0.6573,0.9054,0.7294,5.66,182.15,0.7764705882352941
190146,13,0.6576,0.9106,0.7294,5.84,202.0,0.7764705882352941
190146,14,0.658,0.9146,0.7294,6.07,227.07,0.7764705882352941
190146,15,0.6585,0.9172,0.7412,6.35,258.73,0.7764705882352941
190146,16,0.6586,0.9185,0.7412,6.6,292.23,0.7764705882352941
190146,17,0.6588,0.9277,0.7294,6.93,318.39,0.7764705882352941
190146,18,0.6591,0.929,0.7412,7.07,339.8,0.7764705882352941
190146,19,0.6597,0.9356,0.7294,7.19,364.08,0.7764705882352941
190146,20,0.6601,0.9369,0.7294,7.38,387.28,0.7764705882352941
190146,21,0.6606,0.9382,0.7294,7.56,405.57,0.7764705882352941
190146,22,0.6605,0.9435,0.7294,7.8,429.45,0.7764705882352941
190146,23,0.6612,0.9474,0.7294,7.95,449.9,0.7764705882352941
190146,24,0.6615,0.954,0.7294,8.12,471.14,0.7764705882352941
190146,25,0.6619,0.9566,0.7294,8.36,498.57,0.7764705882352941
190146,26,0.6624,0.9606,0.7294,8.49,521.98,0.7764705882352941
190146,27,0.6629,0.9606,0.7294,8.7,540.98,0.7764705882352941
190146,28,0.6632,0.9632,0.7294,8.84,568.78,0.7764705882352941
190146,29,0.6634,0.9645,0.7294,9.13,590.87,0.7764705882352941
190146,30,0.6639,0.9645,0.7294,9.29,612.63,0.7764705882352941
190146,31,0.6643,0.9671,0.7294,9.34,633.81,0.7764705882352941
190146,32,0.6646,0.9671,0.7294,9.43,652.24,0.7764705882352941
190146,33,0.6648,0.9698,0.7294,9.49,665.83,0.7764705882352941
190146,34,0.6649,0.9711,0.7294,9.47,679.44,0.7764705882352941
190146,35,0.6653,0.9724,0.7294,9.48,691.76,0.7764705882352941
190146,36,0.6657,0.9737,0.7294,9.45,703.97,0.7764705882352941
190146,37,0.6658,0.975,0.7176,9.55,717.77,0.7764705882352941
190146,38,0.6661,0.9803,0.7294,9.57,730.76,0.7764705882352941
190146,39,0.6663,0.9803,0.7176,9.55,745.64,0.7764705882352941
190146,40,0.6669,0.9803,0.7176,9.59,757.77,0.7764705882352941
190146,41,0.6671,0.9803,0.7176,9.6,766.41,0.7764705882352941
190146,42,0.6672,0.9803,0.7176,9.61,772.8,0.7764705882352941
190146,43,0.6674,0.9803,0.7176,9.55,780.36,0.7764705882352941
190146,44,0.6675,0.9803,0.7176,9.56,788.7,0.7764705882352941
190146,45,0.6676,0.9803,0.7176,9.58,798.22,0.7764705882352941
190146,46,0.668,0.9803,0.7176,9.56,807.73,0.7764705882352941
190146,47,0.6681,0.9829,0.7176,9.56,817.29,0.7764705882352941
190146,48,0.6682,0.9829,0.7176,9.56,825.35,0.7764705882352941
190146,49,0.6685,0.9829,0.7176,9.65,836.79,0.7764705882352941
359954,0,0.4708,0.6193,0.5,10.55,124.94,0.6756756756756757
359954,1,0.4708,0.6193,0.5,10.55,124.94,0.6756756756756757
359954,2,0.4746,0.636,0.5135,10.99,155.32,0.6756756756756757
359954,3,0.4777,0.6556,0.527,11.34,176.72,0.6756756756756757
359954,4,0.4802,0.6647,0.5541,11.5,198.62,0.6756756756756757
359954,5,0.4842,0.6752,0.5541,12.53,249.93,0.6756756756756757
359954,6,0.4893,0.7009,0.5811,13.02,300.18,0.6756756756756757
359954,7,0.4919,0.713,0.5811,14.02,376.67,0.6756756756756757
359954,8,0.4951,0.7251,0.5811,15.1,442.58,0.6756756756756757
359954,9,0.4979,0.7447,0.5811,15.7,501.6,0.6756756756756757
359954,10,0.5005,0.7628,0.5811,16.14,558.43,0.6756756756756757
359954,11,0.5021,0.7689,0.5946,16.11,613.15,0.6756756756756757
359954,12,0.5041,0.7749,0.5946,15.82,651.5,0.6756756756756757
359954,13,0.5056,0.784,0.6081,15.47,697.33,0.6756756756756757
359954,14,0.5075,0.7961,0.6216,15.14,769.72,0.6756756756756757
359954,15,0.5082,0.8051,0.6351,14.77,828.84,0.6756756756756757
359954,16,0.5087,0.8112,0.6351,14.46,908.73,0.6756756756756757
359954,17,0.5094,0.8202,0.6351,14.23,994.95,0.6756756756756757
359954,18,0.5104,0.8308,0.6351,14.03,1071.71,0.6756756756756757
359954,19,0.5116,0.8429,0.6351,13.9,1149.44,0.6756756756756757
359954,20,0.5125,0.8505,0.6351,13.79,1235.05,0.6756756756756757
359954,21,0.5128,0.8625,0.6351,13.71,1293.85,0.6756756756756757
359954,22,0.5132,0.8716,0.6486,13.71,1358.61,0.6756756756756757
359954,23,0.5139,0.8731,0.6486,13.64,1434.19,0.6756756756756757
359954,24,0.5144,0.8807,0.6486,13.5,1499.3,0.6756756756756757
359954,25,0.5149,0.8837,0.6486,13.44,1557.99,0.6756756756756757
359954,26,0.5157,0.8852,0.6351,13.39,1620.37,0.6756756756756757
359954,27,0.5161,0.8867,0.6486,13.41,1670.08,0.6756756756756757
359954,28,0.5166,0.8943,0.6622,13.61,1715.16,0.6756756756756757
359954,29,0.5171,0.8958,0.6622,13.85,1761.86,0.6756756756756757
359954,30,0.5174,0.9003,0.6757,14.09,1822.17,0.6756756756756757
359954,31,0.5179,0.9018,0.6757,14.3,1867.12,0.6756756756756757
359954,32,0.5181,0.9079,0.6622,14.57,1911.56,0.6756756756756757
359954,33,0.5182,0.9079,0.6757,14.68,1946.32,0.6756756756756757
359954,34,0.5188,0.9124,0.6757,14.9,1973.32,0.6756756756756757
359954,35,0.5192,0.9154,0.6757,15.0,2003.44,0.6756756756756757
359954,36,0.5192,0.9184,0.6757,15.13,2030.9,0.6756756756756757
359954,37,0.5194,0.9215,0.6757,15.21,2052.48,0.6756756756756757
359954,38,0.5194,0.9245,0.6757,15.4,2077.98,0.6756756756756757
359954,39,0.5195,0.9275,0.6757,15.6,2101.58,0.6756756756756757
359954,40,0.5197,0.929,0.6757,15.7,2112.15,0.6756756756756757
359954,41,0.5199,0.9335,0.6757,15.84,2133.65,0.6756756756756757
359954,42,0.5201,0.9366,0.6757,15.89,2152.82,0.6756756756756757
359954,43,0.5202,0.9396,0.6757,16.03,2164.85,0.6756756756756757
359954,44,0.5203,0.9441,0.6757,16.14,2180.68,0.6756756756756757
359954,45,0.5205,0.9441,0.6757,16.18,2197.98,0.6756756756756757
359954,46,0.5206,0.9471,0.6757,16.3,2212.23,0.6756756756756757
359954,47,0.5208,0.9471,0.6757,16.32,2221.77,0.6756756756756757
359954,48,0.5211,0.9471,0.6757,16.42,2225.85,0.6756756756756757
359954,49,0.5212,0.9502,0.6757,16.52,2232.06,0.6756756756756757
190146,0,0.6452,0.7911,0.7412,4.19,112.59,0.7764705882352941
190146,1,0.6452,0.7911,0.7412,4.19,112.59,0.7764705882352941
190146,2,0.6461,0.8147,0.7294,4.74,115.16,0.7764705882352941
190146,3,0.6491,0.8292,0.7176,5.21,134.88,0.7764705882352941
190146,4,0.6522,0.8436,0.7176,5.82,142.62,0.7764705882352941
190146,5,0.6548,0.8594,0.7176,6.33,148.22,0.7764705882352941
190146,6,0.6555,0.8778,0.7176,6.97,161.69,0.7764705882352941
190146,7,0.657,0.8936,0.7176,7.51,169.16,0.7764705882352941
190146,8,0.6582,0.9093,0.7176,7.93,176.8,0.7764705882352941
190146,9,0.659,0.9172,0.7176,8.02,182.04,0.7764705882352941
190146,10,0.6596,0.9212,0.7176,8.0,187.11,0.7764705882352941
190146,11,0.6604,0.9238,0.7176,7.95,193.16,0.7764705882352941
190146,12,0.6609,0.9277,0.7176,7.97,198.54,0.7764705882352941
190146,13,0.6611,0.9317,0.7176,7.91,204.06,0.7764705882352941
190146,14,0.6614,0.933,0.7176,7.85,210.44,0.7764705882352941
190146,15,0.6618,0.9382,0.7176,7.94,217.94,0.7764705882352941
190146,16,0.6623,0.9369,0.7176,8.07,222.93,0.7764705882352941
190146,17,0.6625,0.9382,0.7294,8.01,227.71,0.7764705882352941
190146,18,0.6631,0.9409,0.7294,7.9,232.42,0.7764705882352941
190146,19,0.6633,0.9448,0.7294,7.88,240.01,0.7764705882352941
190146,20,0.6634,0.9501,0.7294,7.86,247.09,0.7764705882352941
190146,21,0.6637,0.9527,0.7294,7.93,257.01,0.7764705882352941
190146,22,0.6641,0.9566,0.7294,7.86,266.61,0.7764705882352941
190146,23,0.6641,0.958,0.7294,7.8,275.27,0.7764705882352941
190146,24,0.6644,0.9645,0.7294,7.74,285.0,0.7764705882352941
190146,25,0.6649,0.9645,0.7294,7.67,294.46,0.7764705882352941
190146,26,0.6651,0.9671,0.7294,7.62,306.25,0.7764705882352941
190146,27,0.6655,0.9671,0.7294,7.55,316.28,0.7764705882352941
190146,28,0.6659,0.9685,0.7294,7.46,328.25,0.7764705882352941
190146,29,0.666,0.9685,0.7294,7.45,341.25,0.7764705882352941
190146,30,0.6664,0.9685,0.7294,7.51,354.78,0.7764705882352941
190146,31,0.6665,0.9685,0.7294,7.5,373.62,0.7764705882352941
190146,32,0.6667,0.9685,0.7294,7.51,388.7,0.7764705882352941
190146,33,0.6668,0.9685,0.7294,7.52,403.7,0.7764705882352941
190146,34,0.6671,0.9685,0.7294,7.56,422.9,0.7764705882352941
190146,35,0.6672,0.9685,0.7294,7.7,446.45,0.7764705882352941
190146,36,0.6673,0.9698,0.7294,7.72,471.76,0.7764705882352941
190146,37,0.6675,0.9698,0.7294,7.77,492.07,0.7764705882352941
190146,38,0.6676,0.9711,0.7294,7.89,513.39,0.7764705882352941
190146,39,0.6679,0.9711,0.7294,7.99,532.69,0.7764705882352941
190146,40,0.668,0.9724,0.7294,8.05,548.38,0.7764705882352941
190146,41,0.6682,0.9724,0.7176,8.07,560.81,0.7764705882352941
190146,42,0.6687,0.9763,0.7176,8.14,576.66,0.7764705882352941
190146,43,0.6688,0.9763,0.7176,8.21,593.46,0.7764705882352941
190146,44,0.6688,0.9777,0.7176,8.27,611.65,0.7764705882352941
190146,45,0.6689,0.9777,0.7176,8.35,632.82,0.7764705882352941
190146,46,0.669,0.9777,0.7176,8.33,649.58,0.7764705882352941
190146,47,0.669,0.979,0.7176,8.37,667.88,0.7764705882352941
190146,48,0.6691,0.979,0.7176,8.43,689.75,0.7764705882352941
190146,49,0.6693,0.9816,0.7176,8.52,715.0,0.7764705882352941
2073,0,0.4728,0.585,0.5839,12.71,122.63,0.7181208053691275
2073,1,0.4728,0.585,0.5839,12.71,122.63,0.7181208053691275
2073,2,0.4789,0.594,0.5973,12.14,117.57,0.7181208053691275
2073,3,0.4795,0.5985,0.604,12.73,133.21,0.7181208053691275
2073,4,0.4814,0.603,0.6107,13.34,149.03,0.7181208053691275
2073,5,0.4878,0.603,0.6174,13.74,161.81,0.7181208053691275
2073,6,0.4901,0.6082,0.6174,14.29,177.82,0.7181208053691275
2073,7,0.4944,0.6075,0.6242,14.97,204.93,0.7181208053691275
2073,8,0.497,0.6127,0.6309,15.32,224.75,0.7181208053691275
2073,9,0.4996,0.6165,0.6242,15.42,234.29,0.7181208053691275
2073,10,0.5009,0.6202,0.6309,15.5,244.22,0.7181208053691275
2073,11,0.5031,0.6225,0.6376,15.43,248.2,0.7181208053691275
2073,12,0.5048,0.6255,0.6309,15.32,251.04,0.7181208053691275
2073,13,0.5064,0.6277,0.6443,15.3,262.36,0.7181208053691275
2073,14,0.5077,0.6285,0.6443,15.13,266.34,0.7181208053691275
2073,15,0.5092,0.6322,0.6443,15.2,271.13,0.7181208053691275
2073,16,0.5106,0.6337,0.6376,15.3,277.1,0.7181208053691275
2073,17,0.512,0.6337,0.6443,15.18,282.81,0.7181208053691275
2073,18,0.5132,0.6375,0.6443,15.15,290.46,0.7181208053691275
2073,19,0.514,0.6382,0.6577,15.22,298.77,0.7181208053691275
2073,20,0.5152,0.6397,0.6577,15.09,308.55,0.7181208053691275
2073,21,0.5164,0.6397,0.6577,15.07,324.95,0.7181208053691275
2073,22,0.5169,0.6397,0.651,15.06,343.04,0.7181208053691275
2073,23,0.5174,0.6404,0.651,15.02,373.62,0.7181208053691275
2073,24,0.5176,0.6419,0.651,15.08,409.12,0.7181208053691275
2073,25,0.5182,0.6434,0.651,15.21,448.79,0.7181208053691275
2073,26,0.5184,0.6464,0.651,15.41,495.06,0.7181208053691275
2073,27,0.5188,0.6457,0.651,15.48,544.82,0.7181208053691275
2073,28,0.5192,0.6502,0.651,15.72,603.76,0.7181208053691275
2073,29,0.5191,0.6524,0.651,15.86,668.34,0.7181208053691275
2073,30,0.5195,0.6524,0.651,16.15,733.96,0.7181208053691275
2073,31,0.5197,0.6539,0.651,16.35,800.41,0.7181208053691275
2073,32,0.5201,0.6554,0.651,16.57,869.01,0.7181208053691275
2073,33,0.5204,0.6577,0.651,16.88,950.32,0.7181208053691275
2073,34,0.5204,0.6577,0.651,17.26,1052.61,0.7181208053691275
2073,35,0.5206,0.6584,0.651,17.73,1156.77,0.7181208053691275
2073,36,0.5207,0.6622,0.6577,18.05,1269.99,0.7181208053691275
2073,37,0.5208,0.6652,0.6577,18.39,1366.21,0.7181208053691275
2073,38,0.5205,0.6697,0.6644,18.77,1456.46,0.7181208053691275
2073,39,0.5203,0.6704,0.6711,19.23,1555.04,0.7181208053691275
2073,40,0.5204,0.6704,0.6711,19.5,1647.5,0.7181208053691275
2073,41,0.5204,0.6742,0.6644,19.77,1744.84,0.7181208053691275
2073,42,0.5204,0.6749,0.6644,20.15,1872.53,0.7181208053691275
2073,43,0.5204,0.6794,0.6644,20.57,1995.8,0.7181208053691275
2073,44,0.5204,0.6809,0.6711,20.91,2139.8,0.7181208053691275
2073,45,0.5204,0.6861,0.6711,21.25,2329.48,0.7181208053691275
2073,46,0.5203,0.6906,0.6711,21.78,2567.07,0.7181208053691275
2073,47,0.5201,0.6921,0.6711,22.45,2856.29,0.7181208053691275
2073,48,0.5199,0.6944,0.6711,22.9,3135.85,0.7181208053691275
2073,49,0.5197,0.6951,0.6711,23.44,3474.54,0.7181208053691275
359954,0,0.4739,0.6178,0.527,14.08,182.25,0.6756756756756757
359954,1,0.4739,0.6178,0.527,14.08,182.25,0.6756756756756757
359954,2,0.4785,0.6465,0.5541,12.83,192.87,0.6756756756756757
359954,3,0.4817,0.6647,0.5405,12.97,221.45,0.6756756756756757
359954,4,0.4839,0.6722,0.5541,13.28,274.9,0.6756756756756757
359954,5,0.4895,0.6949,0.5541,14.28,371.61,0.6756756756756757
359954,6,0.4931,0.7145,0.5541,15.85,513.59,0.6756756756756757
359954,7,0.4955,0.7326,0.5946,17.11,681.83,0.6756756756756757
359954,8,0.498,0.7523,0.6081,18.47,817.07,0.6756756756756757
359954,9,0.501,0.7674,0.6216,19.4,1004.04,0.6756756756756757
359954,10,0.5034,0.781,0.6081,20.63,1169.96,0.6756756756756757
359954,11,0.5056,0.8036,0.6216,20.99,1301.09,0.6756756756756757
359954,12,0.507,0.8157,0.6351,21.51,1387.36,0.6756756756756757
359954,13,0.5086,0.8293,0.6351,21.59,1458.28,0.6756756756756757
359954,14,0.5099,0.8399,0.6351,21.27,1496.36,0.6756756756756757
359954,15,0.5111,0.8565,0.6622,21.11,1528.89,0.6756756756756757
359954,16,0.5114,0.8671,0.6622,21.06,1559.06,0.6756756756756757
359954,17,0.5127,0.8746,0.6622,20.75,1590.0,0.6756756756756757
359954,18,0.5135,0.8807,0.6622,20.57,1613.53,0.6756756756756757
359954,19,0.5143,0.8852,0.6622,20.35,1643.47,0.6756756756756757
359954,20,0.5149,0.8897,0.6622,20.08,1669.9,0.6756756756756757
359954,21,0.5152,0.8897,0.6622,19.88,1704.9,0.6756756756756757
359954,22,0.5155,0.8958,0.6622,19.62,1735.32,0.6756756756756757
359954,23,0.5164,0.8973,0.6622,19.36,1771.45,0.6756756756756757
359954,24,0.5164,0.9094,0.6757,19.27,1802.92,0.6756756756756757
359954,25,0.5167,0.9154,0.6757,19.1,1833.93,0.6756756756756757
359954,26,0.5173,0.923,0.6757,19.02,1871.9,0.6756756756756757
359954,27,0.5177,0.9275,0.6757,18.81,1898.43,0.6756756756756757
359954,28,0.5176,0.929,0.6757,18.77,1925.38,0.6756756756756757
359954,29,0.5177,0.9305,0.6757,18.66,1948.69,0.6756756756756757
359954,30,0.518,0.9335,0.6757,18.62,1975.62,0.6756756756756757
359954,31,0.5182,0.935,0.6757,18.58,2005.24,0.6756756756756757
359954,32,0.5185,0.9381,0.6757,18.46,2036.78,0.6756756756756757
359954,33,0.5185,0.9471,0.6622,18.36,2062.03,0.6756756756756757
359954,34,0.5187,0.9502,0.6622,18.39,2086.58,0.6756756756756757
359954,35,0.5189,0.9517,0.6622,18.36,2114.76,0.6756756756756757
359954,36,0.5191,0.9517,0.6622,18.41,2141.13,0.6756756756756757
359954,37,0.5193,0.9547,0.6622,18.33,2162.26,0.6756756756756757
359954,38,0.5193,0.9547,0.6622,18.29,2185.29,0.6756756756756757
359954,39,0.5196,0.9547,0.6622,18.18,2201.07,0.6756756756756757
359954,40,0.5199,0.9562,0.6622,18.13,2214.4,0.6756756756756757
359954,41,0.5201,0.9562,0.6622,18.02,2218.88,0.6756756756756757
359954,42,0.5203,0.9562,0.6622,17.92,2225.58,0.6756756756756757
359954,43,0.5205,0.9577,0.6622,17.83,2235.9,0.6756756756756757
359954,44,0.5207,0.9577,0.6622,17.69,2240.06,0.6756756756756757
359954,45,0.521,0.9607,0.6622,17.54,2246.06,0.6756756756756757
359954,46,0.5212,0.9637,0.6622,17.47,2243.69,0.6756756756756757
359954,47,0.5217,0.9653,0.6622,17.32,2243.86,0.6756756756756757
359954,48,0.5218,0.9653,0.6622,17.16,2240.53,0.6756756756756757
359954,49,0.5218,0.9653,0.6622,17.05,2236.59,0.6756756756756757
359954,0,0.4746,0.6329,0.5676,10.62,223.34,0.6621621621621622
359954,1,0.4746,0.6329,0.5676,10.62,223.34,0.6621621621621622
359954,2,0.4789,0.6601,0.5946,10.12,239.4,0.6621621621621622
359954,3,0.4816,0.6616,0.5541,10.72,285.83,0.6621621621621622
359954,4,0.4864,0.6737,0.5946,10.6,330.56,0.6621621621621622
359954,5,0.4902,0.6888,0.5946,10.51,395.37,0.6621621621621622
359954,6,0.4936,0.7145,0.5811,10.79,468.16,0.6621621621621622
359954,7,0.4968,0.7296,0.5946,10.94,529.7,0.6621621621621622
359954,8,0.4998,0.7402,0.6081,11.22,586.08,0.6621621621621622
359954,9,0.5019,0.7553,0.6216,11.15,638.32,0.6621621621621622
359954,10,0.5041,0.7719,0.6216,11.31,705.19,0.6621621621621622
359954,11,0.5058,0.7825,0.6216,11.17,748.45,0.6621621621621622
359954,12,0.5073,0.7961,0.6216,10.92,783.18,0.6621621621621622
359954,13,0.509,0.8036,0.6216,11.0,821.73,0.6621621621621622
359954,14,0.5099,0.8127,0.6351,11.04,866.77,0.6621621621621622
359954,15,0.511,0.8202,0.6486,11.01,912.41,0.6621621621621622
359954,16,0.512,0.8278,0.6486,11.07,943.81,0.6621621621621622
359954,17,0.5126,0.8353,0.6351,10.98,969.08,0.6621621621621622
359954,18,0.5135,0.8429,0.6351,10.83,990.89,0.6621621621621622
359954,19,0.5142,0.8459,0.6351,10.87,1008.89,0.6621621621621622
359954,20,0.5149,0.8505,0.6486,10.92,1034.36,0.6621621621621622
359954,21,0.5153,0.858,0.6486,10.98,1059.98,0.6621621621621622
359954,22,0.5152,0.864,0.6486,11.06,1089.76,0.6621621621621622
359954,23,0.5158,0.8671,0.6486,11.16,1119.9,0.6621621621621622
359954,24,0.5158,0.8701,0.6486,11.25,1148.42,0.6621621621621622
359954,25,0.516,0.8746,0.6486,11.36,1168.53,0.6621621621621622
359954,26,0.5166,0.8792,0.6486,11.41,1193.64,0.6621621621621622
359954,27,0.5169,0.8837,0.6486,11.51,1223.17,0.6621621621621622
359954,28,0.5171,0.8852,0.6486,11.61,1243.96,0.6621621621621622
359954,29,0.5176,0.8867,0.6622,11.69,1265.91,0.6621621621621622
359954,30,0.5178,0.8882,0.6622,11.82,1291.25,0.6621621621621622
359954,31,0.5182,0.8897,0.6622,11.91,1313.46,0.6621621621621622
359954,32,0.5185,0.8927,0.6622,11.97,1333.06,0.6621621621621622
359954,33,0.5187,0.8973,0.6622,11.99,1350.45,0.6621621621621622
359954,34,0.5191,0.8988,0.6622,11.97,1364.49,0.6621621621621622
359954,35,0.5192,0.9003,0.6622,12.03,1383.5,0.6621621621621622
359954,36,0.5193,0.9048,0.6622,12.1,1407.2,0.6621621621621622
359954,37,0.5192,0.9063,0.6622,12.19,1438.76,0.6621621621621622
359954,38,0.5192,0.9094,0.6622,12.27,1466.21,0.6621621621621622
359954,39,0.5194,0.9109,0.6622,12.34,1501.1,0.6621621621621622
359954,40,0.5196,0.9124,0.6622,12.4,1527.22,0.6621621621621622
359954,41,0.5196,0.9124,0.6622,12.46,1555.33,0.6621621621621622
359954,42,0.5197,0.9139,0.6622,12.52,1585.8,0.6621621621621622
359954,43,0.5198,0.9184,0.6622,12.64,1616.09,0.6621621621621622
359954,44,0.52,0.9215,0.6622,12.73,1643.88,0.6621621621621622
359954,45,0.52,0.923,0.6622,12.85,1668.77,0.6621621621621622
359954,46,0.5203,0.9245,0.6622,12.92,1694.91,0.6621621621621622
359954,47,0.5207,0.9245,0.6622,13.06,1723.94,0.6621621621621622
359954,48,0.521,0.9275,0.6622,13.22,1750.9,0.6621621621621622
359954,49,0.5211,0.929,0.6622,13.34,1776.4,0.6621621621621622
359954,0,0.4689,0.6616,0.5946,11.15,182.18,0.6756756756756757
359954,1,0.4689,0.6616,0.5946,11.15,182.18,0.6756756756756757
359954,2,0.4716,0.6616,0.5811,12.8,224.9,0.6756756756756757
359954,3,0.4748,0.6737,0.5811,14.74,286.14,0.6756756756756757
359954,4,0.4795,0.7054,0.6081,15.76,342.03,0.6756756756756757
359954,5,0.4854,0.7221,0.6081,17.37,407.71,0.6756756756756757
359954,6,0.4902,0.7387,0.5946,17.77,445.67,0.6756756756756757
359954,7,0.4935,0.7462,0.6081,18.05,470.89,0.6756756756756757
359954,8,0.4961,0.7613,0.6081,18.31,487.55,0.6756756756756757
359954,9,0.4989,0.7644,0.6081,17.6,483.97,0.6756756756756757
359954,10,0.5008,0.781,0.6216,17.13,480.38,0.6756756756756757
359954,11,0.5028,0.7915,0.6216,16.79,479.03,0.6756756756756757
359954,12,0.5039,0.8006,0.6216,16.65,478.67,0.6756756756756757
359954,13,0.5059,0.8036,0.6216,16.32,481.82,0.6756756756756757
359954,14,0.5074,0.8097,0.6216,16.17,495.09,0.6756756756756757
359954,15,0.5082,0.8142,0.6216,15.79,503.99,0.6756756756756757
359954,16,0.5094,0.8233,0.6486,15.68,518.3,0.6756756756756757
359954,17,0.5103,0.8278,0.6486,15.45,532.49,0.6756756756756757
359954,18,0.5107,0.8308,0.6351,15.09,551.9,0.6756756756756757
359954,19,0.5115,0.8369,0.6351,14.8,576.37,0.6756756756756757
359954,20,0.5122,0.8399,0.6486,14.69,603.52,0.6756756756756757
359954,21,0.5127,0.8429,0.6351,14.75,639.24,0.6756756756756757
359954,22,0.513,0.8489,0.6486,14.93,682.28,0.6756756756756757
359954,23,0.5135,0.8505,0.6486,14.84,709.12,0.6756756756756757
359954,24,0.5138,0.8535,0.6757,14.9,743.35,0.6756756756756757
359954,25,0.5144,0.8595,0.6757,14.91,779.03,0.6756756756756757
359954,26,0.5148,0.864,0.6757,14.87,809.78,0.6756756756756757
359954,27,0.5151,0.864,0.6757,14.82,844.23,0.6756756756756757
359954,28,0.5155,0.8671,0.6757,14.8,871.57,0.6756756756756757
359954,29,0.5158,0.8671,0.6622,14.94,908.26,0.6756756756756757
359954,30,0.5161,0.8731,0.6622,14.98,954.22,0.6756756756756757
359954,31,0.5165,0.8761,0.6757,15.03,1007.75,0.6756756756756757
359954,32,0.5168,0.8822,0.6622,15.11,1065.0,0.6756756756756757
359954,33,0.5169,0.8822,0.6622,15.18,1119.17,0.6756756756756757
359954,34,0.5174,0.8897,0.6622,15.15,1160.23,0.6756756756756757
359954,35,0.5175,0.8927,0.6622,15.12,1202.44,0.6756756756756757
359954,36,0.5176,0.8973,0.6622,15.1,1240.41,0.6756756756756757
359954,37,0.5177,0.8988,0.6622,15.16,1278.12,0.6756756756756757
359954,38,0.5178,0.9003,0.6622,15.15,1323.42,0.6756756756756757
359954,39,0.5179,0.9033,0.6622,15.16,1358.54,0.6756756756756757
359954,40,0.5179,0.9048,0.6622,15.18,1390.46,0.6756756756756757
359954,41,0.5182,0.9048,0.6622,15.18,1417.35,0.6756756756756757
359954,42,0.5182,0.9079,0.6622,15.19,1446.04,0.6756756756756757
359954,43,0.5183,0.9139,0.6622,15.12,1471.52,0.6756756756756757
359954,44,0.5186,0.9169,0.6622,15.05,1499.02,0.6756756756756757
359954,45,0.5188,0.9169,0.6622,14.98,1526.85,0.6756756756756757
359954,46,0.5191,0.9199,0.6622,14.88,1547.74,0.6756756756756757
359954,47,0.5191,0.9199,0.6622,14.85,1570.68,0.6756756756756757
359954,48,0.5194,0.9199,0.6622,14.8,1592.18,0.6756756756756757
359954,49,0.5196,0.926,0.6622,14.75,1611.92,0.6756756756756757
359954,0,0.4712,0.6208,0.5676,12.44,125.99,0.6756756756756757
359954,1,0.4712,0.6208,0.5676,12.44,125.99,0.6756756756756757
359954,2,0.4784,0.645,0.5676,11.94,134.52,0.6756756756756757
359954,3,0.4805,0.6677,0.5811,12.07,159.1,0.6756756756756757
359954,4,0.4831,0.6843,0.5811,12.67,209.67,0.6756756756756757
359954,5,0.4863,0.6918,0.5811,13.84,262.12,0.6756756756756757
359954,6,0.4887,0.7069,0.5676,14.76,319.96,0.6756756756756757
359954,7,0.4919,0.7145,0.5811,15.36,365.88,0.6756756756756757
359954,8,0.4948,0.7326,0.5946,15.77,421.27,0.6756756756756757
359954,9,0.4967,0.7402,0.5946,17.02,470.78,0.6756756756756757
359954,10,0.4989,0.7492,0.5946,17.53,509.06,0.6756756756756757
359954,11,0.5014,0.7628,0.5946,17.95,533.43,0.6756756756756757
359954,12,0.5026,0.7764,0.6081,18.2,551.21,0.6756756756756757
359954,13,0.5039,0.7795,0.6216,17.97,558.45,0.6756756756756757
359954,14,0.5049,0.79,0.6216,17.72,562.86,0.6756756756756757
359954,15,0.5064,0.7946,0.6216,17.55,566.67,0.6756756756756757
359954,16,0.5072,0.7976,0.6216,17.23,573.45,0.6756756756756757
359954,17,0.5081,0.8021,0.6216,17.12,583.91,0.6756756756756757
359954,18,0.509,0.8036,0.6216,16.91,595.4,0.6756756756756757
359954,19,0.5097,0.8112,0.6351,16.68,613.38,0.6756756756756757
359954,20,0.5104,0.8172,0.6351,16.56,634.33,0.6756756756756757
359954,21,0.5106,0.8278,0.6351,16.31,649.23,0.6756756756756757
359954,22,0.5112,0.8323,0.6351,16.19,666.8,0.6756756756756757
359954,23,0.5118,0.8369,0.6351,16.07,688.57,0.6756756756756757
359954,24,0.5119,0.8399,0.6216,16.01,716.03,0.6756756756756757
359954,25,0.5126,0.8459,0.6351,15.88,752.84,0.6756756756756757
359954,26,0.5132,0.8535,0.6486,15.72,786.81,0.6756756756756757
359954,27,0.5138,0.858,0.6486,15.68,820.97,0.6756756756756757
359954,28,0.514,0.858,0.6622,15.61,849.77,0.6756756756756757
359954,29,0.5145,0.8595,0.6622,15.62,894.98,0.6756756756756757
359954,30,0.5148,0.861,0.6486,15.64,940.6,0.6756756756756757
359954,31,0.5151,0.8671,0.6486,15.71,989.04,0.6756756756756757
359954,32,0.5153,0.8731,0.6486,15.82,1043.03,0.6756756756756757
359954,33,0.5157,0.8761,0.6622,15.87,1103.46,0.6756756756756757
359954,34,0.516,0.8792,0.6622,15.88,1180.45,0.6756756756756757
359954,35,0.5161,0.8837,0.6622,15.97,1258.81,0.6756756756756757
359954,36,0.5166,0.8852,0.6622,16.16,1342.04,0.6756756756756757
359954,37,0.5169,0.8912,0.6622,16.14,1410.78,0.6756756756756757
359954,38,0.5171,0.8988,0.6622,16.19,1480.22,0.6756756756756757
359954,39,0.5176,0.9003,0.6622,16.25,1558.64,0.6756756756756757
359954,40,0.5176,0.9048,0.6622,16.31,1624.07,0.6756756756756757
359954,41,0.5177,0.9063,0.6622,16.27,1680.89,0.6756756756756757
359954,42,0.5178,0.9094,0.6622,16.28,1732.06,0.6756756756756757
359954,43,0.5179,0.9154,0.6622,16.25,1773.73,0.6756756756756757
359954,44,0.5183,0.9169,0.6622,16.23,1820.43,0.6756756756756757
359954,45,0.5186,0.9184,0.6622,16.27,1868.05,0.6756756756756757
359954,46,0.519,0.923,0.6622,16.23,1902.7,0.6756756756756757
359954,47,0.5191,0.9245,0.6622,16.17,1944.15,0.6756756756756757
359954,48,0.5192,0.9305,0.6622,16.16,1986.61,0.6756756756756757
359954,49,0.5193,0.9335,0.6622,16.1,2021.72,0.6756756756756757
359954,0,0.4636,0.6526,0.5676,11.8,198.76,0.6756756756756757
359954,1,0.4636,0.6526,0.5676,11.8,198.76,0.6756756756756757
359954,2,0.4704,0.6677,0.5541,12.65,233.15,0.6756756756756757
359954,3,0.4747,0.6798,0.5811,12.5,279.51,0.6756756756756757
359954,4,0.4807,0.6979,0.5676,12.56,347.75,0.6756756756756757
359954,5,0.4844,0.7085,0.5811,13.71,425.22,0.6756756756756757
359954,6,0.4872,0.7236,0.5811,13.79,479.07,0.6756756756756757
359954,7,0.4899,0.7311,0.5946,14.03,538.92,0.6756756756756757
359954,8,0.492,0.7432,0.6081,14.2,611.85,0.6756756756756757
359954,9,0.4951,0.7659,0.6081,14.56,675.5,0.6756756756756757
359954,10,0.4971,0.7764,0.6216,14.97,738.55,0.6756756756756757
359954,11,0.498,0.7825,0.6216,15.4,780.27,0.6756756756756757
359954,12,0.4995,0.7915,0.6216,15.46,811.37,0.6756756756756757
359954,13,0.5005,0.7961,0.6216,15.71,859.6,0.6756756756756757
359954,14,0.501,0.7976,0.6216,16.1,897.75,0.6756756756756757
359954,15,0.5021,0.8082,0.6216,16.28,937.48,0.6756756756756757
359954,16,0.5041,0.8112,0.6351,16.5,971.18,0.6756756756756757
359954,17,0.5051,0.8218,0.6351,16.8,1011.33,0.6756756756756757
359954,18,0.5061,0.8308,0.6351,17.01,1050.63,0.6756756756756757
359954,19,0.507,0.8323,0.6351,17.18,1084.83,0.6756756756756757
359954,20,0.5076,0.8459,0.6486,17.43,1132.08,0.6756756756756757
359954,21,0.5082,0.8459,0.6622,17.87,1162.56,0.6756756756756757
359954,22,0.5088,0.8565,0.6622,17.77,1184.39,0.6756756756756757
359954,23,0.509,0.864,0.6622,17.98,1210.24,0.6756756756756757
359954,24,0.5093,0.8701,0.6622,17.93,1226.89,0.6756756756756757
359954,25,0.5094,0.8716,0.6622,17.88,1238.52,0.6756756756756757
359954,26,0.5099,0.8731,0.6622,17.81,1252.04,0.6756756756756757
359954,27,0.5106,0.8761,0.6622,17.8,1266.37,0.6756756756756757
359954,28,0.5109,0.8776,0.6622,17.7,1277.79,0.6756756756756757
359954,29,0.5113,0.8807,0.6622,17.63,1296.22,0.6756756756756757
359954,30,0.5119,0.8852,0.6757,17.48,1314.11,0.6756756756756757
359954,31,0.512,0.8897,0.6757,17.45,1339.03,0.6756756756756757
359954,32,0.5122,0.8912,0.6757,17.44,1357.8,0.6756756756756757
359954,33,0.5128,0.8927,0.6757,17.29,1379.8,0.6756756756756757
359954,34,0.5131,0.8943,0.6757,17.25,1403.48,0.6756756756756757
359954,35,0.5132,0.8958,0.6757,17.05,1430.16,0.6756756756756757
359954,36,0.5134,0.8988,0.6757,16.93,1446.05,0.6756756756756757
359954,37,0.5137,0.9018,0.6757,16.79,1462.4,0.6756756756756757
359954,38,0.5141,0.9048,0.6757,16.79,1491.71,0.6756756756756757
359954,39,0.5144,0.9063,0.6622,16.65,1517.11,0.6756756756756757
359954,40,0.5149,0.9063,0.6622,16.59,1538.4,0.6756756756756757
359954,41,0.5153,0.9094,0.6622,16.57,1559.64,0.6756756756756757
359954,42,0.5156,0.9109,0.6622,16.49,1578.91,0.6756756756756757
359954,43,0.5161,0.9109,0.6622,16.42,1596.5,0.6756756756756757
359954,44,0.5166,0.9184,0.6622,16.32,1613.93,0.6756756756756757
359954,45,0.5167,0.9184,0.6622,16.21,1630.54,0.6756756756756757
359954,46,0.5171,0.9215,0.6622,16.21,1647.08,0.6756756756756757
359954,47,0.5171,0.9245,0.6622,16.21,1663.9,0.6756756756756757
359954,48,0.5174,0.926,0.6622,16.16,1680.93,0.6756756756756757
359954,49,0.5177,0.9305,0.6622,16.04,1701.04,0.6756756756756757
190146,0,0.6515,0.8055,0.7294,3.95,86.01,0.7647058823529411
190146,1,0.6515,0.8055,0.7294,3.95,86.01,0.7647058823529411
190146,2,0.6516,0.8187,0.7176,4.91,111.75,0.7647058823529411
190146,3,0.6526,0.8331,0.7176,5.75,143.11,0.7647058823529411
190146,4,0.6558,0.8541,0.7176,6.5,165.28,0.7647058823529411
190146,5,0.6566,0.8725,0.7176,6.76,180.68,0.7647058823529411
190146,6,0.6579,0.8883,0.7176,6.49,184.43,0.7647058823529411
190146,7,0.6592,0.8962,0.7294,6.55,188.84,0.7647058823529411
190146,8,0.6595,0.9054,0.7294,6.66,190.16,0.7647058823529411
190146,9,0.6599,0.9093,0.7294,6.91,191.68,0.7647058823529411
190146,10,0.6608,0.9146,0.7294,6.96,193.51,0.7647058823529411
190146,11,0.6613,0.9225,0.7176,6.9,199.37,0.7647058823529411
190146,12,0.6622,0.9264,0.7176,7.01,201.31,0.7647058823529411
190146,13,0.6623,0.9277,0.7176,6.91,206.02,0.7647058823529411
190146,14,0.6632,0.9304,0.7294,6.95,216.03,0.7647058823529411
190146,15,0.6632,0.9317,0.7294,6.98,225.19,0.7647058823529411
190146,16,0.6632,0.933,0.7294,6.84,234.6,0.7647058823529411
190146,17,0.6644,0.9369,0.7294,6.77,245.08,0.7647058823529411
190146,18,0.6648,0.9382,0.7294,6.84,259.93,0.7647058823529411
190146,19,0.6653,0.9409,0.7294,6.91,276.8,0.7647058823529411
190146,20,0.6654,0.9461,0.7294,7.05,295.24,0.7647058823529411
190146,21,0.6655,0.9461,0.7294,7.12,320.22,0.7647058823529411
190146,22,0.6659,0.9474,0.7294,7.19,354.92,0.7647058823529411
190146,23,0.6662,0.9527,0.7294,7.25,385.2,0.7647058823529411
190146,24,0.6669,0.954,0.7294,7.33,418.99,0.7647058823529411
190146,25,0.6672,0.9593,0.7294,7.4,451.16,0.7647058823529411
190146,26,0.6674,0.9593,0.7294,7.39,479.97,0.7647058823529411
190146,27,0.6676,0.9606,0.7294,7.37,507.45,0.7647058823529411
190146,28,0.6678,0.9619,0.7294,7.45,532.28,0.7647058823529411
190146,29,0.6681,0.9658,0.7176,7.65,564.08,0.7647058823529411
190146,30,0.6683,0.9685,0.7294,7.68,596.78,0.7647058823529411
190146,31,0.6685,0.9711,0.7176,7.9,626.76,0.7647058823529411
190146,32,0.6687,0.9711,0.7294,7.95,655.26,0.7647058823529411
190146,33,0.6691,0.9737,0.7176,8.02,681.62,0.7647058823529411
190146,34,0.6691,0.975,0.7176,8.06,700.82,0.7647058823529411
190146,35,0.6694,0.9763,0.7176,8.06,720.39,0.7647058823529411
190146,36,0.6697,0.9777,0.7176,8.07,736.01,0.7647058823529411
190146,37,0.6697,0.979,0.7176,8.1,749.48,0.7647058823529411
190146,38,0.67,0.979,0.7176,8.09,760.75,0.7647058823529411
190146,39,0.67,0.9803,0.7176,8.09,774.09,0.7647058823529411
190146,40,0.6702,0.9816,0.7176,8.13,782.54,0.7647058823529411
190146,41,0.6702,0.9816,0.7176,8.14,791.43,0.7647058823529411
190146,42,0.6702,0.9829,0.7294,8.13,800.75,0.7647058823529411
190146,43,0.6704,0.9829,0.7294,8.12,811.41,0.7647058823529411
190146,44,0.6704,0.9842,0.7294,8.12,823.02,0.7647058823529411
190146,45,0.6703,0.9842,0.7294,8.09,833.3,0.7647058823529411
190146,46,0.6706,0.9869,0.7294,8.11,846.83,0.7647058823529411
190146,47,0.6706,0.9895,0.7294,8.09,861.7,0.7647058823529411
190146,48,0.6708,0.9895,0.7294,8.08,876.38,0.7647058823529411
190146,49,0.6708,0.9895,0.7294,8.08,887.58,0.7647058823529411
2073,0,0.4607,0.5401,0.4899,12.07,193.03,0.7181208053691275
2073,1,0.4607,0.5401,0.4899,12.07,193.03,0.7181208053691275
2073,2,0.4621,0.5566,0.5436,12.65,169.63,0.7181208053691275
2073,3,0.4663,0.5678,0.5638,14.01,171.89,0.7181208053691275
2073,4,0.4744,0.5828,0.5839,15.19,186.21,0.7181208053691275
2073,5,0.4769,0.5895,0.5906,16.07,195.25,0.7181208053691275
2073,6,0.4798,0.5978,0.5906,17.01,213.09,0.7181208053691275
2073,7,0.4827,0.6,0.6107,17.61,221.92,0.7181208053691275
2073,8,0.486,0.6052,0.6174,18.51,243.97,0.7181208053691275
2073,9,0.4886,0.6135,0.6174,18.8,265.65,0.7181208053691275
2073,10,0.4917,0.6172,0.6242,19.72,292.18,0.7181208053691275
2073,11,0.4946,0.621,0.6242,20.06,315.79,0.7181208053691275
2073,12,0.4971,0.6255,0.6309,20.32,335.74,0.7181208053691275
2073,13,0.4996,0.6277,0.6309,20.79,358.13,0.7181208053691275
2073,14,0.5021,0.6315,0.6309,20.91,375.99,0.7181208053691275
2073,15,0.5039,0.63,0.6309,20.93,388.39,0.7181208053691275
2073,16,0.5054,0.6352,0.6309,20.95,399.56,0.7181208053691275
2073,17,0.5062,0.6375,0.6309,20.92,408.42,0.7181208053691275
2073,18,0.5072,0.6397,0.6309,21.17,419.33,0.7181208053691275
2073,19,0.5079,0.6427,0.6376,21.07,428.89,0.7181208053691275
2073,20,0.5087,0.6457,0.6376,21.31,442.92,0.7181208053691275
2073,21,0.5095,0.6472,0.6443,21.44,455.91,0.7181208053691275
2073,22,0.5107,0.6494,0.6443,21.53,471.89,0.7181208053691275
2073,23,0.5112,0.6509,0.651,21.84,492.67,0.7181208053691275
2073,24,0.5119,0.6509,0.651,21.9,521.2,0.7181208053691275
2073,25,0.5127,0.6524,0.651,22.14,555.49,0.7181208053691275
2073,26,0.5131,0.6554,0.651,22.35,597.89,0.7181208053691275
2073,27,0.5138,0.6562,0.6577,22.41,649.33,0.7181208053691275
2073,28,0.5145,0.6577,0.6577,22.57,710.04,0.7181208053691275
2073,29,0.515,0.6607,0.6577,22.85,778.71,0.7181208053691275
2073,30,0.5156,0.6629,0.6577,23.0,856.25,0.7181208053691275
2073,31,0.5159,0.6637,0.6577,23.06,922.73,0.7181208053691275
2073,32,0.516,0.6659,0.6577,23.41,1021.83,0.7181208053691275
2073,33,0.5162,0.6682,0.6644,23.57,1105.37,0.7181208053691275
2073,34,0.5164,0.6689,0.6644,23.76,1193.81,0.7181208053691275
2073,35,0.5164,0.6697,0.6644,23.95,1277.8,0.7181208053691275
2073,36,0.5164,0.6712,0.6644,24.16,1362.21,0.7181208053691275
2073,37,0.5164,0.6757,0.6644,24.48,1459.03,0.7181208053691275
2073,38,0.5166,0.6772,0.6644,24.64,1555.93,0.7181208053691275
2073,39,0.5167,0.6787,0.6644,24.84,1651.11,0.7181208053691275
2073,40,0.5167,0.6824,0.6644,25.03,1725.27,0.7181208053691275
2073,41,0.5168,0.6831,0.6644,25.12,1806.01,0.7181208053691275
2073,42,0.5166,0.6869,0.6644,25.17,1909.72,0.7181208053691275
2073,43,0.5168,0.6876,0.6644,25.37,2020.76,0.7181208053691275
2073,44,0.5168,0.6899,0.6644,25.52,2126.62,0.7181208053691275
2073,45,0.5169,0.6906,0.6644,25.61,2227.46,0.7181208053691275
2073,46,0.5169,0.6936,0.6644,25.77,2339.74,0.7181208053691275
2073,47,0.5169,0.6959,0.6644,25.79,2458.44,0.7181208053691275
2073,48,0.5169,0.7004,0.6644,25.81,2555.35,0.7181208053691275
2073,49,0.5169,0.7041,0.6711,25.91,2660.99,0.7181208053691275
190146,0,0.6474,0.8042,0.7294,4.1,130.4,0.7647058823529411
190146,1,0.6474,0.8042,0.7294,4.1,130.4,0.7647058823529411
190146,2,0.6473,0.8292,0.7412,4.18,146.17,0.7647058823529411
190146,3,0.6492,0.8384,0.7412,4.52,177.71,0.7647058823529411
190146,4,0.6503,0.8581,0.7412,5.75,226.34,0.7647058823529411
190146,5,0.6521,0.8739,0.7294,6.42,271.57,0.7647058823529411
190146,6,0.654,0.8896,0.7294,6.98,335.99,0.7647058823529411
190146,7,0.6554,0.9093,0.7294,7.28,401.87,0.7647058823529411
190146,8,0.6577,0.9225,0.7412,7.97,496.28,0.7647058823529411
190146,9,0.6592,0.9317,0.7412,8.91,592.74,0.7647058823529411
190146,10,0.6608,0.9435,0.7412,9.4,676.14,0.7647058823529411
190146,11,0.6622,0.9527,0.7412,9.98,744.11,0.7647058823529411
190146,12,0.6628,0.954,0.7412,10.28,806.28,0.7647058823529411
190146,13,0.6636,0.9593,0.7412,10.55,851.97,0.7647058823529411
190146,14,0.6643,0.9632,0.7412,10.8,879.82,0.7647058823529411
190146,15,0.6644,0.9671,0.7294,11.02,905.18,0.7647058823529411
190146,16,0.6646,0.9685,0.7176,10.99,919.17,0.7647058823529411
190146,17,0.6654,0.9724,0.7176,10.97,926.25,0.7647058823529411
190146,18,0.6658,0.975,0.7294,10.99,929.99,0.7647058823529411
190146,19,0.666,0.9763,0.7294,10.88,933.64,0.7647058823529411
190146,20,0.6663,0.9803,0.7294,10.93,933.69,0.7647058823529411
190146,21,0.6666,0.9816,0.7176,10.83,931.44,0.7647058823529411
190146,22,0.667,0.9829,0.7176,10.72,925.58,0.7647058823529411
190146,23,0.6674,0.9829,0.7176,10.58,916.27,0.7647058823529411
190146,24,0.6678,0.9842,0.7176,10.46,904.64,0.7647058823529411
190146,25,0.6681,0.9869,0.7176,10.31,894.42,0.7647058823529411
190146,26,0.6684,0.9882,0.7176,10.19,885.38,0.7647058823529411
190146,27,0.6685,0.9882,0.7176,10.13,876.8,0.7647058823529411
190146,28,0.6687,0.9908,0.7176,9.99,869.52,0.7647058823529411
190146,29,0.6689,0.9921,0.7176,9.86,861.76,0.7647058823529411
190146,30,0.6691,0.9921,0.7176,9.79,855.72,0.7647058823529411
190146,31,0.6693,0.9921,0.7176,9.74,853.85,0.7647058823529411
190146,32,0.6693,0.9934,0.7176,9.72,854.79,0.7647058823529411
190146,33,0.6696,0.9934,0.7176,9.71,853.56,0.7647058823529411
190146,34,0.6699,0.9947,0.7176,9.67,853.69,0.7647058823529411
190146,35,0.6701,0.9961,0.7176,9.64,854.18,0.7647058823529411
190146,36,0.6702,0.9961,0.7176,9.58,854.51,0.7647058823529411
190146,37,0.6705,0.9961,0.7176,9.53,856.95,0.7647058823529411
190146,38,0.6705,0.9974,0.7176,9.5,859.25,0.7647058823529411
190146,39,0.6707,0.9974,0.7176,9.45,862.73,0.7647058823529411
190146,40,0.671,0.9974,0.7294,9.36,862.71,0.7647058823529411
190146,41,0.6709,0.9974,0.7412,9.28,863.15,0.7647058823529411
190146,42,0.6709,0.9974,0.7412,9.23,863.2,0.7647058823529411
190146,43,0.6711,0.9987,0.7412,9.16,861.39,0.7647058823529411
190146,44,0.6714,0.9987,0.7529,9.16,860.9,0.7647058823529411
190146,45,0.6713,0.9987,0.7529,9.11,861.18,0.7647058823529411
190146,46,0.6713,0.9987,0.7529,9.07,862.86,0.7647058823529411
190146,47,0.6714,0.9987,0.7529,9.07,865.8,0.7647058823529411
190146,48,0.6715,0.9987,0.7529,9.02,865.63,0.7647058823529411
190146,49,0.6715,0.9987,0.7529,9.05,864.97,0.7647058823529411
2073,0,0.4726,0.5798,0.5772,11.92,87.17,0.7181208053691275
2073,1,0.4726,0.5798,0.5772,11.92,87.17,0.7181208053691275
2073,2,0.4751,0.5813,0.5973,13.06,123.14,0.7181208053691275
2073,3,0.4786,0.5918,0.5973,13.75,137.43,0.7181208053691275
2073,4,0.4831,0.5933,0.6107,15.21,171.55,0.7181208053691275
2073,5,0.485,0.5978,0.6107,15.82,201.02,0.7181208053691275
2073,6,0.4866,0.6045,0.6107,17.14,263.44,0.7181208053691275
2073,7,0.4912,0.6105,0.6107,18.35,317.2,0.7181208053691275
2073,8,0.4931,0.6187,0.6174,19.99,412.84,0.7181208053691275
2073,9,0.4972,0.6225,0.6309,21.1,491.39,0.7181208053691275
2073,10,0.5002,0.6232,0.6309,22.07,578.09,0.7181208053691275
2073,11,0.5027,0.6285,0.6376,22.73,646.11,0.7181208053691275
2073,12,0.5043,0.6307,0.6309,22.8,683.43,0.7181208053691275
2073,13,0.5059,0.6352,0.6309,23.54,749.19,0.7181208053691275
2073,14,0.5082,0.6375,0.6242,23.84,817.24,0.7181208053691275
2073,15,0.5095,0.6427,0.6376,24.33,886.38,0.7181208053691275
2073,16,0.5101,0.6457,0.6376,24.62,956.03,0.7181208053691275
2073,17,0.5112,0.6502,0.6376,24.79,1009.55,0.7181208053691275
2073,18,0.5122,0.6524,0.6376,24.87,1066.79,0.7181208053691275
2073,19,0.5122,0.6569,0.6376,25.05,1123.91,0.7181208053691275
2073,20,0.5125,0.6629,0.6443,25.25,1174.07,0.7181208053691275
2073,21,0.513,0.6629,0.6376,25.32,1220.7,0.7181208053691275
2073,22,0.5132,0.6659,0.6577,25.42,1266.87,0.7181208053691275
2073,23,0.5131,0.6682,0.6577,25.6,1311.62,0.7181208053691275
2073,24,0.5134,0.6697,0.6577,25.62,1343.94,0.7181208053691275
2073,25,0.5142,0.6734,0.6577,25.67,1374.42,0.7181208053691275
2073,26,0.515,0.6757,0.651,25.57,1398.23,0.7181208053691275
2073,27,0.5154,0.6794,0.651,25.66,1451.32,0.7181208053691275
2073,28,0.5157,0.6809,0.651,25.73,1498.54,0.7181208053691275
2073,29,0.516,0.6839,0.6577,25.93,1557.98,0.7181208053691275
2073,30,0.5162,0.6884,0.6577,26.0,1628.1,0.7181208053691275
2073,31,0.5163,0.6891,0.6577,26.12,1710.56,0.7181208053691275
2073,32,0.5165,0.6891,0.6644,26.33,1797.41,0.7181208053691275
2073,33,0.517,0.6936,0.6711,26.49,1881.5,0.7181208053691275
2073,34,0.517,0.6936,0.6711,26.61,1957.82,0.7181208053691275
2073,35,0.5171,0.6996,0.6711,26.74,2029.88,0.7181208053691275
2073,36,0.5172,0.7011,0.6711,26.82,2121.05,0.7181208053691275
2073,37,0.5172,0.7026,0.6779,26.84,2222.77,0.7181208053691275
2073,38,0.5172,0.7071,0.6779,26.93,2314.08,0.7181208053691275
2073,39,0.5171,0.7094,0.6779,27.06,2441.35,0.7181208053691275
2073,40,0.5168,0.7101,0.6779,27.08,2576.76,0.7181208053691275
2073,41,0.5166,0.7131,0.6779,27.36,2725.21,0.7181208053691275
2073,42,0.5164,0.7139,0.6779,27.41,2894.69,0.7181208053691275
2073,43,0.5164,0.7146,0.6779,27.4,3053.84,0.7181208053691275
2073,44,0.5163,0.7169,0.6779,27.39,3248.41,0.7181208053691275
2073,45,0.516,0.7206,0.6779,27.32,3455.27,0.7181208053691275
2073,46,0.5159,0.7221,0.6779,27.3,3678.24,0.7181208053691275
2073,47,0.5159,0.7243,0.6779,27.19,3917.69,0.7181208053691275
2073,48,0.5156,0.7266,0.6779,27.12,4146.54,0.7181208053691275
2073,49,0.5154,0.7303,0.6779,27.04,4388.29,0.7181208053691275
168784,0,0.6208,0.7365,0.7385,4.97,164.54,0.8205128205128205
168784,1,0.6208,0.7365,0.7385,4.97,164.54,0.8205128205128205
168784,2,0.6237,0.7468,0.7436,5.11,196.63,0.8205128205128205
168784,3,0.6281,0.7583,0.7538,5.5,247.46,0.8205128205128205
168784,4,0.6318,0.7698,0.7641,5.86,288.65,0.8205128205128205
168784,5,0.6338,0.7795,0.7641,5.96,338.44,0.8205128205128205
168784,6,0.6365,0.7858,0.7538,6.2,381.35,0.8205128205128205
168784,7,0.6388,0.7881,0.7436,6.31,426.78,0.8205128205128205
168784,8,0.6412,0.7955,0.759,6.34,466.37,0.8205128205128205
168784,9,0.6432,0.8018,0.7538,6.51,499.07,0.8205128205128205
168784,10,0.6446,0.8076,0.759,6.48,513.83,0.8205128205128205
168784,11,0.6457,0.8104,0.759,6.43,526.87,0.8205128205128205
168784,12,0.6465,0.8139,0.7641,6.29,531.62,0.8205128205128205
168784,13,0.6477,0.8167,0.7692,6.29,546.02,0.8205128205128205
168784,14,0.6484,0.819,0.7692,6.34,566.04,0.8205128205128205
168784,15,0.6493,0.8219,0.7744,6.39,596.05,0.8205128205128205
168784,16,0.65,0.8276,0.7744,6.49,633.37,0.8205128205128205
168784,17,0.6506,0.8282,0.7744,6.59,671.31,0.8205128205128205
168784,18,0.6511,0.831,0.7744,6.61,698.11,0.8205128205128205
168784,19,0.6513,0.8339,0.7795,6.6,719.27,0.8205128205128205
168784,20,0.6517,0.8362,0.7744,6.69,747.33,0.8205128205128205
168784,21,0.6523,0.8368,0.7744,6.67,779.26,0.8205128205128205
168784,22,0.6525,0.8391,0.7744,6.63,795.71,0.8205128205128205
168784,23,0.6528,0.8419,0.7744,6.64,816.19,0.8205128205128205
168784,24,0.653,0.8459,0.7744,6.67,848.76,0.8205128205128205
168784,25,0.6534,0.8477,0.7795,6.72,891.15,0.8205128205128205
168784,26,0.6537,0.8511,0.7846,6.8,950.74,0.8205128205128205
168784,27,0.654,0.854,0.7795,6.89,1032.26,0.8205128205128205
168784,28,0.654,0.8574,0.7795,6.96,1133.81,0.8205128205128205
168784,29,0.6542,0.8585,0.7795,7.1,1266.95,0.8205128205128205
168784,30,0.6543,0.8591,0.7795,7.23,1413.09,0.8205128205128205
168784,31,0.6544,0.8631,0.7846,7.38,1563.93,0.8205128205128205
168784,32,0.6546,0.8671,0.7795,7.52,1732.1,0.8205128205128205
168784,33,0.6546,0.8677,0.7795,7.67,1894.06,0.8205128205128205
168784,34,0.6545,0.8711,0.7795,7.83,2056.14,0.8205128205128205
168784,35,0.6546,0.8729,0.7795,7.97,2231.79,0.8205128205128205
168784,36,0.6548,0.8757,0.7795,8.12,2410.95,0.8205128205128205
168784,37,0.6549,0.8774,0.7795,8.31,2593.21,0.8205128205128205
168784,38,0.655,0.8826,0.7744,8.52,2778.9,0.8205128205128205
168784,39,0.6551,0.8849,0.7744,8.65,2948.74,0.8205128205128205
168784,40,0.6551,0.8855,0.7744,8.79,3109.15,0.8205128205128205
168784,41,0.6552,0.8877,0.7692,8.96,3267.39,0.8205128205128205
168784,42,0.6553,0.8923,0.7692,9.14,3428.8,0.8205128205128205
168784,43,0.6555,0.8946,0.7744,9.3,3592.0,0.8205128205128205
168784,44,0.6555,0.8963,0.7692,9.5,3774.23,0.8205128205128205
168784,45,0.6555,0.9009,0.7795,9.64,3964.72,0.8205128205128205
168784,46,0.6555,0.9072,0.7846,9.8,4154.33,0.8205128205128205
168784,47,0.6556,0.9095,0.7846,9.89,4319.5,0.8205128205128205
168784,48,0.6557,0.9141,0.7846,9.98,4486.03,0.8205128205128205
168784,49,0.6558,0.917,0.7897,10.08,4633.36,0.8205128205128205
168784,0,0.6092,0.7423,0.7179,4.21,116.28,0.8205128205128205
168784,1,0.6092,0.7423,0.7179,4.21,116.28,0.8205128205128205
168784,2,0.6164,0.7526,0.7128,4.46,147.42,0.8205128205128205
168784,3,0.6189,0.7612,0.7231,5.25,191.56,0.8205128205128205
168784,4,0.6233,0.768,0.7282,5.71,227.07,0.8205128205128205
168784,5,0.6285,0.7795,0.7333,5.97,299.39,0.8205128205128205
168784,6,0.6317,0.7869,0.7487,6.32,368.06,0.8205128205128205
168784,7,0.6354,0.7921,0.7538,6.5,431.86,0.8205128205128205
168784,8,0.6384,0.7967,0.7487,6.85,505.5,0.8205128205128205
168784,9,0.6407,0.8001,0.7487,7.22,577.33,0.8205128205128205
168784,10,0.6429,0.8104,0.7538,7.59,643.96,0.8205128205128205
168784,11,0.6446,0.8184,0.759,7.72,692.91,0.8205128205128205
168784,12,0.6456,0.823,0.7641,7.77,734.82,0.8205128205128205
168784,13,0.6465,0.8242,0.7641,7.9,772.85,0.8205128205128205
168784,14,0.6477,0.8259,0.7641,7.89,804.1,0.8205128205128205
168784,15,0.6487,0.8293,0.7641,7.8,839.22,0.8205128205128205
168784,16,0.6492,0.8328,0.7641,7.85,863.64,0.8205128205128205
168784,17,0.6498,0.8362,0.7641,7.9,900.92,0.8205128205128205
168784,18,0.6506,0.8396,0.7641,7.9,949.19,0.8205128205128205
168784,19,0.6511,0.8431,0.7692,7.92,1000.25,0.8205128205128205
168784,20,0.652,0.8465,0.7641,7.98,1064.26,0.8205128205128205
168784,21,0.6521,0.8494,0.7692,7.99,1132.11,0.8205128205128205
168784,22,0.6526,0.8528,0.7692,7.96,1182.32,0.8205128205128205
168784,23,0.6529,0.8551,0.7692,8.07,1232.22,0.8205128205128205
168784,24,0.6532,0.8568,0.7692,8.04,1278.64,0.8205128205128205
168784,25,0.6536,0.858,0.7692,8.04,1330.73,0.8205128205128205
168784,26,0.6539,0.8608,0.7692,8.0,1373.25,0.8205128205128205
168784,27,0.654,0.8631,0.7744,8.02,1417.11,0.8205128205128205
168784,28,0.6541,0.8643,0.7744,8.0,1470.34,0.8205128205128205
168784,29,0.6543,0.8671,0.7744,7.98,1519.96,0.8205128205128205
168784,30,0.6544,0.8677,0.7744,8.01,1570.14,0.8205128205128205
168784,31,0.6546,0.8711,0.7744,8.01,1632.38,0.8205128205128205
168784,32,0.6546,0.874,0.7744,8.02,1695.52,0.8205128205128205
168784,33,0.6546,0.874,0.7744,7.98,1767.79,0.8205128205128205
168784,34,0.6547,0.8757,0.7744,8.07,1851.32,0.8205128205128205
168784,35,0.6549,0.8774,0.7692,8.17,1923.33,0.8205128205128205
168784,36,0.6549,0.8786,0.7692,8.2,1992.47,0.8205128205128205
168784,37,0.6552,0.8814,0.7692,8.24,2070.28,0.8205128205128205
168784,38,0.6552,0.8837,0.7692,8.3,2151.33,0.8205128205128205
168784,39,0.6552,0.8866,0.7641,8.38,2253.23,0.8205128205128205
168784,40,0.6552,0.8889,0.7641,8.47,2362.76,0.8205128205128205
168784,41,0.6552,0.8912,0.7641,8.52,2476.11,0.8205128205128205
168784,42,0.6552,0.8946,0.7641,8.59,2594.36,0.8205128205128205
168784,43,0.6552,0.8998,0.7641,8.72,2728.5,0.8205128205128205
168784,44,0.6553,0.9021,0.7692,8.83,2852.57,0.8205128205128205
168784,45,0.6553,0.9044,0.7641,8.94,2997.14,0.8205128205128205
168784,46,0.6553,0.9078,0.7692,9.02,3151.09,0.8205128205128205
168784,47,0.6553,0.9107,0.7692,9.15,3309.89,0.8205128205128205
168784,48,0.6554,0.9135,0.7744,9.26,3459.53,0.8205128205128205
168784,49,0.6554,0.9152,0.7692,9.41,3603.15,0.8205128205128205
190146,0,0.6506,0.8121,0.7176,7.75,137.13,0.7764705882352941
190146,1,0.6506,0.8121,0.7176,7.75,137.13,0.7764705882352941
190146,2,0.6496,0.8265,0.7294,7.08,139.16,0.7764705882352941
190146,3,0.6493,0.8449,0.7294,6.93,159.6,0.7764705882352941
190146,4,0.6509,0.8581,0.7294,7.43,191.64,0.7764705882352941
190146,5,0.653,0.8699,0.7294,7.7,225.91,0.7764705882352941
190146,6,0.6554,0.8844,0.7294,8.52,274.16,0.7764705882352941
190146,7,0.6578,0.9067,0.7412,9.36,321.76,0.7764705882352941
190146,8,0.6601,0.9212,0.7294,9.9,372.08,0.7764705882352941
190146,9,0.6615,0.9304,0.7294,10.31,404.81,0.7764705882352941
190146,10,0.6629,0.9369,0.7412,10.48,429.2,0.7764705882352941
190146,11,0.6625,0.9448,0.7176,10.38,443.83,0.7764705882352941
190146,12,0.6621,0.9488,0.7294,10.45,465.36,0.7764705882352941
190146,13,0.6623,0.9553,0.7176,10.38,492.53,0.7764705882352941
190146,14,0.6628,0.9632,0.7294,10.49,525.38,0.7764705882352941
190146,15,0.6636,0.9685,0.7294,10.65,557.62,0.7764705882352941
190146,16,0.6646,0.9685,0.7294,10.91,599.04,0.7764705882352941
190146,17,0.6647,0.9698,0.7294,11.12,634.9,0.7764705882352941
190146,18,0.6652,0.9724,0.7294,11.32,674.65,0.7764705882352941
190146,19,0.6654,0.9724,0.7294,11.56,705.47,0.7764705882352941
190146,20,0.6657,0.9737,0.7294,11.68,734.3,0.7764705882352941
190146,21,0.6661,0.9737,0.7294,11.68,759.83,0.7764705882352941
190146,22,0.6664,0.9763,0.7294,11.55,782.76,0.7764705882352941
190146,23,0.667,0.9777,0.7294,11.6,802.54,0.7764705882352941
190146,24,0.6673,0.979,0.7176,11.56,820.16,0.7764705882352941
190146,25,0.6673,0.9829,0.7176,11.52,836.59,0.7764705882352941
190146,26,0.6675,0.9855,0.7176,11.56,855.74,0.7764705882352941
190146,27,0.6678,0.9855,0.7176,11.52,871.45,0.7764705882352941
190146,28,0.668,0.9869,0.7176,11.54,887.52,0.7764705882352941
190146,29,0.6684,0.9908,0.7176,11.53,899.71,0.7764705882352941
190146,30,0.6686,0.9908,0.7176,11.6,911.31,0.7764705882352941
190146,31,0.6688,0.9908,0.7176,11.5,921.24,0.7764705882352941
190146,32,0.6687,0.9908,0.7176,11.46,933.5,0.7764705882352941
190146,33,0.6692,0.9908,0.7176,11.48,942.76,0.7764705882352941
190146,34,0.6696,0.9908,0.7176,11.41,950.38,0.7764705882352941
190146,35,0.6699,0.9921,0.7176,11.41,954.79,0.7764705882352941
190146,36,0.6702,0.9921,0.7176,11.33,957.9,0.7764705882352941
190146,37,0.6702,0.9934,0.7176,11.32,962.53,0.7764705882352941
190146,38,0.6703,0.9947,0.7176,11.29,967.33,0.7764705882352941
190146,39,0.6704,0.9947,0.7176,11.27,970.51,0.7764705882352941
190146,40,0.6705,0.9947,0.7176,11.17,973.91,0.7764705882352941
190146,41,0.6706,0.9961,0.7176,11.12,975.83,0.7764705882352941
190146,42,0.6709,0.9961,0.7176,11.06,977.01,0.7764705882352941
190146,43,0.671,0.9961,0.7176,11.03,978.75,0.7764705882352941
190146,44,0.671,0.9974,0.7176,10.96,978.72,0.7764705882352941
190146,45,0.6712,0.9974,0.7176,10.92,979.69,0.7764705882352941
190146,46,0.6713,0.9974,0.7176,10.86,976.15,0.7764705882352941
190146,47,0.6714,0.9974,0.7176,10.82,973.58,0.7764705882352941
190146,48,0.6715,0.9974,0.7176,10.75,971.99,0.7764705882352941
190146,49,0.6715,0.9987,0.7176,10.76,970.95,0.7764705882352941
2073,0,0.4795,0.5843,0.604,15.32,182.41,0.7181208053691275
2073,1,0.4795,0.5843,0.604,15.32,182.41,0.7181208053691275
2073,2,0.4797,0.588,0.604,16.05,192.57,0.7181208053691275
2073,3,0.4835,0.5955,0.6107,16.85,262.57,0.7181208053691275
2073,4,0.4861,0.5933,0.6107,17.71,324.45,0.7181208053691275
2073,5,0.4889,0.5993,0.6242,18.21,427.47,0.7181208053691275
2073,6,0.4904,0.6082,0.6174,20.17,598.85,0.7181208053691275
2073,7,0.4922,0.615,0.6242,22.39,781.41,0.7181208053691275
2073,8,0.4946,0.6187,0.6376,23.64,939.08,0.7181208053691275
2073,9,0.496,0.6247,0.6443,24.65,1059.51,0.7181208053691275
2073,10,0.499,0.6277,0.6443,25.93,1241.74,0.7181208053691275
2073,11,0.5,0.6292,0.6376,27.09,1389.52,0.7181208053691275
2073,12,0.5017,0.6322,0.6376,27.88,1527.83,0.7181208053691275
2073,13,0.5022,0.6412,0.6376,28.64,1653.19,0.7181208053691275
2073,14,0.503,0.6464,0.6309,29.19,1752.87,0.7181208053691275
2073,15,0.5042,0.6509,0.6309,29.68,1848.9,0.7181208053691275
2073,16,0.5045,0.6584,0.6309,30.04,1916.1,0.7181208053691275
2073,17,0.5055,0.6652,0.6309,30.55,2026.78,0.7181208053691275
2073,18,0.5064,0.6689,0.6309,30.76,2120.17,0.7181208053691275
2073,19,0.5072,0.6727,0.6309,30.95,2190.0,0.7181208053691275
2073,20,0.5078,0.6742,0.6309,30.93,2233.94,0.7181208053691275
2073,21,0.5083,0.6772,0.6376,31.0,2263.99,0.7181208053691275
2073,22,0.5088,0.6824,0.6443,30.83,2311.5,0.7181208053691275
2073,23,0.5092,0.6839,0.6443,30.6,2358.76,0.7181208053691275
2073,24,0.5094,0.6869,0.6443,30.66,2435.54,0.7181208053691275
2073,25,0.5097,0.6906,0.6443,30.59,2495.57,0.7181208053691275
2073,26,0.5099,0.6921,0.6443,30.6,2611.55,0.7181208053691275
2073,27,0.51,0.6936,0.6443,30.57,2747.39,0.7181208053691275
2073,28,0.5097,0.6951,0.6577,30.48,2861.73,0.7181208053691275
2073,29,0.5099,0.6989,0.6577,30.52,3005.83,0.7181208053691275
2073,30,0.5098,0.7026,0.6711,30.68,3184.25,0.7181208053691275
2073,31,0.5096,0.7041,0.6779,30.63,3359.13,0.7181208053691275
2073,32,0.5096,0.7079,0.6779,30.65,3527.01,0.7181208053691275
2073,33,0.5099,0.7124,0.6779,30.67,3695.63,0.7181208053691275
2073,34,0.5098,0.7154,0.6779,30.77,3861.1,0.7181208053691275
2073,35,0.5097,0.7199,0.6779,30.89,3999.43,0.7181208053691275
2073,36,0.5095,0.7206,0.6779,31.0,4163.38,0.7181208053691275
2073,37,0.5096,0.7213,0.6779,31.06,4344.26,0.7181208053691275
2073,38,0.5096,0.7273,0.6779,31.02,4519.77,0.7181208053691275
2073,39,0.5097,0.7296,0.6846,31.1,4722.93,0.7181208053691275
2073,40,0.5097,0.7326,0.6913,31.21,4906.46,0.7181208053691275
2073,41,0.5095,0.7378,0.6913,31.3,5096.09,0.7181208053691275
2073,42,0.5094,0.7408,0.6913,31.35,5296.18,0.7181208053691275
2073,43,0.5093,0.7423,0.6913,31.39,5487.05,0.7181208053691275
2073,44,0.5092,0.7491,0.698,31.4,5670.69,0.7181208053691275
2073,45,0.5091,0.7551,0.698,31.44,5879.15,0.7181208053691275
2073,46,0.5091,0.7573,0.698,31.55,6070.59,0.7181208053691275
2073,47,0.5091,0.7596,0.698,31.58,6245.53,0.7181208053691275
2073,48,0.5089,0.7648,0.698,31.63,6453.08,0.7181208053691275
2073,49,0.5086,0.767,0.698,31.77,6691.5,0.7181208053691275
168784,0,0.6186,0.7486,0.7333,3.08,87.48,0.8205128205128205
168784,1,0.6186,0.7486,0.7333,3.08,87.48,0.8205128205128205
168784,2,0.6178,0.7503,0.7231,3.34,100.39,0.8205128205128205
168784,3,0.6207,0.7549,0.7231,3.44,114.82,0.8205128205128205
168784,4,0.6237,0.7663,0.7436,3.83,149.95,0.8205128205128205
168784,5,0.6271,0.7743,0.7385,4.3,186.58,0.8205128205128205
168784,6,0.6306,0.7806,0.7487,4.64,215.85,0.8205128205128205
168784,7,0.6328,0.7864,0.7436,4.83,234.74,0.8205128205128205
168784,8,0.6361,0.7938,0.7385,4.95,259.87,0.8205128205128205
168784,9,0.6379,0.795,0.7385,5.0,278.41,0.8205128205128205
168784,10,0.6392,0.7984,0.7385,5.05,296.08,0.8205128205128205
168784,11,0.6412,0.8007,0.7385,5.13,311.23,0.8205128205128205
168784,12,0.6423,0.803,0.7385,5.26,333.2,0.8205128205128205
168784,13,0.6432,0.8053,0.7538,5.24,357.41,0.8205128205128205
168784,14,0.6446,0.8099,0.759,5.32,383.17,0.8205128205128205
168784,15,0.6455,0.8121,0.759,5.47,405.23,0.8205128205128205
168784,16,0.6462,0.815,0.759,5.52,432.25,0.8205128205128205
168784,17,0.6468,0.8179,0.759,5.6,466.92,0.8205128205128205
168784,18,0.6473,0.8213,0.759,5.67,512.81,0.8205128205128205
168784,19,0.6477,0.8236,0.7641,5.82,566.67,0.8205128205128205
168784,20,0.6485,0.827,0.7641,5.89,621.82,0.8205128205128205
168784,21,0.649,0.8299,0.7641,6.09,680.92,0.8205128205128205
168784,22,0.6496,0.8322,0.7641,6.23,744.6,0.8205128205128205
168784,23,0.65,0.8362,0.7641,6.47,806.08,0.8205128205128205
168784,24,0.6505,0.8373,0.7641,6.64,876.93,0.8205128205128205
168784,25,0.6509,0.8391,0.7641,6.85,954.73,0.8205128205128205
168784,26,0.6512,0.8408,0.7641,7.01,1038.94,0.8205128205128205
168784,27,0.6513,0.8419,0.7641,7.15,1121.62,0.8205128205128205
168784,28,0.6514,0.8454,0.7692,7.26,1206.11,0.8205128205128205
168784,29,0.6517,0.8471,0.7641,7.38,1285.17,0.8205128205128205
168784,30,0.6521,0.8488,0.7641,7.49,1366.91,0.8205128205128205
168784,31,0.6524,0.8545,0.7641,7.67,1445.01,0.8205128205128205
168784,32,0.6526,0.8557,0.7641,7.78,1515.64,0.8205128205128205
168784,33,0.6527,0.858,0.7641,7.87,1584.52,0.8205128205128205
168784,34,0.6529,0.8608,0.7641,7.93,1642.61,0.8205128205128205
168784,35,0.653,0.8643,0.7641,7.98,1697.31,0.8205128205128205
168784,36,0.6531,0.866,0.7641,8.05,1751.74,0.8205128205128205
168784,37,0.6533,0.8677,0.7641,8.16,1808.94,0.8205128205128205
168784,38,0.6534,0.8694,0.7641,8.27,1869.51,0.8205128205128205
168784,39,0.6535,0.8717,0.7692,8.34,1928.85,0.8205128205128205
168784,40,0.6537,0.8734,0.7692,8.45,1993.89,0.8205128205128205
168784,41,0.6538,0.8746,0.7692,8.55,2067.82,0.8205128205128205
168784,42,0.6539,0.8774,0.7692,8.65,2158.09,0.8205128205128205
168784,43,0.6541,0.8797,0.7692,8.76,2257.1,0.8205128205128205
168784,44,0.6542,0.8803,0.7692,8.89,2363.14,0.8205128205128205
168784,45,0.6545,0.882,0.759,9.02,2456.61,0.8205128205128205
168784,46,0.6545,0.8832,0.7641,9.11,2549.41,0.8205128205128205
168784,47,0.6545,0.8872,0.7641,9.29,2648.1,0.8205128205128205
168784,48,0.6545,0.8918,0.759,9.39,2737.92,0.8205128205128205
168784,49,0.6546,0.8923,0.759,9.47,2830.18,0.8205128205128205
359959,0,0.457,0.4868,0.4527,9.39,44.25,0.5337837837837838
359959,1,0.457,0.4868,0.4527,9.39,44.25,0.5337837837837838
359959,2,0.4583,0.4694,0.4459,10.17,66.77,0.5337837837837838
359959,3,0.4603,0.4883,0.4527,11.54,86.29,0.5337837837837838
359959,4,0.4626,0.5147,0.4797,12.56,111.33,0.5337837837837838
359959,5,0.4658,0.5283,0.4932,13.46,138.09,0.5337837837837838
359959,6,0.4689,0.5555,0.5135,14.32,158.49,0.5337837837837838
359959,7,0.4707,0.5645,0.5,14.71,173.53,0.5337837837837838
359959,8,0.4726,0.5728,0.5405,14.99,185.66,0.5337837837837838
359959,9,0.4739,0.5804,0.5473,15.03,195.27,0.5337837837837838
359959,10,0.4756,0.5872,0.5405,15.02,207.27,0.5337837837837838
359959,11,0.4769,0.5887,0.5541,15.0,215.16,0.5337837837837838
359959,12,0.478,0.5925,0.5608,14.84,223.39,0.5337837837837838
359959,13,0.4791,0.594,0.5608,14.68,227.35,0.5337837837837838
359959,14,0.4798,0.5992,0.5338,14.45,230.29,0.5337837837837838
359959,15,0.4805,0.6015,0.527,14.25,229.96,0.5337837837837838
359959,16,0.481,0.6083,0.5203,14.1,232.46,0.5337837837837838
359959,17,0.4812,0.6113,0.5203,13.8,234.56,0.5337837837837838
359959,18,0.4819,0.6113,0.5203,13.58,236.45,0.5337837837837838
359959,19,0.4821,0.6098,0.5203,13.35,238.66,0.5337837837837838
359959,20,0.4823,0.6098,0.5203,13.19,239.55,0.5337837837837838
359959,21,0.4826,0.6083,0.5203,12.96,241.51,0.5337837837837838
359959,22,0.483,0.6098,0.5203,12.78,244.48,0.5337837837837838
359959,23,0.4833,0.6106,0.5203,12.57,245.73,0.5337837837837838
359959,24,0.4836,0.6158,0.527,12.37,246.23,0.5337837837837838
359959,25,0.484,0.6158,0.527,12.14,246.65,0.5337837837837838
359959,26,0.4845,0.6174,0.527,11.92,248.6,0.5337837837837838
359959,27,0.4849,0.6174,0.527,11.78,250.97,0.5337837837837838
359959,28,0.4851,0.6174,0.5338,11.65,253.7,0.5337837837837838
359959,29,0.4855,0.6166,0.5338,11.53,257.22,0.5337837837837838
359959,30,0.4856,0.6158,0.5338,11.45,263.27,0.5337837837837838
359959,31,0.4858,0.6189,0.5338,11.39,268.6,0.5337837837837838
359959,32,0.486,0.6181,0.5541,11.36,280.85,0.5337837837837838
359959,33,0.4859,0.6181,0.5541,11.28,289.44,0.5337837837837838
359959,34,0.4861,0.6211,0.5541,11.23,302.02,0.5337837837837838
359959,35,0.4863,0.6196,0.5541,11.15,313.54,0.5337837837837838
359959,36,0.4866,0.6226,0.5541,11.1,323.92,0.5337837837837838
359959,37,0.4867,0.6234,0.5541,11.07,339.47,0.5337837837837838
359959,38,0.4867,0.6242,0.5541,11.02,352.15,0.5337837837837838
359959,39,0.4868,0.6249,0.5541,11.03,368.01,0.5337837837837838
359959,40,0.4868,0.6272,0.5541,11.02,394.54,0.5337837837837838
359959,41,0.4868,0.6272,0.5608,11.06,425.14,0.5337837837837838
359959,42,0.4866,0.6272,0.5608,11.11,461.58,0.5337837837837838
359959,43,0.4863,0.6287,0.5608,11.15,503.41,0.5337837837837838
359959,44,0.4862,0.6309,0.5608,11.25,552.24,0.5337837837837838
359959,45,0.4864,0.6309,0.5608,11.33,602.53,0.5337837837837838
359959,46,0.4864,0.6325,0.5608,11.44,662.08,0.5337837837837838
359959,47,0.4864,0.6355,0.5608,11.54,726.34,0.5337837837837838
359959,48,0.4865,0.637,0.5608,11.69,801.54,0.5337837837837838
359959,49,0.4864,0.6385,0.5608,11.77,872.2,0.5337837837837838
359959,0,0.452,0.4272,0.4257,9.93,49.89,0.5337837837837838
359959,1,0.452,0.4272,0.4257,9.93,49.89,0.5337837837837838
359959,2,0.4542,0.4287,0.4257,10.43,52.4,0.5337837837837838
359959,3,0.4588,0.4438,0.4257,11.0,60.51,0.5337837837837838
359959,4,0.4618,0.4657,0.4257,12.07,69.68,0.5337837837837838
359959,5,0.4648,0.5019,0.4595,12.54,77.18,0.5337837837837838
359959,6,0.4672,0.5177,0.4797,12.72,80.72,0.5337837837837838
359959,7,0.4692,0.5404,0.5135,12.28,81.92,0.5337837837837838
359959,8,0.4704,0.5479,0.5405,12.05,85.99,0.5337837837837838
359959,9,0.4714,0.5555,0.5541,11.95,88.55,0.5337837837837838
359959,10,0.4729,0.5608,0.5338,11.8,90.84,0.5337837837837838
359959,11,0.4736,0.5683,0.5338,11.68,92.61,0.5337837837837838
359959,12,0.4744,0.5728,0.5338,11.53,94.07,0.5337837837837838
359959,13,0.475,0.5706,0.5405,11.41,95.92,0.5337837837837838
359959,14,0.4761,0.5766,0.5473,11.16,96.94,0.5337837837837838
359959,15,0.4767,0.5826,0.5405,10.95,99.1,0.5337837837837838
359959,16,0.4777,0.5834,0.5473,10.73,101.22,0.5337837837837838
359959,17,0.4779,0.5842,0.5541,10.6,102.8,0.5337837837837838
359959,18,0.4782,0.5864,0.5473,10.36,103.01,0.5337837837837838
359959,19,0.4787,0.5902,0.5405,10.2,104.89,0.5337837837837838
359959,20,0.479,0.5894,0.5405,10.06,105.52,0.5337837837837838
359959,21,0.4798,0.5917,0.5405,10.0,108.77,0.5337837837837838
359959,22,0.4804,0.5902,0.527,9.88,110.94,0.5337837837837838
359959,23,0.4808,0.5925,0.5203,9.69,112.32,0.5337837837837838
359959,24,0.4815,0.5955,0.5135,9.57,113.64,0.5337837837837838
359959,25,0.4816,0.5977,0.5203,9.39,115.22,0.5337837837837838
359959,26,0.4819,0.5962,0.5203,9.31,115.71,0.5337837837837838
359959,27,0.4824,0.5962,0.527,9.19,116.19,0.5337837837837838
359959,28,0.4827,0.5947,0.527,9.04,116.9,0.5337837837837838
359959,29,0.4831,0.5947,0.527,8.92,117.44,0.5337837837837838
359959,30,0.4835,0.5985,0.527,8.81,117.36,0.5337837837837838
359959,31,0.4839,0.6008,0.527,8.7,118.24,0.5337837837837838
359959,32,0.484,0.5992,0.527,8.66,119.22,0.5337837837837838
359959,33,0.4845,0.6,0.527,8.59,120.59,0.5337837837837838
359959,34,0.4845,0.597,0.527,8.54,123.0,0.5337837837837838
359959,35,0.4847,0.5992,0.527,8.48,125.11,0.5337837837837838
359959,36,0.4847,0.6023,0.527,8.38,127.2,0.5337837837837838
359959,37,0.485,0.603,0.527,8.33,130.49,0.5337837837837838
359959,38,0.4851,0.6053,0.527,8.31,134.61,0.5337837837837838
359959,39,0.4853,0.6053,0.527,8.26,138.58,0.5337837837837838
359959,40,0.4854,0.6053,0.527,8.25,144.72,0.5337837837837838
359959,41,0.4854,0.6068,0.527,8.25,151.77,0.5337837837837838
359959,42,0.4854,0.6075,0.527,8.23,157.86,0.5337837837837838
359959,43,0.4854,0.6098,0.527,8.27,168.63,0.5337837837837838
359959,44,0.4856,0.6098,0.527,8.29,177.02,0.5337837837837838
359959,45,0.4857,0.6098,0.527,8.31,187.0,0.5337837837837838
359959,46,0.4857,0.6121,0.527,8.37,202.23,0.5337837837837838
359959,47,0.4859,0.6128,0.527,8.46,218.45,0.5337837837837838
359959,48,0.486,0.6136,0.527,8.55,239.08,0.5337837837837838
359959,49,0.4862,0.6128,0.5338,8.65,257.97,0.5337837837837838
359954,0,0.4573,0.577,0.527,16.44,126.69,0.6756756756756757
359954,1,0.4573,0.577,0.527,16.44,126.69,0.6756756756756757
359954,2,0.4608,0.5982,0.5405,16.15,133.19,0.6756756756756757
359954,3,0.4676,0.6299,0.5541,16.06,144.38,0.6756756756756757
359954,4,0.4748,0.6526,0.5541,15.12,141.95,0.6756756756756757
359954,5,0.4814,0.6767,0.5676,14.39,151.74,0.6756756756756757
359954,6,0.4848,0.6918,0.5676,15.02,163.96,0.6756756756756757
359954,7,0.4881,0.6934,0.5676,14.81,172.45,0.6756756756756757
359954,8,0.4908,0.7069,0.5811,14.7,182.51,0.6756756756756757
359954,9,0.4929,0.7175,0.5811,14.8,193.42,0.6756756756756757
359954,10,0.4949,0.7266,0.5811,14.6,201.35,0.6756756756756757
359954,11,0.4972,0.7341,0.5811,14.37,206.69,0.6756756756756757
359954,12,0.4986,0.7402,0.5811,14.21,213.19,0.6756756756756757
359954,13,0.5,0.7447,0.6081,14.05,217.17,0.6756756756756757
359954,14,0.5006,0.7508,0.6081,13.8,219.22,0.6756756756756757
359954,15,0.5017,0.7568,0.6081,13.47,221.16,0.6756756756756757
359954,16,0.5033,0.7598,0.6081,13.2,220.76,0.6756756756756757
359954,17,0.5041,0.7674,0.6081,12.99,226.44,0.6756756756756757
359954,18,0.5049,0.7689,0.6216,12.74,231.19,0.6756756756756757
359954,19,0.5058,0.7749,0.6351,12.49,239.53,0.6756756756756757
359954,20,0.5062,0.7795,0.6351,12.26,247.57,0.6756756756756757
359954,21,0.507,0.781,0.6351,12.05,256.41,0.6756756756756757
359954,22,0.5078,0.784,0.6351,11.86,266.94,0.6756756756756757
359954,23,0.5085,0.784,0.6351,11.67,273.43,0.6756756756756757
359954,24,0.5093,0.7885,0.6351,11.52,283.01,0.6756756756756757
359954,25,0.5101,0.7931,0.6351,11.4,294.81,0.6756756756756757
359954,26,0.5105,0.7946,0.6351,11.28,303.92,0.6756756756756757
359954,27,0.5108,0.7961,0.6486,11.21,314.64,0.6756756756756757
359954,28,0.5112,0.8006,0.6486,11.21,328.23,0.6756756756756757
359954,29,0.5117,0.8021,0.6486,11.17,345.12,0.6756756756756757
359954,30,0.5122,0.8036,0.6486,11.05,356.13,0.6756756756756757
359954,31,0.5127,0.8066,0.6486,10.95,368.38,0.6756756756756757
359954,32,0.5128,0.8142,0.6486,10.83,380.12,0.6756756756756757
359954,33,0.5133,0.8142,0.6486,10.72,394.11,0.6756756756756757
359954,34,0.5139,0.8172,0.6622,10.63,405.29,0.6756756756756757
359954,35,0.5143,0.8248,0.6622,10.57,419.0,0.6756756756756757
359954,36,0.5145,0.8293,0.6622,10.54,440.27,0.6756756756756757
359954,37,0.5147,0.8323,0.6622,10.55,466.74,0.6756756756756757
359954,38,0.5152,0.8338,0.6622,10.55,506.56,0.6756756756756757
359954,39,0.5153,0.8338,0.6486,10.54,545.53,0.6756756756756757
359954,40,0.5154,0.8429,0.6486,10.59,597.72,0.6756756756756757
359954,41,0.5158,0.8444,0.6486,10.66,645.66,0.6756756756756757
359954,42,0.5159,0.8474,0.6486,10.7,701.34,0.6756756756756757
359954,43,0.5161,0.8474,0.6486,10.73,754.27,0.6756756756756757
359954,44,0.5164,0.855,0.6486,10.73,804.24,0.6756756756756757
359954,45,0.5166,0.8565,0.6486,10.73,853.94,0.6756756756756757
359954,46,0.5171,0.861,0.6486,10.71,909.51,0.6756756756756757
359954,47,0.5174,0.864,0.6486,10.73,961.83,0.6756756756756757
359954,48,0.5177,0.864,0.6622,10.74,1013.24,0.6756756756756757
359954,49,0.5178,0.8656,0.6622,10.78,1067.25,0.6756756756756757
168784,0,0.616,0.7342,0.7282,4.56,204.26,0.8205128205128205
168784,1,0.616,0.7342,0.7282,4.56,204.26,0.8205128205128205
168784,2,0.6215,0.7491,0.7231,5.49,262.76,0.8205128205128205
168784,3,0.6249,0.756,0.7385,5.81,293.08,0.8205128205128205
168784,4,0.6262,0.7612,0.7436,6.02,312.3,0.8205128205128205
168784,5,0.629,0.7686,0.7487,6.44,349.46,0.8205128205128205
168784,6,0.6324,0.7812,0.7436,7.55,420.43,0.8205128205128205
168784,7,0.6351,0.7864,0.7487,8.12,474.1,0.8205128205128205
168784,8,0.6369,0.7898,0.7487,8.43,528.33,0.8205128205128205
168784,9,0.6385,0.7984,0.7538,8.81,592.41,0.8205128205128205
168784,10,0.6403,0.8047,0.7538,9.06,643.55,0.8205128205128205
168784,11,0.6423,0.8121,0.759,9.42,686.16,0.8205128205128205
168784,12,0.6435,0.8184,0.759,9.71,725.44,0.8205128205128205
168784,13,0.645,0.8225,0.7538,9.9,757.86,0.8205128205128205
168784,14,0.6456,0.8293,0.759,9.98,804.05,0.8205128205128205
168784,15,0.6467,0.8316,0.7538,10.07,851.09,0.8205128205128205
168784,16,0.6475,0.8351,0.7538,10.13,904.05,0.8205128205128205
168784,17,0.6482,0.8414,0.759,10.34,954.05,0.8205128205128205
168784,18,0.6485,0.8442,0.759,10.57,1019.0,0.8205128205128205
168784,19,0.6492,0.8477,0.759,10.84,1081.65,0.8205128205128205
168784,20,0.6495,0.8499,0.7538,11.02,1158.48,0.8205128205128205
168784,21,0.6499,0.8528,0.7538,11.19,1232.29,0.8205128205128205
168784,22,0.6503,0.858,0.7538,11.25,1285.15,0.8205128205128205
168784,23,0.6508,0.8631,0.7538,11.28,1346.96,0.8205128205128205
168784,24,0.6513,0.866,0.7538,11.37,1407.08,0.8205128205128205
168784,25,0.6514,0.8683,0.7538,11.35,1463.47,0.8205128205128205
168784,26,0.6518,0.8706,0.7538,11.36,1524.91,0.8205128205128205
168784,27,0.652,0.8723,0.7538,11.4,1585.04,0.8205128205128205
168784,28,0.6523,0.8769,0.7538,11.39,1659.58,0.8205128205128205
168784,29,0.6524,0.8803,0.759,11.47,1736.32,0.8205128205128205
168784,30,0.6526,0.8837,0.759,11.46,1815.19,0.8205128205128205
168784,31,0.6531,0.8855,0.759,11.45,1879.85,0.8205128205128205
168784,32,0.6534,0.8895,0.759,11.51,1948.18,0.8205128205128205
168784,33,0.6537,0.8912,0.759,11.55,2029.62,0.8205128205128205
168784,34,0.654,0.8912,0.759,11.44,2101.62,0.8205128205128205
168784,35,0.6541,0.8935,0.759,11.57,2185.26,0.8205128205128205
168784,36,0.6543,0.8946,0.759,11.59,2276.91,0.8205128205128205
168784,37,0.6543,0.8969,0.7641,11.61,2358.06,0.8205128205128205
168784,38,0.6545,0.8981,0.7641,11.62,2441.04,0.8205128205128205
168784,39,0.6546,0.9009,0.7641,11.59,2522.85,0.8205128205128205
168784,40,0.6547,0.9038,0.7641,11.66,2610.36,0.8205128205128205
168784,41,0.6548,0.9072,0.7641,11.66,2706.21,0.8205128205128205
168784,42,0.6548,0.9095,0.7641,11.74,2801.18,0.8205128205128205
168784,43,0.655,0.9107,0.7641,11.74,2893.4,0.8205128205128205
168784,44,0.6552,0.9129,0.7692,11.79,2982.87,0.8205128205128205
168784,45,0.6554,0.9141,0.7692,11.85,3069.53,0.8205128205128205
168784,46,0.6555,0.917,0.7692,11.85,3155.26,0.8205128205128205
168784,47,0.6556,0.9204,0.7692,11.83,3259.15,0.8205128205128205
168784,48,0.6556,0.9233,0.7692,11.82,3374.09,0.8205128205128205
168784,49,0.6557,0.9255,0.7692,11.87,3519.08,0.8205128205128205
168784,0,0.6119,0.7371,0.7282,4.32,172.93,0.8205128205128205
168784,1,0.6119,0.7371,0.7282,4.32,172.93,0.8205128205128205
168784,2,0.6144,0.7451,0.7282,4.78,213.96,0.8205128205128205
168784,3,0.6211,0.7514,0.7385,4.85,247.06,0.8205128205128205
168784,4,0.6251,0.7595,0.7487,5.28,303.79,0.8205128205128205
168784,5,0.6291,0.7658,0.7487,6.17,388.56,0.8205128205128205
168784,6,0.6321,0.7795,0.7487,6.96,489.45,0.8205128205128205
168784,7,0.6349,0.7892,0.7487,7.42,597.91,0.8205128205128205
168784,8,0.6375,0.7955,0.7487,8.31,734.66,0.8205128205128205
168784,9,0.6398,0.803,0.7436,9.56,927.24,0.8205128205128205
168784,10,0.6419,0.8139,0.7487,10.52,1101.61,0.8205128205128205
168784,11,0.6436,0.8219,0.7538,11.39,1275.76,0.8205128205128205
168784,12,0.6447,0.8305,0.7538,12.18,1430.63,0.8205128205128205
168784,13,0.6458,0.8362,0.7641,12.6,1541.0,0.8205128205128205
168784,14,0.6465,0.8408,0.7692,13.07,1662.21,0.8205128205128205
168784,15,0.6473,0.8465,0.7641,13.22,1786.58,0.8205128205128205
168784,16,0.6482,0.8511,0.7692,13.47,1898.63,0.8205128205128205
168784,17,0.6489,0.8568,0.7744,13.58,2002.85,0.8205128205128205
168784,18,0.6495,0.862,0.7744,13.6,2109.53,0.8205128205128205
168784,19,0.6497,0.8671,0.7692,13.66,2226.96,0.8205128205128205
168784,20,0.6502,0.8734,0.7641,13.56,2324.11,0.8205128205128205
168784,21,0.651,0.878,0.7641,13.62,2435.54,0.8205128205128205
168784,22,0.6516,0.8792,0.759,13.59,2533.14,0.8205128205128205
168784,23,0.6519,0.8814,0.759,13.51,2627.27,0.8205128205128205
168784,24,0.6522,0.8843,0.7641,13.47,2720.52,0.8205128205128205
168784,25,0.6526,0.8877,0.7538,13.31,2806.22,0.8205128205128205
168784,26,0.653,0.8912,0.7538,13.18,2892.68,0.8205128205128205
168784,27,0.6533,0.8946,0.7538,13.1,2965.61,0.8205128205128205
168784,28,0.6536,0.8986,0.7538,13.05,3034.18,0.8205128205128205
168784,29,0.6538,0.9009,0.7538,13.03,3092.09,0.8205128205128205
168784,30,0.6541,0.9032,0.759,12.93,3160.58,0.8205128205128205
168784,31,0.6542,0.9055,0.759,12.85,3243.93,0.8205128205128205
168784,32,0.6544,0.9101,0.759,12.88,3336.38,0.8205128205128205
168784,33,0.6546,0.9135,0.7641,12.89,3445.38,0.8205128205128205
168784,34,0.6547,0.9187,0.7641,12.87,3537.37,0.8205128205128205
168784,35,0.6549,0.921,0.7641,12.84,3618.76,0.8205128205128205
168784,36,0.655,0.9227,0.7641,12.8,3702.35,0.8205128205128205
168784,37,0.6551,0.9244,0.7641,12.79,3775.51,0.8205128205128205
168784,38,0.6552,0.9273,0.7692,12.75,3849.8,0.8205128205128205
168784,39,0.6553,0.9296,0.7692,12.68,3924.6,0.8205128205128205
168784,40,0.6555,0.9313,0.7744,12.64,4007.64,0.8205128205128205
168784,41,0.6557,0.933,0.7795,12.61,4085.61,0.8205128205128205
168784,42,0.6557,0.9353,0.7795,12.61,4170.43,0.8205128205128205
168784,43,0.6557,0.941,0.7795,12.57,4242.03,0.8205128205128205
168784,44,0.6558,0.9456,0.7795,12.53,4317.78,0.8205128205128205
168784,45,0.6559,0.949,0.7795,12.54,4401.69,0.8205128205128205
168784,46,0.656,0.9513,0.7795,12.5,4505.9,0.8205128205128205
168784,47,0.6561,0.9536,0.7795,12.56,4615.62,0.8205128205128205
168784,48,0.6561,0.9559,0.7795,12.56,4715.25,0.8205128205128205
168784,49,0.6562,0.9565,0.7795,12.6,4832.21,0.8205128205128205
359959,0,0.4526,0.4272,0.4257,8.77,56.98,0.5337837837837838
359959,1,0.4526,0.4272,0.4257,8.77,56.98,0.5337837837837838
359959,2,0.4546,0.4272,0.4257,9.78,59.84,0.5337837837837838
359959,3,0.4572,0.4483,0.4324,10.35,62.56,0.5337837837837838
359959,4,0.4598,0.474,0.4527,11.1,64.51,0.5337837837837838
359959,5,0.463,0.5042,0.4662,11.45,67.71,0.5337837837837838
359959,6,0.4651,0.5177,0.4797,11.3,69.32,0.5337837837837838
359959,7,0.4675,0.526,0.4932,11.5,74.77,0.5337837837837838
359959,8,0.4697,0.5404,0.5135,11.53,78.01,0.5337837837837838
359959,9,0.4706,0.5547,0.5135,11.4,81.2,0.5337837837837838
359959,10,0.4725,0.5638,0.5405,11.21,86.83,0.5337837837837838
359959,11,0.4737,0.566,0.5473,11.23,89.12,0.5337837837837838
359959,12,0.4747,0.5675,0.5541,11.09,95.12,0.5337837837837838
359959,13,0.476,0.5728,0.5676,10.89,98.79,0.5337837837837838
359959,14,0.4764,0.5774,0.5541,10.78,101.5,0.5337837837837838
359959,15,0.4769,0.5774,0.5541,10.7,105.29,0.5337837837837838
359959,16,0.478,0.5758,0.5473,10.51,108.08,0.5337837837837838
359959,17,0.4782,0.5758,0.5473,10.27,107.88,0.5337837837837838
359959,18,0.4788,0.5758,0.5405,10.06,108.78,0.5337837837837838
359959,19,0.4796,0.5819,0.5338,9.84,109.45,0.5337837837837838
359959,20,0.4801,0.5804,0.527,9.67,110.03,0.5337837837837838
359959,21,0.4806,0.5804,0.5135,9.54,110.8,0.5337837837837838
359959,22,0.4811,0.5857,0.5203,9.45,113.8,0.5337837837837838
359959,23,0.4814,0.5879,0.5338,9.42,116.24,0.5337837837837838
359959,24,0.482,0.5909,0.5338,9.38,121.87,0.5337837837837838
359959,25,0.4823,0.5932,0.5338,9.31,123.91,0.5337837837837838
359959,26,0.4824,0.5955,0.5338,9.22,126.29,0.5337837837837838
359959,27,0.4827,0.5962,0.5338,9.13,129.17,0.5337837837837838
359959,28,0.4829,0.597,0.527,9.01,130.63,0.5337837837837838
359959,29,0.4832,0.6,0.527,8.92,131.81,0.5337837837837838
359959,30,0.4838,0.6008,0.5203,8.84,133.44,0.5337837837837838
359959,31,0.4839,0.6008,0.5203,8.76,135.81,0.5337837837837838
359959,32,0.484,0.6023,0.5203,8.67,137.15,0.5337837837837838
359959,33,0.4838,0.6008,0.5203,8.58,138.55,0.5337837837837838
359959,34,0.4839,0.6015,0.5203,8.51,140.84,0.5337837837837838
359959,35,0.4841,0.6015,0.5203,8.44,142.97,0.5337837837837838
359959,36,0.4841,0.6023,0.5203,8.38,145.84,0.5337837837837838
359959,37,0.4842,0.6038,0.5203,8.33,148.31,0.5337837837837838
359959,38,0.4842,0.6038,0.527,8.27,152.0,0.5337837837837838
359959,39,0.4843,0.6053,0.527,8.24,157.7,0.5337837837837838
359959,40,0.4843,0.6045,0.527,8.22,163.11,0.5337837837837838
359959,41,0.4842,0.606,0.527,8.2,170.32,0.5337837837837838
359959,42,0.4843,0.6091,0.5338,8.23,178.37,0.5337837837837838
359959,43,0.4843,0.6091,0.5338,8.28,186.68,0.5337837837837838
359959,44,0.4843,0.6098,0.5338,8.3,195.45,0.5337837837837838
359959,45,0.4844,0.6121,0.5338,8.33,204.95,0.5337837837837838
359959,46,0.4846,0.6113,0.5338,8.33,211.47,0.5337837837837838
359959,47,0.4851,0.6128,0.5338,8.36,218.44,0.5337837837837838
359959,48,0.4851,0.6136,0.5338,8.38,225.51,0.5337837837837838
359959,49,0.4854,0.6143,0.5338,8.39,232.52,0.5337837837837838
190146,0,0.6522,0.8305,0.7412,4.23,85.97,0.7647058823529411
190146,1,0.6522,0.8305,0.7412,4.23,85.97,0.7647058823529411
190146,2,0.6538,0.8305,0.7294,4.54,100.66,0.7647058823529411
190146,3,0.6557,0.8423,0.7294,5.07,115.3,0.7647058823529411
190146,4,0.6575,0.8581,0.7294,5.47,123.35,0.7647058823529411
190146,5,0.6591,0.8752,0.7294,6.04,139.72,0.7647058823529411
190146,6,0.6597,0.8844,0.7294,6.5,152.71,0.7647058823529411
190146,7,0.66,0.9001,0.7176,6.78,169.67,0.7647058823529411
190146,8,0.6603,0.9054,0.7294,6.95,182.97,0.7647058823529411
190146,9,0.661,0.9106,0.7294,6.99,197.07,0.7647058823529411
190146,10,0.6615,0.9172,0.7294,6.96,203.91,0.7647058823529411
190146,11,0.6618,0.9198,0.7294,6.89,216.79,0.7647058823529411
190146,12,0.662,0.9225,0.7412,6.88,225.84,0.7647058823529411
190146,13,0.6623,0.9277,0.7294,6.9,234.16,0.7647058823529411
190146,14,0.6627,0.929,0.7294,6.96,245.83,0.7647058823529411
190146,15,0.6631,0.9304,0.7294,6.99,254.56,0.7647058823529411
190146,16,0.6638,0.9356,0.7294,7.14,262.56,0.7647058823529411
190146,17,0.664,0.9409,0.7294,7.17,270.23,0.7647058823529411
190146,18,0.6642,0.9409,0.7294,7.14,282.63,0.7647058823529411
190146,19,0.6645,0.9435,0.7294,7.14,292.29,0.7647058823529411
190146,20,0.6647,0.9474,0.7294,7.26,306.38,0.7647058823529411
190146,21,0.6648,0.9501,0.7294,7.29,319.51,0.7647058823529411
190146,22,0.665,0.9566,0.7294,7.47,338.25,0.7647058823529411
190146,23,0.6654,0.9593,0.7294,7.48,353.38,0.7647058823529411
190146,24,0.6658,0.9606,0.7294,7.5,371.91,0.7647058823529411
190146,25,0.6659,0.9632,0.7294,7.65,388.05,0.7647058823529411
190146,26,0.6665,0.9632,0.7294,7.6,403.48,0.7647058823529411
190146,27,0.6666,0.9632,0.7176,7.72,415.84,0.7647058823529411
190146,28,0.6667,0.9658,0.7176,7.87,427.73,0.7647058823529411
190146,29,0.667,0.9671,0.7176,7.91,444.86,0.7647058823529411
190146,30,0.6672,0.9698,0.7176,7.98,462.57,0.7647058823529411
190146,31,0.6674,0.9698,0.7176,8.04,476.87,0.7647058823529411
190146,32,0.6678,0.9724,0.7176,8.14,491.24,0.7647058823529411
190146,33,0.668,0.9724,0.7176,8.17,507.06,0.7647058823529411
190146,34,0.6682,0.9737,0.7176,8.28,521.53,0.7647058823529411
190146,35,0.6684,0.9763,0.7176,8.32,535.75,0.7647058823529411
190146,36,0.6687,0.9763,0.7176,8.36,547.59,0.7647058823529411
190146,37,0.6688,0.9763,0.7176,8.35,560.88,0.7647058823529411
190146,38,0.6689,0.9763,0.7176,8.33,572.58,0.7647058823529411
190146,39,0.669,0.9763,0.7176,8.38,584.78,0.7647058823529411
190146,40,0.669,0.9777,0.7176,8.47,598.35,0.7647058823529411
190146,41,0.6692,0.979,0.7176,8.5,611.63,0.7647058823529411
190146,42,0.6693,0.9816,0.7176,8.54,628.14,0.7647058823529411
190146,43,0.6693,0.9816,0.7176,8.51,642.71,0.7647058823529411
190146,44,0.6695,0.9842,0.7176,8.55,656.27,0.7647058823529411
190146,45,0.6697,0.9855,0.7176,8.58,670.55,0.7647058823529411
190146,46,0.67,0.9895,0.7176,8.63,687.04,0.7647058823529411
190146,47,0.6702,0.9895,0.7176,8.65,701.85,0.7647058823529411
190146,48,0.6704,0.9895,0.7176,8.68,716.32,0.7647058823529411
190146,49,0.6705,0.9895,0.7176,8.7,730.13,0.7647058823529411
359959,0,0.4591,0.4272,0.4257,9.3,43.47,0.5337837837837838
359959,1,0.4591,0.4272,0.4257,9.3,43.47,0.5337837837837838
359959,2,0.4612,0.4272,0.4257,9.33,46.78,0.5337837837837838
359959,3,0.4635,0.434,0.4257,9.9,56.38,0.5337837837837838
359959,4,0.4659,0.4604,0.4392,10.67,66.74,0.5337837837837838
359959,5,0.4675,0.4996,0.4662,10.63,66.92,0.5337837837837838
359959,6,0.4691,0.5094,0.4865,10.66,70.71,0.5337837837837838
359959,7,0.4706,0.5283,0.5068,10.93,76.7,0.5337837837837838
359959,8,0.4714,0.5426,0.5203,11.08,79.2,0.5337837837837838
359959,9,0.4731,0.5487,0.5473,11.04,81.31,0.5337837837837838
359959,10,0.4743,0.5532,0.5676,11.01,82.66,0.5337837837837838
359959,11,0.4753,0.5592,0.5541,10.89,83.19,0.5337837837837838
359959,12,0.4763,0.563,0.5608,10.92,89.63,0.5337837837837838
359959,13,0.4768,0.5653,0.5405,10.91,95.9,0.5337837837837838
359959,14,0.4777,0.5706,0.5473,10.97,102.48,0.5337837837837838
359959,15,0.4782,0.5766,0.5473,10.91,107.92,0.5337837837837838
359959,16,0.4787,0.5781,0.5473,11.03,116.63,0.5337837837837838
359959,17,0.4791,0.5766,0.5473,11.05,126.77,0.5337837837837838
359959,18,0.4798,0.5758,0.5473,11.12,133.8,0.5337837837837838
359959,19,0.4802,0.5781,0.5541,11.21,139.49,0.5337837837837838
359959,20,0.4807,0.5796,0.5608,11.46,148.17,0.5337837837837838
359959,21,0.4809,0.5811,0.5338,11.51,154.03,0.5337837837837838
359959,22,0.4813,0.5826,0.527,11.53,156.64,0.5337837837837838
359959,23,0.4814,0.5849,0.5203,11.59,161.72,0.5337837837837838
359959,24,0.4816,0.5909,0.5203,11.65,165.68,0.5337837837837838
359959,25,0.4818,0.5962,0.5203,11.58,169.72,0.5337837837837838
359959,26,0.482,0.597,0.5068,11.61,177.06,0.5337837837837838
359959,27,0.4824,0.5985,0.5068,11.63,186.81,0.5337837837837838
359959,28,0.4828,0.6015,0.5135,11.63,193.75,0.5337837837837838
359959,29,0.4832,0.606,0.5135,11.67,201.11,0.5337837837837838
359959,30,0.4835,0.6083,0.5135,11.69,209.47,0.5337837837837838
359959,31,0.4836,0.6083,0.5135,11.71,219.22,0.5337837837837838
359959,32,0.4837,0.6075,0.5135,11.74,228.76,0.5337837837837838
359959,33,0.4839,0.6098,0.5135,11.78,240.93,0.5337837837837838
359959,34,0.4842,0.6098,0.5135,11.81,256.95,0.5337837837837838
359959,35,0.4843,0.6113,0.5135,11.9,275.14,0.5337837837837838
359959,36,0.4845,0.6113,0.527,11.93,292.16,0.5337837837837838
359959,37,0.4848,0.6113,0.527,12.02,313.19,0.5337837837837838
359959,38,0.4847,0.6106,0.527,12.19,342.87,0.5337837837837838
359959,39,0.4849,0.6151,0.5338,12.37,375.8,0.5337837837837838
359959,40,0.485,0.6174,0.5338,12.47,406.15,0.5337837837837838
359959,41,0.4849,0.6174,0.5338,12.61,439.62,0.5337837837837838
359959,42,0.485,0.6174,0.5405,12.8,471.69,0.5337837837837838
359959,43,0.4851,0.6181,0.5473,12.98,502.53,0.5337837837837838
359959,44,0.4851,0.6196,0.5541,13.1,534.89,0.5337837837837838
359959,45,0.4852,0.6204,0.5541,13.2,569.89,0.5337837837837838
359959,46,0.4852,0.6219,0.5541,13.33,605.29,0.5337837837837838
359959,47,0.4854,0.6226,0.5541,13.48,650.23,0.5337837837837838
359959,48,0.4853,0.6249,0.5541,13.67,693.27,0.5337837837837838
359959,49,0.4853,0.6249,0.5541,13.81,740.67,0.5337837837837838
168784,0,0.6212,0.7554,0.7385,4.75,173.81,0.8205128205128205
168784,1,0.6212,0.7554,0.7385,4.75,173.81,0.8205128205128205
168784,2,0.6242,0.7623,0.7333,5.69,274.91,0.8205128205128205
168784,3,0.6293,0.7738,0.7385,6.33,357.79,0.8205128205128205
168784,4,0.6347,0.7875,0.7487,7.16,486.55,0.8205128205128205
168784,5,0.6377,0.7932,0.7487,7.91,666.42,0.8205128205128205
168784,6,0.6401,0.8001,0.759,8.86,853.56,0.8205128205128205
168784,7,0.6422,0.8121,0.7641,9.89,1043.73,0.8205128205128205
168784,8,0.6445,0.8225,0.7641,10.39,1192.26,0.8205128205128205
168784,9,0.646,0.8322,0.7641,10.62,1310.59,0.8205128205128205
168784,10,0.6469,0.8379,0.7641,10.81,1425.95,0.8205128205128205
168784,11,0.6478,0.8448,0.7641,10.76,1509.89,0.8205128205128205
168784,12,0.6488,0.8505,0.7538,10.89,1606.76,0.8205128205128205
168784,13,0.6499,0.858,0.7538,10.78,1700.93,0.8205128205128205
168784,14,0.6509,0.862,0.7487,10.7,1817.5,0.8205128205128205
168784,15,0.6517,0.8671,0.7538,10.72,1951.95,0.8205128205128205
168784,16,0.6518,0.8706,0.759,10.7,2109.54,0.8205128205128205
168784,17,0.6525,0.874,0.759,10.73,2265.99,0.8205128205128205
168784,18,0.6529,0.878,0.759,10.96,2428.77,0.8205128205128205
168784,19,0.6531,0.8826,0.759,10.96,2551.67,0.8205128205128205
168784,20,0.6534,0.8889,0.759,10.92,2654.37,0.8205128205128205
168784,21,0.6535,0.8923,0.759,10.84,2790.63,0.8205128205128205
168784,22,0.6536,0.8946,0.759,10.93,2935.57,0.8205128205128205
168784,23,0.6538,0.8986,0.759,10.96,3067.32,0.8205128205128205
168784,24,0.6539,0.9038,0.7641,10.96,3196.63,0.8205128205128205
168784,25,0.6541,0.9061,0.759,10.91,3305.63,0.8205128205128205
168784,26,0.6542,0.9089,0.7641,10.93,3394.85,0.8205128205128205
168784,27,0.6543,0.9135,0.7641,10.93,3493.62,0.8205128205128205
168784,28,0.6546,0.9158,0.7641,10.9,3581.45,0.8205128205128205
168784,29,0.6546,0.9192,0.7641,10.89,3643.61,0.8205128205128205
168784,30,0.6551,0.9215,0.7641,10.87,3707.67,0.8205128205128205
168784,31,0.655,0.9255,0.7744,10.82,3772.43,0.8205128205128205
168784,32,0.6552,0.9278,0.7744,10.78,3843.9,0.8205128205128205
168784,33,0.6554,0.9301,0.7744,10.8,3909.62,0.8205128205128205
168784,34,0.6555,0.9359,0.7744,10.77,3981.5,0.8205128205128205
168784,35,0.6555,0.9427,0.7744,10.8,4035.15,0.8205128205128205
168784,36,0.6556,0.9473,0.7744,10.78,4099.37,0.8205128205128205
168784,37,0.6558,0.9502,0.7744,10.77,4150.93,0.8205128205128205
168784,38,0.6559,0.9507,0.7744,10.86,4224.38,0.8205128205128205
168784,39,0.6561,0.9519,0.7795,10.82,4297.04,0.8205128205128205
168784,40,0.6561,0.9553,0.7846,10.87,4382.3,0.8205128205128205
168784,41,0.6562,0.957,0.7846,10.88,4483.67,0.8205128205128205
168784,42,0.6561,0.9582,0.7846,10.91,4597.63,0.8205128205128205
168784,43,0.6562,0.9616,0.7795,10.89,4688.26,0.8205128205128205
168784,44,0.6563,0.9628,0.7897,10.92,4784.28,0.8205128205128205
168784,45,0.6564,0.9662,0.7897,10.91,4889.95,0.8205128205128205
168784,46,0.6564,0.9685,0.7897,10.88,4984.19,0.8205128205128205
168784,47,0.6563,0.9702,0.7897,10.88,5081.71,0.8205128205128205
168784,48,0.6564,0.9714,0.7846,10.88,5179.46,0.8205128205128205
168784,49,0.6564,0.9725,0.7897,10.89,5269.39,0.8205128205128205
168784,0,0.6091,0.7411,0.7231,4.54,121.05,0.8153846153846154
168784,1,0.6091,0.7411,0.7231,4.54,121.05,0.8153846153846154
168784,2,0.6146,0.7457,0.7282,4.47,141.96,0.8153846153846154
168784,3,0.6203,0.752,0.7179,5.14,161.34,0.8153846153846154
168784,4,0.626,0.7612,0.7436,5.52,178.14,0.8153846153846154
168784,5,0.6304,0.768,0.7487,5.68,193.61,0.8153846153846154
168784,6,0.633,0.7784,0.7436,5.89,219.85,0.8153846153846154
168784,7,0.6364,0.7847,0.7487,6.32,267.39,0.8153846153846154
168784,8,0.6391,0.7881,0.7538,6.81,307.54,0.8153846153846154
168784,9,0.6418,0.795,0.759,7.33,359.58,0.8153846153846154
168784,10,0.6432,0.8001,0.759,8.06,409.73,0.8153846153846154
168784,11,0.6451,0.8076,0.7641,8.46,457.1,0.8153846153846154
168784,12,0.6462,0.8121,0.7641,8.99,506.52,0.8153846153846154
168784,13,0.6474,0.8162,0.7538,9.37,559.24,0.8153846153846154
168784,14,0.6479,0.8219,0.759,9.6,601.62,0.8153846153846154
168784,15,0.6486,0.8253,0.7692,9.8,648.92,0.8153846153846154
168784,16,0.6493,0.8282,0.7692,10.03,702.3,0.8153846153846154
168784,17,0.6501,0.8333,0.7692,10.17,754.31,0.8153846153846154
168784,18,0.6507,0.8379,0.7692,10.16,809.89,0.8153846153846154
168784,19,0.6515,0.8419,0.7641,10.2,862.23,0.8153846153846154
168784,20,0.6518,0.8459,0.7692,10.33,924.87,0.8153846153846154
168784,21,0.6524,0.8494,0.759,10.47,1004.18,0.8153846153846154
168784,22,0.6526,0.8545,0.7538,10.47,1091.84,0.8153846153846154
168784,23,0.653,0.8568,0.7538,10.54,1189.86,0.8153846153846154
168784,24,0.6533,0.8591,0.759,10.63,1278.29,0.8153846153846154
168784,25,0.6533,0.8625,0.759,10.84,1378.2,0.8153846153846154
168784,26,0.6535,0.8648,0.7641,10.89,1467.79,0.8153846153846154
168784,27,0.6536,0.866,0.759,10.89,1567.82,0.8153846153846154
168784,28,0.6539,0.8688,0.7641,10.94,1693.45,0.8153846153846154
168784,29,0.654,0.8723,0.7641,10.98,1808.14,0.8153846153846154
168784,30,0.6543,0.8763,0.7641,10.96,1912.95,0.8153846153846154
168784,31,0.6544,0.878,0.7692,10.97,2029.45,0.8153846153846154
168784,32,0.6546,0.882,0.7692,11.03,2155.74,0.8153846153846154
168784,33,0.6548,0.8843,0.7692,11.12,2289.39,0.8153846153846154
168784,34,0.6549,0.8883,0.7692,11.1,2399.37,0.8153846153846154
168784,35,0.6552,0.8912,0.7692,11.19,2529.29,0.8153846153846154
168784,36,0.6553,0.894,0.7692,11.22,2666.59,0.8153846153846154
168784,37,0.6555,0.8958,0.7692,11.27,2797.18,0.8153846153846154
168784,38,0.6556,0.8986,0.7692,11.29,2932.28,0.8153846153846154
168784,39,0.6557,0.9021,0.7692,11.27,3063.13,0.8153846153846154
168784,40,0.6558,0.9055,0.7744,11.24,3191.85,0.8153846153846154
168784,41,0.6557,0.9066,0.7795,11.25,3336.71,0.8153846153846154
168784,42,0.6559,0.9107,0.7795,11.21,3477.83,0.8153846153846154
168784,43,0.656,0.9152,0.7795,11.17,3621.41,0.8153846153846154
168784,44,0.6561,0.9187,0.7795,11.18,3776.51,0.8153846153846154
168784,45,0.6563,0.9215,0.7795,11.13,3949.49,0.8153846153846154
168784,46,0.6564,0.9267,0.7795,11.16,4121.95,0.8153846153846154
168784,47,0.6565,0.9284,0.7795,11.11,4293.8,0.8153846153846154
168784,48,0.6566,0.9324,0.7795,11.09,4486.66,0.8153846153846154
168784,49,0.6567,0.9353,0.7795,11.11,4669.73,0.8153846153846154
190146,0,0.6451,0.8029,0.7412,4.47,99.44,0.788235294117647
190146,1,0.6451,0.8029,0.7412,4.47,99.44,0.788235294117647
190146,2,0.6494,0.816,0.7294,4.86,120.71,0.788235294117647
190146,3,0.6516,0.8279,0.7294,5.44,161.86,0.788235294117647
190146,4,0.6549,0.8449,0.7294,6.8,221.08,0.788235294117647
190146,5,0.6564,0.8752,0.7294,7.41,283.05,0.788235294117647
190146,6,0.6589,0.8922,0.7294,8.1,332.91,0.788235294117647
190146,7,0.6594,0.9067,0.7294,8.83,375.67,0.788235294117647
190146,8,0.6605,0.9185,0.7294,9.13,403.2,0.788235294117647
190146,9,0.6614,0.9238,0.7294,9.4,427.98,0.788235294117647
190146,10,0.6622,0.9317,0.7294,9.52,448.68,0.788235294117647
190146,11,0.6624,0.9409,0.7294,9.66,461.91,0.788235294117647
190146,12,0.6637,0.9461,0.7294,9.79,472.16,0.788235294117647
190146,13,0.6642,0.954,0.7294,10.0,487.45,0.788235294117647
190146,14,0.6647,0.958,0.7412,10.1,506.27,0.788235294117647
190146,15,0.6652,0.9606,0.7412,10.06,528.43,0.788235294117647
190146,16,0.666,0.9645,0.7412,9.99,547.79,0.788235294117647
190146,17,0.6665,0.9645,0.7294,10.14,568.63,0.788235294117647
190146,18,0.6674,0.9698,0.7294,10.32,587.48,0.788235294117647
190146,19,0.6677,0.9711,0.7412,10.37,604.66,0.788235294117647
190146,20,0.6682,0.9724,0.7412,10.4,621.64,0.788235294117647
190146,21,0.6687,0.9737,0.7412,10.44,640.43,0.788235294117647
190146,22,0.669,0.975,0.7412,10.45,662.86,0.788235294117647
190146,23,0.6692,0.9763,0.7412,10.47,684.38,0.788235294117647
190146,24,0.6694,0.9777,0.7412,10.46,700.91,0.788235294117647
190146,25,0.6696,0.9816,0.7529,10.55,717.45,0.788235294117647
190146,26,0.6695,0.9816,0.7412,10.56,732.19,0.788235294117647
190146,27,0.6698,0.9816,0.7412,10.57,745.24,0.788235294117647
190146,28,0.67,0.9829,0.7412,10.56,757.54,0.788235294117647
190146,29,0.6703,0.9855,0.7412,10.58,770.47,0.788235294117647
190146,30,0.6704,0.9869,0.7294,10.64,779.36,0.788235294117647
190146,31,0.6706,0.9869,0.7412,10.63,789.7,0.788235294117647
190146,32,0.6709,0.9869,0.7294,10.61,800.85,0.788235294117647
190146,33,0.6711,0.9882,0.7294,10.54,808.79,0.788235294117647
190146,34,0.6713,0.9882,0.7294,10.49,818.95,0.788235294117647
190146,35,0.6714,0.9882,0.7294,10.53,830.04,0.788235294117647
190146,36,0.6716,0.9921,0.7294,10.47,839.93,0.788235294117647
190146,37,0.6717,0.9921,0.7294,10.45,848.7,0.788235294117647
190146,38,0.672,0.9921,0.7294,10.45,856.69,0.788235294117647
190146,39,0.672,0.9934,0.7294,10.44,867.14,0.788235294117647
190146,40,0.6722,0.9934,0.7294,10.43,873.47,0.788235294117647
190146,41,0.6723,0.9947,0.7294,10.39,880.46,0.788235294117647
190146,42,0.6725,0.9961,0.7294,10.35,884.02,0.788235294117647
190146,43,0.6726,0.9961,0.7294,10.27,887.47,0.788235294117647
190146,44,0.6727,0.9961,0.7294,10.21,891.51,0.788235294117647
190146,45,0.6728,0.9961,0.7294,10.17,895.6,0.788235294117647
190146,46,0.673,0.9961,0.7294,10.13,900.16,0.788235294117647
190146,47,0.673,0.9974,0.7294,10.09,902.3,0.788235294117647
190146,48,0.6732,0.9974,0.7294,10.05,901.76,0.788235294117647
190146,49,0.6731,0.9987,0.7294,10.03,900.65,0.788235294117647
359959,0,0.4601,0.4385,0.4257,8.29,49.52,0.5202702702702703
359959,1,0.4601,0.4385,0.4257,8.29,49.52,0.5202702702702703
359959,2,0.4627,0.4634,0.4392,9.62,64.42,0.5202702702702703
359959,3,0.4636,0.4815,0.4392,10.18,69.82,0.5202702702702703
359959,4,0.467,0.5004,0.4797,10.5,75.39,0.5202702702702703
359959,5,0.4701,0.5245,0.5,11.04,95.09,0.5202702702702703
359959,6,0.4723,0.5411,0.5068,11.91,120.06,0.5202702702702703
359959,7,0.4737,0.5517,0.5405,13.07,148.58,0.5202702702702703
359959,8,0.4754,0.566,0.5473,14.2,180.34,0.5202702702702703
359959,9,0.4766,0.5751,0.5541,14.79,211.47,0.5202702702702703
359959,10,0.478,0.5857,0.5473,15.3,236.12,0.5202702702702703
359959,11,0.4789,0.5879,0.5473,15.43,258.8,0.5202702702702703
359959,12,0.4798,0.5962,0.5338,15.6,271.49,0.5202702702702703
359959,13,0.4804,0.5947,0.5405,15.75,290.82,0.5202702702702703
359959,14,0.4807,0.5992,0.5405,15.73,301.2,0.5202702702702703
359959,15,0.4813,0.6075,0.527,15.78,315.49,0.5202702702702703
359959,16,0.4816,0.6091,0.527,15.68,325.69,0.5202702702702703
359959,17,0.4817,0.6121,0.5338,15.49,331.98,0.5202702702702703
359959,18,0.482,0.6106,0.5405,15.33,333.45,0.5202702702702703
359959,19,0.4824,0.6151,0.5405,15.16,333.52,0.5202702702702703
359959,20,0.4827,0.6151,0.5405,14.94,336.74,0.5202702702702703
359959,21,0.4832,0.6181,0.5405,14.73,338.69,0.5202702702702703
359959,22,0.4837,0.6181,0.5473,14.52,342.47,0.5202702702702703
359959,23,0.4838,0.6219,0.5541,14.4,347.54,0.5202702702702703
359959,24,0.4841,0.6226,0.5541,14.3,352.59,0.5202702702702703
359959,25,0.4843,0.6226,0.5541,14.13,361.0,0.5202702702702703
359959,26,0.4843,0.6249,0.5541,14.0,370.77,0.5202702702702703
359959,27,0.4844,0.6242,0.5541,13.9,383.13,0.5202702702702703
359959,28,0.4848,0.6257,0.5541,13.79,391.33,0.5202702702702703
359959,29,0.4849,0.6257,0.5541,13.63,400.44,0.5202702702702703
359959,30,0.4849,0.6226,0.5541,13.56,410.65,0.5202702702702703
359959,31,0.4849,0.6234,0.5541,13.44,425.64,0.5202702702702703
359959,32,0.4848,0.6226,0.5541,13.38,440.58,0.5202702702702703
359959,33,0.4848,0.6226,0.5541,13.27,455.11,0.5202702702702703
359959,34,0.4846,0.6249,0.5541,13.18,470.87,0.5202702702702703
359959,35,0.4848,0.6219,0.5541,13.16,491.19,0.5202702702702703
359959,36,0.4849,0.6219,0.5541,13.14,507.27,0.5202702702702703
359959,37,0.4849,0.6242,0.5541,13.07,522.66,0.5202702702702703
359959,38,0.4849,0.6234,0.5541,12.98,538.55,0.5202702702702703
359959,39,0.4851,0.6264,0.5541,12.92,556.11,0.5202702702702703
359959,40,0.4851,0.6257,0.5541,12.9,570.6,0.5202702702702703
359959,41,0.4852,0.6257,0.5541,12.83,585.92,0.5202702702702703
359959,42,0.4853,0.6279,0.5541,12.79,600.99,0.5202702702702703
359959,43,0.4854,0.6294,0.5541,12.72,613.54,0.5202702702702703
359959,44,0.4856,0.6325,0.5541,12.66,627.3,0.5202702702702703
359959,45,0.4856,0.6309,0.5541,12.63,643.04,0.5202702702702703
359959,46,0.4857,0.634,0.5541,12.6,655.15,0.5202702702702703
359959,47,0.4856,0.6362,0.5541,12.54,662.44,0.5202702702702703
359959,48,0.4856,0.637,0.5541,12.48,672.22,0.5202702702702703
359959,49,0.4856,0.6385,0.5608,12.42,682.83,0.5202702702702703
190146,0,0.6516,0.841,0.7412,5.43,171.09,0.7529411764705882
190146,1,0.6516,0.841,0.7412,5.43,171.09,0.7529411764705882
190146,2,0.6532,0.8463,0.7412,5.76,183.25,0.7529411764705882
190146,3,0.6553,0.8647,0.7412,6.16,214.92,0.7529411764705882
190146,4,0.6571,0.8791,0.7412,6.61,244.64,0.7529411764705882
190146,5,0.6575,0.8949,0.7412,6.74,272.2,0.7529411764705882
190146,6,0.6581,0.9067,0.7412,6.93,294.78,0.7529411764705882
190146,7,0.659,0.9185,0.7412,7.06,318.04,0.7529411764705882
190146,8,0.6599,0.9317,0.7294,7.14,343.39,0.7529411764705882
190146,9,0.6606,0.9382,0.7412,7.26,361.06,0.7529411764705882
190146,10,0.6616,0.9396,0.7294,7.36,377.24,0.7529411764705882
190146,11,0.6622,0.9461,0.7294,7.41,390.25,0.7529411764705882
190146,12,0.6637,0.9514,0.7294,7.36,405.1,0.7529411764705882
190146,13,0.6642,0.954,0.7294,7.33,421.29,0.7529411764705882
190146,14,0.6643,0.9619,0.7294,7.39,445.91,0.7529411764705882
190146,15,0.6648,0.9632,0.7294,7.38,467.76,0.7529411764705882
190146,16,0.6649,0.9645,0.7294,7.33,479.68,0.7529411764705882
190146,17,0.6654,0.9645,0.7294,7.2,495.31,0.7529411764705882
190146,18,0.6656,0.9685,0.7294,7.06,512.79,0.7529411764705882
190146,19,0.6659,0.9711,0.7294,7.02,537.49,0.7529411764705882
190146,20,0.6665,0.9724,0.7294,7.13,561.04,0.7529411764705882
190146,21,0.6667,0.9737,0.7176,7.19,585.76,0.7529411764705882
190146,22,0.667,0.975,0.7176,7.33,613.2,0.7529411764705882
190146,23,0.6672,0.9763,0.7176,7.43,642.76,0.7529411764705882
190146,24,0.6675,0.979,0.7176,7.5,673.84,0.7529411764705882
190146,25,0.6677,0.979,0.7176,7.6,701.57,0.7529411764705882
190146,26,0.6674,0.9829,0.7176,7.64,727.15,0.7529411764705882
190146,27,0.6677,0.9829,0.7176,7.62,747.74,0.7529411764705882
190146,28,0.6679,0.9855,0.7176,7.74,768.29,0.7529411764705882
190146,29,0.6682,0.9895,0.7176,7.73,788.29,0.7529411764705882
190146,30,0.6683,0.9921,0.7176,7.76,806.83,0.7529411764705882
190146,31,0.6682,0.9921,0.7176,7.76,823.08,0.7529411764705882
190146,32,0.6687,0.9947,0.7176,7.87,839.97,0.7529411764705882
190146,33,0.6691,0.9947,0.7294,7.94,856.84,0.7529411764705882
190146,34,0.6691,0.9947,0.7294,8.02,875.23,0.7529411764705882
190146,35,0.6692,0.9987,0.7294,8.05,889.79,0.7529411764705882
190146,36,0.6693,0.9987,0.7294,8.06,906.79,0.7529411764705882
190146,37,0.6693,0.9987,0.7294,8.05,920.04,0.7529411764705882
190146,38,0.6693,0.9987,0.7294,8.12,932.69,0.7529411764705882
190146,39,0.6695,0.9987,0.7294,8.22,942.95,0.7529411764705882
190146,40,0.6698,0.9987,0.7294,8.32,950.33,0.7529411764705882
190146,41,0.6699,0.9987,0.7412,8.33,956.13,0.7529411764705882
190146,42,0.6701,0.9987,0.7412,8.39,962.88,0.7529411764705882
190146,43,0.6702,0.9987,0.7412,8.41,968.13,0.7529411764705882
190146,44,0.6702,0.9987,0.7412,8.4,971.42,0.7529411764705882
190146,45,0.6703,0.9987,0.7412,8.41,975.75,0.7529411764705882
190146,46,0.6704,0.9987,0.7412,8.43,978.44,0.7529411764705882
190146,47,0.6704,0.9987,0.7412,8.39,979.28,0.7529411764705882
190146,48,0.6705,0.9987,0.7412,8.41,979.98,0.7529411764705882
190146,49,0.6706,0.9987,0.7412,8.4,978.61,0.7529411764705882
2073,0,0.4764,0.5843,0.6107,12.53,115.5,0.7181208053691275
2073,1,0.4764,0.5843,0.6107,12.53,115.5,0.7181208053691275
2073,2,0.4815,0.5873,0.6107,15.0,155.39,0.7181208053691275
2073,3,0.4822,0.591,0.6242,16.27,178.09,0.7181208053691275
2073,4,0.4894,0.597,0.6309,16.54,187.39,0.7181208053691275
2073,5,0.4925,0.6037,0.6242,17.25,204.44,0.7181208053691275
2073,6,0.4977,0.609,0.6376,17.7,225.65,0.7181208053691275
2073,7,0.5017,0.6097,0.6376,18.07,233.77,0.7181208053691275
2073,8,0.5045,0.6127,0.6376,18.04,246.5,0.7181208053691275
2073,9,0.5067,0.6202,0.6443,18.2,260.53,0.7181208053691275
2073,10,0.5092,0.6247,0.6443,18.0,275.53,0.7181208053691275
2073,11,0.511,0.627,0.651,17.72,281.47,0.7181208053691275
2073,12,0.5136,0.63,0.6443,17.41,288.42,0.7181208053691275
2073,13,0.5155,0.633,0.6443,17.22,300.12,0.7181208053691275
2073,14,0.5165,0.636,0.6376,16.95,307.55,0.7181208053691275
2073,15,0.5179,0.6345,0.6443,16.89,319.21,0.7181208053691275
2073,16,0.519,0.639,0.651,17.01,328.07,0.7181208053691275
2073,17,0.5201,0.6404,0.651,16.73,337.2,0.7181208053691275
2073,18,0.5211,0.6442,0.6577,16.57,348.68,0.7181208053691275
2073,19,0.5221,0.6449,0.6577,16.6,358.95,0.7181208053691275
2073,20,0.5229,0.6457,0.651,16.83,371.91,0.7181208053691275
2073,21,0.5235,0.6457,0.651,16.85,394.06,0.7181208053691275
2073,22,0.5241,0.6479,0.651,17.05,419.39,0.7181208053691275
2073,23,0.5244,0.6509,0.651,17.13,441.55,0.7181208053691275
2073,24,0.5246,0.6524,0.651,17.14,462.56,0.7181208053691275
2073,25,0.5253,0.6547,0.651,17.41,498.62,0.7181208053691275
2073,26,0.5254,0.6569,0.6644,17.58,541.7,0.7181208053691275
2073,27,0.5258,0.6607,0.6711,17.67,597.53,0.7181208053691275
2073,28,0.5257,0.6622,0.6711,17.91,673.6,0.7181208053691275
2073,29,0.5259,0.6637,0.6711,18.26,753.91,0.7181208053691275
2073,30,0.5257,0.6652,0.6644,18.53,818.62,0.7181208053691275
2073,31,0.5259,0.6667,0.6644,18.72,895.52,0.7181208053691275
2073,32,0.5256,0.6697,0.6644,19.13,991.73,0.7181208053691275
2073,33,0.5257,0.6712,0.6644,19.28,1095.6,0.7181208053691275
2073,34,0.5258,0.6734,0.6644,19.42,1199.0,0.7181208053691275
2073,35,0.5256,0.6757,0.6644,19.63,1323.19,0.7181208053691275
2073,36,0.5256,0.6779,0.6644,19.84,1438.98,0.7181208053691275
2073,37,0.5256,0.6794,0.6644,20.21,1572.74,0.7181208053691275
2073,38,0.5253,0.6816,0.6644,20.63,1696.3,0.7181208053691275
2073,39,0.5251,0.6839,0.6711,21.03,1821.09,0.7181208053691275
2073,40,0.525,0.6891,0.6711,21.17,1944.68,0.7181208053691275
2073,41,0.525,0.6906,0.6711,21.39,2051.26,0.7181208053691275
2073,42,0.5248,0.6921,0.6711,21.49,2173.51,0.7181208053691275
2073,43,0.5245,0.6959,0.6711,21.71,2304.91,0.7181208053691275
2073,44,0.5242,0.6974,0.6711,21.92,2467.01,0.7181208053691275
2073,45,0.5239,0.6989,0.6711,22.14,2594.48,0.7181208053691275
2073,46,0.5237,0.6996,0.6711,22.23,2742.16,0.7181208053691275
2073,47,0.5236,0.7011,0.6711,22.36,2882.68,0.7181208053691275
2073,48,0.5235,0.7049,0.6711,22.51,3022.71,0.7181208053691275
2073,49,0.5233,0.7094,0.6779,22.72,3155.89,0.7181208053691275
359954,0,0.4597,0.6239,0.527,14.22,160.3,0.6756756756756757
359954,1,0.4597,0.6239,0.527,14.22,160.3,0.6756756756756757
359954,2,0.4632,0.636,0.5541,15.41,198.19,0.6756756756756757
359954,3,0.4682,0.6495,0.5541,15.89,211.05,0.6756756756756757
359954,4,0.4747,0.6616,0.5541,15.28,218.69,0.6756756756756757
359954,5,0.4762,0.6767,0.5541,15.24,245.88,0.6756756756756757
359954,6,0.4795,0.6873,0.5676,15.17,281.35,0.6756756756756757
359954,7,0.4829,0.7054,0.5676,15.56,322.37,0.6756756756756757
359954,8,0.4852,0.716,0.5811,16.25,366.33,0.6756756756756757
359954,9,0.4874,0.7221,0.5811,16.62,404.32,0.6756756756756757
359954,10,0.4905,0.7341,0.5946,17.14,443.63,0.6756756756756757
359954,11,0.4931,0.7447,0.5946,17.48,469.86,0.6756756756756757
359954,12,0.4952,0.7477,0.5946,17.36,484.34,0.6756756756756757
359954,13,0.4962,0.7598,0.5946,17.23,494.7,0.6756756756756757
359954,14,0.4972,0.7674,0.6216,17.14,512.36,0.6756756756756757
359954,15,0.4985,0.7795,0.6216,17.33,532.19,0.6756756756756757
359954,16,0.5002,0.7855,0.6216,17.43,547.91,0.6756756756756757
359954,17,0.5014,0.79,0.6216,17.24,566.85,0.6756756756756757
359954,18,0.5023,0.7946,0.6216,17.15,584.07,0.6756756756756757
359954,19,0.503,0.8021,0.6351,17.22,599.98,0.6756756756756757
359954,20,0.5041,0.8066,0.6351,17.23,621.85,0.6756756756756757
359954,21,0.5048,0.8157,0.6351,17.07,638.1,0.6756756756756757
359954,22,0.5059,0.8187,0.6351,17.02,660.46,0.6756756756756757
359954,23,0.507,0.8248,0.6351,16.97,685.18,0.6756756756756757
359954,24,0.5075,0.8308,0.6351,17.01,714.19,0.6756756756756757
359954,25,0.5077,0.8323,0.6351,16.91,747.59,0.6756756756756757
359954,26,0.5079,0.8369,0.6351,16.85,778.99,0.6756756756756757
359954,27,0.5081,0.8474,0.6351,16.86,808.65,0.6756756756756757
359954,28,0.5087,0.8505,0.6351,16.77,838.23,0.6756756756756757
359954,29,0.5095,0.8535,0.6351,16.85,880.22,0.6756756756756757
359954,30,0.51,0.864,0.6622,16.97,925.28,0.6756756756756757
359954,31,0.5103,0.8671,0.6622,17.03,977.85,0.6756756756756757
359954,32,0.5107,0.8731,0.6622,17.05,1030.88,0.6756756756756757
359954,33,0.5109,0.8761,0.6622,17.06,1083.04,0.6756756756756757
359954,34,0.5111,0.8807,0.6622,17.12,1134.55,0.6756756756756757
359954,35,0.5114,0.8837,0.6622,17.19,1175.65,0.6756756756756757
359954,36,0.5118,0.8867,0.6622,17.26,1218.19,0.6756756756756757
359954,37,0.5123,0.8912,0.6622,17.36,1267.14,0.6756756756756757
359954,38,0.5127,0.8943,0.6622,17.35,1319.12,0.6756756756756757
359954,39,0.5131,0.8988,0.6622,17.34,1369.51,0.6756756756756757
359954,40,0.5136,0.9018,0.6622,17.39,1433.27,0.6756756756756757
359954,41,0.514,0.9048,0.6622,17.39,1495.96,0.6756756756756757
359954,42,0.5143,0.9063,0.6622,17.43,1547.81,0.6756756756756757
359954,43,0.5146,0.9094,0.6622,17.43,1602.04,0.6756756756756757
359954,44,0.515,0.9094,0.6622,17.43,1659.72,0.6756756756756757
359954,45,0.5155,0.9109,0.6622,17.46,1711.03,0.6756756756756757
359954,46,0.5158,0.9139,0.6622,17.39,1769.72,0.6756756756756757
359954,47,0.516,0.9184,0.6622,17.36,1818.58,0.6756756756756757
359954,48,0.5161,0.9199,0.6622,17.34,1868.89,0.6756756756756757
359954,49,0.5164,0.923,0.6622,17.34,1918.31,0.6756756756756757
359959,0,0.4624,0.4453,0.4392,9.96,58.0,0.5337837837837838
359959,1,0.4624,0.4453,0.4392,9.96,58.0,0.5337837837837838
359959,2,0.468,0.4883,0.4459,11.65,75.26,0.5337837837837838
359959,3,0.4685,0.5087,0.5,11.53,79.02,0.5337837837837838
359959,4,0.47,0.5381,0.527,11.94,86.52,0.5337837837837838
359959,5,0.4724,0.5645,0.527,12.1,97.01,0.5337837837837838
359959,6,0.4748,0.5675,0.5068,12.01,107.74,0.5337837837837838
359959,7,0.4758,0.5766,0.5473,11.6,114.91,0.5337837837837838
359959,8,0.4778,0.5826,0.5541,11.44,122.22,0.5337837837837838
359959,9,0.4784,0.5849,0.5338,11.26,125.9,0.5337837837837838
359959,10,0.4789,0.5864,0.5203,11.11,133.71,0.5337837837837838
359959,11,0.4792,0.5894,0.5068,11.06,143.2,0.5337837837837838
359959,12,0.4803,0.5909,0.5068,11.11,150.06,0.5337837837837838
359959,13,0.4808,0.5917,0.5068,11.08,162.81,0.5337837837837838
359959,14,0.4812,0.594,0.5068,11.08,175.29,0.5337837837837838
359959,15,0.4811,0.5955,0.5203,11.05,188.27,0.5337837837837838
359959,16,0.4817,0.6015,0.5203,11.01,201.46,0.5337837837837838
359959,17,0.4823,0.6023,0.527,10.99,215.5,0.5337837837837838
359959,18,0.4822,0.606,0.527,11.08,232.86,0.5337837837837838
359959,19,0.4824,0.6083,0.527,11.09,247.51,0.5337837837837838
359959,20,0.4825,0.6151,0.527,11.12,262.59,0.5337837837837838
359959,21,0.4831,0.6136,0.527,11.19,276.24,0.5337837837837838
359959,22,0.4832,0.6143,0.527,11.15,285.68,0.5337837837837838
359959,23,0.4833,0.6166,0.527,11.12,298.11,0.5337837837837838
359959,24,0.4837,0.6166,0.527,11.1,307.84,0.5337837837837838
359959,25,0.4839,0.6158,0.527,11.06,322.05,0.5337837837837838
359959,26,0.4841,0.6174,0.527,11.06,332.41,0.5337837837837838
359959,27,0.4844,0.6174,0.5338,10.94,344.88,0.5337837837837838
359959,28,0.4843,0.6189,0.5405,10.93,358.28,0.5337837837837838
359959,29,0.4845,0.6189,0.5405,10.85,365.84,0.5337837837837838
359959,30,0.4843,0.6204,0.5473,10.81,378.35,0.5337837837837838
359959,31,0.4845,0.6204,0.5473,10.82,394.58,0.5337837837837838
359959,32,0.4844,0.6189,0.5473,10.87,415.96,0.5337837837837838
359959,33,0.4845,0.6204,0.5473,10.91,439.73,0.5337837837837838
359959,34,0.4845,0.6234,0.5473,10.99,463.89,0.5337837837837838
359959,35,0.4847,0.6234,0.5541,11.05,493.48,0.5337837837837838
359959,36,0.4847,0.6272,0.5541,11.1,522.93,0.5337837837837838
359959,37,0.4847,0.6287,0.5541,11.1,546.51,0.5337837837837838
359959,38,0.4848,0.6302,0.5541,11.15,573.17,0.5337837837837838
359959,39,0.4848,0.6317,0.5541,11.27,604.45,0.5337837837837838
359959,40,0.4847,0.6325,0.5541,11.34,632.15,0.5337837837837838
359959,41,0.4846,0.6355,0.5541,11.39,661.88,0.5337837837837838
359959,42,0.4849,0.6362,0.5541,11.47,693.16,0.5337837837837838
359959,43,0.485,0.637,0.5541,11.48,721.8,0.5337837837837838
359959,44,0.4851,0.6377,0.5608,11.54,751.7,0.5337837837837838
359959,45,0.485,0.6362,0.5608,11.6,783.28,0.5337837837837838
359959,46,0.485,0.637,0.5608,11.61,826.65,0.5337837837837838
359959,47,0.4849,0.637,0.5608,11.67,863.27,0.5337837837837838
359959,48,0.4849,0.6385,0.5608,11.7,908.89,0.5337837837837838
359959,49,0.4849,0.6392,0.5608,11.75,950.36,0.5337837837837838
2073,0,0.4734,0.5685,0.5503,14.89,237.69,0.7248322147651006
2073,1,0.4734,0.5685,0.5503,14.89,237.69,0.7248322147651006
2073,2,0.4779,0.591,0.5839,15.99,269.29,0.7248322147651006
2073,3,0.4779,0.5948,0.6107,17.44,354.39,0.7248322147651006
2073,4,0.4826,0.6067,0.6174,21.27,523.91,0.7248322147651006
2073,5,0.4867,0.6142,0.6242,24.48,717.74,0.7248322147651006
2073,6,0.4907,0.6247,0.6242,26.4,925.39,0.7248322147651006
2073,7,0.4949,0.6337,0.6309,29.16,1134.66,0.7248322147651006
2073,8,0.498,0.6397,0.6376,30.88,1278.42,0.7248322147651006
2073,9,0.5014,0.6494,0.6443,31.52,1373.95,0.7248322147651006
2073,10,0.504,0.6562,0.6443,31.94,1431.8,0.7248322147651006
2073,11,0.5067,0.6622,0.6443,31.66,1440.02,0.7248322147651006
2073,12,0.5085,0.6659,0.651,31.25,1436.29,0.7248322147651006
2073,13,0.5102,0.6659,0.6443,30.74,1430.76,0.7248322147651006
2073,14,0.5109,0.6704,0.6443,30.3,1436.42,0.7248322147651006
2073,15,0.5121,0.6734,0.6443,29.44,1432.95,0.7248322147651006
2073,16,0.5138,0.6764,0.6443,28.81,1420.74,0.7248322147651006
2073,17,0.5142,0.6772,0.651,28.38,1409.16,0.7248322147651006
2073,18,0.5148,0.6787,0.6644,28.02,1429.67,0.7248322147651006
2073,19,0.5152,0.6869,0.6644,27.66,1456.49,0.7248322147651006
2073,20,0.5156,0.6891,0.6644,27.23,1486.3,0.7248322147651006
2073,21,0.516,0.6929,0.6644,26.89,1503.98,0.7248322147651006
2073,22,0.5164,0.6921,0.6644,26.53,1536.68,0.7248322147651006
2073,23,0.5168,0.6921,0.6644,26.35,1578.48,0.7248322147651006
2073,24,0.517,0.6966,0.6644,26.04,1590.15,0.7248322147651006
2073,25,0.5171,0.7004,0.6711,25.72,1607.16,0.7248322147651006
2073,26,0.5173,0.6996,0.6711,25.43,1645.38,0.7248322147651006
2073,27,0.5173,0.7056,0.6711,25.31,1691.13,0.7248322147651006
2073,28,0.5176,0.7079,0.6711,25.19,1755.99,0.7248322147651006
2073,29,0.5175,0.7124,0.6711,25.07,1843.96,0.7248322147651006
2073,30,0.5177,0.7154,0.6711,24.92,1929.59,0.7248322147651006
2073,31,0.5176,0.7184,0.6779,24.98,2032.19,0.7248322147651006
2073,32,0.5176,0.7206,0.6779,25.04,2161.5,0.7248322147651006
2073,33,0.5176,0.7221,0.6779,25.03,2307.08,0.7248322147651006
2073,34,0.5176,0.7266,0.6779,25.08,2441.11,0.7248322147651006
2073,35,0.5175,0.7311,0.6779,25.13,2579.59,0.7248322147651006
2073,36,0.5174,0.7333,0.6779,25.08,2719.32,0.7248322147651006
2073,37,0.5174,0.7378,0.6846,25.22,2863.2,0.7248322147651006
2073,38,0.5172,0.7386,0.6846,25.29,3043.68,0.7248322147651006
2073,39,0.5171,0.7423,0.6846,25.43,3214.22,0.7248322147651006
2073,40,0.5169,0.7423,0.6846,25.56,3374.94,0.7248322147651006
2073,41,0.5166,0.7438,0.6846,25.58,3525.36,0.7248322147651006
2073,42,0.5165,0.7491,0.6913,25.72,3681.26,0.7248322147651006
2073,43,0.5163,0.7513,0.698,25.85,3841.65,0.7248322147651006
2073,44,0.516,0.7581,0.698,25.93,3983.94,0.7248322147651006
2073,45,0.5159,0.7588,0.6913,26.13,4138.93,0.7248322147651006
2073,46,0.5156,0.7618,0.6913,26.15,4320.15,0.7248322147651006
2073,47,0.5154,0.7633,0.698,26.21,4521.35,0.7248322147651006
2073,48,0.5152,0.7648,0.698,26.25,4735.23,0.7248322147651006
2073,49,0.5149,0.767,0.698,26.39,5026.61,0.7248322147651006
359959,0,0.4516,0.4272,0.4257,10.18,52.0,0.527027027027027
359959,1,0.4516,0.4272,0.4257,10.18,52.0,0.527027027027027
359959,2,0.4536,0.4272,0.4257,10.39,52.32,0.527027027027027
359959,3,0.4571,0.443,0.4257,10.79,60.49,0.527027027027027
359959,4,0.4607,0.4679,0.4392,10.48,60.42,0.527027027027027
359959,5,0.4634,0.4928,0.4662,10.12,60.95,0.527027027027027
359959,6,0.4662,0.5034,0.4865,10.15,71.26,0.527027027027027
359959,7,0.4684,0.5162,0.5,10.31,85.64,0.527027027027027
359959,8,0.4693,0.5291,0.5,10.66,108.02,0.527027027027027
359959,9,0.4708,0.5411,0.5338,10.97,130.52,0.527027027027027
359959,10,0.4723,0.5555,0.5608,11.61,161.65,0.527027027027027
359959,11,0.4732,0.5653,0.5676,12.22,191.21,0.527027027027027
359959,12,0.4746,0.5675,0.5541,12.76,220.64,0.527027027027027
359959,13,0.4761,0.5781,0.5541,13.2,246.92,0.527027027027027
359959,14,0.4766,0.5826,0.5608,13.49,265.25,0.527027027027027
359959,15,0.4775,0.5894,0.5473,13.65,277.66,0.527027027027027
359959,16,0.4781,0.5909,0.5473,13.71,285.24,0.527027027027027
359959,17,0.4788,0.5925,0.5405,13.64,292.03,0.527027027027027
359959,18,0.4792,0.5925,0.5405,13.66,294.89,0.527027027027027
359959,19,0.4798,0.5909,0.5405,13.56,297.99,0.527027027027027
359959,20,0.4803,0.5909,0.5338,13.31,297.59,0.527027027027027
359959,21,0.4804,0.597,0.527,13.1,298.98,0.527027027027027
359959,22,0.4807,0.5992,0.527,12.95,299.16,0.527027027027027
359959,23,0.4809,0.6008,0.5338,12.79,300.52,0.527027027027027
359959,24,0.4812,0.6091,0.5203,12.72,303.09,0.527027027027027
359959,25,0.4816,0.6091,0.5203,12.55,303.92,0.527027027027027
359959,26,0.4816,0.6113,0.527,12.42,306.96,0.527027027027027
359959,27,0.4819,0.6106,0.527,12.3,309.46,0.527027027027027
359959,28,0.4822,0.6113,0.527,12.17,311.48,0.527027027027027
359959,29,0.4824,0.6121,0.5338,12.04,317.26,0.527027027027027
359959,30,0.4825,0.6121,0.5338,11.95,321.2,0.527027027027027
359959,31,0.4827,0.6136,0.5338,11.86,323.85,0.527027027027027
359959,32,0.4826,0.6158,0.5338,11.75,327.32,0.527027027027027
359959,33,0.4826,0.6151,0.5405,11.67,332.88,0.527027027027027
359959,34,0.4825,0.6174,0.5338,11.56,338.89,0.527027027027027
359959,35,0.4824,0.6166,0.5338,11.44,344.86,0.527027027027027
359959,36,0.4824,0.6189,0.5338,11.35,352.39,0.527027027027027
359959,37,0.4825,0.6189,0.5405,11.26,359.96,0.527027027027027
359959,38,0.4826,0.6189,0.5405,11.19,369.98,0.527027027027027
359959,39,0.4826,0.6189,0.5405,11.09,378.82,0.527027027027027
359959,40,0.4828,0.6174,0.5405,11.02,392.54,0.527027027027027
359959,41,0.4829,0.6204,0.5405,10.94,405.29,0.527027027027027
359959,42,0.483,0.6204,0.5405,10.87,418.49,0.527027027027027
359959,43,0.483,0.6196,0.5405,10.78,432.92,0.527027027027027
359959,44,0.4831,0.6189,0.5405,10.71,447.34,0.527027027027027
359959,45,0.4831,0.6204,0.5405,10.66,469.8,0.527027027027027
359959,46,0.4832,0.6204,0.5473,10.68,499.91,0.527027027027027
359959,47,0.4832,0.6226,0.5473,10.7,533.71,0.527027027027027
359959,48,0.4831,0.6226,0.5473,10.79,577.57,0.527027027027027
359959,49,0.483,0.6234,0.5541,10.87,630.46,0.527027027027027
359959,0,0.4618,0.4498,0.4392,11.69,56.67,0.5202702702702703
359959,1,0.4618,0.4498,0.4392,11.69,56.67,0.5202702702702703
359959,2,0.4632,0.4589,0.4324,11.67,60.44,0.5202702702702703
359959,3,0.4652,0.4898,0.473,12.08,72.34,0.5202702702702703
359959,4,0.4672,0.5087,0.473,12.37,84.41,0.5202702702702703
359959,5,0.4707,0.5238,0.5135,12.57,96.11,0.5202702702702703
359959,6,0.4729,0.5457,0.5473,12.49,103.57,0.5202702702702703
359959,7,0.4746,0.56,0.5676,12.71,127.5,0.5202702702702703
359959,8,0.4764,0.5713,0.5608,12.95,151.91,0.5202702702702703
359959,9,0.4773,0.5758,0.5608,13.25,183.87,0.5202702702702703
359959,10,0.4775,0.5819,0.5541,13.76,227.14,0.5202702702702703
359959,11,0.4787,0.5864,0.5473,14.43,289.64,0.5202702702702703
359959,12,0.4796,0.5932,0.5338,15.24,340.6,0.5202702702702703
359959,13,0.4801,0.5932,0.5338,15.63,371.62,0.5202702702702703
359959,14,0.481,0.5985,0.5405,16.12,411.04,0.5202702702702703
359959,15,0.4816,0.603,0.5405,16.33,444.83,0.5202702702702703
359959,16,0.4821,0.6113,0.527,16.34,467.28,0.5202702702702703
359959,17,0.4826,0.6151,0.5135,16.39,492.21,0.5202702702702703
359959,18,0.4826,0.6121,0.5203,16.3,517.82,0.5202702702702703
359959,19,0.483,0.6151,0.527,16.34,554.3,0.5202702702702703
359959,20,0.4832,0.6204,0.527,16.14,578.28,0.5202702702702703
359959,21,0.4832,0.6211,0.5338,16.14,609.14,0.5202702702702703
359959,22,0.4836,0.6196,0.5338,16.17,655.72,0.5202702702702703
359959,23,0.4835,0.6211,0.5405,16.14,696.71,0.5202702702702703
359959,24,0.4837,0.6234,0.5405,16.09,751.86,0.5202702702702703
359959,25,0.4837,0.6242,0.5405,16.18,821.53,0.5202702702702703
359959,26,0.484,0.6234,0.5473,16.18,882.07,0.5202702702702703
359959,27,0.484,0.6257,0.5541,16.22,961.35,0.5202702702702703
359959,28,0.4841,0.6279,0.5541,16.3,1037.88,0.5202702702702703
359959,29,0.484,0.6272,0.5608,16.33,1109.07,0.5202702702702703
359959,30,0.4839,0.6317,0.5608,16.41,1198.86,0.5202702702702703
359959,31,0.4839,0.6325,0.5541,16.48,1288.31,0.5202702702702703
359959,32,0.4839,0.6392,0.5541,16.49,1381.63,0.5202702702702703
359959,33,0.4839,0.6438,0.5608,16.58,1482.38,0.5202702702702703
359959,34,0.4836,0.6453,0.5608,16.62,1557.0,0.5202702702702703
359959,35,0.4835,0.6483,0.5608,16.62,1640.82,0.5202702702702703
359959,36,0.4834,0.6506,0.5608,16.64,1704.37,0.5202702702702703
359959,37,0.4832,0.6536,0.5608,16.67,1767.78,0.5202702702702703
359959,38,0.4832,0.6543,0.5608,16.62,1832.79,0.5202702702702703
359959,39,0.4831,0.6558,0.5608,16.62,1897.93,0.5202702702702703
359959,40,0.483,0.6596,0.5608,16.65,1978.87,0.5202702702702703
359959,41,0.483,0.6604,0.5608,16.63,2062.33,0.5202702702702703
359959,42,0.4831,0.6596,0.5608,16.64,2132.52,0.5202702702702703
359959,43,0.4829,0.6619,0.5608,16.61,2209.94,0.5202702702702703
359959,44,0.4828,0.6626,0.5608,16.56,2297.64,0.5202702702702703
359959,45,0.4829,0.6642,0.5608,16.54,2382.44,0.5202702702702703
359959,46,0.4828,0.6687,0.5608,16.52,2480.7,0.5202702702702703
359959,47,0.4829,0.6702,0.5608,16.49,2560.05,0.5202702702702703
359959,48,0.4827,0.6732,0.5608,16.41,2634.04,0.5202702702702703
359959,49,0.4826,0.674,0.5608,16.43,2730.5,0.5202702702702703
168784,0,0.6188,0.7503,0.7179,4.14,142.96,0.8153846153846154
168784,1,0.6188,0.7503,0.7179,4.14,142.96,0.8153846153846154
168784,2,0.6224,0.7532,0.7179,4.64,170.96,0.8153846153846154
168784,3,0.6279,0.7663,0.7333,4.83,204.65,0.8153846153846154
168784,4,0.6324,0.7703,0.7333,5.2,238.51,0.8153846153846154
168784,5,0.6345,0.7772,0.7333,5.45,280.38,0.8153846153846154
168784,6,0.6369,0.7829,0.7436,5.42,309.53,0.8153846153846154
168784,7,0.6385,0.7875,0.7385,5.69,340.52,0.8153846153846154
168784,8,0.64,0.7938,0.7385,5.7,371.9,0.8153846153846154
168784,9,0.6419,0.7984,0.7487,5.79,411.48,0.8153846153846154
168784,10,0.6432,0.8018,0.7487,5.94,447.31,0.8153846153846154
168784,11,0.6447,0.8081,0.759,6.14,484.24,0.8153846153846154
168784,12,0.6464,0.811,0.7641,6.17,509.13,0.8153846153846154
168784,13,0.6476,0.819,0.7692,6.31,540.08,0.8153846153846154
168784,14,0.6484,0.8225,0.7692,6.44,570.85,0.8153846153846154
168784,15,0.6493,0.8259,0.7692,6.43,598.85,0.8153846153846154
168784,16,0.6499,0.8293,0.7692,6.55,629.42,0.8153846153846154
168784,17,0.6506,0.8316,0.7692,6.63,661.63,0.8153846153846154
168784,18,0.6512,0.8368,0.7641,6.72,696.09,0.8153846153846154
168784,19,0.6517,0.8391,0.7641,6.89,726.78,0.8153846153846154
168784,20,0.6524,0.8448,0.7692,6.95,781.69,0.8153846153846154
168784,21,0.6528,0.8471,0.7692,7.11,847.82,0.8153846153846154
168784,22,0.6534,0.8499,0.7641,7.28,926.96,0.8153846153846154
168784,23,0.6537,0.8505,0.7641,7.5,1024.41,0.8153846153846154
168784,24,0.6542,0.8534,0.7641,7.71,1154.4,0.8153846153846154
168784,25,0.6542,0.8562,0.7692,7.95,1300.8,0.8153846153846154
168784,26,0.6542,0.8568,0.7692,8.17,1464.89,0.8153846153846154
168784,27,0.6543,0.862,0.7692,8.37,1616.41,0.8153846153846154
168784,28,0.6544,0.8671,0.7641,8.52,1784.8,0.8153846153846154
168784,29,0.6547,0.8683,0.7692,8.71,1924.79,0.8153846153846154
168784,30,0.6548,0.8729,0.7692,8.89,2064.56,0.8153846153846154
168784,31,0.6548,0.8763,0.7692,9.08,2189.88,0.8153846153846154
168784,32,0.655,0.8774,0.7692,9.17,2298.69,0.8153846153846154
168784,33,0.6552,0.8792,0.7795,9.19,2381.09,0.8153846153846154
168784,34,0.6554,0.8803,0.7795,9.26,2461.48,0.8153846153846154
168784,35,0.6555,0.8832,0.7846,9.34,2545.18,0.8153846153846154
168784,36,0.6555,0.886,0.7744,9.37,2629.13,0.8153846153846154
168784,37,0.6556,0.8895,0.7744,9.36,2705.01,0.8153846153846154
168784,38,0.6557,0.89,0.7795,9.38,2756.98,0.8153846153846154
168784,39,0.6559,0.8923,0.7744,9.38,2810.12,0.8153846153846154
168784,40,0.6561,0.8946,0.7744,9.46,2878.26,0.8153846153846154
168784,41,0.6561,0.8981,0.7692,9.49,2947.73,0.8153846153846154
168784,42,0.6561,0.9015,0.7744,9.52,3015.3,0.8153846153846154
168784,43,0.6562,0.9049,0.7744,9.61,3075.01,0.8153846153846154
168784,44,0.6562,0.9066,0.7744,9.65,3135.81,0.8153846153846154
168784,45,0.6563,0.9084,0.7744,9.74,3198.99,0.8153846153846154
168784,46,0.6565,0.9095,0.7744,9.81,3258.82,0.8153846153846154
168784,47,0.6564,0.9118,0.7744,9.88,3325.99,0.8153846153846154
168784,48,0.6565,0.9135,0.7744,9.94,3393.54,0.8153846153846154
168784,49,0.6565,0.9164,0.7744,10.0,3472.79,0.8153846153846154
190146,0,0.6439,0.8108,0.7176,4.07,84.67,0.7647058823529411
190146,1,0.6439,0.8108,0.7176,4.07,84.67,0.7647058823529411
190146,2,0.6459,0.8226,0.7176,3.84,81.33,0.7647058823529411
190146,3,0.6467,0.8331,0.7176,3.93,78.25,0.7647058823529411
190146,4,0.6479,0.8331,0.7176,4.34,79.92,0.7647058823529411
190146,5,0.6511,0.8502,0.7176,4.62,89.12,0.7647058823529411
190146,6,0.6525,0.8541,0.7176,4.96,99.63,0.7647058823529411
190146,7,0.6535,0.8633,0.7176,5.47,117.88,0.7647058823529411
190146,8,0.6559,0.8712,0.7176,6.05,147.03,0.7647058823529411
190146,9,0.6567,0.883,0.7176,6.88,185.64,0.7647058823529411
190146,10,0.6572,0.8975,0.7176,7.7,228.55,0.7647058823529411
190146,11,0.6579,0.9159,0.7176,8.19,269.7,0.7647058823529411
190146,12,0.6591,0.9225,0.7176,8.75,304.49,0.7647058823529411
190146,13,0.6598,0.929,0.7176,8.96,335.56,0.7647058823529411
190146,14,0.6607,0.9356,0.7176,9.21,363.33,0.7647058823529411
190146,15,0.6616,0.9422,0.7176,9.42,390.7,0.7647058823529411
190146,16,0.6623,0.9448,0.7176,9.61,417.71,0.7647058823529411
190146,17,0.663,0.9501,0.7176,9.69,448.97,0.7647058823529411
190146,18,0.6635,0.9553,0.7176,9.66,475.63,0.7647058823529411
190146,19,0.6641,0.958,0.7294,9.63,499.03,0.7647058823529411
190146,20,0.6644,0.9606,0.7294,9.59,522.8,0.7647058823529411
190146,21,0.6644,0.9632,0.7294,9.56,543.55,0.7647058823529411
190146,22,0.665,0.9658,0.7294,9.57,563.43,0.7647058823529411
190146,23,0.6656,0.9658,0.7294,9.51,579.65,0.7647058823529411
190146,24,0.6659,0.9711,0.7294,9.49,598.0,0.7647058823529411
190146,25,0.6662,0.9724,0.7294,9.54,616.75,0.7647058823529411
190146,26,0.6667,0.9737,0.7294,9.61,632.28,0.7647058823529411
190146,27,0.6677,0.9737,0.7294,9.6,646.62,0.7647058823529411
190146,28,0.6679,0.9737,0.7294,9.6,661.48,0.7647058823529411
190146,29,0.6681,0.9737,0.7294,9.66,675.02,0.7647058823529411
190146,30,0.6685,0.975,0.7294,9.75,690.57,0.7647058823529411
190146,31,0.6688,0.975,0.7294,9.67,707.22,0.7647058823529411
190146,32,0.6689,0.975,0.7294,9.61,721.38,0.7647058823529411
190146,33,0.6693,0.975,0.7294,9.55,733.76,0.7647058823529411
190146,34,0.6694,0.979,0.7176,9.57,745.47,0.7647058823529411
190146,35,0.6696,0.9855,0.7176,9.64,758.42,0.7647058823529411
190146,36,0.6698,0.9855,0.7176,9.7,771.05,0.7647058823529411
190146,37,0.6699,0.9869,0.7176,9.72,785.38,0.7647058823529411
190146,38,0.6702,0.9869,0.7176,9.72,797.57,0.7647058823529411
190146,39,0.6703,0.9869,0.7176,9.69,808.62,0.7647058823529411
190146,40,0.6705,0.9869,0.7176,9.7,821.29,0.7647058823529411
190146,41,0.6707,0.9882,0.7176,9.69,830.74,0.7647058823529411
190146,42,0.6708,0.9908,0.7176,9.69,841.13,0.7647058823529411
190146,43,0.6709,0.9908,0.7176,9.65,850.18,0.7647058823529411
190146,44,0.6711,0.9908,0.7176,9.62,857.59,0.7647058823529411
190146,45,0.6713,0.9908,0.7176,9.66,864.86,0.7647058823529411
190146,46,0.6714,0.9921,0.7176,9.68,873.38,0.7647058823529411
190146,47,0.6716,0.9921,0.7176,9.7,882.76,0.7647058823529411
190146,48,0.6717,0.9921,0.7176,9.72,891.51,0.7647058823529411
190146,49,0.672,0.9934,0.7176,9.71,899.98,0.7647058823529411
2073,0,0.4844,0.5865,0.6309,13.12,119.14,0.7181208053691275
2073,1,0.4844,0.5865,0.6309,13.12,119.14,0.7181208053691275
2073,2,0.4826,0.5858,0.6242,13.32,113.22,0.7181208053691275
2073,3,0.4843,0.5888,0.6174,13.2,111.79,0.7181208053691275
2073,4,0.4878,0.5933,0.6242,13.26,112.83,0.7181208053691275
2073,5,0.4934,0.6015,0.6376,13.48,120.85,0.7181208053691275
2073,6,0.4961,0.606,0.6376,13.68,122.14,0.7181208053691275
2073,7,0.499,0.6075,0.6443,14.1,125.6,0.7181208053691275
2073,8,0.5018,0.6052,0.6443,14.37,129.82,0.7181208053691275
2073,9,0.5041,0.609,0.6443,14.71,135.91,0.7181208053691275
2073,10,0.5064,0.612,0.6376,14.87,138.06,0.7181208053691275
2073,11,0.5087,0.6135,0.6443,14.91,140.65,0.7181208053691275
2073,12,0.511,0.6157,0.6443,14.98,142.6,0.7181208053691275
2073,13,0.5125,0.6187,0.651,14.82,148.95,0.7181208053691275
2073,14,0.5143,0.624,0.6443,14.97,159.68,0.7181208053691275
2073,15,0.5161,0.6277,0.6443,14.96,173.1,0.7181208053691275
2073,16,0.5171,0.6285,0.6577,15.01,188.58,0.7181208053691275
2073,17,0.5185,0.633,0.6577,14.91,200.57,0.7181208053691275
2073,18,0.5199,0.6352,0.6577,14.93,212.89,0.7181208053691275
2073,19,0.5209,0.636,0.6577,14.77,226.18,0.7181208053691275
2073,20,0.5215,0.6382,0.6577,14.71,239.63,0.7181208053691275
2073,21,0.5223,0.6419,0.6577,14.73,252.7,0.7181208053691275
2073,22,0.5228,0.6427,0.6644,14.85,270.5,0.7181208053691275
2073,23,0.5237,0.6434,0.6644,14.82,292.77,0.7181208053691275
2073,24,0.5245,0.6449,0.6644,14.86,316.07,0.7181208053691275
2073,25,0.5254,0.6479,0.6644,14.82,344.77,0.7181208053691275
2073,26,0.5261,0.6517,0.6644,14.79,371.29,0.7181208053691275
2073,27,0.5264,0.6532,0.6644,14.76,404.56,0.7181208053691275
2073,28,0.5268,0.6547,0.6644,14.73,439.7,0.7181208053691275
2073,29,0.5275,0.6569,0.6644,14.6,470.4,0.7181208053691275
2073,30,0.5277,0.6569,0.6644,14.5,503.31,0.7181208053691275
2073,31,0.5279,0.6614,0.6644,14.42,534.51,0.7181208053691275
2073,32,0.5281,0.6629,0.6644,14.35,566.12,0.7181208053691275
2073,33,0.5286,0.6637,0.6644,14.2,595.07,0.7181208053691275
2073,34,0.5288,0.6674,0.6644,14.18,629.31,0.7181208053691275
2073,35,0.5291,0.6704,0.6644,14.14,666.2,0.7181208053691275
2073,36,0.5294,0.6719,0.6644,14.21,703.44,0.7181208053691275
2073,37,0.5298,0.6742,0.6644,14.24,739.19,0.7181208053691275
2073,38,0.53,0.6749,0.6644,14.35,779.24,0.7181208053691275
2073,39,0.5301,0.6772,0.6644,14.44,817.22,0.7181208053691275
2073,40,0.5301,0.6809,0.6644,14.61,866.06,0.7181208053691275
2073,41,0.5303,0.6816,0.6711,14.78,912.03,0.7181208053691275
2073,42,0.5303,0.6831,0.6711,14.98,963.27,0.7181208053691275
2073,43,0.5303,0.6846,0.6711,15.28,1031.84,0.7181208053691275
2073,44,0.5302,0.6854,0.6711,15.56,1094.79,0.7181208053691275
2073,45,0.5302,0.6854,0.6779,15.81,1163.4,0.7181208053691275
2073,46,0.53,0.6854,0.6779,15.99,1236.6,0.7181208053691275
2073,47,0.5298,0.6876,0.6711,16.24,1319.13,0.7181208053691275
2073,48,0.5297,0.6899,0.6711,16.66,1424.86,0.7181208053691275
2073,49,0.5295,0.6914,0.6779,17.06,1522.3,0.7181208053691275
190146,0,0.6432,0.8068,0.7412,2.84,129.14,0.7647058823529411
190146,1,0.6432,0.8068,0.7412,2.84,129.14,0.7647058823529411
190146,2,0.6457,0.8213,0.7529,3.65,168.42,0.7647058823529411
190146,3,0.6495,0.8331,0.7529,5.27,247.85,0.7647058823529411
190146,4,0.6513,0.8502,0.7412,6.04,305.44,0.7647058823529411
190146,5,0.6538,0.8778,0.7294,6.93,384.74,0.7647058823529411
190146,6,0.6557,0.8922,0.7294,8.05,492.15,0.7647058823529411
190146,7,0.6574,0.9172,0.7294,9.65,625.18,0.7647058823529411
190146,8,0.6588,0.9356,0.7294,10.59,719.76,0.7647058823529411
190146,9,0.6607,0.9396,0.7294,11.13,797.64,0.7647058823529411
190146,10,0.6619,0.9488,0.7294,11.7,849.1,0.7647058823529411
190146,11,0.6631,0.954,0.7294,11.8,889.18,0.7647058823529411
190146,12,0.664,0.9619,0.7294,11.86,906.28,0.7647058823529411
190146,13,0.6647,0.9658,0.7294,11.79,916.86,0.7647058823529411
190146,14,0.6653,0.9711,0.7294,11.77,919.39,0.7647058823529411
190146,15,0.6656,0.9711,0.7294,11.75,922.78,0.7647058823529411
190146,16,0.6661,0.9737,0.7294,11.64,929.52,0.7647058823529411
190146,17,0.6665,0.979,0.7176,11.44,934.43,0.7647058823529411
190146,18,0.6668,0.9842,0.7176,11.28,943.85,0.7647058823529411
190146,19,0.6673,0.9842,0.7176,11.15,950.26,0.7647058823529411
190146,20,0.6678,0.9855,0.7176,11.14,955.32,0.7647058823529411
190146,21,0.6683,0.9869,0.7176,11.11,966.27,0.7647058823529411
190146,22,0.6691,0.9882,0.7176,10.99,970.03,0.7647058823529411
190146,23,0.6692,0.9882,0.7176,11.03,974.34,0.7647058823529411
190146,24,0.6693,0.9895,0.7176,11.01,977.17,0.7647058823529411
190146,25,0.6692,0.9947,0.7176,10.87,978.71,0.7647058823529411
190146,26,0.6691,0.9947,0.7294,10.79,983.16,0.7647058823529411
190146,27,0.6697,0.9947,0.7294,10.73,986.72,0.7647058823529411
190146,28,0.6699,0.9947,0.7294,10.72,991.28,0.7647058823529411
190146,29,0.6702,0.9947,0.7294,10.63,996.59,0.7647058823529411
190146,30,0.6703,0.9974,0.7294,10.52,999.18,0.7647058823529411
190146,31,0.6704,0.9974,0.7294,10.47,1001.65,0.7647058823529411
190146,32,0.6704,0.9987,0.7294,10.51,1004.61,0.7647058823529411
190146,33,0.6707,0.9987,0.7294,10.45,1005.37,0.7647058823529411
190146,34,0.671,0.9987,0.7294,10.39,1005.48,0.7647058823529411
190146,35,0.6711,0.9987,0.7294,10.37,1004.98,0.7647058823529411
190146,36,0.6712,0.9987,0.7294,10.31,1003.43,0.7647058823529411
190146,37,0.6713,0.9987,0.7294,10.28,999.1,0.7647058823529411
190146,38,0.6713,0.9987,0.7294,10.21,996.44,0.7647058823529411
190146,39,0.6714,0.9987,0.7294,10.12,991.81,0.7647058823529411
190146,40,0.6714,0.9987,0.7294,10.07,986.83,0.7647058823529411
190146,41,0.6713,0.9987,0.7294,10.02,979.75,0.7647058823529411
190146,42,0.6716,0.9987,0.7294,9.93,969.73,0.7647058823529411
190146,43,0.6717,0.9987,0.7294,9.9,964.25,0.7647058823529411
190146,44,0.6718,0.9987,0.7294,9.84,956.69,0.7647058823529411
190146,45,0.6719,0.9987,0.7294,9.78,949.79,0.7647058823529411
190146,46,0.672,0.9987,0.7294,9.74,943.93,0.7647058823529411
190146,47,0.6719,0.9987,0.7294,9.71,936.87,0.7647058823529411
190146,48,0.6718,0.9987,0.7294,9.64,929.66,0.7647058823529411
190146,49,0.6718,0.9987,0.7294,9.57,922.46,0.7647058823529411
359954,0,0.4661,0.6314,0.5405,11.19,94.72,0.6756756756756757
359954,1,0.4661,0.6314,0.5405,11.19,94.72,0.6756756756756757
359954,2,0.4741,0.6511,0.5541,11.26,132.56,0.6756756756756757
359954,3,0.4767,0.6526,0.5811,11.18,136.87,0.6756756756756757
359954,4,0.4789,0.6601,0.5541,12.15,153.06,0.6756756756756757
359954,5,0.4811,0.6677,0.5541,12.14,158.24,0.6756756756756757
359954,6,0.4839,0.6737,0.5811,12.55,166.09,0.6756756756756757
359954,7,0.4874,0.6873,0.5811,12.25,182.27,0.6756756756756757
359954,8,0.4891,0.6949,0.5811,12.3,194.59,0.6756756756756757
359954,9,0.4919,0.71,0.5811,12.19,213.16,0.6756756756756757
359954,10,0.4942,0.7175,0.5811,11.98,240.27,0.6756756756756757
359954,11,0.496,0.7236,0.5811,12.0,282.85,0.6756756756756757
359954,12,0.4975,0.7296,0.5946,12.02,329.27,0.6756756756756757
359954,13,0.4986,0.7311,0.5946,11.94,382.47,0.6756756756756757
359954,14,0.499,0.7432,0.6081,11.79,423.3,0.6756756756756757
359954,15,0.5008,0.7508,0.6081,11.5,460.08,0.6756756756756757
359954,16,0.5013,0.7583,0.6081,11.29,492.69,0.6756756756756757
359954,17,0.5018,0.7628,0.6081,11.18,517.95,0.6756756756756757
359954,18,0.5026,0.7689,0.6081,10.96,543.02,0.6756756756756757
359954,19,0.5033,0.7734,0.6081,10.79,558.43,0.6756756756756757
359954,20,0.5035,0.7749,0.6081,10.54,579.99,0.6756756756756757
359954,21,0.5044,0.7764,0.6081,10.35,597.3,0.6756756756756757
359954,22,0.5053,0.7795,0.6216,10.27,621.25,0.6756756756756757
359954,23,0.506,0.7825,0.6216,10.29,646.78,0.6756756756756757
359954,24,0.5064,0.784,0.6081,10.32,670.32,0.6756756756756757
359954,25,0.5074,0.79,0.6351,10.41,696.23,0.6756756756756757
359954,26,0.5079,0.7961,0.6216,10.59,727.22,0.6756756756756757
359954,27,0.5084,0.8021,0.6351,10.79,758.93,0.6756756756756757
359954,28,0.5092,0.8066,0.6351,10.95,789.82,0.6756756756756757
359954,29,0.5096,0.8157,0.6351,11.27,825.5,0.6756756756756757
359954,30,0.51,0.8233,0.6351,11.53,855.01,0.6756756756756757
359954,31,0.5102,0.8248,0.6351,11.8,891.37,0.6756756756756757
359954,32,0.5105,0.8278,0.6351,12.07,924.88,0.6756756756756757
359954,33,0.5106,0.8293,0.6486,12.26,964.08,0.6756756756756757
359954,34,0.5108,0.8353,0.6486,12.43,1000.46,0.6756756756756757
359954,35,0.5109,0.8414,0.6486,12.66,1040.8,0.6756756756756757
359954,36,0.5114,0.8444,0.6486,12.83,1076.83,0.6756756756756757
359954,37,0.5118,0.8595,0.6486,13.0,1117.56,0.6756756756756757
359954,38,0.5122,0.8625,0.6486,13.12,1171.02,0.6756756756756757
359954,39,0.5122,0.8671,0.6486,13.33,1230.93,0.6756756756756757
359954,40,0.5125,0.8686,0.6622,13.47,1291.98,0.6756756756756757
359954,41,0.5127,0.8761,0.6486,13.75,1365.64,0.6756756756756757
359954,42,0.5131,0.8822,0.6486,13.93,1441.36,0.6756756756756757
359954,43,0.5134,0.8822,0.6486,14.28,1508.64,0.6756756756756757
359954,44,0.5137,0.8852,0.6622,14.49,1581.97,0.6756756756756757
359954,45,0.514,0.8867,0.6622,14.77,1649.87,0.6756756756756757
359954,46,0.5143,0.8882,0.6622,14.96,1708.51,0.6756756756756757
359954,47,0.5146,0.8882,0.6622,15.25,1768.99,0.6756756756756757
359954,48,0.5151,0.8912,0.6622,15.43,1831.14,0.6756756756756757
359954,49,0.5155,0.8943,0.6622,15.64,1891.7,0.6756756756756757
168784,0,0.6143,0.7245,0.7282,4.95,178.92,0.8153846153846154
168784,1,0.6143,0.7245,0.7282,4.95,178.92,0.8153846153846154
168784,2,0.6195,0.744,0.7385,5.11,241.44,0.8153846153846154
168784,3,0.6231,0.7532,0.7333,5.39,339.34,0.8153846153846154
168784,4,0.6263,0.76,0.7436,6.15,431.14,0.8153846153846154
168784,5,0.6296,0.768,0.7487,6.92,555.15,0.8153846153846154
168784,6,0.6316,0.7812,0.7487,8.46,777.39,0.8153846153846154
168784,7,0.6346,0.7892,0.7487,9.7,1132.87,0.8153846153846154
168784,8,0.6371,0.8041,0.7487,10.92,1515.21,0.8153846153846154
168784,9,0.6398,0.8179,0.7436,12.11,1833.17,0.8153846153846154
168784,10,0.6411,0.8282,0.7538,12.51,2070.27,0.8153846153846154
168784,11,0.6425,0.8379,0.759,13.03,2202.71,0.8153846153846154
168784,12,0.6438,0.8436,0.759,13.2,2306.88,0.8153846153846154
168784,13,0.645,0.8499,0.759,13.4,2405.82,0.8153846153846154
168784,14,0.646,0.858,0.759,13.56,2500.41,0.8153846153846154
168784,15,0.647,0.8631,0.7487,13.52,2582.57,0.8153846153846154
168784,16,0.6476,0.8677,0.7487,13.53,2651.56,0.8153846153846154
168784,17,0.6484,0.874,0.7487,13.6,2724.12,0.8153846153846154
168784,18,0.6489,0.8769,0.7641,13.48,2778.7,0.8153846153846154
168784,19,0.6497,0.882,0.7641,13.44,2822.45,0.8153846153846154
168784,20,0.6501,0.8866,0.7641,13.35,2864.7,0.8153846153846154
168784,21,0.6507,0.8877,0.7641,13.35,2910.77,0.8153846153846154
168784,22,0.6512,0.8923,0.7692,13.3,2962.99,0.8153846153846154
168784,23,0.6517,0.8969,0.7692,13.2,3019.43,0.8153846153846154
168784,24,0.6523,0.8998,0.7744,13.07,3085.33,0.8153846153846154
168784,25,0.6524,0.9044,0.7795,13.0,3149.27,0.8153846153846154
168784,26,0.6524,0.9072,0.7795,12.95,3207.94,0.8153846153846154
168784,27,0.6528,0.9078,0.7795,12.95,3252.32,0.8153846153846154
168784,28,0.6527,0.9152,0.7744,12.82,3314.4,0.8153846153846154
168784,29,0.653,0.9175,0.7692,12.71,3378.79,0.8153846153846154
168784,30,0.6533,0.9198,0.7744,12.58,3432.49,0.8153846153846154
168784,31,0.6534,0.9233,0.7692,12.56,3503.22,0.8153846153846154
168784,32,0.6536,0.9267,0.7744,12.51,3597.89,0.8153846153846154
168784,33,0.6537,0.929,0.7795,12.6,3677.27,0.8153846153846154
168784,34,0.6538,0.9324,0.7795,12.57,3767.45,0.8153846153846154
168784,35,0.654,0.9376,0.7795,12.53,3834.53,0.8153846153846154
168784,36,0.6541,0.9399,0.7795,12.43,3889.21,0.8153846153846154
168784,37,0.6542,0.9462,0.7795,12.35,3940.41,0.8153846153846154
168784,38,0.6542,0.9479,0.7795,12.33,3994.58,0.8153846153846154
168784,39,0.6545,0.9496,0.7795,12.3,4052.79,0.8153846153846154
168784,40,0.6545,0.953,0.7795,12.28,4117.47,0.8153846153846154
168784,41,0.6546,0.9548,0.7795,12.27,4165.22,0.8153846153846154
168784,42,0.6547,0.9559,0.7795,12.23,4226.4,0.8153846153846154
168784,43,0.6548,0.9565,0.7795,12.25,4287.94,0.8153846153846154
168784,44,0.655,0.9582,0.7795,12.29,4346.82,0.8153846153846154
168784,45,0.6551,0.9605,0.7795,12.27,4422.15,0.8153846153846154
168784,46,0.6552,0.9628,0.7795,12.27,4511.27,0.8153846153846154
168784,47,0.6553,0.9639,0.7795,12.24,4594.59,0.8153846153846154
168784,48,0.6554,0.9662,0.7795,12.28,4680.19,0.8153846153846154
168784,49,0.6556,0.9679,0.7795,12.23,4762.67,0.8153846153846154
190146,0,0.6428,0.816,0.7412,2.75,68.38,0.7647058823529411
190146,1,0.6428,0.816,0.7412,2.75,68.38,0.7647058823529411
190146,2,0.6441,0.8292,0.7294,3.34,74.45,0.7647058823529411
190146,3,0.6493,0.8344,0.7294,3.98,87.53,0.7647058823529411
190146,4,0.6516,0.8515,0.7294,4.13,91.5,0.7647058823529411
190146,5,0.652,0.862,0.7294,4.44,99.93,0.7647058823529411
190146,6,0.6525,0.8647,0.7294,4.82,104.92,0.7647058823529411
190146,7,0.654,0.8817,0.7294,5.35,119.01,0.7647058823529411
190146,8,0.6558,0.883,0.7294,6.01,140.19,0.7647058823529411
190146,9,0.6573,0.8936,0.7294,6.47,164.04,0.7647058823529411
190146,10,0.6585,0.8975,0.7294,7.0,192.65,0.7647058823529411
190146,11,0.6595,0.908,0.7294,7.76,224.98,0.7647058823529411
190146,12,0.6599,0.9185,0.7294,8.21,247.62,0.7647058823529411
190146,13,0.6606,0.9251,0.7294,8.57,278.41,0.7647058823529411
190146,14,0.6612,0.933,0.7294,9.13,302.81,0.7647058823529411
190146,15,0.6617,0.933,0.7294,9.41,327.02,0.7647058823529411
190146,16,0.6625,0.9409,0.7294,9.51,343.92,0.7647058823529411
190146,17,0.6629,0.9448,0.7294,9.73,366.73,0.7647058823529411
190146,18,0.6637,0.9474,0.7294,9.92,390.87,0.7647058823529411
190146,19,0.6645,0.9488,0.7412,10.15,411.78,0.7647058823529411
190146,20,0.6651,0.9566,0.7412,10.32,432.64,0.7647058823529411
190146,21,0.6655,0.958,0.7412,10.54,456.56,0.7647058823529411
190146,22,0.6661,0.9606,0.7412,10.62,476.24,0.7647058823529411
190146,23,0.6666,0.9645,0.7412,10.67,495.46,0.7647058823529411
190146,24,0.6671,0.9671,0.7412,10.64,514.84,0.7647058823529411
190146,25,0.6678,0.9671,0.7294,10.63,535.04,0.7647058823529411
190146,26,0.668,0.9685,0.7294,10.7,553.96,0.7647058823529411
190146,27,0.6682,0.9698,0.7294,10.76,570.6,0.7647058823529411
190146,28,0.6684,0.9698,0.7294,10.72,587.28,0.7647058823529411
190146,29,0.6684,0.9711,0.7294,10.72,604.62,0.7647058823529411
190146,30,0.6689,0.9737,0.7294,10.69,620.95,0.7647058823529411
190146,31,0.6693,0.9737,0.7294,10.75,639.97,0.7647058823529411
190146,32,0.6696,0.9737,0.7294,10.72,656.52,0.7647058823529411
190146,33,0.6697,0.9737,0.7294,10.79,674.57,0.7647058823529411
190146,34,0.67,0.9737,0.7294,10.8,692.87,0.7647058823529411
190146,35,0.6702,0.9737,0.7294,10.85,714.77,0.7647058823529411
190146,36,0.6704,0.9777,0.7176,10.96,731.94,0.7647058823529411
190146,37,0.6706,0.9777,0.7176,10.91,751.18,0.7647058823529411
190146,38,0.6709,0.9777,0.7176,10.89,773.94,0.7647058823529411
190146,39,0.6709,0.979,0.7176,10.82,793.91,0.7647058823529411
190146,40,0.6711,0.9803,0.7176,10.82,813.54,0.7647058823529411
190146,41,0.6712,0.9803,0.7176,10.85,835.58,0.7647058823529411
190146,42,0.6712,0.9816,0.7176,10.88,856.74,0.7647058823529411
190146,43,0.6714,0.9829,0.7176,10.88,876.85,0.7647058823529411
190146,44,0.6713,0.9842,0.7176,10.79,897.27,0.7647058823529411
190146,45,0.6715,0.9842,0.7176,10.77,917.0,0.7647058823529411
190146,46,0.6715,0.9855,0.7176,10.77,939.99,0.7647058823529411
190146,47,0.6716,0.9869,0.7176,10.82,958.52,0.7647058823529411
190146,48,0.6717,0.9882,0.7176,10.82,973.16,0.7647058823529411
190146,49,0.6717,0.9895,0.7176,10.85,990.68,0.7647058823529411
359959,0,0.4605,0.4287,0.4257,11.01,100.54,0.5337837837837838
359959,1,0.4605,0.4287,0.4257,11.01,100.54,0.5337837837837838
359959,2,0.4615,0.443,0.4324,11.42,102.18,0.5337837837837838
359959,3,0.4654,0.474,0.4527,11.5,102.88,0.5337837837837838
359959,4,0.4684,0.4981,0.473,11.36,101.58,0.5337837837837838
359959,5,0.4699,0.517,0.5,11.59,120.9,0.5337837837837838
359959,6,0.4706,0.5223,0.5203,11.88,141.96,0.5337837837837838
359959,7,0.4715,0.5426,0.527,12.26,176.34,0.5337837837837838
359959,8,0.4731,0.5449,0.5405,12.91,227.22,0.5337837837837838
359959,9,0.4742,0.5638,0.5608,13.51,275.3,0.5337837837837838
359959,10,0.476,0.5683,0.5473,14.12,342.46,0.5337837837837838
359959,11,0.4767,0.5758,0.5405,14.6,393.43,0.5337837837837838
359959,12,0.4769,0.5834,0.5338,15.19,453.41,0.5337837837837838
359959,13,0.4781,0.5834,0.5405,15.63,521.78,0.5337837837837838
359959,14,0.4787,0.5909,0.5473,15.97,594.42,0.5337837837837838
359959,15,0.4789,0.5947,0.5405,16.47,673.01,0.5337837837837838
359959,16,0.48,0.5992,0.5338,16.81,740.65,0.5337837837837838
359959,17,0.4803,0.6045,0.5338,16.92,785.74,0.5337837837837838
359959,18,0.4805,0.6083,0.527,17.14,840.47,0.5337837837837838
359959,19,0.4806,0.6128,0.527,17.19,881.96,0.5337837837837838
359959,20,0.4808,0.6136,0.527,17.25,927.56,0.5337837837837838
359959,21,0.4809,0.6189,0.527,17.34,986.98,0.5337837837837838
359959,22,0.4811,0.6189,0.527,17.33,1025.16,0.5337837837837838
359959,23,0.4815,0.6211,0.5338,17.51,1082.08,0.5337837837837838
359959,24,0.4814,0.6234,0.5405,17.66,1140.62,0.5337837837837838
359959,25,0.4815,0.6226,0.5338,17.67,1214.66,0.5337837837837838
359959,26,0.4814,0.6264,0.5338,17.8,1286.3,0.5337837837837838
359959,27,0.4815,0.6264,0.5338,17.8,1354.91,0.5337837837837838
359959,28,0.4816,0.6272,0.5541,17.8,1415.0,0.5337837837837838
359959,29,0.4816,0.6272,0.5608,17.8,1467.55,0.5337837837837838
359959,30,0.4817,0.6294,0.5676,17.86,1523.88,0.5337837837837838
359959,31,0.4817,0.6325,0.5608,17.95,1585.01,0.5337837837837838
359959,32,0.4818,0.6355,0.5608,17.84,1631.75,0.5337837837837838
359959,33,0.4816,0.6392,0.5608,17.79,1674.99,0.5337837837837838
359959,34,0.4815,0.643,0.5608,17.72,1713.06,0.5337837837837838
359959,35,0.4813,0.643,0.5608,17.7,1749.22,0.5337837837837838
359959,36,0.4813,0.6445,0.5608,17.66,1804.0,0.5337837837837838
359959,37,0.4814,0.646,0.5608,17.61,1842.64,0.5337837837837838
359959,38,0.4813,0.6483,0.5608,17.58,1890.12,0.5337837837837838
359959,39,0.4812,0.6498,0.5608,17.52,1925.83,0.5337837837837838
359959,40,0.481,0.6536,0.5608,17.5,1969.33,0.5337837837837838
359959,41,0.4809,0.6528,0.5608,17.4,2015.7,0.5337837837837838
359959,42,0.4809,0.6574,0.5608,17.31,2069.13,0.5337837837837838
359959,43,0.4809,0.6581,0.5608,17.26,2111.85,0.5337837837837838
359959,44,0.4808,0.6596,0.5608,17.18,2137.82,0.5337837837837838
359959,45,0.4808,0.6611,0.5608,17.14,2173.96,0.5337837837837838
359959,46,0.4806,0.6649,0.5608,17.09,2220.86,0.5337837837837838
359959,47,0.4805,0.6649,0.5608,17.01,2265.13,0.5337837837837838
359959,48,0.4805,0.6657,0.5608,16.91,2311.28,0.5337837837837838
359959,49,0.4804,0.6664,0.5608,16.82,2354.43,0.5337837837837838
168784,0,0.6175,0.7423,0.7333,3.88,94.74,0.8205128205128205
168784,1,0.6175,0.7423,0.7333,3.88,94.74,0.8205128205128205
168784,2,0.6186,0.7514,0.7333,4.63,145.84,0.8205128205128205
168784,3,0.6224,0.7629,0.7385,5.23,212.3,0.8205128205128205
168784,4,0.6262,0.7715,0.7385,6.18,274.22,0.8205128205128205
168784,5,0.6299,0.7801,0.7487,7.01,346.74,0.8205128205128205
168784,6,0.634,0.7904,0.7538,7.46,434.82,0.8205128205128205
168784,7,0.6375,0.7995,0.7538,8.27,540.76,0.8205128205128205
168784,8,0.6405,0.8081,0.7538,8.72,641.73,0.8205128205128205
168784,9,0.6427,0.8144,0.759,9.21,743.26,0.8205128205128205
168784,10,0.6444,0.8207,0.7641,9.49,824.85,0.8205128205128205
168784,11,0.6459,0.827,0.7641,9.61,897.36,0.8205128205128205
168784,12,0.6477,0.8316,0.759,9.79,963.5,0.8205128205128205
168784,13,0.6484,0.8373,0.7641,9.96,1027.94,0.8205128205128205
168784,14,0.649,0.8431,0.7744,10.07,1098.53,0.8205128205128205
168784,15,0.6496,0.8494,0.7692,10.14,1166.8,0.8205128205128205
168784,16,0.6501,0.8545,0.7692,10.16,1227.37,0.8205128205128205
168784,17,0.6505,0.8562,0.7692,10.26,1289.53,0.8205128205128205
168784,18,0.6508,0.8591,0.7641,10.32,1345.96,0.8205128205128205
168784,19,0.6513,0.862,0.7641,10.33,1404.73,0.8205128205128205
168784,20,0.6518,0.8643,0.7692,10.31,1455.7,0.8205128205128205
168784,21,0.6521,0.8666,0.7641,10.28,1510.41,0.8205128205128205
168784,22,0.6525,0.8683,0.7641,10.3,1569.94,0.8205128205128205
168784,23,0.653,0.8711,0.7641,10.36,1646.26,0.8205128205128205
168784,24,0.6534,0.8751,0.7692,10.44,1734.32,0.8205128205128205
168784,25,0.6538,0.8757,0.7641,10.42,1841.76,0.8205128205128205
168784,26,0.6541,0.8786,0.7692,10.37,1967.22,0.8205128205128205
168784,27,0.6543,0.8826,0.7692,10.44,2102.38,0.8205128205128205
168784,28,0.6547,0.8837,0.7692,10.51,2209.54,0.8205128205128205
168784,29,0.6548,0.8883,0.7692,10.53,2324.68,0.8205128205128205
168784,30,0.655,0.8923,0.7692,10.55,2442.89,0.8205128205128205
168784,31,0.6552,0.8975,0.7692,10.5,2563.59,0.8205128205128205
168784,32,0.6553,0.9021,0.7744,10.5,2705.73,0.8205128205128205
168784,33,0.6553,0.9038,0.7692,10.48,2860.83,0.8205128205128205
168784,34,0.6554,0.9061,0.7692,10.54,3056.69,0.8205128205128205
168784,35,0.6555,0.9089,0.7692,10.64,3263.78,0.8205128205128205
168784,36,0.6555,0.9129,0.7692,10.68,3488.87,0.8205128205128205
168784,37,0.6557,0.9158,0.7744,10.81,3683.61,0.8205128205128205
168784,38,0.6556,0.9187,0.7744,10.81,3884.46,0.8205128205128205
168784,39,0.6557,0.921,0.7692,10.81,4077.58,0.8205128205128205
168784,40,0.6556,0.9215,0.7692,10.88,4256.22,0.8205128205128205
168784,41,0.6558,0.925,0.7692,10.89,4410.06,0.8205128205128205
168784,42,0.6559,0.9267,0.7744,10.92,4547.5,0.8205128205128205
168784,43,0.6561,0.9301,0.7744,10.94,4672.82,0.8205128205128205
168784,44,0.6562,0.9336,0.7744,10.95,4780.35,0.8205128205128205
168784,45,0.6563,0.9376,0.7744,10.94,4883.56,0.8205128205128205
168784,46,0.6563,0.9416,0.7846,10.98,4984.38,0.8205128205128205
168784,47,0.6563,0.9439,0.7846,11.01,5093.73,0.8205128205128205
168784,48,0.6563,0.9467,0.7846,11.07,5204.1,0.8205128205128205
168784,49,0.6564,0.9507,0.7846,11.1,5291.9,0.8205128205128205
168784,0,0.6204,0.7434,0.7282,3.52,156.89,0.8153846153846154
168784,1,0.6204,0.7434,0.7282,3.52,156.89,0.8153846153846154
168784,2,0.6193,0.7451,0.7282,4.92,214.79,0.8153846153846154
168784,3,0.6227,0.7612,0.7282,5.73,306.81,0.8153846153846154
168784,4,0.6253,0.7663,0.7333,6.02,368.59,0.8153846153846154
168784,5,0.6306,0.7721,0.7436,6.99,438.0,0.8153846153846154
168784,6,0.6348,0.7829,0.7436,7.93,581.02,0.8153846153846154
168784,7,0.6377,0.795,0.7487,8.66,746.78,0.8153846153846154
168784,8,0.6401,0.8013,0.7538,9.08,887.25,0.8153846153846154
168784,9,0.6419,0.8093,0.759,9.26,982.43,0.8153846153846154
168784,10,0.6438,0.8156,0.759,9.75,1058.36,0.8153846153846154
168784,11,0.6455,0.8236,0.7641,9.87,1116.24,0.8153846153846154
168784,12,0.6465,0.8322,0.7641,9.98,1164.14,0.8153846153846154
168784,13,0.6475,0.8373,0.7641,10.1,1200.25,0.8153846153846154
168784,14,0.6485,0.8414,0.7641,10.14,1248.57,0.8153846153846154
168784,15,0.6488,0.8477,0.7641,10.16,1302.46,0.8153846153846154
168784,16,0.6498,0.8517,0.7641,10.08,1362.19,0.8153846153846154
168784,17,0.6505,0.8545,0.7641,9.97,1406.09,0.8153846153846154
168784,18,0.6515,0.8568,0.7641,9.87,1431.88,0.8153846153846154
168784,19,0.6519,0.8614,0.7692,9.73,1471.89,0.8153846153846154
168784,20,0.6523,0.8637,0.7692,9.65,1518.61,0.8153846153846154
168784,21,0.6527,0.8666,0.7641,9.61,1569.31,0.8153846153846154
168784,22,0.653,0.8683,0.7641,9.51,1634.86,0.8153846153846154
168784,23,0.6532,0.8706,0.7641,9.46,1714.09,0.8153846153846154
168784,24,0.6534,0.8723,0.7641,9.48,1788.17,0.8153846153846154
168784,25,0.6535,0.8751,0.7641,9.48,1856.25,0.8153846153846154
168784,26,0.6537,0.8786,0.7641,9.44,1920.15,0.8153846153846154
168784,27,0.6539,0.8814,0.7641,9.38,2002.33,0.8153846153846154
168784,28,0.6541,0.8832,0.7641,9.39,2093.58,0.8153846153846154
168784,29,0.6542,0.886,0.7641,9.43,2188.7,0.8153846153846154
168784,30,0.6543,0.8895,0.7641,9.4,2278.2,0.8153846153846154
168784,31,0.6545,0.8912,0.7692,9.44,2351.41,0.8153846153846154
168784,32,0.6545,0.8918,0.7692,9.4,2429.47,0.8153846153846154
168784,33,0.6546,0.8963,0.7692,9.35,2532.9,0.8153846153846154
168784,34,0.6547,0.8992,0.7692,9.34,2640.13,0.8153846153846154
168784,35,0.655,0.9044,0.7692,9.37,2747.39,0.8153846153846154
168784,36,0.6551,0.9078,0.7692,9.37,2830.71,0.8153846153846154
168784,37,0.6552,0.9112,0.7744,9.37,2922.04,0.8153846153846154
168784,38,0.6552,0.9129,0.7744,9.42,3036.45,0.8153846153846154
168784,39,0.6553,0.9164,0.7692,9.43,3171.0,0.8153846153846154
168784,40,0.6555,0.9187,0.7744,9.42,3312.47,0.8153846153846154
168784,41,0.6554,0.9215,0.7744,9.38,3445.91,0.8153846153846154
168784,42,0.6554,0.9221,0.7692,9.37,3570.45,0.8153846153846154
168784,43,0.6555,0.9233,0.7744,9.37,3680.31,0.8153846153846154
168784,44,0.6556,0.9267,0.7744,9.36,3779.91,0.8153846153846154
168784,45,0.6555,0.9284,0.7744,9.35,3900.71,0.8153846153846154
168784,46,0.6557,0.9307,0.7744,9.28,4001.12,0.8153846153846154
168784,47,0.6558,0.9324,0.7744,9.19,4084.48,0.8153846153846154
168784,48,0.656,0.9359,0.7744,9.13,4153.63,0.8153846153846154
168784,49,0.6562,0.9404,0.7744,9.05,4226.06,0.8153846153846154
359959,0,0.4654,0.4483,0.4392,9.3,65.73,0.5337837837837838
359959,1,0.4654,0.4483,0.4392,9.3,65.73,0.5337837837837838
359959,2,0.4659,0.4815,0.473,10.07,77.7,0.5337837837837838
359959,3,0.4666,0.5109,0.4932,10.9,92.52,0.5337837837837838
359959,4,0.4689,0.5253,0.5135,11.35,105.29,0.5337837837837838
359959,5,0.4713,0.5442,0.527,11.26,122.52,0.5337837837837838
359959,6,0.4734,0.5525,0.5405,11.23,134.16,0.5337837837837838
359959,7,0.4749,0.5592,0.5405,11.18,154.08,0.5337837837837838
359959,8,0.4757,0.5675,0.5338,11.37,180.81,0.5337837837837838
359959,9,0.477,0.5698,0.5473,11.41,205.04,0.5337837837837838
359959,10,0.4776,0.5743,0.5473,11.66,239.04,0.5337837837837838
359959,11,0.4785,0.5774,0.5473,11.92,280.59,0.5337837837837838
359959,12,0.4797,0.5804,0.5473,12.75,334.49,0.5337837837837838
359959,13,0.4801,0.5917,0.5541,13.29,394.72,0.5337837837837838
359959,14,0.4809,0.5947,0.5473,13.75,447.52,0.5337837837837838
359959,15,0.4813,0.5985,0.5473,14.07,487.76,0.5337837837837838
359959,16,0.4817,0.5992,0.527,14.31,528.86,0.5337837837837838
359959,17,0.4817,0.6075,0.5203,14.34,558.66,0.5337837837837838
359959,18,0.482,0.6113,0.5203,14.32,581.09,0.5337837837837838
359959,19,0.4824,0.6128,0.527,14.47,602.74,0.5337837837837838
359959,20,0.4822,0.6136,0.527,14.37,622.35,0.5337837837837838
359959,21,0.4825,0.6158,0.527,14.3,637.46,0.5337837837837838
359959,22,0.4827,0.6219,0.527,14.22,649.68,0.5337837837837838
359959,23,0.4829,0.6196,0.5405,14.07,662.26,0.5337837837837838
359959,24,0.483,0.6196,0.5473,13.93,685.17,0.5337837837837838
359959,25,0.4832,0.6226,0.5473,13.88,705.0,0.5337837837837838
359959,26,0.4834,0.6234,0.5473,13.79,728.49,0.5337837837837838
359959,27,0.4835,0.6234,0.5541,13.7,751.72,0.5337837837837838
359959,28,0.4834,0.6272,0.5541,13.68,773.2,0.5337837837837838
359959,29,0.4835,0.6294,0.5541,13.69,799.85,0.5337837837837838
359959,30,0.4834,0.6287,0.5541,13.73,828.45,0.5337837837837838
359959,31,0.4832,0.6294,0.5541,13.75,850.13,0.5337837837837838
359959,32,0.4832,0.6317,0.5541,13.73,878.17,0.5337837837837838
359959,33,0.4834,0.6355,0.5608,13.76,914.86,0.5337837837837838
359959,34,0.4834,0.6362,0.5608,13.72,948.14,0.5337837837837838
359959,35,0.4833,0.6377,0.5608,13.7,987.89,0.5337837837837838
359959,36,0.4834,0.6392,0.5608,13.7,1032.89,0.5337837837837838
359959,37,0.4835,0.6415,0.5608,13.72,1071.55,0.5337837837837838
359959,38,0.4834,0.6415,0.5608,13.69,1107.0,0.5337837837837838
359959,39,0.4833,0.6445,0.5608,13.67,1144.8,0.5337837837837838
359959,40,0.4832,0.6453,0.5608,13.7,1193.49,0.5337837837837838
359959,41,0.4831,0.6453,0.5608,13.7,1246.98,0.5337837837837838
359959,42,0.4831,0.6491,0.5608,13.67,1305.15,0.5337837837837838
359959,43,0.483,0.6521,0.5608,13.69,1373.93,0.5337837837837838
359959,44,0.4829,0.6521,0.5608,13.74,1431.96,0.5337837837837838
359959,45,0.4828,0.6536,0.5676,13.75,1491.38,0.5337837837837838
359959,46,0.4828,0.6566,0.5676,13.82,1555.03,0.5337837837837838
359959,47,0.4829,0.6566,0.5676,13.87,1621.49,0.5337837837837838
359959,48,0.4827,0.6574,0.5676,13.92,1686.34,0.5337837837837838
359959,49,0.4827,0.6589,0.5676,13.97,1764.69,0.5337837837837838
359959,0,0.4622,0.4596,0.4392,12.47,85.45,0.5337837837837838
359959,1,0.4622,0.4596,0.4392,12.47,85.45,0.5337837837837838
359959,2,0.4642,0.4845,0.4459,12.4,85.49,0.5337837837837838
359959,3,0.4646,0.5011,0.4797,12.29,97.1,0.5337837837837838
359959,4,0.467,0.5268,0.4932,13.1,112.86,0.5337837837837838
359959,5,0.4689,0.5464,0.5068,13.6,128.44,0.5337837837837838
359959,6,0.4703,0.566,0.5135,13.75,144.28,0.5337837837837838
359959,7,0.4727,0.5789,0.5405,13.97,162.8,0.5337837837837838
359959,8,0.4748,0.5834,0.5473,14.15,185.91,0.5337837837837838
359959,9,0.4766,0.5902,0.527,14.43,213.07,0.5337837837837838
359959,10,0.4773,0.5955,0.5203,14.65,240.08,0.5337837837837838
359959,11,0.4783,0.6045,0.5135,14.89,275.48,0.5337837837837838
359959,12,0.4795,0.606,0.5068,15.09,305.4,0.5337837837837838
359959,13,0.4801,0.6091,0.5203,15.18,327.36,0.5337837837837838
359959,14,0.4808,0.6136,0.527,15.04,338.73,0.5337837837837838
359959,15,0.4813,0.6136,0.5338,14.8,347.43,0.5337837837837838
359959,16,0.4821,0.6136,0.5338,14.67,356.8,0.5337837837837838
359959,17,0.4829,0.6174,0.5338,14.58,369.81,0.5337837837837838
359959,18,0.483,0.6174,0.5473,14.38,379.02,0.5337837837837838
359959,19,0.4835,0.6174,0.5405,14.29,389.5,0.5337837837837838
359959,20,0.4838,0.6166,0.5405,14.15,397.92,0.5337837837837838
359959,21,0.484,0.6181,0.5473,13.95,410.32,0.5337837837837838
359959,22,0.4843,0.6174,0.5473,13.85,424.76,0.5337837837837838
359959,23,0.4845,0.6204,0.5541,13.69,437.58,0.5337837837837838
359959,24,0.4846,0.6211,0.5541,13.52,446.55,0.5337837837837838
359959,25,0.4848,0.6226,0.5541,13.39,453.89,0.5337837837837838
359959,26,0.485,0.6242,0.5541,13.17,461.4,0.5337837837837838
359959,27,0.485,0.6249,0.5541,13.0,473.15,0.5337837837837838
359959,28,0.4853,0.6249,0.5541,12.86,488.38,0.5337837837837838
359959,29,0.4855,0.6264,0.5541,12.7,498.55,0.5337837837837838
359959,30,0.4855,0.6287,0.5541,12.56,506.81,0.5337837837837838
359959,31,0.4855,0.6302,0.5541,12.54,515.78,0.5337837837837838
359959,32,0.4857,0.6309,0.5541,12.39,528.52,0.5337837837837838
359959,33,0.4858,0.6317,0.5608,12.28,537.6,0.5337837837837838
359959,34,0.4859,0.6317,0.5608,12.16,545.06,0.5337837837837838
359959,35,0.486,0.6347,0.5608,11.99,552.28,0.5337837837837838
359959,36,0.4862,0.6347,0.5608,11.87,561.53,0.5337837837837838
359959,37,0.4863,0.6355,0.5608,11.77,566.69,0.5337837837837838
359959,38,0.4863,0.6385,0.5608,11.62,570.6,0.5337837837837838
359959,39,0.4862,0.6392,0.5608,11.5,575.5,0.5337837837837838
359959,40,0.4863,0.6392,0.5608,11.39,580.63,0.5337837837837838
359959,41,0.4863,0.64,0.5676,11.28,590.25,0.5337837837837838
359959,42,0.4865,0.643,0.5676,11.19,597.83,0.5337837837837838
359959,43,0.4865,0.6438,0.5676,11.13,610.22,0.5337837837837838
359959,44,0.4867,0.6438,0.5676,11.07,621.89,0.5337837837837838
359959,45,0.4867,0.6445,0.5676,10.99,633.6,0.5337837837837838
359959,46,0.4867,0.6475,0.5676,10.93,645.16,0.5337837837837838
359959,47,0.4867,0.6475,0.5676,10.86,658.79,0.5337837837837838
359959,48,0.4867,0.6475,0.5676,10.8,673.75,0.5337837837837838
359959,49,0.4867,0.6483,0.5676,10.72,687.06,0.5337837837837838
190146,0,0.6544,0.8344,0.7412,4.44,112.46,0.7764705882352941
190146,1,0.6544,0.8344,0.7412,4.44,112.46,0.7764705882352941
190146,2,0.6534,0.8384,0.7412,4.74,121.2,0.7764705882352941
190146,3,0.6566,0.8568,0.7412,5.17,144.61,0.7764705882352941
190146,4,0.6573,0.8712,0.7412,5.89,169.12,0.7764705882352941
190146,5,0.6594,0.887,0.7412,6.63,205.6,0.7764705882352941
190146,6,0.6613,0.9054,0.7412,7.53,236.94,0.7764705882352941
190146,7,0.6628,0.9172,0.7412,8.08,260.76,0.7764705882352941
190146,8,0.6632,0.9212,0.7294,8.45,283.33,0.7764705882352941
190146,9,0.6644,0.929,0.7294,8.75,309.55,0.7764705882352941
190146,10,0.6652,0.9317,0.7294,9.07,332.56,0.7764705882352941
190146,11,0.6654,0.9369,0.7294,9.42,361.27,0.7764705882352941
190146,12,0.6663,0.9488,0.7294,10.1,389.16,0.7764705882352941
190146,13,0.6664,0.958,0.7294,10.56,420.24,0.7764705882352941
190146,14,0.6666,0.9632,0.7294,10.68,451.75,0.7764705882352941
190146,15,0.6674,0.9658,0.7294,10.93,489.6,0.7764705882352941
190146,16,0.6678,0.9671,0.7294,11.16,522.0,0.7764705882352941
190146,17,0.6683,0.9698,0.7294,11.08,547.64,0.7764705882352941
190146,18,0.6688,0.9698,0.7412,11.11,574.95,0.7764705882352941
190146,19,0.6691,0.9737,0.7294,11.22,605.7,0.7764705882352941
190146,20,0.6692,0.9763,0.7294,11.25,636.65,0.7764705882352941
190146,21,0.6696,0.9763,0.7294,11.2,674.86,0.7764705882352941
190146,22,0.6698,0.979,0.7294,11.21,715.88,0.7764705882352941
190146,23,0.6702,0.979,0.7294,11.28,753.53,0.7764705882352941
190146,24,0.6705,0.9829,0.7294,11.38,787.22,0.7764705882352941
190146,25,0.6708,0.9842,0.7294,11.39,819.88,0.7764705882352941
190146,26,0.6711,0.9855,0.7294,11.45,850.0,0.7764705882352941
190146,27,0.6714,0.9895,0.7294,11.45,879.81,0.7764705882352941
190146,28,0.6715,0.9895,0.7294,11.45,905.14,0.7764705882352941
190146,29,0.6714,0.9921,0.7294,11.41,931.06,0.7764705882352941
190146,30,0.6714,0.9947,0.7294,11.3,950.17,0.7764705882352941
190146,31,0.6716,0.9947,0.7294,11.24,969.42,0.7764705882352941
190146,32,0.6716,0.9947,0.7412,11.21,985.59,0.7764705882352941
190146,33,0.6719,0.9961,0.7412,11.15,999.05,0.7764705882352941
190146,34,0.6721,0.9961,0.7412,11.08,1012.37,0.7764705882352941
190146,35,0.6721,0.9961,0.7412,11.04,1022.51,0.7764705882352941
190146,36,0.6723,0.9961,0.7412,10.96,1031.27,0.7764705882352941
190146,37,0.6723,0.9974,0.7412,10.82,1035.28,0.7764705882352941
190146,38,0.6722,0.9974,0.7412,10.78,1040.6,0.7764705882352941
190146,39,0.6723,0.9974,0.7412,10.79,1043.5,0.7764705882352941
190146,40,0.6724,0.9974,0.7294,10.72,1045.49,0.7764705882352941
190146,41,0.6724,0.9974,0.7294,10.69,1045.08,0.7764705882352941
190146,42,0.6725,0.9987,0.7294,10.57,1043.8,0.7764705882352941
190146,43,0.6725,0.9987,0.7412,10.53,1043.31,0.7764705882352941
190146,44,0.6725,0.9987,0.7412,10.49,1044.12,0.7764705882352941
190146,45,0.6725,0.9987,0.7412,10.42,1042.27,0.7764705882352941
190146,46,0.6723,0.9987,0.7647,10.37,1040.68,0.7764705882352941
190146,47,0.6725,0.9987,0.7647,10.38,1039.12,0.7764705882352941
190146,48,0.6725,1.0,0.7647,10.36,1037.67,0.7764705882352941
190146,49,0.6726,1.0,0.7647,10.3,1033.77,0.7764705882352941
190146,0,0.6424,0.816,0.7412,5.35,93.1,0.7764705882352941
190146,1,0.6424,0.816,0.7412,5.35,93.1,0.7764705882352941
190146,2,0.6445,0.8173,0.7294,5.03,94.98,0.7764705882352941
190146,3,0.647,0.841,0.7294,5.14,109.76,0.7764705882352941
190146,4,0.6486,0.8541,0.7294,5.86,131.37,0.7764705882352941
190146,5,0.6519,0.8765,0.7294,6.11,149.5,0.7764705882352941
190146,6,0.653,0.8896,0.7294,6.53,170.18,0.7764705882352941
190146,7,0.6548,0.9028,0.7294,6.7,190.59,0.7764705882352941
190146,8,0.6557,0.9067,0.7294,6.8,208.26,0.7764705882352941
190146,9,0.6564,0.9106,0.7294,6.87,221.91,0.7764705882352941
190146,10,0.6568,0.9159,0.7294,6.82,236.96,0.7764705882352941
190146,11,0.6581,0.9225,0.7294,7.06,265.67,0.7764705882352941
190146,12,0.6593,0.9264,0.7294,7.19,292.43,0.7764705882352941
190146,13,0.6602,0.933,0.7294,7.36,322.44,0.7764705882352941
190146,14,0.6606,0.9396,0.7294,7.64,353.72,0.7764705882352941
190146,15,0.6616,0.9409,0.7294,7.78,386.34,0.7764705882352941
190146,16,0.6622,0.9461,0.7294,8.12,416.55,0.7764705882352941
190146,17,0.6626,0.9488,0.7294,8.4,438.31,0.7764705882352941
190146,18,0.663,0.9501,0.7294,8.57,459.15,0.7764705882352941
190146,19,0.6635,0.9566,0.7294,8.6,476.51,0.7764705882352941
190146,20,0.6636,0.958,0.7412,8.78,500.32,0.7764705882352941
190146,21,0.664,0.958,0.7412,8.87,523.37,0.7764705882352941
190146,22,0.6644,0.9593,0.7294,8.92,538.49,0.7764705882352941
190146,23,0.6651,0.9645,0.7412,9.01,554.26,0.7764705882352941
190146,24,0.6657,0.9658,0.7412,9.04,567.09,0.7764705882352941
190146,25,0.6661,0.9685,0.7294,9.12,577.32,0.7764705882352941
190146,26,0.6665,0.9698,0.7294,9.12,585.27,0.7764705882352941
190146,27,0.6669,0.9698,0.7294,9.11,593.63,0.7764705882352941
190146,28,0.6674,0.9698,0.7412,9.2,604.33,0.7764705882352941
190146,29,0.6676,0.9711,0.7294,9.3,613.96,0.7764705882352941
190146,30,0.6677,0.9724,0.7294,9.47,621.54,0.7764705882352941
190146,31,0.6677,0.9724,0.7294,9.49,629.78,0.7764705882352941
190146,32,0.6679,0.9724,0.7294,9.46,639.34,0.7764705882352941
190146,33,0.6685,0.9724,0.7294,9.46,649.59,0.7764705882352941
190146,34,0.6687,0.9724,0.7294,9.46,659.03,0.7764705882352941
190146,35,0.669,0.9763,0.7294,9.46,668.29,0.7764705882352941
190146,36,0.6695,0.9803,0.7294,9.53,678.23,0.7764705882352941
190146,37,0.6697,0.9803,0.7412,9.6,688.21,0.7764705882352941
190146,38,0.6698,0.9816,0.7412,9.63,697.37,0.7764705882352941
190146,39,0.6699,0.9816,0.7294,9.67,704.28,0.7764705882352941
190146,40,0.6701,0.9816,0.7294,9.63,711.57,0.7764705882352941
190146,41,0.67,0.9829,0.7294,9.63,719.26,0.7764705882352941
190146,42,0.6702,0.9842,0.7294,9.67,727.21,0.7764705882352941
190146,43,0.6702,0.9855,0.7294,9.67,733.61,0.7764705882352941
190146,44,0.6704,0.9869,0.7294,9.71,741.36,0.7764705882352941
190146,45,0.6706,0.9869,0.7294,9.76,750.53,0.7764705882352941
190146,46,0.6708,0.9882,0.7294,9.77,758.89,0.7764705882352941
190146,47,0.6708,0.9882,0.7294,9.75,765.65,0.7764705882352941
190146,48,0.6711,0.9882,0.7294,9.72,772.81,0.7764705882352941
190146,49,0.6711,0.9882,0.7294,9.71,780.8,0.7764705882352941
359959,0,0.4539,0.4272,0.4257,10.63,73.02,0.5337837837837838
359959,1,0.4539,0.4272,0.4257,10.63,73.02,0.5337837837837838
359959,2,0.4567,0.4272,0.4257,11.43,78.92,0.5337837837837838
359959,3,0.4585,0.4408,0.4257,11.84,85.85,0.5337837837837838
359959,4,0.462,0.4762,0.4392,12.22,91.23,0.5337837837837838
359959,5,0.4663,0.4981,0.4797,12.31,96.86,0.5337837837837838
359959,6,0.4693,0.5177,0.5135,12.48,102.61,0.5337837837837838
359959,7,0.4714,0.5358,0.5203,12.39,108.67,0.5337837837837838
359959,8,0.473,0.5502,0.5405,12.26,113.66,0.5337837837837838
359959,9,0.474,0.5562,0.5541,11.88,109.59,0.5337837837837838
359959,10,0.476,0.5623,0.5608,11.54,108.66,0.5337837837837838
359959,11,0.4771,0.5713,0.5405,11.33,110.81,0.5337837837837838
359959,12,0.4785,0.5728,0.5473,11.11,112.0,0.5337837837837838
359959,13,0.4796,0.5743,0.5541,10.84,112.77,0.5337837837837838
359959,14,0.4804,0.5774,0.5473,10.66,113.02,0.5337837837837838
359959,15,0.4806,0.5774,0.5473,10.44,114.24,0.5337837837837838
359959,16,0.4811,0.5826,0.5338,10.36,115.85,0.5337837837837838
359959,17,0.4812,0.5811,0.5338,10.19,115.35,0.5337837837837838
359959,18,0.4816,0.5826,0.527,10.03,116.75,0.5337837837837838
359959,19,0.4824,0.5857,0.5135,9.91,118.22,0.5337837837837838
359959,20,0.4828,0.5887,0.5203,9.77,118.18,0.5337837837837838
359959,21,0.4831,0.5879,0.5203,9.66,118.9,0.5337837837837838
359959,22,0.4835,0.5925,0.5203,9.59,120.36,0.5337837837837838
359959,23,0.4835,0.5947,0.5203,9.59,124.21,0.5337837837837838
359959,24,0.4839,0.5947,0.5203,9.6,129.21,0.5337837837837838
359959,25,0.4843,0.597,0.5203,9.61,136.11,0.5337837837837838
359959,26,0.4846,0.5985,0.5135,9.57,140.32,0.5337837837837838
359959,27,0.4847,0.597,0.5135,9.58,144.83,0.5337837837837838
359959,28,0.4849,0.5992,0.5135,9.58,150.31,0.5337837837837838
359959,29,0.4851,0.5985,0.5135,9.55,154.29,0.5337837837837838
359959,30,0.4855,0.5992,0.5135,9.48,158.84,0.5337837837837838
359959,31,0.4856,0.5992,0.5135,9.46,163.51,0.5337837837837838
359959,32,0.4857,0.6015,0.5135,9.43,168.38,0.5337837837837838
359959,33,0.4858,0.603,0.5203,9.44,173.34,0.5337837837837838
359959,34,0.4859,0.6053,0.5203,9.38,177.63,0.5337837837837838
359959,35,0.4858,0.606,0.527,9.33,181.29,0.5337837837837838
359959,36,0.486,0.6075,0.527,9.29,186.25,0.5337837837837838
359959,37,0.4861,0.6075,0.527,9.31,193.06,0.5337837837837838
359959,38,0.486,0.6075,0.527,9.33,200.7,0.5337837837837838
359959,39,0.4862,0.6106,0.5338,9.38,209.11,0.5337837837837838
359959,40,0.4864,0.6106,0.5473,9.4,218.59,0.5337837837837838
359959,41,0.4864,0.6128,0.5473,9.37,227.66,0.5337837837837838
359959,42,0.4864,0.6113,0.5473,9.36,237.44,0.5337837837837838
359959,43,0.4865,0.6121,0.5473,9.36,243.95,0.5337837837837838
359959,44,0.4866,0.6136,0.5541,9.4,252.51,0.5337837837837838
359959,45,0.4867,0.6136,0.5541,9.39,261.26,0.5337837837837838
359959,46,0.4868,0.6151,0.5541,9.41,272.48,0.5337837837837838
359959,47,0.4867,0.6158,0.5541,9.42,284.23,0.5337837837837838
359959,48,0.4871,0.6166,0.5541,9.44,298.09,0.5337837837837838
359959,49,0.4872,0.6158,0.5541,9.43,308.87,0.5337837837837838
2073,0,0.4693,0.5768,0.5906,11.8,115.96,0.7181208053691275
2073,1,0.4693,0.5768,0.5906,11.8,115.96,0.7181208053691275
2073,2,0.4687,0.5873,0.5839,11.92,117.31,0.7181208053691275
2073,3,0.4713,0.5903,0.5906,12.71,134.28,0.7181208053691275
2073,4,0.4733,0.5963,0.604,14.15,194.4,0.7181208053691275
2073,5,0.4774,0.6037,0.5973,16.23,271.64,0.7181208053691275
2073,6,0.4826,0.6075,0.6309,18.71,343.81,0.7181208053691275
2073,7,0.4882,0.618,0.6309,21.08,436.11,0.7181208053691275
2073,8,0.4928,0.6247,0.6242,22.66,499.68,0.7181208053691275
2073,9,0.497,0.6292,0.6376,23.33,546.02,0.7181208053691275
2073,10,0.4993,0.6285,0.6376,23.45,575.64,0.7181208053691275
2073,11,0.5018,0.6412,0.6443,23.62,606.07,0.7181208053691275
2073,12,0.5044,0.6427,0.6443,23.7,632.98,0.7181208053691275
2073,13,0.5071,0.6464,0.651,23.62,643.55,0.7181208053691275
2073,14,0.5079,0.6494,0.6443,23.44,652.94,0.7181208053691275
2073,15,0.5096,0.6502,0.6443,23.34,660.35,0.7181208053691275
2073,16,0.511,0.6532,0.6577,23.21,671.14,0.7181208053691275
2073,17,0.5119,0.6554,0.6577,23.0,683.97,0.7181208053691275
2073,18,0.513,0.6592,0.6577,22.98,699.31,0.7181208053691275
2073,19,0.5138,0.6614,0.6644,22.88,720.03,0.7181208053691275
2073,20,0.5146,0.6652,0.6644,22.71,737.31,0.7181208053691275
2073,21,0.5153,0.6674,0.6644,22.53,756.32,0.7181208053691275
2073,22,0.5162,0.6689,0.6644,22.53,773.02,0.7181208053691275
2073,23,0.5167,0.6704,0.6644,22.39,791.25,0.7181208053691275
2073,24,0.5173,0.6712,0.6644,22.34,816.66,0.7181208053691275
2073,25,0.5177,0.6734,0.6644,22.2,842.22,0.7181208053691275
2073,26,0.5183,0.6764,0.6779,22.04,872.27,0.7181208053691275
2073,27,0.5184,0.6787,0.6779,22.22,910.93,0.7181208053691275
2073,28,0.5191,0.6787,0.6779,22.45,972.62,0.7181208053691275
2073,29,0.5192,0.6831,0.6779,22.48,1028.55,0.7181208053691275
2073,30,0.5193,0.6846,0.6779,22.65,1090.93,0.7181208053691275
2073,31,0.5195,0.6861,0.6779,22.77,1147.1,0.7181208053691275
2073,32,0.5196,0.6906,0.6779,22.94,1225.87,0.7181208053691275
2073,33,0.5199,0.6936,0.6779,23.02,1300.99,0.7181208053691275
2073,34,0.5202,0.6951,0.6779,23.22,1375.2,0.7181208053691275
2073,35,0.5202,0.6959,0.6779,23.42,1448.27,0.7181208053691275
2073,36,0.5203,0.6974,0.6846,23.55,1530.03,0.7181208053691275
2073,37,0.5201,0.6996,0.6846,23.63,1598.29,0.7181208053691275
2073,38,0.5202,0.7026,0.6913,23.67,1660.21,0.7181208053691275
2073,39,0.5202,0.7041,0.6913,23.93,1762.9,0.7181208053691275
2073,40,0.5201,0.7056,0.6913,24.04,1869.37,0.7181208053691275
2073,41,0.5201,0.7071,0.6913,24.12,1998.77,0.7181208053691275
2073,42,0.52,0.7101,0.6913,24.32,2162.86,0.7181208053691275
2073,43,0.5198,0.7146,0.6913,24.4,2312.1,0.7181208053691275
2073,44,0.5197,0.7169,0.6913,24.55,2486.06,0.7181208053691275
2073,45,0.5196,0.7176,0.6913,24.84,2661.6,0.7181208053691275
2073,46,0.5194,0.7213,0.698,25.04,2875.5,0.7181208053691275
2073,47,0.5193,0.7266,0.698,25.41,3138.65,0.7181208053691275
2073,48,0.5189,0.7303,0.6913,25.6,3482.51,0.7181208053691275
2073,49,0.5184,0.7311,0.6913,25.97,3926.72,0.7181208053691275
2073,0,0.484,0.585,0.6376,11.21,94.79,0.7181208053691275
2073,1,0.484,0.585,0.6376,11.21,94.79,0.7181208053691275
2073,2,0.4832,0.5865,0.6376,11.97,98.31,0.7181208053691275
2073,3,0.4883,0.591,0.6376,12.83,111.03,0.7181208053691275
2073,4,0.4925,0.594,0.6376,13.67,131.57,0.7181208053691275
2073,5,0.4936,0.6007,0.6376,14.52,157.59,0.7181208053691275
2073,6,0.4959,0.6045,0.6376,15.23,175.59,0.7181208053691275
2073,7,0.4979,0.6075,0.6376,15.53,187.76,0.7181208053691275
2073,8,0.5013,0.609,0.6443,15.5,200.32,0.7181208053691275
2073,9,0.5029,0.6112,0.6577,15.66,209.64,0.7181208053691275
2073,10,0.5044,0.6135,0.651,15.95,221.42,0.7181208053691275
2073,11,0.5062,0.6157,0.6577,16.27,237.58,0.7181208053691275
2073,12,0.5086,0.618,0.6577,16.28,248.6,0.7181208053691275
2073,13,0.5099,0.6202,0.651,16.25,264.44,0.7181208053691275
2073,14,0.5103,0.6225,0.651,15.92,267.08,0.7181208053691275
2073,15,0.5116,0.6277,0.6443,15.67,268.44,0.7181208053691275
2073,16,0.5125,0.6292,0.6443,15.65,273.47,0.7181208053691275
2073,17,0.5138,0.63,0.6376,15.49,277.92,0.7181208053691275
2073,18,0.5146,0.6345,0.6443,15.51,290.15,0.7181208053691275
2073,19,0.5154,0.6352,0.6443,15.63,307.87,0.7181208053691275
2073,20,0.5165,0.636,0.651,15.62,324.08,0.7181208053691275
2073,21,0.5173,0.6367,0.651,15.6,341.64,0.7181208053691275
2073,22,0.5182,0.6397,0.651,15.76,363.85,0.7181208053691275
2073,23,0.5185,0.6397,0.651,15.84,393.78,0.7181208053691275
2073,24,0.5187,0.6404,0.651,15.85,424.63,0.7181208053691275
2073,25,0.5192,0.6427,0.651,15.86,459.68,0.7181208053691275
2073,26,0.5194,0.6434,0.651,15.94,513.47,0.7181208053691275
2073,27,0.5201,0.6434,0.6577,16.04,558.39,0.7181208053691275
2073,28,0.5205,0.6449,0.6577,16.18,607.38,0.7181208053691275
2073,29,0.5209,0.6472,0.6577,16.42,663.86,0.7181208053691275
2073,30,0.5214,0.6479,0.6577,16.54,714.28,0.7181208053691275
2073,31,0.5217,0.6494,0.6577,16.69,774.08,0.7181208053691275
2073,32,0.5219,0.6524,0.6577,16.87,828.62,0.7181208053691275
2073,33,0.5219,0.6524,0.6577,16.94,868.35,0.7181208053691275
2073,34,0.5222,0.6539,0.6644,17.01,913.11,0.7181208053691275
2073,35,0.5224,0.6562,0.6577,17.23,961.38,0.7181208053691275
2073,36,0.5225,0.6592,0.6644,17.37,1015.07,0.7181208053691275
2073,37,0.5227,0.6614,0.6644,17.49,1069.55,0.7181208053691275
2073,38,0.5226,0.6644,0.6711,17.63,1125.42,0.7181208053691275
2073,39,0.5226,0.6667,0.6711,17.78,1186.24,0.7181208053691275
2073,40,0.5228,0.6689,0.6711,17.83,1250.4,0.7181208053691275
2073,41,0.5228,0.6689,0.6711,18.1,1315.9,0.7181208053691275
2073,42,0.5228,0.6704,0.6711,18.35,1404.81,0.7181208053691275
2073,43,0.5226,0.6734,0.6711,18.46,1475.75,0.7181208053691275
2073,44,0.5225,0.6757,0.6711,18.68,1559.25,0.7181208053691275
2073,45,0.5224,0.6764,0.6711,18.92,1648.15,0.7181208053691275
2073,46,0.5225,0.6764,0.6711,19.15,1762.68,0.7181208053691275
2073,47,0.5224,0.6801,0.6711,19.44,1880.53,0.7181208053691275
2073,48,0.5223,0.6809,0.6711,19.77,1997.8,0.7181208053691275
2073,49,0.5222,0.6809,0.6711,20.06,2123.35,0.7181208053691275
2073,0,0.4719,0.567,0.6107,11.39,91.13,0.7181208053691275
2073,1,0.4719,0.567,0.6107,11.39,91.13,0.7181208053691275
2073,2,0.4748,0.5828,0.6174,12.37,107.78,0.7181208053691275
2073,3,0.4754,0.585,0.604,14.1,120.24,0.7181208053691275
2073,4,0.4807,0.5895,0.604,15.83,145.65,0.7181208053691275
2073,5,0.4868,0.594,0.6242,16.77,167.77,0.7181208053691275
2073,6,0.4909,0.5978,0.6174,17.51,179.59,0.7181208053691275
2073,7,0.4951,0.6045,0.6309,18.07,189.38,0.7181208053691275
2073,8,0.4984,0.612,0.6376,18.97,194.05,0.7181208053691275
2073,9,0.5033,0.612,0.6309,19.84,205.25,0.7181208053691275
2073,10,0.5058,0.618,0.6376,20.58,216.54,0.7181208053691275
2073,11,0.5083,0.624,0.6376,21.13,230.45,0.7181208053691275
2073,12,0.511,0.63,0.6443,21.67,243.56,0.7181208053691275
2073,13,0.5127,0.6315,0.6577,21.69,255.11,0.7181208053691275
2073,14,0.5147,0.636,0.6577,21.75,264.51,0.7181208053691275
2073,15,0.5165,0.6397,0.6577,21.71,270.86,0.7181208053691275
2073,16,0.518,0.6419,0.6577,21.61,278.47,0.7181208053691275
2073,17,0.5198,0.6442,0.6577,21.71,289.54,0.7181208053691275
2073,18,0.521,0.6472,0.6644,21.85,301.98,0.7181208053691275
2073,19,0.5219,0.6479,0.6644,22.02,320.36,0.7181208053691275
2073,20,0.5224,0.6517,0.6644,21.92,338.58,0.7181208053691275
2073,21,0.5233,0.6517,0.6644,21.92,359.89,0.7181208053691275
2073,22,0.524,0.6532,0.6711,21.81,380.18,0.7181208053691275
2073,23,0.5248,0.6547,0.6644,21.81,405.89,0.7181208053691275
2073,24,0.5255,0.6569,0.6644,21.83,429.12,0.7181208053691275
2073,25,0.5262,0.6592,0.6644,21.73,448.46,0.7181208053691275
2073,26,0.5268,0.6599,0.6577,21.67,476.0,0.7181208053691275
2073,27,0.5272,0.6652,0.6644,21.52,498.4,0.7181208053691275
2073,28,0.5274,0.6667,0.6644,21.62,529.05,0.7181208053691275
2073,29,0.5278,0.6697,0.6644,21.57,559.14,0.7181208053691275
2073,30,0.5281,0.6704,0.6711,21.62,597.05,0.7181208053691275
2073,31,0.5286,0.6712,0.6711,21.68,636.79,0.7181208053691275
2073,32,0.529,0.6727,0.6711,21.71,687.22,0.7181208053691275
2073,33,0.529,0.6742,0.6711,21.78,745.15,0.7181208053691275
2073,34,0.529,0.6794,0.6711,21.96,824.74,0.7181208053691275
2073,35,0.529,0.6801,0.6711,22.03,906.99,0.7181208053691275
2073,36,0.529,0.6831,0.6779,22.21,1008.85,0.7181208053691275
2073,37,0.5291,0.6839,0.6779,22.43,1108.54,0.7181208053691275
2073,38,0.529,0.6854,0.6779,22.75,1219.03,0.7181208053691275
2073,39,0.5286,0.6869,0.6779,22.9,1327.2,0.7181208053691275
2073,40,0.5283,0.6884,0.6779,23.1,1456.77,0.7181208053691275
2073,41,0.5281,0.6914,0.6779,23.14,1578.39,0.7181208053691275
2073,42,0.5279,0.6944,0.6846,23.22,1719.3,0.7181208053691275
2073,43,0.5277,0.6966,0.6846,23.36,1868.3,0.7181208053691275
2073,44,0.5275,0.6996,0.6846,23.38,2035.19,0.7181208053691275
2073,45,0.5272,0.7019,0.6846,23.46,2237.86,0.7181208053691275
2073,46,0.5269,0.7071,0.6846,23.48,2454.56,0.7181208053691275
2073,47,0.5266,0.7109,0.6846,23.44,2682.37,0.7181208053691275
2073,48,0.5263,0.7116,0.6846,23.41,2904.98,0.7181208053691275
2073,49,0.5261,0.7169,0.6913,23.41,3162.41,0.7181208053691275
168784,0,0.6148,0.7331,0.7333,5.91,188.72,0.8256410256410256
168784,1,0.6148,0.7331,0.7333,5.91,188.72,0.8256410256410256
168784,2,0.6187,0.748,0.7385,5.55,226.86,0.8256410256410256
168784,3,0.6241,0.7566,0.7333,5.9,303.4,0.8256410256410256
168784,4,0.6282,0.7646,0.7333,6.2,400.16,0.8256410256410256
168784,5,0.6315,0.7755,0.7487,6.81,498.35,0.8256410256410256
168784,6,0.6329,0.7881,0.7487,7.41,638.43,0.8256410256410256
168784,7,0.6371,0.7978,0.7487,8.15,830.12,0.8256410256410256
168784,8,0.6392,0.8058,0.759,8.91,991.64,0.8256410256410256
168784,9,0.6408,0.8144,0.7641,9.44,1139.94,0.8256410256410256
168784,10,0.6424,0.8253,0.759,9.88,1269.29,0.8256410256410256
168784,11,0.644,0.8339,0.7641,10.07,1328.92,0.8256410256410256
168784,12,0.6456,0.8419,0.759,10.12,1400.34,0.8256410256410256
168784,13,0.6468,0.8459,0.759,10.09,1459.3,0.8256410256410256
168784,14,0.6476,0.8499,0.759,10.08,1511.5,0.8256410256410256
168784,15,0.6482,0.8551,0.7641,10.08,1554.61,0.8256410256410256
168784,16,0.649,0.8597,0.759,10.01,1576.97,0.8256410256410256
168784,17,0.6497,0.8625,0.759,9.99,1602.5,0.8256410256410256
168784,18,0.6506,0.8648,0.7538,9.88,1626.03,0.8256410256410256
168784,19,0.6511,0.87,0.7641,9.92,1655.65,0.8256410256410256
168784,20,0.6515,0.8717,0.7641,9.9,1677.71,0.8256410256410256
168784,21,0.6521,0.8751,0.7641,10.01,1720.4,0.8256410256410256
168784,22,0.6525,0.8774,0.7692,10.02,1773.93,0.8256410256410256
168784,23,0.6528,0.8809,0.7692,10.07,1822.02,0.8256410256410256
168784,24,0.653,0.8826,0.7692,10.21,1879.41,0.8256410256410256
168784,25,0.6533,0.8849,0.7744,10.21,1935.31,0.8256410256410256
168784,26,0.6535,0.8883,0.7692,10.25,1996.28,0.8256410256410256
168784,27,0.6538,0.8912,0.7692,10.22,2042.84,0.8256410256410256
168784,28,0.654,0.894,0.7744,10.32,2103.68,0.8256410256410256
168784,29,0.6543,0.8969,0.7744,10.37,2165.09,0.8256410256410256
168784,30,0.6547,0.8986,0.7744,10.37,2223.21,0.8256410256410256
168784,31,0.6549,0.8998,0.7744,10.41,2275.71,0.8256410256410256
168784,32,0.655,0.9021,0.7692,10.48,2345.4,0.8256410256410256
168784,33,0.6552,0.9049,0.7692,10.46,2400.83,0.8256410256410256
168784,34,0.6553,0.9072,0.7641,10.43,2477.62,0.8256410256410256
168784,35,0.6555,0.9124,0.7692,10.42,2555.78,0.8256410256410256
168784,36,0.6557,0.9141,0.7641,10.42,2649.32,0.8256410256410256
168784,37,0.6559,0.9164,0.7641,10.48,2747.02,0.8256410256410256
168784,38,0.6561,0.9187,0.7641,10.45,2829.67,0.8256410256410256
168784,39,0.6561,0.9204,0.7641,10.45,2929.12,0.8256410256410256
168784,40,0.6561,0.921,0.7692,10.45,3029.85,0.8256410256410256
168784,41,0.6562,0.9238,0.7692,10.44,3122.35,0.8256410256410256
168784,42,0.6563,0.9278,0.7692,10.37,3211.63,0.8256410256410256
168784,43,0.6564,0.9313,0.7744,10.36,3299.38,0.8256410256410256
168784,44,0.6566,0.9347,0.7744,10.31,3401.81,0.8256410256410256
168784,45,0.6566,0.9359,0.7744,10.33,3488.29,0.8256410256410256
168784,46,0.6566,0.9393,0.7744,10.32,3586.42,0.8256410256410256
168784,47,0.6566,0.9427,0.7744,10.29,3656.47,0.8256410256410256
168784,48,0.6566,0.9444,0.7744,10.26,3730.27,0.8256410256410256
168784,49,0.6568,0.9456,0.7795,10.23,3798.74,0.8256410256410256
2073,0,0.46,0.5678,0.5973,14.09,160.9,0.7248322147651006
2073,1,0.46,0.5678,0.5973,14.09,160.9,0.7248322147651006
2073,2,0.4622,0.5775,0.5906,14.62,187.26,0.7248322147651006
2073,3,0.4712,0.5873,0.604,15.01,223.31,0.7248322147651006
2073,4,0.4741,0.5933,0.604,16.3,272.23,0.7248322147651006
2073,5,0.4806,0.5993,0.604,18.39,349.04,0.7248322147651006
2073,6,0.4848,0.6052,0.6242,19.52,390.91,0.7248322147651006
2073,7,0.4885,0.612,0.6242,20.83,437.82,0.7248322147651006
2073,8,0.4926,0.6165,0.6242,22.02,478.28,0.7248322147651006
2073,9,0.4959,0.6202,0.6309,23.4,535.87,0.7248322147651006
2073,10,0.4988,0.627,0.6309,24.12,585.83,0.7248322147651006
2073,11,0.502,0.636,0.6309,24.45,646.53,0.7248322147651006
2073,12,0.5037,0.639,0.6443,24.81,716.13,0.7248322147651006
2073,13,0.5056,0.6442,0.6443,25.62,793.19,0.7248322147651006
2073,14,0.5074,0.6532,0.6443,26.19,857.42,0.7248322147651006
2073,15,0.5092,0.6577,0.6443,26.58,920.04,0.7248322147651006
2073,16,0.5109,0.6599,0.6443,27.21,978.55,0.7248322147651006
2073,17,0.5125,0.6637,0.6443,27.52,1023.76,0.7248322147651006
2073,18,0.5136,0.6644,0.6577,27.49,1069.57,0.7248322147651006
2073,19,0.5146,0.6682,0.6644,27.41,1097.78,0.7248322147651006
2073,20,0.5155,0.6719,0.6577,27.33,1125.49,0.7248322147651006
2073,21,0.5165,0.6742,0.6644,27.29,1155.57,0.7248322147651006
2073,22,0.5171,0.6779,0.6711,27.16,1179.85,0.7248322147651006
2073,23,0.5175,0.6794,0.6711,27.06,1214.04,0.7248322147651006
2073,24,0.5181,0.6801,0.6711,27.06,1265.39,0.7248322147651006
2073,25,0.5186,0.6846,0.6711,26.95,1320.61,0.7248322147651006
2073,26,0.5191,0.6876,0.6711,26.89,1416.92,0.7248322147651006
2073,27,0.5193,0.6914,0.6779,26.93,1541.24,0.7248322147651006
2073,28,0.5195,0.6929,0.6779,26.96,1684.42,0.7248322147651006
2073,29,0.5194,0.6989,0.6779,27.07,1833.95,0.7248322147651006
2073,30,0.5196,0.7034,0.6779,27.15,1992.18,0.7248322147651006
2073,31,0.5195,0.7049,0.6779,27.18,2146.52,0.7248322147651006
2073,32,0.5194,0.7071,0.6846,27.27,2297.37,0.7248322147651006
2073,33,0.5193,0.7094,0.6846,27.34,2435.59,0.7248322147651006
2073,34,0.5193,0.7146,0.6779,27.39,2573.34,0.7248322147651006
2073,35,0.5193,0.7191,0.6779,27.34,2706.39,0.7248322147651006
2073,36,0.5193,0.7191,0.6913,27.26,2833.13,0.7248322147651006
2073,37,0.5193,0.7243,0.698,27.14,2963.86,0.7248322147651006
2073,38,0.5193,0.7281,0.698,27.04,3086.95,0.7248322147651006
2073,39,0.5192,0.7311,0.698,26.93,3216.77,0.7248322147651006
2073,40,0.519,0.7326,0.698,26.85,3347.08,0.7248322147651006
2073,41,0.5189,0.7348,0.6913,26.74,3486.1,0.7248322147651006
2073,42,0.5189,0.7401,0.6913,26.66,3636.87,0.7248322147651006
2073,43,0.5187,0.7446,0.6913,26.53,3806.47,0.7248322147651006
2073,44,0.5185,0.7461,0.6913,26.6,3982.34,0.7248322147651006
2073,45,0.5183,0.7491,0.6913,26.6,4136.06,0.7248322147651006
2073,46,0.5181,0.7506,0.698,26.41,4259.11,0.7248322147651006
2073,47,0.5179,0.7513,0.7047,26.27,4390.24,0.7248322147651006
2073,48,0.5177,0.7558,0.7047,26.18,4540.8,0.7248322147651006
2073,49,0.5176,0.7573,0.7047,26.02,4692.71,0.7248322147651006
190146,0,0.6394,0.8029,0.7294,3.37,59.08,0.7529411764705882
190146,1,0.6394,0.8029,0.7294,3.37,59.08,0.7529411764705882
190146,2,0.6415,0.8095,0.7294,3.24,61.19,0.7529411764705882
190146,3,0.6443,0.8213,0.7294,3.6,73.82,0.7529411764705882
190146,4,0.6464,0.8331,0.7294,4.07,91.6,0.7529411764705882
190146,5,0.649,0.8463,0.7294,4.71,114.38,0.7529411764705882
190146,6,0.652,0.8581,0.7294,5.32,135.54,0.7529411764705882
190146,7,0.6536,0.8686,0.7294,5.99,153.48,0.7529411764705882
190146,8,0.6551,0.8817,0.7294,6.35,166.62,0.7529411764705882
190146,9,0.656,0.8909,0.7294,6.57,176.07,0.7529411764705882
190146,10,0.6566,0.9041,0.7176,6.73,183.11,0.7529411764705882
190146,11,0.6575,0.9133,0.7176,6.84,189.66,0.7529411764705882
190146,12,0.6583,0.9133,0.7176,6.84,196.69,0.7529411764705882
190146,13,0.659,0.9159,0.7176,7.11,207.48,0.7529411764705882
190146,14,0.6597,0.9212,0.7176,7.2,218.54,0.7529411764705882
190146,15,0.6598,0.9251,0.7294,7.36,231.88,0.7529411764705882
190146,16,0.6601,0.9264,0.7294,7.5,242.85,0.7529411764705882
190146,17,0.6608,0.9304,0.7294,7.65,254.86,0.7529411764705882
190146,18,0.6617,0.9369,0.7294,7.92,267.3,0.7529411764705882
190146,19,0.6619,0.9382,0.7294,8.14,282.71,0.7529411764705882
190146,20,0.6624,0.9422,0.7294,8.16,300.2,0.7529411764705882
190146,21,0.6632,0.9461,0.7294,8.21,318.5,0.7529411764705882
190146,22,0.6637,0.9488,0.7294,8.38,338.67,0.7529411764705882
190146,23,0.6638,0.9527,0.7294,8.49,360.97,0.7529411764705882
190146,24,0.6642,0.9566,0.7294,8.66,384.32,0.7529411764705882
190146,25,0.6646,0.9593,0.7294,8.77,412.87,0.7529411764705882
190146,26,0.6647,0.9632,0.7294,8.77,440.15,0.7529411764705882
190146,27,0.6651,0.9645,0.7294,8.9,468.41,0.7529411764705882
190146,28,0.6656,0.9658,0.7294,8.99,501.12,0.7529411764705882
190146,29,0.666,0.9671,0.7294,9.14,537.91,0.7529411764705882
190146,30,0.6662,0.9685,0.7294,9.29,578.47,0.7529411764705882
190146,31,0.6665,0.9711,0.7294,9.32,614.94,0.7529411764705882
190146,32,0.6668,0.9711,0.7294,9.4,658.7,0.7529411764705882
190146,33,0.667,0.9737,0.7294,9.51,708.38,0.7529411764705882
190146,34,0.667,0.975,0.7294,9.58,760.59,0.7529411764705882
190146,35,0.6671,0.9777,0.7294,9.73,812.51,0.7529411764705882
190146,36,0.6674,0.979,0.7176,9.87,860.45,0.7529411764705882
190146,37,0.6676,0.979,0.7176,9.96,903.95,0.7529411764705882
190146,38,0.668,0.9816,0.7176,10.18,942.67,0.7529411764705882
190146,39,0.6683,0.9829,0.7176,10.25,975.73,0.7529411764705882
190146,40,0.6686,0.9829,0.7176,10.33,1004.51,0.7529411764705882
190146,41,0.6688,0.9829,0.7176,10.36,1031.65,0.7529411764705882
190146,42,0.6689,0.9842,0.7176,10.4,1057.24,0.7529411764705882
190146,43,0.6693,0.9882,0.7176,10.44,1075.11,0.7529411764705882
190146,44,0.6695,0.9895,0.7176,10.5,1091.43,0.7529411764705882
190146,45,0.6697,0.9895,0.7176,10.55,1106.07,0.7529411764705882
190146,46,0.67,0.9921,0.7176,10.55,1118.94,0.7529411764705882
190146,47,0.6702,0.9921,0.7176,10.54,1131.16,0.7529411764705882
190146,48,0.6702,0.9921,0.7176,10.55,1144.07,0.7529411764705882
190146,49,0.6705,0.9921,0.7294,10.5,1151.57,0.7529411764705882
168784,0,0.6111,0.7583,0.7385,5.11,207.11,0.8256410256410256
168784,1,0.6111,0.7583,0.7385,5.11,207.11,0.8256410256410256
168784,2,0.6162,0.7572,0.7385,4.64,206.21,0.8256410256410256
168784,3,0.6203,0.764,0.7487,4.78,243.99,0.8256410256410256
168784,4,0.6246,0.7715,0.7538,5.9,352.48,0.8256410256410256
168784,5,0.6293,0.7812,0.7487,7.49,540.18,0.8256410256410256
168784,6,0.6324,0.7921,0.7538,8.84,714.73,0.8256410256410256
168784,7,0.6359,0.8024,0.7538,9.62,865.48,0.8256410256410256
168784,8,0.6388,0.8127,0.7538,10.77,981.83,0.8256410256410256
168784,9,0.6411,0.8213,0.759,11.52,1111.32,0.8256410256410256
168784,10,0.6424,0.8328,0.7641,12.07,1259.83,0.8256410256410256
168784,11,0.6441,0.8402,0.759,12.13,1418.26,0.8256410256410256
168784,12,0.6452,0.8471,0.759,12.18,1538.65,0.8256410256410256
168784,13,0.646,0.854,0.759,12.41,1639.5,0.8256410256410256
168784,14,0.6468,0.8603,0.759,12.37,1731.61,0.8256410256410256
168784,15,0.6477,0.8648,0.7641,12.33,1831.54,0.8256410256410256
168784,16,0.6484,0.8717,0.759,12.31,1965.44,0.8256410256410256
168784,17,0.6494,0.8734,0.7692,12.16,2097.13,0.8256410256410256
168784,18,0.6499,0.8786,0.759,12.08,2224.26,0.8256410256410256
168784,19,0.6506,0.882,0.7538,11.95,2358.91,0.8256410256410256
168784,20,0.6509,0.8843,0.7538,11.8,2480.84,0.8256410256410256
168784,21,0.6515,0.8883,0.7538,11.61,2602.21,0.8256410256410256
168784,22,0.6521,0.8918,0.759,11.49,2719.68,0.8256410256410256
168784,23,0.6524,0.8952,0.759,11.32,2870.64,0.8256410256410256
168784,24,0.6527,0.9003,0.759,11.17,3021.17,0.8256410256410256
168784,25,0.6531,0.9032,0.759,11.1,3187.6,0.8256410256410256
168784,26,0.6534,0.9055,0.759,11.03,3333.7,0.8256410256410256
168784,27,0.6535,0.9112,0.759,10.9,3471.88,0.8256410256410256
168784,28,0.6537,0.917,0.759,10.76,3572.49,0.8256410256410256
168784,29,0.654,0.9198,0.7538,10.67,3679.99,0.8256410256410256
168784,30,0.6543,0.9233,0.759,10.54,3798.02,0.8256410256410256
168784,31,0.6543,0.9267,0.759,10.52,3936.68,0.8256410256410256
168784,32,0.6544,0.9307,0.759,10.48,4069.22,0.8256410256410256
168784,33,0.6546,0.9341,0.7641,10.47,4230.32,0.8256410256410256
168784,34,0.6546,0.937,0.7692,10.49,4383.55,0.8256410256410256
168784,35,0.6548,0.9416,0.7744,10.53,4524.43,0.8256410256410256
168784,36,0.655,0.9462,0.7744,10.54,4654.18,0.8256410256410256
168784,37,0.6551,0.949,0.7744,10.56,4793.33,0.8256410256410256
168784,38,0.6552,0.953,0.7795,10.63,4939.11,0.8256410256410256
168784,39,0.6553,0.9536,0.7795,10.67,5081.75,0.8256410256410256
168784,40,0.6553,0.9553,0.7795,10.69,5209.59,0.8256410256410256
168784,41,0.6555,0.9565,0.7795,10.68,5331.74,0.8256410256410256
168784,42,0.6556,0.9576,0.7795,10.67,5437.98,0.8256410256410256
168784,43,0.6557,0.9605,0.7795,10.62,5544.8,0.8256410256410256
168784,44,0.6559,0.9622,0.7795,10.57,5645.28,0.8256410256410256
168784,45,0.656,0.9668,0.7795,10.48,5727.25,0.8256410256410256
168784,46,0.6562,0.9696,0.7795,10.4,5800.82,0.8256410256410256
168784,47,0.6563,0.9714,0.7795,10.36,5876.19,0.8256410256410256
168784,48,0.6565,0.9737,0.7795,10.32,5950.51,0.8256410256410256
168784,49,0.6566,0.9754,0.7795,10.3,6025.43,0.8256410256410256
168784,0,0.6231,0.7451,0.7692,4.05,248.63,0.8153846153846154
168784,1,0.6231,0.7451,0.7692,4.05,248.63,0.8153846153846154
168784,2,0.6275,0.7554,0.7538,4.62,283.66,0.8153846153846154
168784,3,0.6292,0.7617,0.7692,4.98,303.56,0.8153846153846154
168784,4,0.6319,0.7686,0.7641,5.27,348.74,0.8153846153846154
168784,5,0.6349,0.7738,0.7538,5.79,419.04,0.8153846153846154
168784,6,0.6375,0.7864,0.7487,6.27,513.96,0.8153846153846154
168784,7,0.6397,0.7944,0.7538,6.57,576.71,0.8153846153846154
168784,8,0.6417,0.8024,0.7538,6.91,638.52,0.8153846153846154
168784,9,0.6431,0.8053,0.759,7.3,702.28,0.8153846153846154
168784,10,0.6442,0.8133,0.7641,7.52,763.68,0.8153846153846154
168784,11,0.6453,0.8179,0.759,7.66,808.73,0.8153846153846154
168784,12,0.6464,0.8236,0.7641,7.91,838.94,0.8153846153846154
168784,13,0.647,0.8282,0.7538,7.98,863.96,0.8153846153846154
168784,14,0.6477,0.8305,0.7641,7.91,882.17,0.8153846153846154
168784,15,0.6487,0.8322,0.759,7.86,892.19,0.8153846153846154
168784,16,0.6495,0.8351,0.7538,7.75,894.44,0.8153846153846154
168784,17,0.6497,0.8379,0.7538,7.66,896.52,0.8153846153846154
168784,18,0.6502,0.8408,0.759,7.63,899.97,0.8153846153846154
168784,19,0.6509,0.8425,0.759,7.58,914.1,0.8153846153846154
168784,20,0.6515,0.8448,0.759,7.51,931.18,0.8153846153846154
168784,21,0.6518,0.8471,0.759,7.52,962.56,0.8153846153846154
168784,22,0.6521,0.8511,0.7641,7.55,1001.59,0.8153846153846154
168784,23,0.6525,0.8545,0.7692,7.59,1060.68,0.8153846153846154
168784,24,0.6529,0.8568,0.7641,7.64,1114.97,0.8153846153846154
168784,25,0.6531,0.8574,0.7692,7.67,1179.3,0.8153846153846154
168784,26,0.6532,0.862,0.7692,7.73,1248.54,0.8153846153846154
168784,27,0.6534,0.8648,0.7692,7.78,1322.5,0.8153846153846154
168784,28,0.6535,0.8688,0.7692,7.82,1397.87,0.8153846153846154
168784,29,0.6538,0.8711,0.7692,7.87,1473.18,0.8153846153846154
168784,30,0.6539,0.8717,0.7692,7.99,1562.0,0.8153846153846154
168784,31,0.654,0.8729,0.7692,8.0,1643.99,0.8153846153846154
168784,32,0.6543,0.8734,0.7692,8.09,1736.31,0.8153846153846154
168784,33,0.6543,0.8757,0.7641,8.18,1827.89,0.8153846153846154
168784,34,0.6544,0.8809,0.7641,8.32,1916.1,0.8153846153846154
168784,35,0.6545,0.8826,0.759,8.41,2017.69,0.8153846153846154
168784,36,0.6547,0.8849,0.759,8.47,2118.07,0.8153846153846154
168784,37,0.6549,0.8877,0.759,8.58,2217.66,0.8153846153846154
168784,38,0.6551,0.89,0.759,8.67,2332.27,0.8153846153846154
168784,39,0.6552,0.8946,0.7641,8.77,2438.76,0.8153846153846154
168784,40,0.6552,0.8969,0.7692,8.86,2555.16,0.8153846153846154
168784,41,0.6553,0.8992,0.7692,8.93,2664.07,0.8153846153846154
168784,42,0.6554,0.9021,0.7692,9.03,2774.85,0.8153846153846154
168784,43,0.6554,0.9038,0.7692,9.13,2875.51,0.8153846153846154
168784,44,0.6554,0.9078,0.7692,9.18,2980.9,0.8153846153846154
168784,45,0.6555,0.9101,0.7692,9.25,3085.1,0.8153846153846154
168784,46,0.6556,0.9112,0.7692,9.32,3188.45,0.8153846153846154
168784,47,0.6557,0.9141,0.7692,9.4,3286.2,0.8153846153846154
168784,48,0.6559,0.9158,0.7744,9.52,3381.3,0.8153846153846154
168784,49,0.656,0.9187,0.7744,9.59,3490.03,0.8153846153846154
190146,0,0.6481,0.8213,0.6941,3.83,98.61,0.788235294117647
190146,1,0.6481,0.8213,0.6941,3.83,98.61,0.788235294117647
190146,2,0.6478,0.8423,0.7176,3.91,121.06,0.788235294117647
190146,3,0.6521,0.8541,0.7176,4.34,138.83,0.788235294117647
190146,4,0.6541,0.8725,0.7294,4.81,163.3,0.788235294117647
190146,5,0.6549,0.8883,0.7294,5.04,203.52,0.788235294117647
190146,6,0.6558,0.9014,0.7294,5.31,241.49,0.788235294117647
190146,7,0.6573,0.9159,0.7294,5.46,286.25,0.788235294117647
190146,8,0.6585,0.9198,0.7412,5.59,319.87,0.788235294117647
190146,9,0.6597,0.9264,0.7412,5.59,354.71,0.788235294117647
190146,10,0.6611,0.9317,0.7412,5.59,394.1,0.788235294117647
190146,11,0.6621,0.9369,0.7412,5.64,428.8,0.788235294117647
190146,12,0.6629,0.9422,0.7294,5.87,464.48,0.788235294117647
190146,13,0.6639,0.9448,0.7294,5.88,482.37,0.788235294117647
190146,14,0.6648,0.9488,0.7294,5.99,500.38,0.788235294117647
190146,15,0.6651,0.9527,0.7294,6.08,520.53,0.788235294117647
190146,16,0.6657,0.9593,0.7294,6.17,533.85,0.788235294117647
190146,17,0.6659,0.9632,0.7294,6.32,552.22,0.788235294117647
190146,18,0.6662,0.9645,0.7176,6.58,572.53,0.788235294117647
190146,19,0.6664,0.9658,0.7176,6.66,588.65,0.788235294117647
190146,20,0.6666,0.9685,0.7176,6.78,604.47,0.788235294117647
190146,21,0.6671,0.9685,0.7176,6.92,617.4,0.788235294117647
190146,22,0.6674,0.9724,0.7176,7.11,634.26,0.788235294117647
190146,23,0.6675,0.9724,0.7176,7.22,654.4,0.788235294117647
190146,24,0.668,0.9724,0.7176,7.31,669.36,0.788235294117647
190146,25,0.6685,0.9724,0.7176,7.55,687.83,0.788235294117647
190146,26,0.6686,0.9763,0.7176,7.66,701.63,0.788235294117647
190146,27,0.6688,0.9763,0.7176,7.89,720.14,0.788235294117647
190146,28,0.6691,0.9777,0.7176,8.0,735.71,0.788235294117647
190146,29,0.6694,0.979,0.7176,8.12,748.3,0.788235294117647
190146,30,0.6698,0.9803,0.7176,8.21,760.24,0.788235294117647
190146,31,0.6699,0.9816,0.7176,8.27,770.88,0.788235294117647
190146,32,0.6702,0.9855,0.7176,8.34,781.75,0.788235294117647
190146,33,0.6705,0.9855,0.7176,8.35,794.45,0.788235294117647
190146,34,0.6706,0.9855,0.7176,8.43,800.36,0.788235294117647
190146,35,0.6706,0.9869,0.7176,8.51,807.67,0.788235294117647
190146,36,0.6709,0.9869,0.7176,8.61,814.2,0.788235294117647
190146,37,0.6711,0.9882,0.7176,8.72,823.56,0.788235294117647
190146,38,0.6712,0.9895,0.7176,8.88,828.65,0.788235294117647
190146,39,0.6714,0.9895,0.7176,9.0,832.19,0.788235294117647
190146,40,0.6715,0.9908,0.7176,9.06,835.19,0.788235294117647
190146,41,0.6715,0.9908,0.7176,9.08,835.94,0.788235294117647
190146,42,0.6716,0.9908,0.7294,9.12,837.75,0.788235294117647
190146,43,0.6718,0.9908,0.7294,9.14,838.8,0.788235294117647
190146,44,0.6717,0.9921,0.7176,9.14,840.67,0.788235294117647
190146,45,0.6717,0.9921,0.7176,9.14,841.56,0.788235294117647
190146,46,0.6717,0.9921,0.7176,9.15,840.25,0.788235294117647
190146,47,0.6717,0.9921,0.7176,9.15,839.21,0.788235294117647
190146,48,0.6717,0.9934,0.7176,9.19,838.69,0.788235294117647
190146,49,0.6719,0.9961,0.7176,9.15,838.1,0.788235294117647
168784,0,0.6181,0.7383,0.7333,3.18,256.73,0.8153846153846154
168784,1,0.6181,0.7383,0.7333,3.18,256.73,0.8153846153846154
168784,2,0.6187,0.7423,0.7333,3.88,330.56,0.8153846153846154
168784,3,0.6206,0.7537,0.7333,4.66,468.36,0.8153846153846154
168784,4,0.6252,0.7623,0.7385,5.94,699.51,0.8153846153846154
168784,5,0.6292,0.7755,0.7385,8.33,1085.54,0.8153846153846154
168784,6,0.6335,0.7915,0.7538,10.36,1526.98,0.8153846153846154
168784,7,0.6372,0.8064,0.7487,12.45,1902.48,0.8153846153846154
168784,8,0.6393,0.8242,0.7538,13.81,2186.37,0.8153846153846154
168784,9,0.6418,0.8379,0.7538,14.32,2337.89,0.8153846153846154
168784,10,0.643,0.8431,0.759,14.63,2441.16,0.8153846153846154
168784,11,0.6447,0.8505,0.759,14.86,2500.95,0.8153846153846154
168784,12,0.6453,0.8585,0.759,15.03,2525.77,0.8153846153846154
168784,13,0.6464,0.8654,0.7641,15.03,2545.63,0.8153846153846154
168784,14,0.6475,0.8723,0.759,14.82,2567.15,0.8153846153846154
168784,15,0.6486,0.8774,0.7641,14.63,2578.69,0.8153846153846154
168784,16,0.6493,0.8826,0.7641,14.59,2596.27,0.8153846153846154
168784,17,0.6503,0.8866,0.7641,14.42,2626.05,0.8153846153846154
168784,18,0.6508,0.8895,0.7641,14.31,2700.42,0.8153846153846154
168784,19,0.6513,0.8952,0.7641,14.29,2786.15,0.8153846153846154
168784,20,0.6519,0.8992,0.7641,14.24,2865.51,0.8153846153846154
168784,21,0.6525,0.9032,0.7641,14.13,2912.83,0.8153846153846154
168784,22,0.653,0.9078,0.759,13.98,2959.56,0.8153846153846154
168784,23,0.6533,0.9089,0.7692,13.95,3012.67,0.8153846153846154
168784,24,0.6535,0.9129,0.7692,13.92,3086.55,0.8153846153846154
168784,25,0.6537,0.9147,0.7692,13.75,3158.26,0.8153846153846154
168784,26,0.6541,0.9175,0.7692,13.64,3226.23,0.8153846153846154
168784,27,0.6544,0.9221,0.7692,13.51,3302.54,0.8153846153846154
168784,28,0.6545,0.9261,0.7692,13.41,3390.74,0.8153846153846154
168784,29,0.6547,0.9313,0.7744,13.26,3474.18,0.8153846153846154
168784,30,0.655,0.9364,0.7744,13.14,3572.39,0.8153846153846154
168784,31,0.6551,0.9404,0.7846,13.0,3651.92,0.8153846153846154
168784,32,0.6553,0.9427,0.7795,12.88,3719.84,0.8153846153846154
168784,33,0.6554,0.9456,0.7795,12.75,3801.18,0.8153846153846154
168784,34,0.6556,0.9479,0.7897,12.64,3878.72,0.8153846153846154
168784,35,0.6559,0.9502,0.7795,12.53,3955.92,0.8153846153846154
168784,36,0.6561,0.9519,0.7795,12.44,4050.14,0.8153846153846154
168784,37,0.6562,0.9536,0.7795,12.34,4136.34,0.8153846153846154
168784,38,0.6563,0.9548,0.7795,12.22,4207.71,0.8153846153846154
168784,39,0.6563,0.957,0.7795,12.09,4258.21,0.8153846153846154
168784,40,0.6563,0.9593,0.7846,11.99,4333.6,0.8153846153846154
168784,41,0.6565,0.9616,0.7846,11.87,4427.81,0.8153846153846154
168784,42,0.6568,0.9628,0.7846,11.76,4517.35,0.8153846153846154
168784,43,0.6569,0.9651,0.7846,11.67,4606.99,0.8153846153846154
168784,44,0.6571,0.9674,0.7795,11.6,4693.66,0.8153846153846154
168784,45,0.6573,0.9702,0.7846,11.48,4771.21,0.8153846153846154
168784,46,0.6574,0.9725,0.7846,11.38,4858.75,0.8153846153846154
168784,47,0.6575,0.9742,0.7795,11.28,4935.85,0.8153846153846154
168784,48,0.6575,0.9742,0.7897,11.23,5008.87,0.8153846153846154
168784,49,0.6576,0.9759,0.7897,11.15,5079.29,0.8153846153846154
168784,0,0.6147,0.744,0.7231,5.29,232.44,0.8205128205128205
168784,1,0.6147,0.744,0.7231,5.29,232.44,0.8205128205128205
168784,2,0.6184,0.748,0.7333,4.96,263.2,0.8205128205128205
168784,3,0.6214,0.7543,0.7436,5.42,316.33,0.8205128205128205
168784,4,0.6244,0.76,0.7436,6.16,358.91,0.8205128205128205
168784,5,0.628,0.7686,0.7487,6.91,410.01,0.8205128205128205
168784,6,0.6323,0.7755,0.7487,7.52,479.2,0.8205128205128205
168784,7,0.6352,0.7904,0.7487,8.15,577.45,0.8205128205128205
168784,8,0.6375,0.7973,0.7436,8.98,678.76,0.8205128205128205
168784,9,0.6401,0.8036,0.7538,9.55,784.08,0.8205128205128205
168784,10,0.6418,0.8133,0.7538,10.56,923.59,0.8205128205128205
168784,11,0.6433,0.8219,0.7538,11.3,1048.16,0.8205128205128205
168784,12,0.6448,0.8293,0.7538,11.77,1148.06,0.8205128205128205
168784,13,0.646,0.8368,0.7641,12.05,1261.05,0.8205128205128205
168784,14,0.6471,0.8431,0.7641,12.34,1389.15,0.8205128205128205
168784,15,0.6475,0.8471,0.7641,12.74,1508.94,0.8205128205128205
168784,16,0.6486,0.8568,0.7641,12.83,1634.42,0.8205128205128205
168784,17,0.6494,0.862,0.7641,12.88,1763.17,0.8205128205128205
168784,18,0.6498,0.8677,0.759,12.97,1873.32,0.8205128205128205
168784,19,0.6504,0.8711,0.759,13.02,1988.68,0.8205128205128205
168784,20,0.6512,0.8763,0.759,12.93,2095.85,0.8205128205128205
168784,21,0.6515,0.8803,0.759,13.01,2228.19,0.8205128205128205
168784,22,0.6517,0.8814,0.759,13.0,2378.65,0.8205128205128205
168784,23,0.6521,0.886,0.759,13.07,2562.25,0.8205128205128205
168784,24,0.6524,0.89,0.759,13.05,2732.95,0.8205128205128205
168784,25,0.6526,0.8929,0.759,13.12,2892.29,0.8205128205128205
168784,26,0.6528,0.8986,0.7538,13.23,3018.48,0.8205128205128205
168784,27,0.6531,0.9015,0.7538,13.19,3163.83,0.8205128205128205
168784,28,0.6534,0.9055,0.759,13.35,3296.79,0.8205128205128205
168784,29,0.6535,0.9084,0.759,13.33,3456.82,0.8205128205128205
168784,30,0.6536,0.9118,0.759,13.36,3600.19,0.8205128205128205
168784,31,0.6539,0.9158,0.7641,13.32,3732.9,0.8205128205128205
168784,32,0.654,0.9181,0.7692,13.24,3876.4,0.8205128205128205
168784,33,0.6542,0.9227,0.7692,13.15,4014.49,0.8205128205128205
168784,34,0.6545,0.9278,0.7641,13.12,4120.76,0.8205128205128205
168784,35,0.6547,0.9324,0.7641,13.0,4226.32,0.8205128205128205
168784,36,0.655,0.9347,0.7692,12.86,4313.79,0.8205128205128205
168784,37,0.6551,0.9376,0.7692,12.76,4399.44,0.8205128205128205
168784,38,0.6552,0.9387,0.7744,12.68,4481.01,0.8205128205128205
168784,39,0.6553,0.9422,0.7744,12.59,4565.72,0.8205128205128205
168784,40,0.6554,0.9456,0.7795,12.52,4650.89,0.8205128205128205
168784,41,0.6556,0.9479,0.7795,12.45,4739.86,0.8205128205128205
168784,42,0.6557,0.949,0.7795,12.33,4820.41,0.8205128205128205
168784,43,0.6559,0.9507,0.7795,12.28,4906.68,0.8205128205128205
168784,44,0.6559,0.9542,0.7795,12.19,5001.06,0.8205128205128205
168784,45,0.6561,0.9553,0.7795,12.14,5113.81,0.8205128205128205
168784,46,0.6561,0.9576,0.7846,12.1,5213.05,0.8205128205128205
168784,47,0.6562,0.9593,0.7795,12.06,5308.22,0.8205128205128205
168784,48,0.6563,0.9611,0.7795,12.06,5401.66,0.8205128205128205
168784,49,0.6565,0.9639,0.7795,12.04,5500.13,0.8205128205128205
359954,0,0.4796,0.6405,0.5541,9.66,140.1,0.6756756756756757
359954,1,0.4796,0.6405,0.5541,9.66,140.1,0.6756756756756757
359954,2,0.4737,0.6526,0.5405,11.05,152.9,0.6756756756756757
359954,3,0.4774,0.6692,0.5811,10.79,161.38,0.6756756756756757
359954,4,0.4808,0.6813,0.6081,11.14,179.61,0.6756756756756757
359954,5,0.4819,0.6888,0.5676,11.69,212.89,0.6756756756756757
359954,6,0.4852,0.7009,0.5676,12.14,244.3,0.6756756756756757
359954,7,0.4899,0.7145,0.5811,12.65,267.6,0.6756756756756757
359954,8,0.4926,0.7266,0.5811,13.1,297.19,0.6756756756756757
359954,9,0.495,0.7341,0.5811,13.62,317.81,0.6756756756756757
359954,10,0.4976,0.7477,0.5946,14.0,331.65,0.6756756756756757
359954,11,0.4986,0.7553,0.5946,14.27,350.37,0.6756756756756757
359954,12,0.4998,0.7613,0.6216,14.47,365.55,0.6756756756756757
359954,13,0.5013,0.7674,0.6216,14.67,379.05,0.6756756756756757
359954,14,0.5028,0.7704,0.6216,14.8,393.36,0.6756756756756757
359954,15,0.5032,0.781,0.6216,15.08,412.02,0.6756756756756757
359954,16,0.5048,0.7855,0.6216,15.27,446.4,0.6756756756756757
359954,17,0.5061,0.79,0.6216,15.55,480.76,0.6756756756756757
359954,18,0.5067,0.7976,0.6216,15.85,524.03,0.6756756756756757
359954,19,0.5078,0.8051,0.6351,16.04,568.58,0.6756756756756757
359954,20,0.5088,0.8082,0.6351,16.35,621.32,0.6756756756756757
359954,21,0.5096,0.8157,0.6351,16.69,682.5,0.6756756756756757
359954,22,0.51,0.8248,0.6486,16.9,750.69,0.6756756756756757
359954,23,0.5113,0.8353,0.6351,16.97,821.09,0.6756756756756757
359954,24,0.5125,0.8384,0.6351,16.93,887.1,0.6756756756756757
359954,25,0.513,0.8459,0.6486,16.89,956.24,0.6756756756756757
359954,26,0.5138,0.855,0.6486,16.9,1027.11,0.6756756756756757
359954,27,0.5143,0.8595,0.6351,16.87,1096.11,0.6756756756756757
359954,28,0.5144,0.8686,0.6351,16.89,1155.91,0.6756756756756757
359954,29,0.515,0.8746,0.6486,16.95,1213.17,0.6756756756756757
359954,30,0.5154,0.8761,0.6622,16.89,1261.43,0.6756756756756757
359954,31,0.5158,0.8807,0.6622,16.92,1326.36,0.6756756756756757
359954,32,0.5166,0.8852,0.6486,17.02,1386.29,0.6756756756756757
359954,33,0.5169,0.8882,0.6486,17.03,1453.18,0.6756756756756757
359954,34,0.5171,0.8897,0.6486,17.1,1519.08,0.6756756756756757
359954,35,0.5175,0.8943,0.6622,17.27,1583.11,0.6756756756756757
359954,36,0.5178,0.8988,0.6622,17.39,1655.95,0.6756756756756757
359954,37,0.5183,0.9003,0.6622,17.46,1726.98,0.6756756756756757
359954,38,0.5185,0.9048,0.6622,17.54,1792.98,0.6756756756756757
359954,39,0.5185,0.9109,0.6622,17.72,1860.19,0.6756756756756757
359954,40,0.5188,0.9124,0.6622,17.78,1913.0,0.6756756756756757
359954,41,0.519,0.9124,0.6622,17.79,1975.75,0.6756756756756757
359954,42,0.519,0.9184,0.6622,17.8,2028.73,0.6756756756756757
359954,43,0.5192,0.9199,0.6622,17.88,2083.01,0.6756756756756757
359954,44,0.5192,0.9215,0.6622,17.82,2129.41,0.6756756756756757
359954,45,0.5193,0.923,0.6622,17.79,2172.35,0.6756756756756757
359954,46,0.5197,0.923,0.6622,17.85,2214.98,0.6756756756756757
359954,47,0.52,0.9305,0.6622,17.89,2263.42,0.6756756756756757
359954,48,0.5203,0.9335,0.6622,17.9,2302.25,0.6756756756756757
359954,49,0.5204,0.9366,0.6622,17.95,2338.72,0.6756756756756757
2073,0,0.4698,0.5933,0.5973,10.49,112.29,0.7181208053691275
2073,1,0.4698,0.5933,0.5973,10.49,112.29,0.7181208053691275
2073,2,0.4784,0.5955,0.604,13.07,148.6,0.7181208053691275
2073,3,0.478,0.594,0.5973,14.1,159.03,0.7181208053691275
2073,4,0.4796,0.5978,0.6107,14.95,172.66,0.7181208053691275
2073,5,0.4816,0.5978,0.6174,15.02,174.74,0.7181208053691275
2073,6,0.4842,0.5985,0.6107,15.51,193.3,0.7181208053691275
2073,7,0.4886,0.6,0.6174,15.52,198.45,0.7181208053691275
2073,8,0.4913,0.603,0.6242,16.68,213.89,0.7181208053691275
2073,9,0.4936,0.6082,0.6242,16.84,222.51,0.7181208053691275
2073,10,0.4947,0.6112,0.6242,18.08,236.03,0.7181208053691275
2073,11,0.496,0.6127,0.6309,18.92,257.46,0.7181208053691275
2073,12,0.4987,0.6157,0.6309,19.51,272.62,0.7181208053691275
2073,13,0.501,0.6225,0.6309,20.12,290.36,0.7181208053691275
2073,14,0.5025,0.6247,0.6309,20.5,309.79,0.7181208053691275
2073,15,0.5041,0.6255,0.6309,20.97,333.79,0.7181208053691275
2073,16,0.5056,0.6277,0.6309,21.68,367.59,0.7181208053691275
2073,17,0.5071,0.6337,0.6242,22.32,403.94,0.7181208053691275
2073,18,0.5084,0.636,0.6309,22.6,436.49,0.7181208053691275
2073,19,0.5094,0.6367,0.6376,23.07,471.34,0.7181208053691275
2073,20,0.51,0.6419,0.6376,23.14,493.75,0.7181208053691275
2073,21,0.5106,0.6434,0.6443,23.52,515.17,0.7181208053691275
2073,22,0.5112,0.6479,0.6443,23.63,537.15,0.7181208053691275
2073,23,0.5123,0.6524,0.6577,23.88,559.6,0.7181208053691275
2073,24,0.5134,0.6524,0.6577,24.29,588.95,0.7181208053691275
2073,25,0.5145,0.6547,0.6644,24.57,617.1,0.7181208053691275
2073,26,0.5151,0.6562,0.6644,24.84,645.38,0.7181208053691275
2073,27,0.5157,0.6584,0.6644,25.06,674.48,0.7181208053691275
2073,28,0.5165,0.6592,0.6644,25.36,708.74,0.7181208053691275
2073,29,0.517,0.6622,0.6644,25.68,739.11,0.7181208053691275
2073,30,0.5175,0.6629,0.6644,25.94,779.17,0.7181208053691275
2073,31,0.5176,0.6644,0.6644,26.19,829.77,0.7181208053691275
2073,32,0.5176,0.6682,0.6644,26.54,890.12,0.7181208053691275
2073,33,0.5179,0.6719,0.6577,26.75,963.22,0.7181208053691275
2073,34,0.5182,0.6764,0.651,27.13,1052.18,0.7181208053691275
2073,35,0.5185,0.6816,0.6577,27.57,1153.94,0.7181208053691275
2073,36,0.5187,0.6846,0.6577,27.96,1249.72,0.7181208053691275
2073,37,0.5189,0.6869,0.6644,28.25,1354.55,0.7181208053691275
2073,38,0.5191,0.6891,0.6711,28.53,1475.24,0.7181208053691275
2073,39,0.5191,0.6899,0.6711,28.87,1621.16,0.7181208053691275
2073,40,0.5191,0.6906,0.6711,29.13,1791.45,0.7181208053691275
2073,41,0.5192,0.6936,0.6644,29.57,1970.12,0.7181208053691275
2073,42,0.5192,0.6959,0.6644,29.87,2177.65,0.7181208053691275
2073,43,0.5191,0.7011,0.6711,30.09,2398.1,0.7181208053691275
2073,44,0.519,0.7034,0.6779,30.34,2679.42,0.7181208053691275
2073,45,0.5188,0.7041,0.6779,30.63,2933.28,0.7181208053691275
2073,46,0.5187,0.7079,0.6779,31.18,3241.97,0.7181208053691275
2073,47,0.5184,0.7101,0.6779,31.58,3572.79,0.7181208053691275
2073,48,0.5181,0.7109,0.6779,31.82,3899.14,0.7181208053691275
2073,49,0.5178,0.7161,0.6779,32.03,4218.09,0.7181208053691275
359954,0,0.4746,0.6571,0.5541,12.22,186.07,0.6756756756756757
359954,1,0.4746,0.6571,0.5541,12.22,186.07,0.6756756756756757
359954,2,0.4755,0.6647,0.5541,12.5,203.14,0.6756756756756757
359954,3,0.4786,0.6662,0.5541,12.16,225.82,0.6756756756756757
359954,4,0.4806,0.6843,0.5676,12.69,248.74,0.6756756756756757
359954,5,0.4849,0.7054,0.5811,13.6,306.03,0.6756756756756757
359954,6,0.4874,0.7221,0.5811,14.41,359.65,0.6756756756756757
359954,7,0.4918,0.7326,0.5946,14.91,404.17,0.6756756756756757
359954,8,0.4953,0.7477,0.5946,15.24,425.63,0.6756756756756757
359954,9,0.4979,0.7628,0.6081,15.36,436.51,0.6756756756756757
359954,10,0.5003,0.7764,0.6081,15.39,445.48,0.6756756756756757
359954,11,0.5016,0.787,0.6216,15.54,450.35,0.6756756756756757
359954,12,0.5032,0.7915,0.6216,15.14,461.24,0.6756756756756757
359954,13,0.5043,0.7931,0.6216,14.98,477.85,0.6756756756756757
359954,14,0.5056,0.8006,0.6216,14.77,496.62,0.6756756756756757
359954,15,0.5062,0.8021,0.6216,14.88,520.1,0.6756756756756757
359954,16,0.5075,0.8082,0.6216,14.97,544.75,0.6756756756756757
359954,17,0.5077,0.8172,0.6216,14.97,568.81,0.6756756756756757
359954,18,0.5082,0.8202,0.6216,15.02,589.04,0.6756756756756757
359954,19,0.5088,0.8233,0.6351,15.01,613.0,0.6756756756756757
359954,20,0.5095,0.8338,0.6486,14.94,631.64,0.6756756756756757
359954,21,0.51,0.8384,0.6486,14.84,651.92,0.6756756756756757
359954,22,0.5107,0.8414,0.6622,14.85,670.02,0.6756756756756757
359954,23,0.5112,0.8414,0.6622,14.71,686.15,0.6756756756756757
359954,24,0.5121,0.8505,0.6622,14.74,702.14,0.6756756756756757
359954,25,0.5126,0.8565,0.6622,14.67,717.36,0.6756756756756757
359954,26,0.5134,0.864,0.6622,14.58,724.85,0.6756756756756757
359954,27,0.5141,0.8656,0.6622,14.54,738.3,0.6756756756756757
359954,28,0.5144,0.8671,0.6622,14.54,749.61,0.6756756756756757
359954,29,0.5144,0.8686,0.6486,14.49,761.64,0.6756756756756757
359954,30,0.5149,0.8716,0.6486,14.41,776.61,0.6756756756756757
359954,31,0.5153,0.8761,0.6486,14.49,799.35,0.6756756756756757
359954,32,0.5156,0.8792,0.6486,14.5,826.17,0.6756756756756757
359954,33,0.5159,0.8822,0.6622,14.54,855.86,0.6756756756756757
359954,34,0.516,0.8852,0.6622,14.52,895.94,0.6756756756756757
359954,35,0.5163,0.8912,0.6622,14.47,935.49,0.6756756756756757
359954,36,0.5166,0.8912,0.6622,14.42,966.08,0.6756756756756757
359954,37,0.5169,0.8958,0.6622,14.44,1012.28,0.6756756756756757
359954,38,0.5173,0.8958,0.6622,14.57,1050.19,0.6756756756756757
359954,39,0.5175,0.8988,0.6622,14.59,1089.84,0.6756756756756757
359954,40,0.5177,0.9033,0.6622,14.59,1130.15,0.6756756756756757
359954,41,0.518,0.9033,0.6622,14.55,1170.41,0.6756756756756757
359954,42,0.5178,0.9079,0.6622,14.58,1220.82,0.6756756756756757
359954,43,0.518,0.9094,0.6622,14.65,1268.87,0.6756756756756757
359954,44,0.5181,0.9124,0.6622,14.66,1315.72,0.6756756756756757
359954,45,0.5186,0.9139,0.6622,14.68,1359.02,0.6756756756756757
359954,46,0.5188,0.9169,0.6622,14.7,1402.18,0.6756756756756757
359954,47,0.519,0.9184,0.6622,14.65,1437.08,0.6756756756756757
359954,48,0.5192,0.9199,0.6622,14.65,1480.88,0.6756756756756757
359954,49,0.5193,0.9199,0.6622,14.61,1521.3,0.6756756756756757
190146,0,0.6531,0.8279,0.7294,5.91,126.77,0.7529411764705882
190146,1,0.6531,0.8279,0.7294,5.91,126.77,0.7529411764705882
190146,2,0.6515,0.8371,0.7294,5.9,129.89,0.7529411764705882
190146,3,0.6532,0.8449,0.7294,6.04,161.41,0.7529411764705882
190146,4,0.6553,0.8607,0.7294,6.67,201.33,0.7529411764705882
190146,5,0.6564,0.883,0.7294,7.6,246.0,0.7529411764705882
190146,6,0.6593,0.9014,0.7294,8.17,292.07,0.7529411764705882
190146,7,0.6611,0.9172,0.7294,8.62,331.49,0.7529411764705882
190146,8,0.6622,0.9251,0.7294,8.87,365.4,0.7529411764705882
190146,9,0.6624,0.9317,0.7294,8.75,385.12,0.7529411764705882
190146,10,0.6634,0.9382,0.7294,8.59,401.32,0.7529411764705882
190146,11,0.6643,0.9435,0.7294,8.5,405.71,0.7529411764705882
190146,12,0.6644,0.9461,0.7294,8.5,412.38,0.7529411764705882
190146,13,0.6651,0.9514,0.7294,8.52,421.87,0.7529411764705882
190146,14,0.6657,0.954,0.7294,8.57,430.83,0.7529411764705882
190146,15,0.6658,0.954,0.7294,8.52,435.42,0.7529411764705882
190146,16,0.6665,0.9619,0.7294,8.43,443.27,0.7529411764705882
190146,17,0.6669,0.9658,0.7294,8.52,447.91,0.7529411764705882
190146,18,0.6675,0.9671,0.7294,8.47,455.91,0.7529411764705882
190146,19,0.6677,0.9685,0.7176,8.62,467.37,0.7529411764705882
190146,20,0.6681,0.9685,0.7176,8.69,480.66,0.7529411764705882
190146,21,0.6681,0.9685,0.7176,8.59,499.34,0.7529411764705882
190146,22,0.6679,0.9685,0.7176,8.64,515.96,0.7529411764705882
190146,23,0.668,0.9698,0.7176,8.64,529.71,0.7529411764705882
190146,24,0.6683,0.9711,0.7176,8.66,541.9,0.7529411764705882
190146,25,0.6685,0.9711,0.7176,8.7,553.1,0.7529411764705882
190146,26,0.6685,0.9724,0.7059,8.75,565.78,0.7529411764705882
190146,27,0.6686,0.9737,0.7176,8.77,577.45,0.7529411764705882
190146,28,0.6688,0.979,0.7176,8.72,588.25,0.7529411764705882
190146,29,0.6694,0.979,0.7176,8.81,597.64,0.7529411764705882
190146,30,0.6695,0.9816,0.7176,8.79,608.04,0.7529411764705882
190146,31,0.67,0.9829,0.7176,8.83,616.7,0.7529411764705882
190146,32,0.67,0.9842,0.7176,8.76,626.7,0.7529411764705882
190146,33,0.6699,0.9855,0.7176,8.79,638.77,0.7529411764705882
190146,34,0.6701,0.9869,0.7176,8.74,648.87,0.7529411764705882
190146,35,0.67,0.9869,0.7176,8.74,659.73,0.7529411764705882
190146,36,0.6702,0.9882,0.7176,8.7,672.36,0.7529411764705882
190146,37,0.6702,0.9882,0.7176,8.67,684.77,0.7529411764705882
190146,38,0.6702,0.9895,0.7176,8.63,695.12,0.7529411764705882
190146,39,0.6706,0.9895,0.7176,8.64,708.2,0.7529411764705882
190146,40,0.6707,0.9895,0.7176,8.6,719.55,0.7529411764705882
190146,41,0.6708,0.9908,0.7176,8.56,729.48,0.7529411764705882
190146,42,0.6708,0.9921,0.7176,8.56,741.96,0.7529411764705882
190146,43,0.671,0.9934,0.7176,8.64,754.16,0.7529411764705882
190146,44,0.6709,0.9934,0.7176,8.59,765.87,0.7529411764705882
190146,45,0.6709,0.9934,0.7176,8.54,777.01,0.7529411764705882
190146,46,0.6711,0.9947,0.7176,8.5,787.79,0.7529411764705882
190146,47,0.6712,0.9947,0.7176,8.51,798.21,0.7529411764705882
190146,48,0.6711,0.9961,0.7176,8.49,807.89,0.7529411764705882
190146,49,0.6712,0.9961,0.7176,8.49,815.05,0.7529411764705882
359954,0,0.4527,0.5831,0.5135,15.33,212.43,0.6756756756756757
359954,1,0.4527,0.5831,0.5135,15.33,212.43,0.6756756756756757
359954,2,0.4593,0.6163,0.527,15.87,218.73,0.6756756756756757
359954,3,0.4611,0.6239,0.527,15.95,228.86,0.6756756756756757
359954,4,0.4665,0.648,0.527,16.12,289.91,0.6756756756756757
359954,5,0.4723,0.6662,0.5405,18.27,419.61,0.6756756756756757
359954,6,0.4774,0.6828,0.5541,19.93,601.91,0.6756756756756757
359954,7,0.4826,0.71,0.5676,22.08,811.05,0.6756756756756757
359954,8,0.4869,0.7266,0.5811,24.59,1023.27,0.6756756756756757
359954,9,0.4908,0.7492,0.5811,26.77,1222.43,0.6756756756756757
359954,10,0.495,0.7764,0.5946,27.95,1401.73,0.6756756756756757
359954,11,0.498,0.787,0.5946,28.45,1529.84,0.6756756756756757
359954,12,0.4999,0.8097,0.6216,28.6,1607.14,0.6756756756756757
359954,13,0.502,0.8263,0.6351,28.36,1686.27,0.6756756756756757
359954,14,0.5033,0.8429,0.6351,28.29,1760.48,0.6756756756756757
359954,15,0.5048,0.8489,0.6486,27.86,1805.71,0.6756756756756757
359954,16,0.5059,0.855,0.6486,27.47,1852.18,0.6756756756756757
359954,17,0.5066,0.8656,0.6486,27.24,1900.44,0.6756756756756757
359954,18,0.5074,0.8746,0.6622,26.79,1938.19,0.6756756756756757
359954,19,0.5086,0.8837,0.6622,26.32,1969.78,0.6756756756756757
359954,20,0.5092,0.8867,0.6622,25.86,1984.08,0.6756756756756757
359954,21,0.5098,0.8882,0.6757,25.41,2009.27,0.6756756756756757
359954,22,0.5104,0.8912,0.6757,24.96,2032.62,0.6756756756756757
359954,23,0.5114,0.8958,0.6757,24.51,2062.16,0.6756756756756757
359954,24,0.5117,0.9018,0.6622,24.14,2094.37,0.6756756756756757
359954,25,0.5127,0.9094,0.6622,23.82,2129.03,0.6756756756756757
359954,26,0.5134,0.9109,0.6622,23.55,2151.68,0.6756756756756757
359954,27,0.5138,0.9154,0.6622,23.2,2189.63,0.6756756756756757
359954,28,0.5143,0.9184,0.6622,22.77,2214.93,0.6756756756756757
359954,29,0.5145,0.9245,0.6622,22.6,2242.93,0.6756756756756757
359954,30,0.5147,0.932,0.6622,22.36,2268.26,0.6756756756756757
359954,31,0.5151,0.9366,0.6622,22.06,2281.59,0.6756756756756757
359954,32,0.5155,0.9441,0.6622,21.86,2291.11,0.6756756756756757
359954,33,0.5159,0.9502,0.6622,21.65,2291.41,0.6756756756756757
359954,34,0.5159,0.9502,0.6622,21.4,2291.87,0.6756756756756757
359954,35,0.5163,0.9517,0.6622,21.12,2293.16,0.6756756756756757
359954,36,0.5167,0.9532,0.6622,20.87,2290.41,0.6756756756756757
359954,37,0.5169,0.9562,0.6622,20.68,2282.47,0.6756756756756757
359954,38,0.5173,0.9562,0.6622,20.42,2274.33,0.6756756756756757
359954,39,0.5176,0.9562,0.6622,20.29,2267.34,0.6756756756756757
359954,40,0.5181,0.9592,0.6622,20.16,2264.94,0.6756756756756757
359954,41,0.5184,0.9592,0.6622,19.95,2263.9,0.6756756756756757
359954,42,0.5187,0.9592,0.6622,19.78,2258.91,0.6756756756756757
359954,43,0.519,0.9607,0.6622,19.56,2249.11,0.6756756756756757
359954,44,0.5192,0.9607,0.6622,19.4,2240.11,0.6756756756756757
359954,45,0.5194,0.9607,0.6622,19.19,2232.58,0.6756756756756757
359954,46,0.5195,0.9607,0.6622,18.95,2227.82,0.6756756756756757
359954,47,0.5197,0.9622,0.6622,18.75,2216.43,0.6756756756756757
359954,48,0.5199,0.9622,0.6622,18.62,2203.6,0.6756756756756757
359954,49,0.5202,0.9622,0.6622,18.46,2196.65,0.6756756756756757
2073,0,0.4606,0.5603,0.5638,12.96,104.42,0.7181208053691275
2073,1,0.4606,0.5603,0.5638,12.96,104.42,0.7181208053691275
2073,2,0.4613,0.5693,0.5705,14.19,110.27,0.7181208053691275
2073,3,0.4666,0.582,0.604,15.77,126.48,0.7181208053691275
2073,4,0.4743,0.582,0.5973,16.45,144.74,0.7181208053691275
2073,5,0.4835,0.594,0.604,17.0,158.53,0.7181208053691275
2073,6,0.4877,0.603,0.6174,17.36,171.84,0.7181208053691275
2073,7,0.491,0.612,0.6174,17.67,176.14,0.7181208053691275
2073,8,0.4936,0.6135,0.6309,18.36,182.75,0.7181208053691275
2073,9,0.4974,0.6112,0.6376,18.19,188.45,0.7181208053691275
2073,10,0.5007,0.615,0.6376,18.0,189.37,0.7181208053691275
2073,11,0.503,0.6165,0.6242,18.07,193.65,0.7181208053691275
2073,12,0.5046,0.6142,0.6376,17.65,190.75,0.7181208053691275
2073,13,0.506,0.6157,0.6376,17.62,191.14,0.7181208053691275
2073,14,0.5077,0.6195,0.651,17.58,191.43,0.7181208053691275
2073,15,0.5082,0.6202,0.6443,17.17,188.9,0.7181208053691275
2073,16,0.5095,0.6202,0.6443,17.09,187.54,0.7181208053691275
2073,17,0.5109,0.6232,0.651,17.11,186.51,0.7181208053691275
2073,18,0.5119,0.6277,0.651,16.99,185.55,0.7181208053691275
2073,19,0.5132,0.6315,0.651,17.26,185.79,0.7181208053691275
2073,20,0.5142,0.6322,0.651,17.26,187.75,0.7181208053691275
2073,21,0.5152,0.6345,0.6577,17.2,189.0,0.7181208053691275
2073,22,0.5163,0.6367,0.6644,17.22,191.97,0.7181208053691275
2073,23,0.5172,0.6397,0.6644,17.19,197.33,0.7181208053691275
2073,24,0.518,0.6397,0.651,17.18,201.56,0.7181208053691275
2073,25,0.5188,0.6419,0.6577,17.18,206.71,0.7181208053691275
2073,26,0.5196,0.6419,0.651,17.2,212.59,0.7181208053691275
2073,27,0.5205,0.6442,0.6577,17.19,222.81,0.7181208053691275
2073,28,0.5212,0.6457,0.6577,17.23,236.64,0.7181208053691275
2073,29,0.5215,0.6472,0.6644,17.25,248.38,0.7181208053691275
2073,30,0.5221,0.6479,0.6711,17.32,265.29,0.7181208053691275
2073,31,0.5225,0.6502,0.6644,17.45,287.41,0.7181208053691275
2073,32,0.5228,0.6517,0.6577,17.67,315.37,0.7181208053691275
2073,33,0.5233,0.6532,0.6577,17.82,341.31,0.7181208053691275
2073,34,0.5236,0.6539,0.6577,18.03,373.12,0.7181208053691275
2073,35,0.524,0.6547,0.6711,18.28,409.15,0.7181208053691275
2073,36,0.524,0.6562,0.6644,18.57,444.89,0.7181208053691275
2073,37,0.5242,0.6569,0.6644,18.84,476.86,0.7181208053691275
2073,38,0.5244,0.6577,0.6644,19.05,517.42,0.7181208053691275
2073,39,0.5246,0.6592,0.6644,19.21,559.65,0.7181208053691275
2073,40,0.5247,0.6614,0.6644,19.5,602.65,0.7181208053691275
2073,41,0.5249,0.6622,0.6644,19.63,637.68,0.7181208053691275
2073,42,0.525,0.6622,0.6644,19.87,672.8,0.7181208053691275
2073,43,0.525,0.6659,0.6644,20.11,713.05,0.7181208053691275
2073,44,0.5251,0.6674,0.6644,20.36,751.56,0.7181208053691275
2073,45,0.5253,0.6689,0.6644,20.62,799.25,0.7181208053691275
2073,46,0.5252,0.6719,0.6644,20.99,859.66,0.7181208053691275
2073,47,0.5254,0.6734,0.6644,21.25,926.0,0.7181208053691275
2073,48,0.5255,0.6757,0.6644,21.6,995.41,0.7181208053691275
2073,49,0.5255,0.6787,0.6644,21.83,1069.47,0.7181208053691275
359954,0,0.4604,0.6269,0.5405,11.76,162.86,0.6756756756756757
359954,1,0.4604,0.6269,0.5405,11.76,162.86,0.6756756756756757
359954,2,0.4649,0.639,0.527,12.06,159.98,0.6756756756756757
359954,3,0.4653,0.6495,0.527,13.38,180.58,0.6756756756756757
359954,4,0.4706,0.6662,0.5541,14.03,210.47,0.6756756756756757
359954,5,0.4757,0.6858,0.5405,14.51,256.35,0.6756756756756757
359954,6,0.4811,0.6979,0.5541,15.13,283.39,0.6756756756756757
359954,7,0.4846,0.713,0.5676,15.55,314.5,0.6756756756756757
359954,8,0.4868,0.7266,0.5811,15.53,344.0,0.6756756756756757
359954,9,0.4884,0.7326,0.5811,15.44,358.8,0.6756756756756757
359954,10,0.4903,0.7417,0.5811,15.48,380.5,0.6756756756756757
359954,11,0.493,0.7538,0.6081,15.8,413.84,0.6756756756756757
359954,12,0.4958,0.7628,0.6081,16.01,461.87,0.6756756756756757
359954,13,0.4968,0.7689,0.6081,16.16,508.93,0.6756756756756757
359954,14,0.498,0.7749,0.6081,16.28,574.7,0.6756756756756757
359954,15,0.4988,0.781,0.6081,16.11,628.36,0.6756756756756757
359954,16,0.4997,0.787,0.6216,16.17,697.59,0.6756756756756757
359954,17,0.501,0.7961,0.6351,16.28,780.67,0.6756756756756757
359954,18,0.5016,0.8006,0.6486,16.55,852.55,0.6756756756756757
359954,19,0.5027,0.8051,0.6486,16.72,928.69,0.6756756756756757
359954,20,0.5036,0.8082,0.6486,16.81,989.13,0.6756756756756757
359954,21,0.5046,0.8157,0.6486,16.99,1064.15,0.6756756756756757
359954,22,0.5049,0.8248,0.6351,17.09,1118.89,0.6756756756756757
359954,23,0.5056,0.8353,0.6351,17.35,1168.18,0.6756756756756757
359954,24,0.5067,0.8444,0.6351,17.62,1232.5,0.6756756756756757
359954,25,0.5073,0.852,0.6486,17.9,1295.15,0.6756756756756757
359954,26,0.5076,0.858,0.6486,18.12,1351.36,0.6756756756756757
359954,27,0.5084,0.8625,0.6486,18.42,1408.89,0.6756756756756757
359954,28,0.5086,0.8686,0.6486,18.81,1459.79,0.6756756756756757
359954,29,0.5091,0.8686,0.6486,19.08,1514.68,0.6756756756756757
359954,30,0.5098,0.8731,0.6486,19.34,1579.65,0.6756756756756757
359954,31,0.5105,0.8776,0.6486,19.53,1639.04,0.6756756756756757
359954,32,0.5111,0.8837,0.6486,19.58,1694.05,0.6756756756756757
359954,33,0.5117,0.8867,0.6486,19.63,1741.93,0.6756756756756757
359954,34,0.5123,0.8897,0.6486,19.6,1787.03,0.6756756756756757
359954,35,0.5128,0.8912,0.6622,19.57,1843.56,0.6756756756756757
359954,36,0.5132,0.8912,0.6622,19.65,1894.82,0.6756756756756757
359954,37,0.5134,0.8927,0.6622,19.66,1938.42,0.6756756756756757
359954,38,0.5138,0.8927,0.6622,19.61,1984.45,0.6756756756756757
359954,39,0.5144,0.8988,0.6622,19.54,2024.61,0.6756756756756757
359954,40,0.5146,0.9003,0.6622,19.46,2057.25,0.6756756756756757
359954,41,0.5149,0.9003,0.6622,19.45,2079.68,0.6756756756756757
359954,42,0.5151,0.9063,0.6622,19.5,2105.64,0.6756756756756757
359954,43,0.5153,0.9109,0.6622,19.49,2133.67,0.6756756756756757
359954,44,0.5156,0.9154,0.6757,19.39,2156.84,0.6756756756756757
359954,45,0.5158,0.9184,0.6622,19.33,2179.79,0.6756756756756757
359954,46,0.5163,0.9199,0.6757,19.29,2205.49,0.6756756756756757
359954,47,0.5166,0.926,0.6757,19.21,2231.18,0.6756756756756757
359954,48,0.5168,0.929,0.6757,19.17,2257.73,0.6756756756756757
359954,49,0.517,0.932,0.6757,19.16,2277.86,0.6756756756756757
2073,0,0.4817,0.597,0.5839,11.95,149.57,0.7248322147651006
2073,1,0.4817,0.597,0.5839,11.95,149.57,0.7248322147651006
2073,2,0.4812,0.6015,0.5973,12.87,149.82,0.7248322147651006
2073,3,0.4854,0.6052,0.6107,13.72,146.09,0.7248322147651006
2073,4,0.4868,0.6045,0.6174,14.11,151.43,0.7248322147651006
2073,5,0.4904,0.6015,0.6174,14.74,155.8,0.7248322147651006
2073,6,0.4933,0.6067,0.6174,15.72,171.52,0.7248322147651006
2073,7,0.4966,0.609,0.6242,16.85,198.37,0.7248322147651006
2073,8,0.5013,0.618,0.6309,17.37,218.42,0.7248322147651006
2073,9,0.5048,0.6202,0.6376,17.92,237.54,0.7248322147651006
2073,10,0.5075,0.621,0.6242,18.16,252.54,0.7248322147651006
2073,11,0.5099,0.6277,0.6376,18.27,261.8,0.7248322147651006
2073,12,0.5119,0.6322,0.6376,18.37,271.48,0.7248322147651006
2073,13,0.5135,0.6337,0.6443,18.31,276.49,0.7248322147651006
2073,14,0.515,0.6367,0.6443,18.26,280.85,0.7248322147651006
2073,15,0.516,0.6404,0.651,18.24,284.09,0.7248322147651006
2073,16,0.5173,0.6412,0.6577,17.88,286.9,0.7248322147651006
2073,17,0.5183,0.6434,0.6577,17.62,291.35,0.7248322147651006
2073,18,0.5194,0.6479,0.6577,17.54,297.8,0.7248322147651006
2073,19,0.5201,0.6472,0.6577,17.42,304.29,0.7248322147651006
2073,20,0.5208,0.6479,0.6577,17.31,308.48,0.7248322147651006
2073,21,0.5213,0.6509,0.6577,17.3,315.06,0.7248322147651006
2073,22,0.5218,0.6524,0.6577,17.38,328.53,0.7248322147651006
2073,23,0.5222,0.6547,0.6577,17.17,338.89,0.7248322147651006
2073,24,0.5226,0.6554,0.6577,17.24,352.9,0.7248322147651006
2073,25,0.5228,0.6562,0.6577,17.24,367.26,0.7248322147651006
2073,26,0.5231,0.6577,0.6577,17.31,386.65,0.7248322147651006
2073,27,0.5235,0.6577,0.6577,17.42,414.06,0.7248322147651006
2073,28,0.5238,0.6592,0.6644,17.49,440.76,0.7248322147651006
2073,29,0.5241,0.6614,0.6644,17.59,465.7,0.7248322147651006
2073,30,0.5246,0.6614,0.6644,17.58,485.07,0.7248322147651006
2073,31,0.5248,0.6659,0.6644,17.58,517.33,0.7248322147651006
2073,32,0.5252,0.6674,0.6644,17.81,545.15,0.7248322147651006
2073,33,0.5255,0.6697,0.6644,17.91,578.26,0.7248322147651006
2073,34,0.5257,0.6697,0.6644,17.94,606.79,0.7248322147651006
2073,35,0.5262,0.6704,0.6644,17.95,634.04,0.7248322147651006
2073,36,0.5264,0.6712,0.6644,18.02,662.64,0.7248322147651006
2073,37,0.5268,0.6727,0.6644,18.12,697.32,0.7248322147651006
2073,38,0.5271,0.6742,0.6846,18.12,739.82,0.7248322147651006
2073,39,0.5272,0.6749,0.6846,18.19,776.24,0.7248322147651006
2073,40,0.5271,0.6757,0.6846,18.24,813.76,0.7248322147651006
2073,41,0.527,0.6772,0.6846,18.42,858.68,0.7248322147651006
2073,42,0.5271,0.6787,0.6846,18.6,907.14,0.7248322147651006
2073,43,0.5271,0.6801,0.6846,18.77,959.2,0.7248322147651006
2073,44,0.5273,0.6816,0.6846,18.95,1018.5,0.7248322147651006
2073,45,0.5272,0.6846,0.6846,19.08,1085.32,0.7248322147651006
2073,46,0.5273,0.6854,0.6846,19.23,1163.39,0.7248322147651006
2073,47,0.5271,0.6869,0.6846,19.37,1260.52,0.7248322147651006
2073,48,0.5271,0.6884,0.6846,19.68,1359.68,0.7248322147651006
2073,49,0.527,0.6944,0.6913,19.9,1477.44,0.7248322147651006
359959,0,0.4573,0.4475,0.4257,11.69,98.88,0.527027027027027
359959,1,0.4573,0.4475,0.4257,11.69,98.88,0.527027027027027
359959,2,0.4623,0.4551,0.4459,12.97,114.77,0.527027027027027
359959,3,0.4638,0.4951,0.4595,14.05,139.08,0.527027027027027
359959,4,0.4666,0.5268,0.4527,15.17,196.93,0.527027027027027
359959,5,0.4707,0.5517,0.5405,16.46,270.99,0.527027027027027
359959,6,0.4743,0.5743,0.527,17.05,340.07,0.527027027027027
359959,7,0.4762,0.5774,0.5405,17.73,435.82,0.527027027027027
359959,8,0.4772,0.5894,0.5338,18.3,583.08,0.527027027027027
359959,9,0.479,0.5947,0.5473,18.97,735.96,0.527027027027027
359959,10,0.4797,0.6075,0.5338,19.74,892.31,0.527027027027027
359959,11,0.4802,0.6136,0.527,20.22,1018.97,0.527027027027027
359959,12,0.4807,0.6242,0.527,20.42,1129.15,0.527027027027027
359959,13,0.481,0.6257,0.527,20.37,1197.25,0.527027027027027
359959,14,0.4814,0.6257,0.5338,20.24,1271.62,0.527027027027027
359959,15,0.4814,0.6294,0.5473,20.0,1321.45,0.527027027027027
359959,16,0.4817,0.6302,0.5541,19.82,1360.73,0.527027027027027
359959,17,0.4818,0.6332,0.5473,19.67,1393.25,0.527027027027027
359959,18,0.4821,0.634,0.5608,19.37,1416.66,0.527027027027027
359959,19,0.4821,0.6385,0.5608,19.13,1442.63,0.527027027027027
359959,20,0.4822,0.6408,0.5608,18.97,1461.37,0.527027027027027
359959,21,0.4823,0.643,0.5608,18.72,1484.26,0.527027027027027
359959,22,0.4822,0.6438,0.5608,18.4,1501.21,0.527027027027027
359959,23,0.4822,0.6468,0.5608,18.09,1522.47,0.527027027027027
359959,24,0.4823,0.6483,0.5608,17.87,1541.35,0.527027027027027
359959,25,0.4826,0.6506,0.5608,17.59,1560.68,0.527027027027027
359959,26,0.4828,0.6513,0.5608,17.43,1598.76,0.527027027027027
359959,27,0.4826,0.6558,0.5608,17.25,1650.57,0.527027027027027
359959,28,0.4825,0.6566,0.5676,17.01,1679.76,0.527027027027027
359959,29,0.4824,0.6581,0.5608,16.83,1724.29,0.527027027027027
359959,30,0.4824,0.6604,0.5676,16.72,1783.44,0.527027027027027
359959,31,0.4822,0.6642,0.5676,16.58,1843.22,0.527027027027027
359959,32,0.4823,0.6679,0.5676,16.37,1895.21,0.527027027027027
359959,33,0.4823,0.6702,0.5676,16.23,1950.77,0.527027027027027
359959,34,0.4821,0.6709,0.5676,16.08,2043.19,0.527027027027027
359959,35,0.482,0.6732,0.5676,16.0,2139.23,0.527027027027027
359959,36,0.4818,0.6747,0.5676,15.98,2240.42,0.527027027027027
359959,37,0.4817,0.6747,0.5676,15.89,2323.65,0.527027027027027
359959,38,0.4817,0.677,0.5676,15.76,2394.11,0.527027027027027
359959,39,0.4818,0.6785,0.5676,15.69,2470.02,0.527027027027027
359959,40,0.4816,0.6815,0.5676,15.61,2559.59,0.527027027027027
359959,41,0.4816,0.6845,0.5676,15.56,2650.89,0.527027027027027
359959,42,0.4816,0.6883,0.5676,15.51,2736.14,0.527027027027027
359959,43,0.4814,0.6913,0.5676,15.47,2820.53,0.527027027027027
359959,44,0.4814,0.6943,0.5676,15.42,2891.72,0.527027027027027
359959,45,0.4814,0.6936,0.5608,15.36,2958.05,0.527027027027027
359959,46,0.4813,0.6966,0.5608,15.27,3037.52,0.527027027027027
359959,47,0.4812,0.6981,0.5676,15.19,3098.53,0.527027027027027
359959,48,0.4811,0.6981,0.5608,15.07,3169.62,0.527027027027027
359959,49,0.481,0.7004,0.5608,14.97,3236.58,0.527027027027027
359954,0,0.4665,0.636,0.5541,10.17,169.19,0.6621621621621622
359954,1,0.4665,0.636,0.5541,10.17,169.19,0.6621621621621622
359954,2,0.4657,0.642,0.5405,11.53,184.57,0.6621621621621622
359954,3,0.4674,0.6495,0.527,11.9,214.57,0.6621621621621622
359954,4,0.4699,0.6586,0.5405,13.56,262.89,0.6621621621621622
359954,5,0.4733,0.6631,0.5676,14.05,282.56,0.6621621621621622
359954,6,0.4751,0.6662,0.5541,15.06,311.68,0.6621621621621622
359954,7,0.4755,0.6692,0.5541,15.97,349.8,0.6621621621621622
359954,8,0.4772,0.6858,0.5676,17.05,391.79,0.6621621621621622
359954,9,0.4816,0.7069,0.5676,17.49,445.13,0.6621621621621622
359954,10,0.4847,0.719,0.5811,17.67,517.15,0.6621621621621622
359954,11,0.4875,0.7311,0.5946,18.05,592.33,0.6621621621621622
359954,12,0.4901,0.7447,0.5946,18.23,671.46,0.6621621621621622
359954,13,0.4925,0.7538,0.5946,18.15,739.09,0.6621621621621622
359954,14,0.4953,0.7719,0.6351,18.08,788.05,0.6621621621621622
359954,15,0.4973,0.7779,0.6351,17.88,830.69,0.6621621621621622
359954,16,0.4992,0.7885,0.6351,17.55,866.3,0.6621621621621622
359954,17,0.5008,0.8021,0.6351,17.36,919.44,0.6621621621621622
359954,18,0.5024,0.8066,0.6351,17.13,961.19,0.6621621621621622
359954,19,0.5036,0.8233,0.6351,16.91,1010.18,0.6621621621621622
359954,20,0.5046,0.8369,0.6351,16.71,1064.4,0.6621621621621622
359954,21,0.5053,0.8489,0.6351,16.6,1131.34,0.6621621621621622
359954,22,0.5066,0.8535,0.6486,16.42,1202.04,0.6621621621621622
359954,23,0.5074,0.855,0.6486,16.33,1271.78,0.6621621621621622
359954,24,0.5083,0.8625,0.6486,16.29,1338.25,0.6621621621621622
359954,25,0.5092,0.8686,0.6486,16.4,1420.16,0.6621621621621622
359954,26,0.5098,0.8761,0.6486,16.44,1502.3,0.6621621621621622
359954,27,0.5107,0.8761,0.6351,16.42,1583.7,0.6621621621621622
359954,28,0.5112,0.8776,0.6351,16.44,1653.65,0.6621621621621622
359954,29,0.5115,0.8822,0.6486,16.5,1720.08,0.6621621621621622
359954,30,0.5116,0.8882,0.6486,16.51,1782.23,0.6621621621621622
359954,31,0.5119,0.8882,0.6486,16.44,1835.22,0.6621621621621622
359954,32,0.5121,0.8897,0.6622,16.4,1884.28,0.6621621621621622
359954,33,0.5126,0.8927,0.6622,16.31,1944.62,0.6621621621621622
359954,34,0.5127,0.8988,0.6622,16.24,2002.89,0.6621621621621622
359954,35,0.5131,0.9048,0.6622,16.17,2055.71,0.6621621621621622
359954,36,0.5136,0.9079,0.6622,16.18,2110.32,0.6621621621621622
359954,37,0.5141,0.9169,0.6622,16.16,2176.53,0.6621621621621622
359954,38,0.5143,0.9215,0.6622,16.17,2219.62,0.6621621621621622
359954,39,0.5145,0.9245,0.6622,16.22,2262.57,0.6621621621621622
359954,40,0.5149,0.926,0.6622,16.28,2302.97,0.6621621621621622
359954,41,0.5154,0.929,0.6622,16.24,2348.75,0.6621621621621622
359954,42,0.5157,0.9335,0.6622,16.24,2381.95,0.6621621621621622
359954,43,0.5159,0.9381,0.6622,16.22,2410.75,0.6621621621621622
359954,44,0.5161,0.9396,0.6622,16.36,2442.94,0.6621621621621622
359954,45,0.5163,0.9426,0.6622,16.4,2464.65,0.6621621621621622
359954,46,0.5165,0.9456,0.6622,16.48,2492.47,0.6621621621621622
359954,47,0.5168,0.9471,0.6622,16.58,2515.6,0.6621621621621622
359954,48,0.5171,0.9502,0.6622,16.59,2532.97,0.6621621621621622
359954,49,0.5173,0.9532,0.6622,16.59,2549.58,0.6621621621621622
190146,0,0.6433,0.7976,0.7412,4.46,101.33,0.7647058823529411
190146,1,0.6433,0.7976,0.7412,4.46,101.33,0.7647058823529411
190146,2,0.6428,0.82,0.7294,4.88,121.01,0.7647058823529411
190146,3,0.6474,0.8371,0.7294,6.2,145.07,0.7647058823529411
190146,4,0.6475,0.8555,0.7294,7.01,174.89,0.7647058823529411
190146,5,0.65,0.8778,0.7294,7.85,206.86,0.7647058823529411
190146,6,0.6529,0.8936,0.7294,8.17,247.19,0.7647058823529411
190146,7,0.6533,0.9093,0.7294,8.51,288.05,0.7647058823529411
190146,8,0.6543,0.9212,0.7294,8.95,343.0,0.7647058823529411
190146,9,0.655,0.9251,0.7294,9.49,414.6,0.7647058823529411
190146,10,0.6566,0.929,0.7412,10.03,489.77,0.7647058823529411
190146,11,0.6581,0.9382,0.7412,10.47,575.4,0.7647058823529411
190146,12,0.66,0.9461,0.7294,11.03,656.38,0.7647058823529411
190146,13,0.6608,0.954,0.7412,11.4,724.61,0.7647058823529411
190146,14,0.6623,0.9593,0.7412,11.6,772.73,0.7647058823529411
190146,15,0.6629,0.9619,0.7412,11.54,817.37,0.7647058823529411
190146,16,0.664,0.9658,0.7294,11.6,852.07,0.7647058823529411
190146,17,0.6649,0.9685,0.7294,11.6,877.56,0.7647058823529411
190146,18,0.6653,0.9711,0.7294,11.65,896.61,0.7647058823529411
190146,19,0.6655,0.9724,0.7294,11.66,915.03,0.7647058823529411
190146,20,0.666,0.9737,0.7294,11.67,928.17,0.7647058823529411
190146,21,0.6668,0.975,0.7294,11.75,939.11,0.7647058823529411
190146,22,0.6671,0.9777,0.7294,11.7,944.55,0.7647058823529411
190146,23,0.6675,0.9777,0.7294,11.74,958.24,0.7647058823529411
190146,24,0.6679,0.9777,0.7294,11.65,967.92,0.7647058823529411
190146,25,0.6684,0.9816,0.7176,11.56,973.67,0.7647058823529411
190146,26,0.6686,0.9816,0.7176,11.58,976.92,0.7647058823529411
190146,27,0.6691,0.9816,0.7176,11.57,983.67,0.7647058823529411
190146,28,0.6694,0.9829,0.7176,11.61,988.25,0.7647058823529411
190146,29,0.6696,0.9829,0.7176,11.58,988.31,0.7647058823529411
190146,30,0.6696,0.9829,0.7176,11.53,989.47,0.7647058823529411
190146,31,0.6698,0.9855,0.7176,11.5,989.51,0.7647058823529411
190146,32,0.67,0.9855,0.7176,11.37,990.07,0.7647058823529411
190146,33,0.6703,0.9869,0.7176,11.29,986.59,0.7647058823529411
190146,34,0.6705,0.9882,0.7176,11.23,985.95,0.7647058823529411
190146,35,0.6707,0.9882,0.7176,11.13,986.18,0.7647058823529411
190146,36,0.6708,0.9895,0.7176,11.14,987.6,0.7647058823529411
190146,37,0.6712,0.9908,0.7176,11.11,985.71,0.7647058823529411
190146,38,0.6713,0.9908,0.7176,11.05,984.09,0.7647058823529411
190146,39,0.6716,0.9921,0.7176,10.94,980.97,0.7647058823529411
190146,40,0.6718,0.9934,0.7176,10.91,980.42,0.7647058823529411
190146,41,0.672,0.9934,0.7176,10.83,980.18,0.7647058823529411
190146,42,0.6722,0.9934,0.7176,10.77,977.26,0.7647058823529411
190146,43,0.6723,0.9934,0.7176,10.68,976.69,0.7647058823529411
190146,44,0.6723,0.9934,0.7176,10.63,974.4,0.7647058823529411
190146,45,0.6724,0.9934,0.7176,10.56,971.63,0.7647058823529411
190146,46,0.6724,0.9934,0.7176,10.61,968.28,0.7647058823529411
190146,47,0.6724,0.9947,0.7176,10.56,965.57,0.7647058823529411
190146,48,0.6725,0.9961,0.7176,10.55,964.09,0.7647058823529411
190146,49,0.6727,0.9961,0.7176,10.49,958.7,0.7647058823529411
2073,0,0.4786,0.5768,0.5839,12.21,159.29,0.7181208053691275
2073,1,0.4786,0.5768,0.5839,12.21,159.29,0.7181208053691275
2073,2,0.4768,0.5805,0.604,14.77,226.17,0.7181208053691275
2073,3,0.4791,0.5873,0.604,16.63,307.62,0.7181208053691275
2073,4,0.4837,0.5963,0.6107,20.0,447.67,0.7181208053691275
2073,5,0.4881,0.6015,0.6242,22.43,535.59,0.7181208053691275
2073,6,0.492,0.615,0.6242,23.57,598.94,0.7181208053691275
2073,7,0.4956,0.6255,0.6309,26.63,763.37,0.7181208053691275
2073,8,0.4994,0.6322,0.6309,29.08,945.13,0.7181208053691275
2073,9,0.5013,0.6397,0.6443,30.4,1057.32,0.7181208053691275
2073,10,0.5023,0.6449,0.6443,31.52,1188.4,0.7181208053691275
2073,11,0.5037,0.6524,0.6376,32.91,1333.89,0.7181208053691275
2073,12,0.5034,0.6607,0.6242,33.39,1429.01,0.7181208053691275
2073,13,0.5043,0.6674,0.6309,33.99,1539.59,0.7181208053691275
2073,14,0.5061,0.6719,0.6242,33.99,1604.21,0.7181208053691275
2073,15,0.5072,0.6742,0.6309,34.02,1682.58,0.7181208053691275
2073,16,0.5074,0.6779,0.6443,34.38,1764.34,0.7181208053691275
2073,17,0.5078,0.6831,0.651,34.4,1835.68,0.7181208053691275
2073,18,0.508,0.6854,0.6443,34.19,1921.73,0.7181208053691275
2073,19,0.5077,0.6876,0.6443,34.24,1983.3,0.7181208053691275
2073,20,0.5087,0.6921,0.6443,34.16,2070.54,0.7181208053691275
2073,21,0.5093,0.6996,0.6443,34.12,2164.16,0.7181208053691275
2073,22,0.5093,0.7019,0.6443,33.85,2259.94,0.7181208053691275
2073,23,0.5092,0.7056,0.651,34.02,2367.71,0.7181208053691275
2073,24,0.5092,0.7109,0.6577,34.01,2492.06,0.7181208053691275
2073,25,0.5093,0.7131,0.6577,33.91,2593.39,0.7181208053691275
2073,26,0.5096,0.7176,0.6577,33.65,2707.91,0.7181208053691275
2073,27,0.5099,0.7213,0.6577,33.52,2878.15,0.7181208053691275
2073,28,0.5097,0.7258,0.6577,33.8,3060.64,0.7181208053691275
2073,29,0.5095,0.7318,0.6644,33.93,3287.2,0.7181208053691275
2073,30,0.5093,0.7326,0.6711,34.31,3494.9,0.7181208053691275
2073,31,0.5093,0.7333,0.6779,34.35,3713.08,0.7181208053691275
2073,32,0.5092,0.7371,0.6779,34.35,3931.07,0.7181208053691275
2073,33,0.5091,0.7401,0.6779,34.42,4141.3,0.7181208053691275
2073,34,0.5089,0.7416,0.6779,34.62,4387.34,0.7181208053691275
2073,35,0.5087,0.7461,0.6779,34.6,4627.93,0.7181208053691275
2073,36,0.5085,0.7491,0.6779,34.8,4874.21,0.7181208053691275
2073,37,0.5082,0.7536,0.6779,34.79,5128.77,0.7181208053691275
2073,38,0.5083,0.7588,0.6779,34.74,5389.79,0.7181208053691275
2073,39,0.5081,0.764,0.6779,34.74,5632.42,0.7181208053691275
2073,40,0.508,0.7663,0.6779,34.76,5903.65,0.7181208053691275
2073,41,0.508,0.7715,0.6846,34.72,6170.63,0.7181208053691275
2073,42,0.5081,0.7775,0.6846,34.72,6467.37,0.7181208053691275
2073,43,0.508,0.7805,0.6913,34.69,6776.17,0.7181208053691275
2073,44,0.5077,0.7828,0.6913,34.64,7116.18,0.7181208053691275
2073,45,0.5076,0.7873,0.6913,34.83,7516.01,0.7181208053691275
2073,46,0.5075,0.7895,0.6913,34.92,7880.83,0.7181208053691275
2073,47,0.5074,0.7925,0.6913,34.96,8274.89,0.7181208053691275
2073,48,0.5074,0.797,0.6913,34.95,8649.63,0.7181208053691275
2073,49,0.5073,0.8015,0.6913,34.79,8966.51,0.7181208053691275
359959,0,0.4612,0.4672,0.4324,14.17,91.54,0.527027027027027
359959,1,0.4612,0.4672,0.4324,14.17,91.54,0.527027027027027
359959,2,0.466,0.4891,0.4392,14.28,112.06,0.527027027027027
359959,3,0.4688,0.5192,0.4932,14.05,131.37,0.527027027027027
359959,4,0.4717,0.5374,0.527,14.35,152.8,0.527027027027027
359959,5,0.4742,0.554,0.527,14.62,177.67,0.527027027027027
359959,6,0.4758,0.5577,0.527,14.88,205.39,0.527027027027027
359959,7,0.4777,0.5721,0.5338,15.37,252.31,0.527027027027027
359959,8,0.48,0.5796,0.5405,15.72,295.29,0.527027027027027
359959,9,0.4818,0.5887,0.5338,16.35,340.07,0.527027027027027
359959,10,0.4829,0.5909,0.527,16.71,372.77,0.527027027027027
359959,11,0.4841,0.597,0.5338,16.95,403.0,0.527027027027027
359959,12,0.485,0.6075,0.527,17.13,438.57,0.527027027027027
359959,13,0.4859,0.6106,0.527,17.16,464.07,0.527027027027027
359959,14,0.4861,0.6136,0.5135,17.04,481.67,0.527027027027027
359959,15,0.4865,0.6158,0.5203,16.87,496.78,0.527027027027027
359959,16,0.4865,0.6196,0.5338,16.72,509.25,0.527027027027027
359959,17,0.4867,0.6189,0.5338,16.29,511.91,0.527027027027027
359959,18,0.4869,0.6196,0.5338,16.06,520.6,0.527027027027027
359959,19,0.4871,0.6211,0.5338,15.96,538.13,0.527027027027027
359959,20,0.4872,0.6264,0.5338,15.7,559.4,0.527027027027027
359959,21,0.4872,0.6272,0.5541,15.55,582.79,0.527027027027027
359959,22,0.4877,0.6294,0.5608,15.36,610.04,0.527027027027027
359959,23,0.4876,0.6302,0.5608,15.25,632.01,0.527027027027027
359959,24,0.4875,0.6302,0.5608,15.08,657.69,0.527027027027027
359959,25,0.4875,0.6347,0.5608,14.94,679.16,0.527027027027027
359959,26,0.4878,0.6362,0.5608,14.74,709.13,0.527027027027027
359959,27,0.4878,0.6415,0.5608,14.57,743.43,0.527027027027027
359959,28,0.4877,0.6408,0.5608,14.47,772.91,0.527027027027027
359959,29,0.4877,0.646,0.5608,14.4,816.54,0.527027027027027
359959,30,0.4876,0.6498,0.5608,14.37,848.25,0.527027027027027
359959,31,0.4877,0.6498,0.5608,14.33,896.51,0.527027027027027
359959,32,0.4878,0.6498,0.5608,14.2,938.05,0.527027027027027
359959,33,0.4878,0.6513,0.5608,14.12,982.89,0.527027027027027
359959,34,0.4879,0.6528,0.5608,14.04,1034.58,0.527027027027027
359959,35,0.4879,0.6528,0.5608,13.97,1078.18,0.527027027027027
359959,36,0.4878,0.6536,0.5608,13.9,1142.15,0.527027027027027
359959,37,0.4878,0.6543,0.5608,13.83,1206.35,0.527027027027027
359959,38,0.4876,0.6551,0.5608,13.75,1262.46,0.527027027027027
359959,39,0.4874,0.6566,0.5608,13.7,1321.99,0.527027027027027
359959,40,0.4872,0.6589,0.5608,13.64,1383.05,0.527027027027027
359959,41,0.4871,0.6589,0.5608,13.59,1446.68,0.527027027027027
359959,42,0.487,0.6604,0.5608,13.52,1497.98,0.527027027027027
359959,43,0.487,0.6611,0.5608,13.45,1549.62,0.527027027027027
359959,44,0.4868,0.6634,0.5608,13.4,1607.15,0.527027027027027
359959,45,0.4868,0.6649,0.5608,13.33,1670.4,0.527027027027027
359959,46,0.4869,0.6657,0.5608,13.27,1730.05,0.527027027027027
359959,47,0.4868,0.6657,0.5676,13.25,1782.16,0.527027027027027
359959,48,0.4867,0.6679,0.5676,13.17,1841.42,0.527027027027027
359959,49,0.4865,0.6694,0.5676,13.13,1890.82,0.527027027027027
359959,0,0.4537,0.4279,0.4257,10.14,70.14,0.5337837837837838
359959,1,0.4537,0.4279,0.4257,10.14,70.14,0.5337837837837838
359959,2,0.4534,0.4287,0.4257,11.25,71.27,0.5337837837837838
359959,3,0.4595,0.4589,0.4459,13.22,95.01,0.5337837837837838
359959,4,0.4623,0.5011,0.4662,14.38,112.57,0.5337837837837838
359959,5,0.4647,0.5366,0.473,14.99,132.08,0.5337837837837838
359959,6,0.4678,0.5509,0.5068,15.13,143.83,0.5337837837837838
359959,7,0.4698,0.5668,0.5135,15.44,164.59,0.5337837837837838
359959,8,0.4708,0.5789,0.5203,15.35,179.86,0.5337837837837838
359959,9,0.4725,0.5796,0.527,15.35,198.46,0.5337837837837838
359959,10,0.4737,0.5857,0.5203,14.9,207.8,0.5337837837837838
359959,11,0.475,0.5834,0.5203,14.66,213.17,0.5337837837837838
359959,12,0.4757,0.5849,0.5338,14.37,222.05,0.5337837837837838
359959,13,0.4768,0.5879,0.527,14.28,240.83,0.5337837837837838
359959,14,0.4773,0.5909,0.5203,14.06,261.54,0.5337837837837838
359959,15,0.4779,0.5909,0.5203,13.95,283.68,0.5337837837837838
359959,16,0.4781,0.5955,0.5203,13.86,308.99,0.5337837837837838
359959,17,0.4787,0.6,0.5203,13.94,340.78,0.5337837837837838
359959,18,0.4792,0.6023,0.5203,13.81,370.16,0.5337837837837838
359959,19,0.4792,0.6075,0.527,13.85,406.3,0.5337837837837838
359959,20,0.4799,0.6068,0.527,13.82,434.4,0.5337837837837838
359959,21,0.4801,0.6083,0.527,13.81,470.47,0.5337837837837838
359959,22,0.4804,0.6136,0.527,13.76,497.12,0.5337837837837838
359959,23,0.4803,0.6158,0.527,13.71,518.78,0.5337837837837838
359959,24,0.4803,0.6196,0.5203,13.67,539.4,0.5337837837837838
359959,25,0.4804,0.6181,0.5203,13.55,552.73,0.5337837837837838
359959,26,0.4807,0.6181,0.527,13.48,569.2,0.5337837837837838
359959,27,0.4805,0.6189,0.527,13.37,589.39,0.5337837837837838
359959,28,0.4806,0.6196,0.5338,13.34,611.19,0.5337837837837838
359959,29,0.4809,0.6196,0.5338,13.23,627.83,0.5337837837837838
359959,30,0.4809,0.6204,0.5338,13.19,646.87,0.5337837837837838
359959,31,0.4809,0.6204,0.5338,13.14,674.58,0.5337837837837838
359959,32,0.4811,0.6211,0.5405,13.12,699.19,0.5337837837837838
359959,33,0.4812,0.6234,0.5405,13.07,720.91,0.5337837837837838
359959,34,0.4811,0.6242,0.5405,12.98,740.01,0.5337837837837838
359959,35,0.4812,0.6242,0.5405,12.96,766.49,0.5337837837837838
359959,36,0.4813,0.6242,0.5405,12.95,799.45,0.5337837837837838
359959,37,0.4813,0.6249,0.5405,12.97,834.54,0.5337837837837838
359959,38,0.4813,0.6272,0.5473,13.02,868.92,0.5337837837837838
359959,39,0.4813,0.6279,0.5473,13.02,897.76,0.5337837837837838
359959,40,0.4815,0.6302,0.5473,12.99,938.83,0.5337837837837838
359959,41,0.4814,0.6325,0.5473,12.95,979.75,0.5337837837837838
359959,42,0.4815,0.6355,0.5608,12.97,1018.97,0.5337837837837838
359959,43,0.4816,0.6377,0.5608,12.98,1062.2,0.5337837837837838
359959,44,0.4815,0.6385,0.5608,12.98,1094.02,0.5337837837837838
359959,45,0.4817,0.6392,0.5608,13.0,1133.94,0.5337837837837838
359959,46,0.4817,0.6408,0.5608,13.01,1166.81,0.5337837837837838
359959,47,0.4818,0.6408,0.5608,13.02,1202.58,0.5337837837837838
359959,48,0.4818,0.64,0.5608,13.07,1237.12,0.5337837837837838
359959,49,0.4816,0.6423,0.5608,13.05,1266.18,0.5337837837837838
