run_id,generation,avg_tree_test_acc,ensemble_train_acc,ensemble_test_acc,height_var,leaves_var,RF_baseline
190146,0,0.6398,0.8029,0.7412,3.81,65.23,0.7764705882352941
190146,1,0.6398,0.8029,0.7412,3.81,65.23,0.7764705882352941
190146,2,0.6461,0.8489,0.7412,4.65,108.89,0.7764705882352941
190146,3,0.6489,0.8975,0.7412,7.35,266.55,0.7764705882352941
190146,4,0.6528,0.9093,0.7294,8.42,333.23,0.7764705882352941
190146,5,0.6563,0.9198,0.7294,8.27,349.9,0.7764705882352941
190146,6,0.6578,0.9212,0.7294,7.82,386.06,0.7764705882352941
190146,7,0.6596,0.933,0.7294,7.74,402.84,0.7764705882352941
190146,8,0.6601,0.9382,0.7412,7.46,420.82,0.7764705882352941
190146,9,0.6611,0.9409,0.7294,7.17,411.29,0.7764705882352941
190146,10,0.6613,0.9409,0.7412,6.88,406.71,0.7764705882352941
190146,11,0.6614,0.9474,0.7294,6.76,406.43,0.7764705882352941
190146,12,0.6615,0.9514,0.7294,6.66,415.51,0.7764705882352941
190146,13,0.6623,0.9566,0.7412,6.61,425.1,0.7764705882352941
190146,14,0.6624,0.9566,0.7412,6.47,439.64,0.7764705882352941
190146,15,0.6624,0.9632,0.7294,6.42,441.84,0.7764705882352941
190146,16,0.6626,0.9645,0.7294,6.38,452.04,0.7764705882352941
190146,17,0.6632,0.9698,0.7176,6.24,451.24,0.7764705882352941
190146,18,0.6631,0.9724,0.7176,6.16,452.3,0.7764705882352941
190146,19,0.664,0.975,0.7176,6.0,451.95,0.7764705882352941
190146,20,0.6641,0.9763,0.7176,5.86,459.25,0.7764705882352941
190146,21,0.6647,0.9763,0.7176,5.73,465.95,0.7764705882352941
190146,22,0.665,0.9777,0.7176,5.63,474.7,0.7764705882352941
190146,23,0.6656,0.9803,0.7176,5.53,487.96,0.7764705882352941
190146,24,0.6659,0.9816,0.7176,5.54,501.15,0.7764705882352941
190146,25,0.6663,0.9816,0.7176,5.58,509.06,0.7764705882352941
190146,26,0.6666,0.9829,0.7176,5.59,520.91,0.7764705882352941
190146,27,0.6671,0.9855,0.7412,5.52,526.48,0.7764705882352941
190146,28,0.6678,0.9855,0.7529,5.42,535.5,0.7764705882352941
190146,29,0.668,0.9869,0.7529,5.32,548.22,0.7764705882352941
190146,30,0.6681,0.9895,0.7529,5.25,557.16,0.7764705882352941
190146,31,0.6683,0.9895,0.7412,5.21,560.71,0.7764705882352941
190146,32,0.6685,0.9895,0.7412,5.17,566.74,0.7764705882352941
190146,33,0.6687,0.9895,0.7529,5.17,569.42,0.7764705882352941
190146,34,0.6688,0.9895,0.7529,5.2,573.29,0.7764705882352941
190146,35,0.6691,0.9895,0.7529,5.23,576.02,0.7764705882352941
190146,36,0.6693,0.9895,0.7529,5.22,576.78,0.7764705882352941
190146,37,0.6694,0.9908,0.7529,5.31,577.69,0.7764705882352941
190146,38,0.6694,0.9934,0.7529,5.34,579.46,0.7764705882352941
190146,39,0.6693,0.9934,0.7529,5.36,579.81,0.7764705882352941
190146,40,0.6692,0.9934,0.7529,5.38,589.47,0.7764705882352941
190146,41,0.6693,0.9947,0.7529,5.4,604.13,0.7764705882352941
190146,42,0.6694,0.9947,0.7529,5.49,619.02,0.7764705882352941
190146,43,0.6695,0.9947,0.7529,5.59,632.25,0.7764705882352941
190146,44,0.6695,0.9947,0.7529,5.74,643.98,0.7764705882352941
190146,45,0.6696,0.9961,0.7529,5.85,658.16,0.7764705882352941
190146,46,0.6696,0.9961,0.7529,5.99,671.01,0.7764705882352941
190146,47,0.6696,0.9961,0.7529,6.1,679.68,0.7764705882352941
190146,48,0.6696,0.9961,0.7529,6.2,688.04,0.7764705882352941
190146,49,0.6698,0.9961,0.7529,6.3,694.88,0.7764705882352941
190146,0,0.6481,0.8213,0.6941,3.83,98.61,0.788235294117647
190146,1,0.6481,0.8213,0.6941,3.83,98.61,0.788235294117647
190146,2,0.6571,0.8791,0.7294,6.13,277.61,0.788235294117647
190146,3,0.6632,0.9093,0.7412,6.21,321.62,0.788235294117647
190146,4,0.6633,0.9198,0.7412,6.23,340.54,0.788235294117647
190146,5,0.6649,0.9317,0.7412,6.16,342.62,0.788235294117647
190146,6,0.6661,0.9409,0.7412,5.96,335.38,0.788235294117647
190146,7,0.6674,0.9461,0.7294,6.13,328.97,0.788235294117647
190146,8,0.6678,0.9501,0.7294,6.39,326.82,0.788235294117647
190146,9,0.6678,0.954,0.7294,6.53,332.43,0.788235294117647
190146,10,0.6689,0.9553,0.7176,6.55,344.89,0.788235294117647
190146,11,0.6696,0.9645,0.7176,6.51,370.33,0.788235294117647
190146,12,0.6705,0.9698,0.7176,6.51,397.31,0.788235294117647
190146,13,0.671,0.9724,0.7294,6.5,419.56,0.788235294117647
190146,14,0.6719,0.9737,0.7176,6.68,445.76,0.788235294117647
190146,15,0.6722,0.9803,0.7176,6.87,472.34,0.788235294117647
190146,16,0.6722,0.9816,0.7176,7.0,487.0,0.788235294117647
190146,17,0.6724,0.9842,0.7294,7.19,485.7,0.788235294117647
190146,18,0.6724,0.9869,0.7294,7.22,486.63,0.788235294117647
190146,19,0.672,0.9908,0.7176,7.37,489.61,0.788235294117647
190146,20,0.6723,0.9908,0.7176,7.47,501.51,0.788235294117647
190146,21,0.6723,0.9921,0.7176,7.64,521.9,0.788235294117647
190146,22,0.6723,0.9921,0.7176,7.69,546.26,0.788235294117647
190146,23,0.6723,0.9934,0.7176,7.61,571.58,0.788235294117647
190146,24,0.6723,0.9934,0.7294,7.58,597.5,0.788235294117647
190146,25,0.672,0.9947,0.7294,7.54,624.75,0.788235294117647
190146,26,0.6718,0.9947,0.7294,7.48,646.56,0.788235294117647
190146,27,0.6719,0.9947,0.7294,7.35,656.35,0.788235294117647
190146,28,0.672,0.9947,0.7294,7.3,674.75,0.788235294117647
190146,29,0.6721,0.9961,0.7294,7.21,692.95,0.788235294117647
190146,30,0.6721,0.9961,0.7294,7.1,709.35,0.788235294117647
190146,31,0.6723,0.9961,0.7294,7.09,724.64,0.788235294117647
190146,32,0.6723,0.9961,0.7294,7.04,734.45,0.788235294117647
190146,33,0.6721,0.9961,0.7294,7.04,740.06,0.788235294117647
190146,34,0.6721,0.9961,0.7294,7.08,745.28,0.788235294117647
190146,35,0.6721,0.9961,0.7294,7.19,751.96,0.788235294117647
190146,36,0.6723,0.9974,0.7412,7.24,757.94,0.788235294117647
190146,37,0.6725,0.9974,0.7412,7.24,762.15,0.788235294117647
190146,38,0.6726,0.9974,0.7412,7.23,763.11,0.788235294117647
190146,39,0.6726,0.9974,0.7412,7.2,762.83,0.788235294117647
190146,40,0.6728,0.9974,0.7412,7.2,763.49,0.788235294117647
190146,41,0.6728,0.9974,0.7412,7.18,766.41,0.788235294117647
190146,42,0.6729,0.9974,0.7412,7.14,765.99,0.788235294117647
190146,43,0.6728,0.9974,0.7294,7.11,766.08,0.788235294117647
190146,44,0.6728,0.9974,0.7294,7.1,764.53,0.788235294117647
190146,45,0.6729,0.9974,0.7294,7.1,761.71,0.788235294117647
190146,46,0.6728,0.9974,0.7294,7.08,760.34,0.788235294117647
190146,47,0.6727,0.9974,0.7294,7.05,759.34,0.788235294117647
190146,48,0.6727,0.9974,0.7294,7.0,755.87,0.788235294117647
190146,49,0.6725,0.9974,0.7294,7.02,755.81,0.788235294117647
359954,0,0.4739,0.6178,0.527,14.08,182.25,0.6756756756756757
359954,1,0.4739,0.6178,0.527,14.08,182.25,0.6756756756756757
359954,2,0.4891,0.7085,0.5676,22.7,1083.91,0.6756756756756757
359954,3,0.4985,0.7704,0.5676,26.44,1626.53,0.6756756756756757
359954,4,0.5032,0.8323,0.6081,27.05,1828.27,0.6756756756756757
359954,5,0.5086,0.864,0.6486,25.11,1980.19,0.6756756756756757
359954,6,0.5109,0.8927,0.6622,23.98,2087.44,0.6756756756756757
359954,7,0.5132,0.9048,0.6622,23.2,2138.02,0.6756756756756757
359954,8,0.5139,0.9199,0.6757,22.66,2144.03,0.6756756756756757
359954,9,0.5147,0.9305,0.6757,21.73,2131.28,0.6756756756756757
359954,10,0.5153,0.9456,0.6757,21.03,2098.56,0.6756756756756757
359954,11,0.5158,0.9471,0.6757,20.39,2057.52,0.6756756756756757
359954,12,0.5171,0.9486,0.6757,19.91,2067.26,0.6756756756756757
359954,13,0.5184,0.9577,0.6757,19.65,2097.86,0.6756756756756757
359954,14,0.5196,0.9577,0.6622,19.17,2134.45,0.6756756756756757
359954,15,0.5198,0.9607,0.6622,18.88,2158.59,0.6756756756756757
359954,16,0.5205,0.9637,0.6622,18.41,2144.69,0.6756756756756757
359954,17,0.5214,0.9637,0.6622,18.15,2132.8,0.6756756756756757
359954,18,0.5223,0.9637,0.6622,17.77,2110.7,0.6756756756756757
359954,19,0.5226,0.9683,0.6622,17.42,2072.66,0.6756756756756757
359954,20,0.523,0.9728,0.6622,17.0,2050.18,0.6756756756756757
359954,21,0.5235,0.9728,0.6622,16.56,2045.98,0.6756756756756757
359954,22,0.5242,0.9743,0.6757,16.27,2030.16,0.6756756756756757
359954,23,0.5246,0.9743,0.6622,15.97,2006.41,0.6756756756756757
359954,24,0.5253,0.9773,0.6622,15.58,1982.18,0.6756756756756757
359954,25,0.5255,0.9773,0.6622,15.19,1954.61,0.6756756756756757
359954,26,0.5257,0.9789,0.6622,14.86,1930.58,0.6756756756756757
359954,27,0.526,0.9804,0.6622,14.58,1907.13,0.6756756756756757
359954,28,0.5261,0.9819,0.6622,14.5,1880.71,0.6756756756756757
359954,29,0.5262,0.9819,0.6622,14.27,1850.53,0.6756756756756757
359954,30,0.5267,0.9819,0.6622,14.1,1816.95,0.6756756756756757
359954,31,0.527,0.9819,0.6622,13.87,1791.23,0.6756756756756757
359954,32,0.5275,0.9804,0.6486,13.68,1768.95,0.6756756756756757
359954,33,0.5274,0.9804,0.6486,13.52,1743.79,0.6756756756756757
359954,34,0.5275,0.9804,0.6486,13.4,1715.03,0.6756756756756757
359954,35,0.5279,0.9834,0.6622,13.2,1689.31,0.6756756756756757
359954,36,0.5278,0.9834,0.6622,13.02,1664.14,0.6756756756756757
359954,37,0.5282,0.9834,0.6622,12.85,1640.87,0.6756756756756757
359954,38,0.5283,0.9819,0.6622,12.71,1617.8,0.6756756756756757
359954,39,0.5283,0.9819,0.6622,12.59,1593.62,0.6756756756756757
359954,40,0.5285,0.9819,0.6622,12.44,1569.59,0.6756756756756757
359954,41,0.5286,0.9834,0.6622,12.34,1547.17,0.6756756756756757
359954,42,0.5286,0.9834,0.6622,12.23,1525.78,0.6756756756756757
359954,43,0.5289,0.9834,0.6622,12.11,1506.7,0.6756756756756757
359954,44,0.5292,0.9834,0.6622,12.0,1484.67,0.6756756756756757
359954,45,0.5293,0.9849,0.6622,11.87,1462.03,0.6756756756756757
359954,46,0.5294,0.9849,0.6622,11.77,1439.94,0.6756756756756757
359954,47,0.5294,0.9894,0.6622,11.66,1420.46,0.6756756756756757
359954,48,0.5293,0.9894,0.6622,11.57,1401.09,0.6756756756756757
359954,49,0.529,0.9894,0.6622,11.46,1381.98,0.6756756756756757
190146,0,0.6432,0.8068,0.7412,2.84,129.14,0.7647058823529411
190146,1,0.6432,0.8068,0.7412,2.84,129.14,0.7647058823529411
190146,2,0.6521,0.8936,0.7412,11.06,683.38,0.7647058823529411
190146,3,0.6551,0.9488,0.7294,14.83,973.04,0.7647058823529411
190146,4,0.6574,0.9619,0.7412,14.73,1033.53,0.7647058823529411
190146,5,0.66,0.9632,0.7412,14.26,1077.13,0.7647058823529411
190146,6,0.6625,0.9724,0.7412,13.79,1065.9,0.7647058823529411
190146,7,0.6637,0.9816,0.7412,13.21,1092.73,0.7647058823529411
190146,8,0.6642,0.9855,0.7294,12.64,1091.93,0.7647058823529411
190146,9,0.6655,0.9934,0.7294,12.14,1100.64,0.7647058823529411
190146,10,0.6659,0.9947,0.7294,11.96,1140.33,0.7647058823529411
190146,11,0.6668,0.9947,0.7294,11.78,1140.42,0.7647058823529411
190146,12,0.6677,0.9961,0.7294,11.39,1127.81,0.7647058823529411
190146,13,0.6687,0.9961,0.7294,10.98,1112.06,0.7647058823529411
190146,14,0.6692,0.9961,0.7294,10.57,1104.35,0.7647058823529411
190146,15,0.6697,0.9961,0.7294,10.21,1094.63,0.7647058823529411
190146,16,0.6698,0.9961,0.7294,9.96,1076.24,0.7647058823529411
190146,17,0.67,0.9974,0.7412,9.74,1055.19,0.7647058823529411
190146,18,0.6693,0.9974,0.7412,9.46,1037.36,0.7647058823529411
190146,19,0.6693,0.9974,0.7412,9.18,1018.14,0.7647058823529411
190146,20,0.669,0.9974,0.7412,8.94,999.71,0.7647058823529411
190146,21,0.6688,0.9974,0.7412,8.76,982.59,0.7647058823529411
190146,22,0.6687,0.9987,0.7412,8.58,964.08,0.7647058823529411
190146,23,0.6685,0.9987,0.7294,8.4,946.47,0.7647058823529411
190146,24,0.6682,0.9987,0.7294,8.17,924.3,0.7647058823529411
190146,25,0.6683,0.9987,0.7412,7.95,903.17,0.7647058823529411
190146,26,0.6684,0.9987,0.7412,7.75,885.52,0.7647058823529411
190146,27,0.6685,0.9987,0.7412,7.63,869.04,0.7647058823529411
190146,28,0.6686,0.9987,0.7412,7.56,852.46,0.7647058823529411
190146,29,0.6687,0.9987,0.7412,7.5,839.06,0.7647058823529411
190146,30,0.6689,0.9987,0.7412,7.44,823.56,0.7647058823529411
190146,31,0.6689,0.9974,0.7412,7.4,809.05,0.7647058823529411
190146,32,0.6689,0.9974,0.7412,7.41,795.66,0.7647058823529411
190146,33,0.6688,0.9974,0.7412,7.36,782.01,0.7647058823529411
190146,34,0.6688,0.9974,0.7412,7.29,769.69,0.7647058823529411
190146,35,0.669,0.9974,0.7412,7.22,757.43,0.7647058823529411
190146,36,0.6688,0.9974,0.7412,7.18,744.92,0.7647058823529411
190146,37,0.6688,0.9974,0.7412,7.14,731.86,0.7647058823529411
190146,38,0.6685,0.9974,0.7412,7.08,720.57,0.7647058823529411
190146,39,0.6685,0.9974,0.7412,7.0,708.92,0.7647058823529411
190146,40,0.6687,0.9974,0.7412,6.97,696.83,0.7647058823529411
190146,41,0.6685,0.9961,0.7412,6.98,686.46,0.7647058823529411
190146,42,0.6684,0.9961,0.7412,6.97,676.16,0.7647058823529411
190146,43,0.6684,0.9961,0.7412,6.95,665.78,0.7647058823529411
190146,44,0.6685,0.9961,0.7412,6.93,656.69,0.7647058823529411
190146,45,0.6685,0.9961,0.7412,6.92,648.11,0.7647058823529411
190146,46,0.6685,0.9961,0.7412,6.91,639.23,0.7647058823529411
190146,47,0.6685,0.9961,0.7412,6.89,630.65,0.7647058823529411
190146,48,0.6686,0.9961,0.7412,6.84,622.09,0.7647058823529411
190146,49,0.6686,0.9961,0.7412,6.84,613.58,0.7647058823529411
190146,0,0.6424,0.816,0.7412,5.35,93.1,0.7764705882352941
190146,1,0.6424,0.816,0.7412,5.35,93.1,0.7764705882352941
190146,2,0.6504,0.8686,0.7176,9.3,196.28,0.7764705882352941
190146,3,0.6539,0.9093,0.7176,9.91,325.78,0.7764705882352941
190146,4,0.6557,0.9264,0.7529,9.56,388.92,0.7764705882352941
190146,5,0.6583,0.9396,0.7412,9.77,434.09,0.7764705882352941
190146,6,0.6595,0.9488,0.7294,9.96,486.77,0.7764705882352941
190146,7,0.6615,0.954,0.7294,9.51,486.94,0.7764705882352941
190146,8,0.6622,0.958,0.7412,9.33,486.69,0.7764705882352941
190146,9,0.6631,0.9566,0.7176,9.21,484.35,0.7764705882352941
190146,10,0.6637,0.958,0.7294,9.04,472.41,0.7764705882352941
190146,11,0.6646,0.9658,0.7412,9.08,463.94,0.7764705882352941
190146,12,0.6655,0.9698,0.7529,9.23,458.41,0.7764705882352941
190146,13,0.666,0.9711,0.7529,9.12,461.69,0.7764705882352941
190146,14,0.6671,0.9724,0.7412,9.17,457.47,0.7764705882352941
190146,15,0.6678,0.975,0.7294,9.31,445.53,0.7764705882352941
190146,16,0.6682,0.9763,0.7294,9.19,436.15,0.7764705882352941
190146,17,0.6687,0.979,0.7294,8.95,433.39,0.7764705882352941
190146,18,0.669,0.9803,0.7294,8.97,426.76,0.7764705882352941
190146,19,0.6696,0.9829,0.7294,8.83,424.79,0.7764705882352941
190146,20,0.6702,0.9816,0.7412,8.81,434.12,0.7764705882352941
190146,21,0.6704,0.9842,0.7294,8.78,441.73,0.7764705882352941
190146,22,0.6708,0.9842,0.7412,8.72,449.26,0.7764705882352941
190146,23,0.6714,0.9855,0.7412,8.61,445.89,0.7764705882352941
190146,24,0.6715,0.9842,0.7412,8.57,442.26,0.7764705882352941
190146,25,0.6719,0.9855,0.7529,8.5,439.46,0.7764705882352941
190146,26,0.6724,0.9842,0.7529,8.39,436.86,0.7764705882352941
190146,27,0.6729,0.9842,0.7529,8.33,435.49,0.7764705882352941
190146,28,0.6731,0.9842,0.7412,8.33,434.76,0.7764705882352941
190146,29,0.673,0.9842,0.7412,8.27,432.86,0.7764705882352941
190146,30,0.6732,0.9882,0.7412,8.32,434.82,0.7764705882352941
190146,31,0.6734,0.9882,0.7412,8.35,438.35,0.7764705882352941
190146,32,0.6735,0.9882,0.7412,8.34,449.83,0.7764705882352941
190146,33,0.6736,0.9882,0.7412,8.39,465.83,0.7764705882352941
190146,34,0.6737,0.9882,0.7412,8.45,480.42,0.7764705882352941
190146,35,0.6738,0.9895,0.7412,8.43,493.89,0.7764705882352941
190146,36,0.674,0.9908,0.7412,8.43,508.03,0.7764705882352941
190146,37,0.6742,0.9908,0.7412,8.44,516.51,0.7764705882352941
190146,38,0.6743,0.9908,0.7412,8.43,528.0,0.7764705882352941
190146,39,0.6744,0.9908,0.7412,8.35,536.54,0.7764705882352941
190146,40,0.6744,0.9908,0.7412,8.34,544.47,0.7764705882352941
190146,41,0.6747,0.9921,0.7294,8.35,556.85,0.7764705882352941
190146,42,0.6749,0.9921,0.7294,8.31,570.7,0.7764705882352941
190146,43,0.675,0.9921,0.7294,8.36,583.2,0.7764705882352941
190146,44,0.6752,0.9947,0.7294,8.33,590.8,0.7764705882352941
190146,45,0.675,0.9961,0.7294,8.35,601.31,0.7764705882352941
190146,46,0.6751,0.9961,0.7294,8.33,611.3,0.7764705882352941
190146,47,0.6752,0.9974,0.7294,8.32,617.78,0.7764705882352941
190146,48,0.6753,0.9974,0.7294,8.3,626.0,0.7764705882352941
190146,49,0.6754,0.9974,0.7294,8.31,632.94,0.7764705882352941
168784,0,0.6212,0.7554,0.7385,4.75,173.81,0.8205128205128205
168784,1,0.6212,0.7554,0.7385,4.75,173.81,0.8205128205128205
168784,2,0.6334,0.7887,0.7385,8.45,721.84,0.8205128205128205
168784,3,0.639,0.8162,0.7436,11.85,1121.46,0.8205128205128205
168784,4,0.6432,0.8322,0.7795,12.43,1242.34,0.8205128205128205
168784,5,0.6453,0.8448,0.7692,11.88,1228.52,0.8205128205128205
168784,6,0.6473,0.8528,0.7641,11.41,1184.35,0.8205128205128205
168784,7,0.6489,0.8557,0.7692,10.71,1150.15,0.8205128205128205
168784,8,0.6496,0.8631,0.7692,10.56,1358.59,0.8205128205128205
168784,9,0.6503,0.8671,0.7744,10.24,1445.09,0.8205128205128205
168784,10,0.651,0.874,0.7692,9.85,1513.09,0.8205128205128205
168784,11,0.6518,0.8832,0.7692,9.79,1628.06,0.8205128205128205
168784,12,0.6524,0.8872,0.7692,9.72,1736.19,0.8205128205128205
168784,13,0.6535,0.8958,0.759,9.45,1828.04,0.8205128205128205
168784,14,0.6542,0.8992,0.7641,9.19,1904.83,0.8205128205128205
168784,15,0.6545,0.9038,0.7641,9.07,1986.55,0.8205128205128205
168784,16,0.6545,0.9066,0.7641,8.82,2120.22,0.8205128205128205
168784,17,0.655,0.9129,0.7641,8.66,2252.84,0.8205128205128205
168784,18,0.6559,0.9152,0.7692,8.59,2433.96,0.8205128205128205
168784,19,0.6562,0.9198,0.7744,8.51,2670.2,0.8205128205128205
168784,20,0.6563,0.9238,0.7744,8.5,2920.89,0.8205128205128205
168784,21,0.6567,0.9273,0.7795,8.51,3157.1,0.8205128205128205
168784,22,0.6569,0.9313,0.7795,8.52,3328.21,0.8205128205128205
168784,23,0.6569,0.9376,0.7795,8.54,3510.26,0.8205128205128205
168784,24,0.6569,0.9422,0.7795,8.49,3678.36,0.8205128205128205
168784,25,0.6572,0.945,0.7744,8.5,3803.95,0.8205128205128205
168784,26,0.6575,0.9479,0.7744,8.45,3926.76,0.8205128205128205
168784,27,0.6577,0.9496,0.7744,8.44,4048.46,0.8205128205128205
168784,28,0.6576,0.9519,0.7795,8.4,4155.85,0.8205128205128205
168784,29,0.6579,0.953,0.7846,8.42,4244.96,0.8205128205128205
168784,30,0.6579,0.9565,0.7846,8.37,4325.82,0.8205128205128205
168784,31,0.658,0.9593,0.7846,8.32,4383.88,0.8205128205128205
168784,32,0.6581,0.9605,0.7846,8.36,4516.43,0.8205128205128205
168784,33,0.6582,0.9611,0.7846,8.37,4648.79,0.8205128205128205
168784,34,0.6584,0.9633,0.7846,8.4,4753.92,0.8205128205128205
168784,35,0.6586,0.9674,0.7846,8.46,4863.97,0.8205128205128205
168784,36,0.6587,0.9696,0.7846,8.55,4951.06,0.8205128205128205
168784,37,0.6588,0.9731,0.7846,8.63,5023.1,0.8205128205128205
168784,38,0.6589,0.9742,0.7897,8.7,5083.87,0.8205128205128205
168784,39,0.6589,0.9748,0.7949,8.75,5145.01,0.8205128205128205
168784,40,0.659,0.9759,0.7897,8.8,5201.52,0.8205128205128205
168784,41,0.659,0.9771,0.7897,8.79,5235.26,0.8205128205128205
168784,42,0.659,0.9794,0.7897,8.84,5282.49,0.8205128205128205
168784,43,0.659,0.98,0.7897,8.88,5314.4,0.8205128205128205
168784,44,0.659,0.9817,0.7949,8.93,5360.63,0.8205128205128205
168784,45,0.659,0.9817,0.7949,8.92,5407.93,0.8205128205128205
168784,46,0.6591,0.9834,0.7949,8.96,5448.67,0.8205128205128205
168784,47,0.6592,0.9845,0.7949,9.02,5475.7,0.8205128205128205
168784,48,0.6594,0.9851,0.7949,8.96,5499.81,0.8205128205128205
168784,49,0.6595,0.9857,0.7949,8.96,5515.71,0.8205128205128205
359959,0,0.4516,0.4272,0.4257,10.18,52.0,0.527027027027027
359959,1,0.4516,0.4272,0.4257,10.18,52.0,0.527027027027027
359959,2,0.4626,0.4853,0.4459,15.41,151.36,0.527027027027027
359959,3,0.4685,0.5238,0.5068,16.49,191.58,0.527027027027027
359959,4,0.4715,0.5691,0.5203,16.27,215.99,0.527027027027027
359959,5,0.4742,0.5758,0.5338,15.5,218.07,0.527027027027027
359959,6,0.4764,0.5819,0.5338,14.51,211.7,0.527027027027027
359959,7,0.4783,0.5872,0.5405,13.62,208.49,0.527027027027027
359959,8,0.4791,0.5849,0.5405,12.82,201.22,0.527027027027027
359959,9,0.4805,0.594,0.5405,12.19,202.51,0.527027027027027
359959,10,0.4816,0.5932,0.527,11.75,203.78,0.527027027027027
359959,11,0.4812,0.5977,0.527,11.39,200.89,0.527027027027027
359959,12,0.4814,0.6008,0.527,10.91,201.67,0.527027027027027
359959,13,0.4818,0.606,0.5405,10.52,197.47,0.527027027027027
359959,14,0.4823,0.606,0.5338,10.05,190.13,0.527027027027027
359959,15,0.4832,0.6068,0.5338,9.63,184.55,0.527027027027027
359959,16,0.4837,0.6091,0.5338,9.34,182.38,0.527027027027027
359959,17,0.4836,0.6128,0.5338,9.08,181.66,0.527027027027027
359959,18,0.4837,0.6113,0.5541,8.86,182.29,0.527027027027027
359959,19,0.4838,0.6136,0.5541,8.67,183.27,0.527027027027027
359959,20,0.4836,0.6151,0.5608,8.47,181.55,0.527027027027027
359959,21,0.4835,0.6158,0.5608,8.27,179.27,0.527027027027027
359959,22,0.4836,0.6151,0.5608,8.08,177.77,0.527027027027027
359959,23,0.4835,0.6166,0.5608,7.94,178.09,0.527027027027027
359959,24,0.4834,0.6158,0.5608,7.85,179.21,0.527027027027027
359959,25,0.4835,0.6189,0.5541,7.71,178.97,0.527027027027027
359959,26,0.4836,0.6189,0.5541,7.57,178.13,0.527027027027027
359959,27,0.4836,0.6196,0.5608,7.41,175.56,0.527027027027027
359959,28,0.4836,0.6219,0.5541,7.28,175.9,0.527027027027027
359959,29,0.4836,0.6242,0.5541,7.19,176.06,0.527027027027027
359959,30,0.4838,0.6234,0.5608,7.11,176.33,0.527027027027027
359959,31,0.4838,0.6242,0.5608,7.03,179.2,0.527027027027027
359959,32,0.4836,0.6226,0.5608,6.98,182.11,0.527027027027027
359959,33,0.4834,0.6249,0.5608,6.92,182.45,0.527027027027027
359959,34,0.4836,0.6226,0.5608,6.86,183.05,0.527027027027027
359959,35,0.4836,0.6257,0.5608,6.81,182.86,0.527027027027027
359959,36,0.4839,0.6257,0.5608,6.72,183.27,0.527027027027027
359959,37,0.4838,0.6242,0.5608,6.67,184.2,0.527027027027027
359959,38,0.484,0.6234,0.5608,6.6,184.16,0.527027027027027
359959,39,0.4838,0.6264,0.5608,6.56,190.0,0.527027027027027
359959,40,0.4838,0.6234,0.5608,6.54,196.88,0.527027027027027
359959,41,0.4835,0.6249,0.5541,6.56,214.35,0.527027027027027
359959,42,0.4832,0.6226,0.5541,6.57,234.06,0.527027027027027
359959,43,0.4831,0.6257,0.5541,6.6,251.95,0.527027027027027
359959,44,0.483,0.6272,0.5541,6.61,263.41,0.527027027027027
359959,45,0.483,0.6287,0.5608,6.65,278.06,0.527027027027027
359959,46,0.4831,0.6287,0.5608,6.67,292.17,0.527027027027027
359959,47,0.4831,0.6287,0.5608,6.74,306.54,0.527027027027027
359959,48,0.4833,0.6317,0.5608,6.78,321.09,0.527027027027027
359959,49,0.4835,0.6332,0.5608,6.87,335.32,0.527027027027027
2073,0,0.4698,0.585,0.5638,10.65,104.32,0.7181208053691275
2073,1,0.4698,0.585,0.5638,10.65,104.32,0.7181208053691275
2073,2,0.4824,0.6082,0.6174,27.23,452.99,0.7181208053691275
2073,3,0.4965,0.6277,0.6443,35.32,658.64,0.7181208053691275
2073,4,0.5063,0.6434,0.651,34.77,684.95,0.7181208053691275
2073,5,0.5112,0.6479,0.6376,33.6,690.47,0.7181208053691275
2073,6,0.5156,0.6562,0.6376,31.76,667.23,0.7181208053691275
2073,7,0.5193,0.6622,0.6443,30.2,651.95,0.7181208053691275
2073,8,0.521,0.6697,0.6443,28.96,646.27,0.7181208053691275
2073,9,0.5234,0.6719,0.651,28.28,653.33,0.7181208053691275
2073,10,0.5244,0.6749,0.6577,27.49,676.36,0.7181208053691275
2073,11,0.5255,0.6794,0.6644,26.68,700.15,0.7181208053691275
2073,12,0.5254,0.6854,0.6577,26.0,775.09,0.7181208053691275
2073,13,0.5256,0.6899,0.6711,25.7,914.81,0.7181208053691275
2073,14,0.5253,0.6936,0.6644,25.5,1105.62,0.7181208053691275
2073,15,0.525,0.6974,0.6644,24.92,1257.37,0.7181208053691275
2073,16,0.5249,0.7026,0.6711,24.48,1388.37,0.7181208053691275
2073,17,0.5251,0.7064,0.6711,23.94,1483.16,0.7181208053691275
2073,18,0.525,0.7079,0.6779,23.33,1547.35,0.7181208053691275
2073,19,0.5253,0.7139,0.6779,22.87,1615.69,0.7181208053691275
2073,20,0.5254,0.7221,0.6779,22.47,1704.28,0.7181208053691275
2073,21,0.5256,0.7251,0.6779,22.13,1784.15,0.7181208053691275
2073,22,0.5256,0.7273,0.6846,22.07,1886.49,0.7181208053691275
2073,23,0.5254,0.7288,0.6846,22.0,1976.47,0.7181208053691275
2073,24,0.5251,0.7318,0.6846,22.06,2101.31,0.7181208053691275
2073,25,0.5244,0.7378,0.6846,21.97,2249.04,0.7181208053691275
2073,26,0.5243,0.7408,0.6846,21.97,2369.83,0.7181208053691275
2073,27,0.5238,0.7453,0.6913,22.04,2555.5,0.7181208053691275
2073,28,0.5236,0.7506,0.698,21.94,2755.04,0.7181208053691275
2073,29,0.5234,0.7551,0.698,21.82,3039.31,0.7181208053691275
2073,30,0.523,0.7551,0.698,21.7,3401.23,0.7181208053691275
2073,31,0.5224,0.7596,0.698,21.72,3795.89,0.7181208053691275
2073,32,0.5222,0.7625,0.698,21.56,4108.31,0.7181208053691275
2073,33,0.5219,0.7663,0.698,21.58,4410.33,0.7181208053691275
2073,34,0.5215,0.7685,0.698,21.46,4685.02,0.7181208053691275
2073,35,0.5212,0.773,0.698,21.55,5006.79,0.7181208053691275
2073,36,0.5207,0.7768,0.698,21.46,5346.86,0.7181208053691275
2073,37,0.5202,0.7783,0.698,21.47,5655.99,0.7181208053691275
2073,38,0.5196,0.7835,0.7047,21.62,6117.31,0.7181208053691275
2073,39,0.5191,0.7873,0.7047,21.58,6482.77,0.7181208053691275
2073,40,0.5187,0.7963,0.7047,21.59,6798.92,0.7181208053691275
2073,41,0.5182,0.8,0.7047,21.71,7243.76,0.7181208053691275
2073,42,0.5177,0.803,0.7047,21.77,7820.19,0.7181208053691275
2073,43,0.5173,0.8075,0.7047,21.91,8405.22,0.7181208053691275
2073,44,0.5169,0.8135,0.7047,22.06,8943.0,0.7181208053691275
2073,45,0.5167,0.8187,0.7047,22.19,9388.3,0.7181208053691275
2073,46,0.5167,0.8225,0.7114,22.25,9815.86,0.7181208053691275
2073,47,0.5165,0.83,0.7047,22.44,10192.12,0.7181208053691275
2073,48,0.5163,0.833,0.698,22.46,10532.18,0.7181208053691275
2073,49,0.5162,0.836,0.7047,22.5,10810.96,0.7181208053691275
2073,0,0.4822,0.5933,0.6174,16.14,377.49,0.7181208053691275
2073,1,0.4822,0.5933,0.6174,16.14,377.49,0.7181208053691275
2073,2,0.4881,0.618,0.6242,25.33,774.08,0.7181208053691275
2073,3,0.496,0.6419,0.6376,32.78,1612.06,0.7181208053691275
2073,4,0.5019,0.6584,0.6309,35.12,2121.84,0.7181208053691275
2073,5,0.5057,0.6764,0.651,35.71,2347.77,0.7181208053691275
2073,6,0.5055,0.6846,0.6577,34.21,2445.85,0.7181208053691275
2073,7,0.5071,0.6921,0.651,33.15,2472.12,0.7181208053691275
2073,8,0.5087,0.7011,0.651,32.86,2486.94,0.7181208053691275
2073,9,0.5107,0.7139,0.6644,32.09,2567.27,0.7181208053691275
2073,10,0.5107,0.7206,0.6711,31.7,2701.3,0.7181208053691275
2073,11,0.5109,0.7258,0.6779,31.75,2891.24,0.7181208053691275
2073,12,0.5108,0.7341,0.6779,31.48,3067.97,0.7181208053691275
2073,13,0.5109,0.7363,0.6779,31.7,3264.37,0.7181208053691275
2073,14,0.5107,0.7476,0.6846,31.57,3361.19,0.7181208053691275
2073,15,0.5103,0.7521,0.6846,31.18,3430.54,0.7181208053691275
2073,16,0.5102,0.7588,0.6846,30.74,3526.41,0.7181208053691275
2073,17,0.5101,0.7618,0.6846,29.9,3586.51,0.7181208053691275
2073,18,0.5099,0.767,0.6846,29.78,3641.07,0.7181208053691275
2073,19,0.5103,0.7715,0.6913,29.36,3719.31,0.7181208053691275
2073,20,0.51,0.773,0.6846,29.38,3799.16,0.7181208053691275
2073,21,0.5097,0.7753,0.6846,29.35,3873.18,0.7181208053691275
2073,22,0.5089,0.7745,0.6846,29.86,4004.1,0.7181208053691275
2073,23,0.5083,0.7745,0.6779,30.02,4165.6,0.7181208053691275
2073,24,0.5083,0.773,0.6711,29.76,4232.39,0.7181208053691275
2073,25,0.508,0.7753,0.6711,29.91,4330.33,0.7181208053691275
2073,26,0.5079,0.7775,0.6711,29.9,4469.1,0.7181208053691275
2073,27,0.5076,0.7805,0.6711,29.8,4648.76,0.7181208053691275
2073,28,0.507,0.7843,0.6711,29.89,4832.68,0.7181208053691275
2073,29,0.5065,0.7895,0.6711,29.86,5045.3,0.7181208053691275
2073,30,0.5064,0.7933,0.6711,29.79,5366.08,0.7181208053691275
2073,31,0.5062,0.7963,0.6711,29.73,5702.04,0.7181208053691275
2073,32,0.5058,0.7985,0.6711,30.0,6094.51,0.7181208053691275
2073,33,0.5054,0.8022,0.6711,30.24,6377.59,0.7181208053691275
2073,34,0.5054,0.8067,0.6711,30.01,6651.99,0.7181208053691275
2073,35,0.505,0.8097,0.6711,30.06,6913.43,0.7181208053691275
2073,36,0.5047,0.8097,0.6779,30.3,7169.57,0.7181208053691275
2073,37,0.5042,0.812,0.6711,30.43,7437.15,0.7181208053691275
2073,38,0.504,0.8142,0.6711,30.32,7708.85,0.7181208053691275
2073,39,0.5036,0.8165,0.6711,30.47,7965.93,0.7181208053691275
2073,40,0.5035,0.8187,0.6711,30.53,8143.65,0.7181208053691275
2073,41,0.5033,0.8202,0.6711,30.33,8331.75,0.7181208053691275
2073,42,0.5028,0.824,0.6644,30.42,8484.94,0.7181208053691275
2073,43,0.5027,0.8255,0.6644,30.24,8667.31,0.7181208053691275
2073,44,0.5024,0.8277,0.6644,30.41,8846.76,0.7181208053691275
2073,45,0.5023,0.833,0.6644,30.27,9008.35,0.7181208053691275
2073,46,0.5023,0.8352,0.6644,30.08,9165.88,0.7181208053691275
2073,47,0.5022,0.839,0.6644,29.96,9367.7,0.7181208053691275
2073,48,0.5019,0.8404,0.6644,29.89,9508.21,0.7181208053691275
2073,49,0.5018,0.8464,0.6644,29.86,9660.68,0.7181208053691275
359959,0,0.452,0.4272,0.4257,9.93,49.89,0.5337837837837838
359959,1,0.452,0.4272,0.4257,9.93,49.89,0.5337837837837838
359959,2,0.4592,0.4468,0.4257,12.41,83.3,0.5337837837837838
359959,3,0.464,0.4921,0.4595,13.81,96.88,0.5337837837837838
359959,4,0.4662,0.517,0.4797,14.18,106.87,0.5337837837837838
359959,5,0.4699,0.5442,0.5135,14.02,119.7,0.5337837837837838
359959,6,0.4713,0.5608,0.5203,14.06,125.8,0.5337837837837838
359959,7,0.4731,0.5698,0.5473,13.8,127.6,0.5337837837837838
359959,8,0.4741,0.5698,0.5473,13.68,133.07,0.5337837837837838
359959,9,0.4742,0.5728,0.5473,13.52,139.86,0.5337837837837838
359959,10,0.4748,0.5774,0.5541,13.18,142.89,0.5337837837837838
359959,11,0.4762,0.5849,0.5676,13.03,152.26,0.5337837837837838
359959,12,0.4773,0.5902,0.5676,12.66,155.06,0.5337837837837838
359959,13,0.4771,0.5925,0.5608,12.45,158.82,0.5337837837837838
359959,14,0.4775,0.5917,0.5676,12.21,160.78,0.5337837837837838
359959,15,0.4781,0.594,0.5608,11.93,160.58,0.5337837837837838
359959,16,0.4789,0.5932,0.5405,11.67,163.84,0.5337837837837838
359959,17,0.4793,0.594,0.5405,11.39,165.82,0.5337837837837838
359959,18,0.4801,0.5947,0.5405,11.15,163.33,0.5337837837837838
359959,19,0.4806,0.6,0.5338,10.93,163.24,0.5337837837837838
359959,20,0.4816,0.6023,0.5338,10.84,165.71,0.5337837837837838
359959,21,0.4817,0.6053,0.5338,10.72,166.82,0.5337837837837838
359959,22,0.4822,0.6053,0.5405,10.59,169.5,0.5337837837837838
359959,23,0.4829,0.606,0.5338,10.48,170.19,0.5337837837837838
359959,24,0.4828,0.606,0.5338,10.34,169.44,0.5337837837837838
359959,25,0.483,0.6075,0.5338,10.21,168.26,0.5337837837837838
359959,26,0.4832,0.6068,0.527,10.1,169.1,0.5337837837837838
359959,27,0.4833,0.6075,0.527,10.01,169.99,0.5337837837837838
359959,28,0.4838,0.6083,0.527,9.92,170.26,0.5337837837837838
359959,29,0.484,0.6091,0.5338,9.83,173.21,0.5337837837837838
359959,30,0.4841,0.6113,0.5541,9.73,173.89,0.5337837837837838
359959,31,0.4841,0.6121,0.5473,9.68,176.22,0.5337837837837838
359959,32,0.4841,0.6113,0.5541,9.65,177.73,0.5337837837837838
359959,33,0.4842,0.6128,0.5541,9.63,179.38,0.5337837837837838
359959,34,0.4843,0.6121,0.5541,9.54,179.32,0.5337837837837838
359959,35,0.4844,0.6113,0.5541,9.45,178.97,0.5337837837837838
359959,36,0.4844,0.6136,0.5541,9.34,180.12,0.5337837837837838
359959,37,0.4844,0.6136,0.5473,9.26,182.28,0.5337837837837838
359959,38,0.4844,0.6136,0.5541,9.25,186.31,0.5337837837837838
359959,39,0.4844,0.6136,0.5541,9.15,186.78,0.5337837837837838
359959,40,0.4846,0.6136,0.5541,9.06,187.21,0.5337837837837838
359959,41,0.4845,0.6128,0.5541,8.95,186.98,0.5337837837837838
359959,42,0.4845,0.6136,0.5541,8.86,186.85,0.5337837837837838
359959,43,0.4847,0.6151,0.5541,8.8,189.98,0.5337837837837838
359959,44,0.4849,0.6166,0.5608,8.77,194.18,0.5337837837837838
359959,45,0.4848,0.6181,0.5608,8.72,200.1,0.5337837837837838
359959,46,0.4849,0.6211,0.5608,8.75,211.58,0.5337837837837838
359959,47,0.4848,0.6204,0.5608,8.72,221.85,0.5337837837837838
359959,48,0.4847,0.6211,0.5608,8.72,236.29,0.5337837837837838
359959,49,0.4848,0.6219,0.5608,8.7,253.04,0.5337837837837838
359959,0,0.4539,0.4272,0.4257,10.63,73.02,0.5337837837837838
359959,1,0.4539,0.4272,0.4257,10.63,73.02,0.5337837837837838
359959,2,0.4627,0.4792,0.4459,15.92,186.43,0.5337837837837838
359959,3,0.4667,0.5358,0.5,18.17,257.71,0.5337837837837838
359959,4,0.4723,0.5736,0.527,19.48,342.68,0.5337837837837838
359959,5,0.4753,0.5917,0.527,19.23,386.89,0.5337837837837838
359959,6,0.4769,0.5947,0.5405,18.51,395.87,0.5337837837837838
359959,7,0.4786,0.6038,0.5405,17.89,396.92,0.5337837837837838
359959,8,0.479,0.6038,0.527,17.14,391.87,0.5337837837837838
359959,9,0.4795,0.6091,0.527,16.27,385.23,0.5337837837837838
359959,10,0.4796,0.6083,0.527,15.78,384.13,0.5337837837837838
359959,11,0.4793,0.6121,0.527,15.43,380.19,0.5337837837837838
359959,12,0.4789,0.6098,0.5338,14.85,375.93,0.5337837837837838
359959,13,0.4792,0.6136,0.5541,14.51,384.51,0.5337837837837838
359959,14,0.4795,0.6174,0.5608,14.23,389.11,0.5337837837837838
359959,15,0.4791,0.6181,0.5473,13.97,392.57,0.5337837837837838
359959,16,0.4792,0.6181,0.5541,13.69,393.72,0.5337837837837838
359959,17,0.479,0.6211,0.5541,13.5,398.73,0.5337837837837838
359959,18,0.4792,0.6189,0.5338,13.42,400.07,0.5337837837837838
359959,19,0.4791,0.6196,0.5405,13.32,423.39,0.5337837837837838
359959,20,0.479,0.6204,0.5473,13.28,433.53,0.5337837837837838
359959,21,0.479,0.6181,0.5541,13.12,438.9,0.5337837837837838
359959,22,0.4782,0.6211,0.5541,13.07,445.09,0.5337837837837838
359959,23,0.4783,0.6204,0.5541,12.91,459.42,0.5337837837837838
359959,24,0.4787,0.6234,0.5473,12.85,478.35,0.5337837837837838
359959,25,0.479,0.6249,0.5473,12.85,498.35,0.5337837837837838
359959,26,0.4792,0.6219,0.5541,12.78,507.31,0.5337837837837838
359959,27,0.4792,0.6219,0.5473,12.66,506.28,0.5337837837837838
359959,28,0.4792,0.6226,0.5473,12.52,515.78,0.5337837837837838
359959,29,0.4795,0.6234,0.5473,12.45,534.51,0.5337837837837838
359959,30,0.4796,0.6242,0.5473,12.43,548.0,0.5337837837837838
359959,31,0.4794,0.6272,0.5473,12.35,566.56,0.5337837837837838
359959,32,0.4795,0.6279,0.5473,12.27,592.01,0.5337837837837838
359959,33,0.4795,0.6302,0.5473,12.33,634.52,0.5337837837837838
359959,34,0.4795,0.6302,0.5473,12.24,655.73,0.5337837837837838
359959,35,0.4793,0.6317,0.5473,12.15,679.06,0.5337837837837838
359959,36,0.4792,0.6325,0.5473,12.2,700.88,0.5337837837837838
359959,37,0.4793,0.6325,0.5473,12.23,721.47,0.5337837837837838
359959,38,0.4792,0.6325,0.5473,12.29,742.5,0.5337837837837838
359959,39,0.4793,0.6332,0.5473,12.32,765.42,0.5337837837837838
359959,40,0.4791,0.6332,0.5473,12.28,790.35,0.5337837837837838
359959,41,0.4789,0.6347,0.5541,12.26,827.54,0.5337837837837838
359959,42,0.4788,0.634,0.5541,12.22,861.06,0.5337837837837838
359959,43,0.4786,0.634,0.5541,12.2,908.75,0.5337837837837838
359959,44,0.4785,0.6355,0.5541,12.23,951.05,0.5337837837837838
359959,45,0.4784,0.637,0.5608,12.27,994.71,0.5337837837837838
359959,46,0.4784,0.6385,0.5608,12.34,1039.31,0.5337837837837838
359959,47,0.4784,0.6385,0.5676,12.31,1072.52,0.5337837837837838
359959,48,0.4784,0.6385,0.5608,12.33,1113.14,0.5337837837837838
359959,49,0.4784,0.6377,0.5608,12.37,1170.5,0.5337837837837838
168784,0,0.6126,0.7405,0.7436,4.51,147.25,0.8102564102564103
168784,1,0.6126,0.7405,0.7436,4.51,147.25,0.8102564102564103
168784,2,0.628,0.7841,0.7487,9.87,595.64,0.8102564102564103
168784,3,0.6376,0.8156,0.7487,11.71,927.92,0.8102564102564103
168784,4,0.6431,0.8305,0.759,11.89,996.34,0.8102564102564103
168784,5,0.6453,0.8442,0.7692,11.59,1033.78,0.8102564102564103
168784,6,0.6475,0.8528,0.7744,11.08,1030.47,0.8102564102564103
168784,7,0.6494,0.8585,0.7692,10.76,1053.16,0.8102564102564103
168784,8,0.651,0.8683,0.7744,10.44,1090.18,0.8102564102564103
168784,9,0.6527,0.87,0.7744,10.12,1114.05,0.8102564102564103
168784,10,0.6538,0.8751,0.7744,9.77,1165.87,0.8102564102564103
168784,11,0.6545,0.8774,0.7744,9.47,1225.28,0.8102564102564103
168784,12,0.6548,0.8774,0.7795,9.06,1291.67,0.8102564102564103
168784,13,0.655,0.8832,0.7846,8.74,1343.88,0.8102564102564103
168784,14,0.6552,0.8872,0.7692,8.46,1446.61,0.8102564102564103
168784,15,0.6558,0.8889,0.7744,8.19,1519.76,0.8102564102564103
168784,16,0.6563,0.8935,0.7744,7.91,1620.74,0.8102564102564103
168784,17,0.6569,0.9009,0.7744,7.65,1717.0,0.8102564102564103
168784,18,0.6571,0.9032,0.7744,7.48,1859.83,0.8102564102564103
168784,19,0.6572,0.9089,0.7744,7.4,2132.28,0.8102564102564103
168784,20,0.6574,0.9118,0.7744,7.32,2423.97,0.8102564102564103
168784,21,0.6577,0.9147,0.7744,7.2,2696.45,0.8102564102564103
168784,22,0.6579,0.9221,0.7744,7.09,2933.64,0.8102564102564103
168784,23,0.658,0.9267,0.7744,7.05,3139.17,0.8102564102564103
168784,24,0.6583,0.9324,0.7795,7.11,3368.77,0.8102564102564103
168784,25,0.6585,0.9353,0.7795,7.02,3548.25,0.8102564102564103
168784,26,0.6588,0.9376,0.7795,7.04,3711.33,0.8102564102564103
168784,27,0.6588,0.9416,0.7744,7.0,3872.91,0.8102564102564103
168784,28,0.6588,0.9439,0.7744,6.91,4021.87,0.8102564102564103
168784,29,0.659,0.9456,0.7744,6.87,4153.74,0.8102564102564103
168784,30,0.6589,0.9496,0.7744,6.9,4294.93,0.8102564102564103
168784,31,0.659,0.9519,0.7795,6.93,4399.34,0.8102564102564103
168784,32,0.6592,0.9548,0.7846,6.97,4493.44,0.8102564102564103
168784,33,0.6593,0.9559,0.7846,6.97,4568.52,0.8102564102564103
168784,34,0.6595,0.9616,0.7846,6.96,4655.15,0.8102564102564103
168784,35,0.6597,0.9622,0.7897,6.9,4757.52,0.8102564102564103
168784,36,0.6598,0.9628,0.7897,6.85,4858.64,0.8102564102564103
168784,37,0.6598,0.9645,0.7897,6.78,5000.44,0.8102564102564103
168784,38,0.6598,0.9656,0.7897,6.7,5141.7,0.8102564102564103
168784,39,0.6599,0.9691,0.7897,6.62,5276.09,0.8102564102564103
168784,40,0.6599,0.9725,0.7897,6.62,5385.76,0.8102564102564103
168784,41,0.66,0.9742,0.7897,6.7,5509.13,0.8102564102564103
168784,42,0.66,0.9765,0.7897,6.66,5593.93,0.8102564102564103
168784,43,0.6601,0.9777,0.7897,6.65,5674.65,0.8102564102564103
168784,44,0.66,0.9777,0.7897,6.62,5732.41,0.8102564102564103
168784,45,0.66,0.9788,0.7846,6.58,5786.44,0.8102564102564103
168784,46,0.66,0.98,0.7897,6.58,5847.16,0.8102564102564103
168784,47,0.6601,0.9805,0.7897,6.55,5902.61,0.8102564102564103
168784,48,0.6601,0.9817,0.7846,6.57,5944.21,0.8102564102564103
168784,49,0.6602,0.9822,0.7846,6.59,5970.61,0.8102564102564103
2073,0,0.4846,0.5895,0.6174,13.33,193.55,0.7181208053691275
2073,1,0.4846,0.5895,0.6174,13.33,193.55,0.7181208053691275
2073,2,0.4897,0.618,0.6309,32.1,1622.0,0.7181208053691275
2073,3,0.4973,0.6599,0.6242,45.21,3130.7,0.7181208053691275
2073,4,0.5032,0.6801,0.6443,49.3,4039.77,0.7181208053691275
2073,5,0.5067,0.7071,0.6577,48.88,4690.78,0.7181208053691275
2073,6,0.5081,0.7303,0.6577,48.11,5042.71,0.7181208053691275
2073,7,0.5081,0.7431,0.651,47.37,5471.38,0.7181208053691275
2073,8,0.5082,0.7588,0.6443,45.69,5916.8,0.7181208053691275
2073,9,0.5076,0.7753,0.651,44.22,6201.0,0.7181208053691275
2073,10,0.5076,0.7903,0.6644,42.76,6532.5,0.7181208053691275
2073,11,0.507,0.8015,0.6711,41.77,7142.98,0.7181208053691275
2073,12,0.5067,0.8112,0.6779,40.67,7925.67,0.7181208053691275
2073,13,0.5064,0.8277,0.6846,39.59,8909.23,0.7181208053691275
2073,14,0.506,0.836,0.6913,38.7,9533.04,0.7181208053691275
2073,15,0.5055,0.8457,0.6913,37.33,9912.24,0.7181208053691275
2073,16,0.5055,0.8524,0.6913,36.59,10449.45,0.7181208053691275
2073,17,0.5053,0.8592,0.698,35.7,10922.95,0.7181208053691275
2073,18,0.505,0.8659,0.698,35.22,11243.15,0.7181208053691275
2073,19,0.505,0.8697,0.698,34.35,11440.31,0.7181208053691275
2073,20,0.5051,0.8787,0.698,33.48,11606.74,0.7181208053691275
2073,21,0.5053,0.8809,0.698,32.55,11583.59,0.7181208053691275
2073,22,0.5052,0.8861,0.698,31.81,11675.74,0.7181208053691275
2073,23,0.5054,0.8944,0.698,31.29,11656.57,0.7181208053691275
2073,24,0.5056,0.8966,0.698,30.69,11673.7,0.7181208053691275
2073,25,0.5056,0.9034,0.698,30.08,11623.42,0.7181208053691275
2073,26,0.5057,0.9079,0.698,29.52,11562.42,0.7181208053691275
2073,27,0.5056,0.9124,0.7047,29.02,11488.25,0.7181208053691275
2073,28,0.5056,0.9146,0.7047,28.41,11413.52,0.7181208053691275
2073,29,0.5054,0.9184,0.7047,27.81,11336.96,0.7181208053691275
2073,30,0.5054,0.9206,0.7114,27.32,11251.76,0.7181208053691275
2073,31,0.5056,0.9228,0.7114,26.9,11155.61,0.7181208053691275
2073,32,0.5058,0.9236,0.7114,26.4,11066.72,0.7181208053691275
2073,33,0.5058,0.9273,0.7114,26.15,10970.7,0.7181208053691275
2073,34,0.5057,0.9296,0.7114,25.71,10857.59,0.7181208053691275
2073,35,0.5056,0.9318,0.7114,25.21,10750.73,0.7181208053691275
2073,36,0.5057,0.9326,0.7114,24.88,10615.44,0.7181208053691275
2073,37,0.5056,0.9326,0.7114,24.55,10512.02,0.7181208053691275
2073,38,0.5055,0.9333,0.7047,24.25,10384.23,0.7181208053691275
2073,39,0.5053,0.9341,0.7047,23.89,10304.95,0.7181208053691275
2073,40,0.5052,0.9341,0.7047,23.6,10198.47,0.7181208053691275
2073,41,0.5053,0.9348,0.7047,23.29,10083.06,0.7181208053691275
2073,42,0.5054,0.9333,0.698,22.94,9969.45,0.7181208053691275
2073,43,0.5053,0.9371,0.698,22.69,9875.22,0.7181208053691275
2073,44,0.5051,0.9371,0.698,22.47,9765.87,0.7181208053691275
2073,45,0.5051,0.9363,0.698,22.23,9672.7,0.7181208053691275
2073,46,0.505,0.9378,0.7047,21.92,9563.4,0.7181208053691275
2073,47,0.5049,0.9393,0.7047,21.67,9462.53,0.7181208053691275
2073,48,0.5049,0.9401,0.7047,21.42,9368.17,0.7181208053691275
2073,49,0.5049,0.9408,0.7047,21.32,9273.74,0.7181208053691275
168784,0,0.6092,0.7423,0.7179,4.21,116.28,0.8205128205128205
168784,1,0.6092,0.7423,0.7179,4.21,116.28,0.8205128205128205
168784,2,0.6229,0.7749,0.7179,6.0,269.04,0.8205128205128205
168784,3,0.6327,0.8013,0.7487,8.83,577.07,0.8205128205128205
168784,4,0.6372,0.8173,0.759,10.45,694.68,0.8205128205128205
168784,5,0.6408,0.8265,0.7744,10.36,696.72,0.8205128205128205
168784,6,0.6439,0.8373,0.7744,10.14,701.28,0.8205128205128205
168784,7,0.6462,0.8436,0.7641,9.75,777.5,0.8205128205128205
168784,8,0.6477,0.8482,0.7692,9.93,855.07,0.8205128205128205
168784,9,0.6489,0.8574,0.7487,9.96,991.39,0.8205128205128205
168784,10,0.65,0.8608,0.759,9.85,1062.92,0.8205128205128205
168784,11,0.6514,0.8643,0.7487,9.66,1121.97,0.8205128205128205
168784,12,0.6521,0.8677,0.7641,9.59,1176.15,0.8205128205128205
168784,13,0.6532,0.8734,0.7641,9.56,1222.48,0.8205128205128205
168784,14,0.6538,0.8774,0.7641,9.46,1303.29,0.8205128205128205
168784,15,0.6544,0.8803,0.7641,9.33,1367.76,0.8205128205128205
168784,16,0.6547,0.8855,0.7744,9.32,1441.3,0.8205128205128205
168784,17,0.6555,0.8866,0.7692,9.12,1478.22,0.8205128205128205
168784,18,0.6561,0.8923,0.7744,8.95,1529.15,0.8205128205128205
168784,19,0.6563,0.8975,0.7846,8.8,1609.84,0.8205128205128205
168784,20,0.657,0.9026,0.7846,8.64,1718.59,0.8205128205128205
168784,21,0.6573,0.9061,0.7846,8.62,1864.26,0.8205128205128205
168784,22,0.6579,0.9101,0.7846,8.53,1948.67,0.8205128205128205
168784,23,0.6585,0.9147,0.7846,8.55,2037.5,0.8205128205128205
168784,24,0.6589,0.917,0.7846,8.47,2129.51,0.8205128205128205
168784,25,0.6591,0.921,0.7846,8.37,2230.29,0.8205128205128205
168784,26,0.6595,0.9233,0.7846,8.3,2348.5,0.8205128205128205
168784,27,0.6597,0.9244,0.7846,8.31,2443.19,0.8205128205128205
168784,28,0.6599,0.9255,0.7846,8.23,2494.13,0.8205128205128205
168784,29,0.6601,0.9267,0.7846,8.21,2578.77,0.8205128205128205
168784,30,0.66,0.9313,0.7897,8.37,2755.4,0.8205128205128205
168784,31,0.6603,0.9341,0.7949,8.45,2940.64,0.8205128205128205
168784,32,0.6605,0.9393,0.7949,8.49,3170.56,0.8205128205128205
168784,33,0.6605,0.9422,0.7949,8.61,3417.92,0.8205128205128205
168784,34,0.6608,0.9439,0.7949,8.65,3640.53,0.8205128205128205
168784,35,0.6608,0.9473,0.8,8.68,3840.26,0.8205128205128205
168784,36,0.6608,0.9473,0.8051,8.72,4022.44,0.8205128205128205
168784,37,0.661,0.9502,0.8051,8.8,4232.3,0.8205128205128205
168784,38,0.6611,0.9525,0.8,8.85,4463.39,0.8205128205128205
168784,39,0.6613,0.9525,0.8,8.89,4670.72,0.8205128205128205
168784,40,0.6614,0.9548,0.8,9.04,4859.78,0.8205128205128205
168784,41,0.6615,0.9553,0.7949,9.09,5058.04,0.8205128205128205
168784,42,0.6616,0.9565,0.8,9.15,5290.17,0.8205128205128205
168784,43,0.6618,0.9593,0.7949,9.2,5480.78,0.8205128205128205
168784,44,0.662,0.9599,0.8,9.23,5639.64,0.8205128205128205
168784,45,0.6621,0.9611,0.7949,9.3,5809.5,0.8205128205128205
168784,46,0.6622,0.9616,0.7949,9.29,5950.0,0.8205128205128205
168784,47,0.6623,0.9656,0.7949,9.34,6070.49,0.8205128205128205
168784,48,0.6622,0.9668,0.7949,9.37,6173.76,0.8205128205128205
168784,49,0.6623,0.9679,0.7949,9.37,6292.85,0.8205128205128205
168784,0,0.6127,0.7463,0.7128,4.48,151.67,0.8153846153846154
168784,1,0.6127,0.7463,0.7128,4.48,151.67,0.8153846153846154
168784,2,0.6239,0.7829,0.7436,10.68,709.21,0.8153846153846154
168784,3,0.6339,0.8099,0.759,14.06,1180.45,0.8153846153846154
168784,4,0.6385,0.8288,0.7641,14.2,1257.37,0.8153846153846154
168784,5,0.6428,0.8414,0.7744,14.2,1298.04,0.8153846153846154
168784,6,0.6451,0.8477,0.7744,13.85,1366.65,0.8153846153846154
168784,7,0.6474,0.8631,0.7795,13.55,1478.47,0.8153846153846154
168784,8,0.6487,0.874,0.7795,13.68,1629.5,0.8153846153846154
168784,9,0.6503,0.878,0.7692,13.38,1754.62,0.8153846153846154
168784,10,0.6514,0.8849,0.7744,13.11,1914.32,0.8153846153846154
168784,11,0.6523,0.8923,0.7897,13.03,2099.42,0.8153846153846154
168784,12,0.6533,0.9015,0.7949,12.83,2265.78,0.8153846153846154
168784,13,0.6542,0.9026,0.8,12.54,2336.14,0.8153846153846154
168784,14,0.655,0.9066,0.8051,12.27,2437.41,0.8153846153846154
168784,15,0.6556,0.9107,0.8103,12.05,2567.68,0.8153846153846154
168784,16,0.6561,0.9158,0.7949,12.02,2725.38,0.8153846153846154
168784,17,0.6562,0.921,0.7949,12.09,2849.07,0.8153846153846154
168784,18,0.6563,0.925,0.7949,12.05,2970.62,0.8153846153846154
168784,19,0.6568,0.9278,0.7949,12.1,3026.82,0.8153846153846154
168784,20,0.657,0.9324,0.7949,12.05,3082.96,0.8153846153846154
168784,21,0.6572,0.9376,0.7949,11.81,3172.25,0.8153846153846154
168784,22,0.6575,0.9456,0.7897,11.67,3284.6,0.8153846153846154
168784,23,0.6576,0.9496,0.7897,11.43,3368.04,0.8153846153846154
168784,24,0.6577,0.9548,0.7897,11.36,3451.32,0.8153846153846154
168784,25,0.6579,0.9565,0.7897,11.18,3522.02,0.8153846153846154
168784,26,0.658,0.9593,0.7897,11.02,3620.42,0.8153846153846154
168784,27,0.658,0.9616,0.7897,10.93,3700.26,0.8153846153846154
168784,28,0.658,0.9651,0.7897,10.86,3771.53,0.8153846153846154
168784,29,0.6581,0.9679,0.7897,10.84,3893.95,0.8153846153846154
168784,30,0.6584,0.9702,0.7949,10.73,4021.95,0.8153846153846154
168784,31,0.6586,0.9725,0.7949,10.59,4175.81,0.8153846153846154
168784,32,0.6587,0.9731,0.7949,10.48,4345.56,0.8153846153846154
168784,33,0.6588,0.9737,0.7949,10.42,4488.83,0.8153846153846154
168784,34,0.6588,0.9759,0.7949,10.38,4620.88,0.8153846153846154
168784,35,0.6588,0.9771,0.7949,10.34,4725.16,0.8153846153846154
168784,36,0.6588,0.9788,0.7949,10.31,4827.61,0.8153846153846154
168784,37,0.659,0.9811,0.7949,10.28,4936.63,0.8153846153846154
168784,38,0.6589,0.9834,0.8,10.25,5040.14,0.8153846153846154
168784,39,0.6589,0.984,0.8,10.17,5121.66,0.8153846153846154
168784,40,0.659,0.9851,0.8,10.1,5204.71,0.8153846153846154
168784,41,0.6593,0.9857,0.8,10.1,5280.79,0.8153846153846154
168784,42,0.6594,0.9863,0.8,10.05,5360.55,0.8153846153846154
168784,43,0.6595,0.9874,0.8,9.96,5390.56,0.8153846153846154
168784,44,0.6598,0.988,0.8,9.93,5424.6,0.8153846153846154
168784,45,0.6601,0.988,0.8,9.87,5463.73,0.8153846153846154
168784,46,0.6602,0.988,0.8051,9.8,5492.81,0.8153846153846154
168784,47,0.6604,0.9885,0.8051,9.79,5501.46,0.8153846153846154
168784,48,0.6607,0.9897,0.8051,9.69,5511.84,0.8153846153846154
168784,49,0.6608,0.9897,0.8103,9.61,5520.68,0.8153846153846154
359954,0,0.4731,0.6616,0.5676,9.11,125.55,0.6621621621621622
359954,1,0.4731,0.6616,0.5676,9.11,125.55,0.6621621621621622
359954,2,0.4781,0.6843,0.5676,11.65,163.42,0.6621621621621622
359954,3,0.4853,0.7145,0.5676,14.03,220.86,0.6621621621621622
359954,4,0.4924,0.7341,0.5811,14.13,236.02,0.6621621621621622
359954,5,0.4955,0.7523,0.6216,14.52,246.73,0.6621621621621622
359954,6,0.499,0.7628,0.6216,14.07,250.76,0.6621621621621622
359954,7,0.5012,0.7644,0.6216,13.35,265.2,0.6621621621621622
359954,8,0.5029,0.7764,0.6216,12.85,274.75,0.6621621621621622
359954,9,0.5039,0.787,0.6216,12.41,289.36,0.6621621621621622
359954,10,0.5057,0.787,0.6081,11.95,304.81,0.6621621621621622
359954,11,0.5066,0.7961,0.6081,11.48,308.2,0.6621621621621622
359954,12,0.5078,0.8006,0.6081,11.01,305.13,0.6621621621621622
359954,13,0.5084,0.8006,0.5946,10.8,306.57,0.6621621621621622
359954,14,0.5093,0.8082,0.6081,10.55,299.22,0.6621621621621622
359954,15,0.5098,0.8112,0.6081,10.48,304.68,0.6621621621621622
359954,16,0.5107,0.8172,0.6081,10.46,337.61,0.6621621621621622
359954,17,0.5112,0.8172,0.6216,10.4,359.54,0.6621621621621622
359954,18,0.5115,0.8218,0.6216,10.53,379.92,0.6621621621621622
359954,19,0.5119,0.8308,0.6216,10.55,398.43,0.6621621621621622
359954,20,0.5127,0.8308,0.6216,10.49,421.61,0.6621621621621622
359954,21,0.5124,0.8384,0.6351,10.52,457.96,0.6621621621621622
359954,22,0.5125,0.8399,0.6351,10.45,496.12,0.6621621621621622
359954,23,0.5127,0.8459,0.6351,10.54,537.48,0.6621621621621622
359954,24,0.5132,0.8459,0.6351,10.55,580.73,0.6621621621621622
359954,25,0.5134,0.852,0.6351,10.51,619.64,0.6621621621621622
359954,26,0.5132,0.8565,0.6486,10.52,645.0,0.6621621621621622
359954,27,0.5126,0.8625,0.6486,10.63,692.44,0.6621621621621622
359954,28,0.5126,0.8656,0.6486,10.79,743.78,0.6621621621621622
359954,29,0.5124,0.8716,0.6486,10.84,802.74,0.6621621621621622
359954,30,0.5124,0.8746,0.6486,10.96,860.24,0.6621621621621622
359954,31,0.5129,0.8807,0.6486,11.09,921.27,0.6621621621621622
359954,32,0.5135,0.8882,0.6486,11.26,996.36,0.6621621621621622
359954,33,0.514,0.8927,0.6486,11.48,1062.29,0.6621621621621622
359954,34,0.5146,0.8943,0.6486,11.57,1127.7,0.6621621621621622
359954,35,0.5152,0.8973,0.6486,11.68,1185.33,0.6621621621621622
359954,36,0.5152,0.9018,0.6486,11.73,1247.95,0.6621621621621622
359954,37,0.5156,0.9063,0.6351,11.78,1322.66,0.6621621621621622
359954,38,0.5159,0.9094,0.6486,11.91,1383.43,0.6621621621621622
359954,39,0.5163,0.9094,0.6351,11.96,1463.63,0.6621621621621622
359954,40,0.5166,0.9139,0.6486,12.01,1520.59,0.6621621621621622
359954,41,0.5166,0.9215,0.6351,12.14,1587.52,0.6621621621621622
359954,42,0.5167,0.926,0.6486,12.18,1642.99,0.6621621621621622
359954,43,0.5167,0.932,0.6486,12.26,1696.15,0.6621621621621622
359954,44,0.517,0.9335,0.6486,12.41,1748.15,0.6621621621621622
359954,45,0.5172,0.9335,0.6486,12.47,1800.82,0.6621621621621622
359954,46,0.5173,0.935,0.6486,12.54,1847.27,0.6621621621621622
359954,47,0.5175,0.9366,0.6622,12.59,1891.36,0.6621621621621622
359954,48,0.5177,0.9381,0.6486,12.65,1931.38,0.6621621621621622
359954,49,0.5178,0.9396,0.6486,12.7,1973.73,0.6621621621621622
359954,0,0.4604,0.6269,0.5405,11.76,162.86,0.6756756756756757
359954,1,0.4604,0.6269,0.5405,11.76,162.86,0.6756756756756757
359954,2,0.4704,0.6571,0.527,20.37,474.05,0.6756756756756757
359954,3,0.4758,0.6934,0.527,25.93,762.61,0.6756756756756757
359954,4,0.4841,0.7477,0.5541,29.26,951.46,0.6756756756756757
359954,5,0.4902,0.7779,0.5676,29.02,1000.42,0.6756756756756757
359954,6,0.4937,0.8006,0.6216,28.3,984.89,0.6756756756756757
359954,7,0.4972,0.8263,0.6216,26.74,941.0,0.6756756756756757
359954,8,0.5002,0.8369,0.6622,25.11,907.87,0.6756756756756757
359954,9,0.5034,0.8414,0.6486,23.83,871.58,0.6756756756756757
359954,10,0.5044,0.852,0.6486,22.57,839.06,0.6756756756756757
359954,11,0.5064,0.861,0.6486,21.6,815.44,0.6756756756756757
359954,12,0.5073,0.8686,0.6486,20.81,809.64,0.6756756756756757
359954,13,0.508,0.8701,0.6486,20.11,803.83,0.6756756756756757
359954,14,0.508,0.8761,0.6351,19.6,798.38,0.6756756756756757
359954,15,0.5089,0.8807,0.6486,18.89,796.87,0.6756756756756757
359954,16,0.51,0.8837,0.6622,18.2,796.91,0.6756756756756757
359954,17,0.5103,0.8897,0.6622,17.69,822.22,0.6756756756756757
359954,18,0.5107,0.9018,0.6622,17.23,846.93,0.6756756756756757
359954,19,0.5118,0.9018,0.6622,16.85,882.85,0.6756756756756757
359954,20,0.5125,0.9033,0.6622,16.55,918.8,0.6756756756756757
359954,21,0.513,0.9048,0.6622,16.23,942.37,0.6756756756756757
359954,22,0.5133,0.9063,0.6622,15.83,1006.65,0.6756756756756757
359954,23,0.514,0.9124,0.6622,15.47,1068.12,0.6756756756756757
359954,24,0.5141,0.9169,0.6622,15.17,1132.18,0.6756756756756757
359954,25,0.5142,0.926,0.6622,14.77,1194.15,0.6756756756756757
359954,26,0.5143,0.9275,0.6622,14.45,1267.15,0.6756756756756757
359954,27,0.5147,0.9335,0.6622,14.18,1335.75,0.6756756756756757
359954,28,0.5152,0.935,0.6622,13.92,1409.3,0.6756756756756757
359954,29,0.5155,0.9366,0.6622,13.7,1462.19,0.6756756756756757
359954,30,0.516,0.9471,0.6622,13.62,1523.62,0.6756756756756757
359954,31,0.5165,0.9486,0.6622,13.51,1569.82,0.6756756756756757
359954,32,0.5169,0.9486,0.6622,13.42,1616.71,0.6756756756756757
359954,33,0.5171,0.9532,0.6622,13.34,1650.29,0.6756756756756757
359954,34,0.5175,0.9547,0.6757,13.27,1683.71,0.6756756756756757
359954,35,0.5182,0.9562,0.6622,13.19,1697.64,0.6756756756756757
359954,36,0.5187,0.9562,0.6757,13.11,1712.86,0.6756756756756757
359954,37,0.5189,0.9562,0.6757,13.0,1728.38,0.6756756756756757
359954,38,0.519,0.9562,0.6757,12.88,1742.5,0.6756756756756757
359954,39,0.5192,0.9562,0.6757,12.84,1754.19,0.6756756756756757
359954,40,0.5194,0.9592,0.6757,12.87,1756.63,0.6756756756756757
359954,41,0.5196,0.9607,0.6757,12.81,1762.65,0.6756756756756757
359954,42,0.5197,0.9607,0.6757,12.78,1791.39,0.6756756756756757
359954,43,0.5199,0.9622,0.6757,12.75,1807.67,0.6756756756756757
359954,44,0.52,0.9637,0.6757,12.7,1817.28,0.6756756756756757
359954,45,0.5201,0.9637,0.6757,12.61,1828.92,0.6756756756756757
359954,46,0.5202,0.9637,0.6757,12.59,1840.27,0.6756756756756757
359954,47,0.5205,0.9653,0.6757,12.61,1852.37,0.6756756756756757
359954,48,0.5208,0.9668,0.6757,12.54,1856.33,0.6756756756756757
359954,49,0.521,0.9668,0.6757,12.48,1855.5,0.6756756756756757
168784,0,0.6146,0.7348,0.7282,5.22,253.17,0.8153846153846154
168784,1,0.6146,0.7348,0.7282,5.22,253.17,0.8153846153846154
168784,2,0.6316,0.7829,0.7487,10.73,703.36,0.8153846153846154
168784,3,0.6401,0.8179,0.7538,13.03,953.27,0.8153846153846154
168784,4,0.6446,0.8356,0.7641,12.87,953.59,0.8153846153846154
168784,5,0.6489,0.8448,0.7641,12.06,966.97,0.8153846153846154
168784,6,0.65,0.8499,0.7641,11.88,988.87,0.8153846153846154
168784,7,0.6518,0.862,0.759,11.26,1020.14,0.8153846153846154
168784,8,0.6535,0.8631,0.7692,10.72,1013.25,0.8153846153846154
168784,9,0.6546,0.8729,0.7744,10.38,1037.89,0.8153846153846154
168784,10,0.6554,0.8763,0.7744,9.97,1026.84,0.8153846153846154
168784,11,0.6561,0.8792,0.7795,9.62,1043.05,0.8153846153846154
168784,12,0.6576,0.8803,0.7744,9.3,1081.98,0.8153846153846154
168784,13,0.6586,0.8849,0.7744,9.11,1155.18,0.8153846153846154
168784,14,0.6591,0.8872,0.7692,8.82,1178.09,0.8153846153846154
168784,15,0.6595,0.8895,0.7692,8.72,1261.18,0.8153846153846154
168784,16,0.66,0.8923,0.7744,8.6,1352.94,0.8153846153846154
168784,17,0.6603,0.8946,0.7744,8.56,1474.48,0.8153846153846154
168784,18,0.6606,0.8981,0.7744,8.42,1542.25,0.8153846153846154
168784,19,0.6607,0.9003,0.7692,8.48,1632.33,0.8153846153846154
168784,20,0.6609,0.9021,0.7744,8.34,1671.08,0.8153846153846154
168784,21,0.6609,0.9032,0.7744,8.22,1740.77,0.8153846153846154
168784,22,0.6611,0.9055,0.7744,8.15,1820.16,0.8153846153846154
168784,23,0.6609,0.9078,0.7744,8.05,1873.86,0.8153846153846154
168784,24,0.6609,0.9095,0.7795,8.05,1918.85,0.8153846153846154
168784,25,0.6609,0.9089,0.7744,8.02,1990.77,0.8153846153846154
168784,26,0.6607,0.9118,0.7795,7.95,2043.49,0.8153846153846154
168784,27,0.6605,0.9147,0.7795,7.88,2095.42,0.8153846153846154
168784,28,0.6603,0.9181,0.7795,7.82,2164.41,0.8153846153846154
168784,29,0.6603,0.9227,0.7795,7.99,2296.49,0.8153846153846154
168784,30,0.6603,0.9238,0.7795,7.95,2431.4,0.8153846153846154
168784,31,0.6601,0.9261,0.7795,7.94,2534.53,0.8153846153846154
168784,32,0.6601,0.9296,0.7795,8.03,2655.88,0.8153846153846154
168784,33,0.66,0.9318,0.7795,8.04,2766.36,0.8153846153846154
168784,34,0.6601,0.9359,0.7795,8.08,2940.33,0.8153846153846154
168784,35,0.6602,0.9393,0.7795,8.11,3131.22,0.8153846153846154
168784,36,0.6604,0.9427,0.7795,8.13,3317.6,0.8153846153846154
168784,37,0.6605,0.9433,0.7846,8.19,3521.6,0.8153846153846154
168784,38,0.6606,0.945,0.7897,8.27,3748.47,0.8153846153846154
168784,39,0.6608,0.9485,0.7897,8.35,3984.72,0.8153846153846154
168784,40,0.6608,0.9519,0.7897,8.48,4259.81,0.8153846153846154
168784,41,0.661,0.9548,0.7897,8.57,4468.3,0.8153846153846154
168784,42,0.6611,0.9576,0.7846,8.67,4686.2,0.8153846153846154
168784,43,0.6611,0.9605,0.7846,8.82,4899.93,0.8153846153846154
168784,44,0.661,0.9645,0.7744,8.84,5084.37,0.8153846153846154
168784,45,0.661,0.9656,0.7846,8.9,5259.35,0.8153846153846154
168784,46,0.6611,0.9685,0.7897,8.98,5396.04,0.8153846153846154
168784,47,0.661,0.9714,0.7897,9.07,5530.61,0.8153846153846154
168784,48,0.6611,0.9714,0.7897,9.11,5661.56,0.8153846153846154
168784,49,0.6611,0.9731,0.7897,9.12,5778.77,0.8153846153846154
190146,0,0.6433,0.7976,0.7412,4.46,101.33,0.7647058823529411
190146,1,0.6433,0.7976,0.7412,4.46,101.33,0.7647058823529411
190146,2,0.651,0.8686,0.7294,9.68,369.42,0.7647058823529411
190146,3,0.6567,0.9185,0.7176,12.02,551.0,0.7647058823529411
190146,4,0.66,0.9343,0.7294,12.52,599.92,0.7647058823529411
190146,5,0.6625,0.9422,0.7294,12.35,585.25,0.7647058823529411
190146,6,0.6633,0.9474,0.7294,12.82,579.47,0.7647058823529411
190146,7,0.6643,0.9501,0.7412,12.51,565.44,0.7647058823529411
190146,8,0.6651,0.958,0.7412,12.09,542.8,0.7647058823529411
190146,9,0.666,0.958,0.7294,11.61,528.73,0.7647058823529411
190146,10,0.6673,0.9658,0.7294,11.25,517.31,0.7647058823529411
190146,11,0.6681,0.9671,0.7294,10.94,504.14,0.7647058823529411
190146,12,0.669,0.975,0.7294,10.74,496.08,0.7647058823529411
190146,13,0.6695,0.9777,0.7294,10.75,487.59,0.7647058823529411
190146,14,0.6697,0.9803,0.7294,10.5,478.4,0.7647058823529411
190146,15,0.6703,0.9803,0.7412,10.4,472.96,0.7647058823529411
190146,16,0.6708,0.9816,0.7176,10.27,466.72,0.7647058823529411
190146,17,0.6709,0.9816,0.7294,10.14,462.54,0.7647058823529411
190146,18,0.6714,0.9816,0.7294,9.96,457.32,0.7647058823529411
190146,19,0.6714,0.9816,0.7294,9.92,451.4,0.7647058823529411
190146,20,0.6715,0.9816,0.7294,9.86,446.76,0.7647058823529411
190146,21,0.6718,0.9842,0.7294,9.77,449.61,0.7647058823529411
190146,22,0.6721,0.9855,0.7294,9.64,448.56,0.7647058823529411
190146,23,0.6723,0.9855,0.7294,9.65,446.78,0.7647058823529411
190146,24,0.6721,0.9855,0.7294,9.55,441.13,0.7647058823529411
190146,25,0.6724,0.9855,0.7294,9.51,436.68,0.7647058823529411
190146,26,0.6725,0.9855,0.7294,9.47,430.41,0.7647058823529411
190146,27,0.6726,0.9869,0.7294,9.45,431.47,0.7647058823529411
190146,28,0.6726,0.9869,0.7294,9.5,441.03,0.7647058823529411
190146,29,0.6728,0.9869,0.7294,9.48,448.28,0.7647058823529411
190146,30,0.6729,0.9869,0.7294,9.37,452.82,0.7647058823529411
190146,31,0.6729,0.9869,0.7294,9.34,458.71,0.7647058823529411
190146,32,0.6729,0.9908,0.7294,9.29,465.83,0.7647058823529411
190146,33,0.673,0.9921,0.7294,9.22,476.06,0.7647058823529411
190146,34,0.6729,0.9908,0.7294,9.25,487.79,0.7647058823529411
190146,35,0.6731,0.9921,0.7294,9.34,504.03,0.7647058823529411
190146,36,0.6732,0.9934,0.7294,9.29,515.49,0.7647058823529411
190146,37,0.6733,0.9934,0.7294,9.31,523.65,0.7647058823529411
190146,38,0.6733,0.9947,0.7294,9.32,534.5,0.7647058823529411
190146,39,0.6736,0.9961,0.7294,9.34,546.96,0.7647058823529411
190146,40,0.6737,0.9961,0.7294,9.35,558.51,0.7647058823529411
190146,41,0.6738,0.9961,0.7294,9.37,570.7,0.7647058823529411
190146,42,0.6739,0.9987,0.7294,9.38,580.84,0.7647058823529411
190146,43,0.674,0.9987,0.7294,9.37,590.22,0.7647058823529411
190146,44,0.6742,0.9974,0.7294,9.38,601.63,0.7647058823529411
190146,45,0.6743,0.9974,0.7294,9.36,608.55,0.7647058823529411
190146,46,0.6745,0.9974,0.7294,9.34,615.42,0.7647058823529411
190146,47,0.6746,0.9974,0.7412,9.34,619.54,0.7647058823529411
190146,48,0.6748,0.9974,0.7412,9.29,621.47,0.7647058823529411
190146,49,0.6748,0.9974,0.7412,9.24,622.75,0.7647058823529411
168784,0,0.6231,0.7451,0.7692,4.05,248.63,0.8153846153846154
168784,1,0.6231,0.7451,0.7692,4.05,248.63,0.8153846153846154
168784,2,0.636,0.7847,0.7692,10.03,670.08,0.8153846153846154
168784,3,0.6441,0.8156,0.7641,11.92,1122.98,0.8153846153846154
168784,4,0.648,0.8351,0.7692,12.26,1260.33,0.8153846153846154
168784,5,0.6502,0.8425,0.7744,12.53,1283.86,0.8153846153846154
168784,6,0.6529,0.8494,0.7744,12.15,1277.46,0.8153846153846154
168784,7,0.6542,0.8585,0.7744,11.53,1324.45,0.8153846153846154
168784,8,0.6551,0.8677,0.7692,11.02,1426.07,0.8153846153846154
168784,9,0.6553,0.874,0.7692,10.66,1542.49,0.8153846153846154
168784,10,0.6563,0.8786,0.7692,10.51,1625.29,0.8153846153846154
168784,11,0.6568,0.8814,0.7641,10.35,1698.0,0.8153846153846154
168784,12,0.6577,0.8872,0.7641,10.2,1794.66,0.8153846153846154
168784,13,0.6577,0.8918,0.7692,10.25,1994.41,0.8153846153846154
168784,14,0.6578,0.8975,0.7641,10.16,2128.98,0.8153846153846154
168784,15,0.658,0.9032,0.7692,10.11,2253.67,0.8153846153846154
168784,16,0.6582,0.9135,0.7692,10.02,2371.17,0.8153846153846154
168784,17,0.6582,0.9198,0.7692,10.14,2564.04,0.8153846153846154
168784,18,0.6586,0.9227,0.7744,10.18,2768.01,0.8153846153846154
168784,19,0.6588,0.929,0.7744,10.13,2963.57,0.8153846153846154
168784,20,0.6588,0.9318,0.7692,10.21,3101.02,0.8153846153846154
168784,21,0.659,0.9347,0.7795,10.11,3252.14,0.8153846153846154
168784,22,0.659,0.9422,0.7795,10.14,3451.1,0.8153846153846154
168784,23,0.6591,0.9462,0.7795,10.04,3571.7,0.8153846153846154
168784,24,0.659,0.9473,0.7795,9.93,3656.02,0.8153846153846154
168784,25,0.659,0.9507,0.7846,9.85,3723.04,0.8153846153846154
168784,26,0.659,0.9525,0.7795,9.76,3807.94,0.8153846153846154
168784,27,0.659,0.9565,0.7795,9.79,3923.99,0.8153846153846154
168784,28,0.6589,0.957,0.7795,9.75,4028.01,0.8153846153846154
168784,29,0.6589,0.9605,0.7897,9.65,4107.4,0.8153846153846154
168784,30,0.6589,0.9616,0.7897,9.6,4166.54,0.8153846153846154
168784,31,0.659,0.9639,0.7846,9.51,4210.07,0.8153846153846154
168784,32,0.6592,0.9651,0.7846,9.43,4248.81,0.8153846153846154
168784,33,0.6591,0.9674,0.7846,9.35,4296.68,0.8153846153846154
168784,34,0.6589,0.9691,0.7846,9.26,4330.17,0.8153846153846154
168784,35,0.6589,0.9708,0.7846,9.17,4339.48,0.8153846153846154
168784,36,0.6588,0.9708,0.7846,9.09,4348.62,0.8153846153846154
168784,37,0.6588,0.9725,0.7846,9.03,4349.57,0.8153846153846154
168784,38,0.6589,0.9754,0.7846,8.96,4350.78,0.8153846153846154
168784,39,0.6589,0.9765,0.7846,9.03,4366.23,0.8153846153846154
168784,40,0.659,0.9777,0.7846,8.96,4367.55,0.8153846153846154
168784,41,0.6591,0.9794,0.7846,8.94,4379.39,0.8153846153846154
168784,42,0.6592,0.9805,0.7846,8.95,4414.35,0.8153846153846154
168784,43,0.6593,0.9817,0.7897,8.92,4444.22,0.8153846153846154
168784,44,0.6594,0.9828,0.7846,8.96,4493.62,0.8153846153846154
168784,45,0.6594,0.984,0.7949,8.93,4552.94,0.8153846153846154
168784,46,0.6594,0.9863,0.7949,8.92,4601.07,0.8153846153846154
168784,47,0.6594,0.9863,0.7949,8.86,4651.61,0.8153846153846154
168784,48,0.6594,0.9868,0.7949,8.85,4690.94,0.8153846153846154
168784,49,0.6596,0.988,0.8,8.82,4720.39,0.8153846153846154
2073,0,0.4786,0.5768,0.5839,12.21,159.29,0.7181208053691275
2073,1,0.4786,0.5768,0.5839,12.21,159.29,0.7181208053691275
2073,2,0.493,0.6097,0.6309,22.41,504.8,0.7181208053691275
2073,3,0.5021,0.6322,0.6309,27.56,626.27,0.7181208053691275
2073,4,0.5088,0.6442,0.6376,27.72,654.28,0.7181208053691275
2073,5,0.512,0.6509,0.6174,27.66,662.19,0.7181208053691275
2073,6,0.5131,0.6614,0.6376,28.17,685.28,0.7181208053691275
2073,7,0.5153,0.6674,0.6376,27.02,681.12,0.7181208053691275
2073,8,0.5174,0.6757,0.651,26.08,697.01,0.7181208053691275
2073,9,0.5199,0.6816,0.6577,25.17,700.63,0.7181208053691275
2073,10,0.5198,0.6824,0.6577,24.69,706.35,0.7181208053691275
2073,11,0.5211,0.6854,0.6577,24.38,726.86,0.7181208053691275
2073,12,0.5216,0.6869,0.6644,24.27,759.68,0.7181208053691275
2073,13,0.5227,0.6891,0.6644,23.89,773.45,0.7181208053691275
2073,14,0.5227,0.6884,0.6644,23.22,784.7,0.7181208053691275
2073,15,0.5233,0.6921,0.6644,23.22,799.74,0.7181208053691275
2073,16,0.5232,0.6944,0.6644,23.08,833.55,0.7181208053691275
2073,17,0.5228,0.6959,0.6779,22.78,887.21,0.7181208053691275
2073,18,0.5225,0.7019,0.6711,22.53,942.87,0.7181208053691275
2073,19,0.522,0.7064,0.6779,22.87,1072.64,0.7181208053691275
2073,20,0.5213,0.7071,0.6779,23.13,1196.88,0.7181208053691275
2073,21,0.521,0.7094,0.6779,23.36,1275.88,0.7181208053691275
2073,22,0.5205,0.7139,0.6779,23.54,1335.46,0.7181208053691275
2073,23,0.5202,0.7161,0.6779,23.78,1419.68,0.7181208053691275
2073,24,0.5199,0.7221,0.6779,23.79,1492.98,0.7181208053691275
2073,25,0.5196,0.7236,0.6846,24.03,1566.68,0.7181208053691275
2073,26,0.5192,0.7296,0.6846,24.07,1678.57,0.7181208053691275
2073,27,0.519,0.7318,0.6846,23.89,1785.52,0.7181208053691275
2073,28,0.5189,0.7341,0.6846,23.87,1975.79,0.7181208053691275
2073,29,0.5185,0.7363,0.6779,23.98,2176.53,0.7181208053691275
2073,30,0.5183,0.7401,0.6779,23.95,2343.13,0.7181208053691275
2073,31,0.5181,0.7431,0.6779,24.2,2533.79,0.7181208053691275
2073,32,0.5174,0.7476,0.6779,24.45,2750.72,0.7181208053691275
2073,33,0.517,0.7498,0.6846,24.65,3005.34,0.7181208053691275
2073,34,0.5165,0.7536,0.6846,25.03,3281.79,0.7181208053691275
2073,35,0.5161,0.7566,0.6846,25.43,3626.14,0.7181208053691275
2073,36,0.5156,0.7581,0.6846,25.58,3958.75,0.7181208053691275
2073,37,0.5152,0.7633,0.6846,25.91,4355.56,0.7181208053691275
2073,38,0.5148,0.767,0.6846,26.37,4712.77,0.7181208053691275
2073,39,0.5144,0.7708,0.6846,26.62,5155.41,0.7181208053691275
2073,40,0.5141,0.7753,0.6913,26.71,5733.66,0.7181208053691275
2073,41,0.5137,0.7798,0.6913,26.92,6339.43,0.7181208053691275
2073,42,0.5136,0.7828,0.6913,27.21,6882.53,0.7181208053691275
2073,43,0.5133,0.788,0.6913,27.36,7316.55,0.7181208053691275
2073,44,0.5129,0.791,0.6913,27.61,7856.92,0.7181208053691275
2073,45,0.5127,0.7985,0.6846,27.95,8521.48,0.7181208053691275
2073,46,0.5125,0.8015,0.6846,28.16,9056.88,0.7181208053691275
2073,47,0.5124,0.806,0.6846,28.39,9513.94,0.7181208053691275
2073,48,0.5121,0.8082,0.6846,28.37,9898.76,0.7181208053691275
2073,49,0.5119,0.8165,0.6846,28.51,10281.12,0.7181208053691275
359954,0,0.4597,0.6239,0.527,14.22,160.3,0.6756756756756757
359954,1,0.4597,0.6239,0.527,14.22,160.3,0.6756756756756757
359954,2,0.4771,0.6873,0.5946,21.68,502.46,0.6756756756756757
359954,3,0.4877,0.7356,0.5811,24.3,687.59,0.6756756756756757
359954,4,0.4954,0.7674,0.6081,23.53,718.28,0.6756756756756757
359954,5,0.4981,0.784,0.6216,22.46,718.88,0.6756756756756757
359954,6,0.5008,0.8036,0.6216,21.21,696.08,0.6756756756756757
359954,7,0.5025,0.8066,0.6351,20.05,657.2,0.6756756756756757
359954,8,0.5052,0.8233,0.6486,18.79,627.47,0.6756756756756757
359954,9,0.5072,0.8384,0.6486,17.9,613.58,0.6756756756756757
359954,10,0.5092,0.8474,0.6486,17.19,598.31,0.6756756756756757
359954,11,0.5107,0.8474,0.6486,16.99,601.89,0.6756756756756757
359954,12,0.5113,0.855,0.6622,16.68,610.75,0.6756756756756757
359954,13,0.5125,0.8595,0.6622,16.46,615.2,0.6756756756756757
359954,14,0.5138,0.8656,0.6486,16.06,619.8,0.6756756756756757
359954,15,0.5146,0.8746,0.6622,15.92,625.47,0.6756756756756757
359954,16,0.5154,0.8761,0.6622,15.62,626.98,0.6756756756756757
359954,17,0.5166,0.8822,0.6757,15.45,634.37,0.6756756756756757
359954,18,0.5173,0.8837,0.6757,15.05,649.4,0.6756756756756757
359954,19,0.5178,0.8927,0.6757,14.74,671.23,0.6756756756756757
359954,20,0.5183,0.8927,0.6757,14.43,695.65,0.6756756756756757
359954,21,0.519,0.8988,0.6757,14.11,727.26,0.6756756756756757
359954,22,0.5197,0.8988,0.6757,13.99,765.04,0.6756756756756757
359954,23,0.5206,0.9048,0.6757,13.8,799.02,0.6756756756756757
359954,24,0.5209,0.9048,0.6757,13.61,839.58,0.6756756756756757
359954,25,0.5216,0.9063,0.6757,13.39,867.65,0.6756756756756757
359954,26,0.522,0.9079,0.6757,13.16,895.64,0.6756756756756757
359954,27,0.5216,0.9094,0.6757,12.95,914.35,0.6756756756756757
359954,28,0.5217,0.9139,0.6757,12.87,927.21,0.6756756756756757
359954,29,0.5217,0.9139,0.6757,12.73,946.38,0.6756756756756757
359954,30,0.5216,0.9139,0.6757,12.56,953.84,0.6756756756756757
359954,31,0.522,0.9154,0.6757,12.43,960.87,0.6756756756756757
359954,32,0.5219,0.9169,0.6757,12.39,971.65,0.6756756756756757
359954,33,0.5219,0.9169,0.6757,12.25,972.57,0.6756756756756757
359954,34,0.5221,0.9184,0.6757,12.09,996.4,0.6756756756756757
359954,35,0.5224,0.926,0.6757,12.19,1061.48,0.6756756756756757
359954,36,0.5229,0.9275,0.6757,12.23,1120.8,0.6756756756756757
359954,37,0.5234,0.929,0.6757,12.2,1166.78,0.6756756756756757
359954,38,0.5235,0.9335,0.6757,12.21,1227.95,0.6756756756756757
359954,39,0.5238,0.9366,0.6757,12.27,1279.53,0.6756756756756757
359954,40,0.524,0.9396,0.6757,12.21,1322.19,0.6756756756756757
359954,41,0.5241,0.9411,0.6757,12.25,1362.83,0.6756756756756757
359954,42,0.5239,0.9426,0.6757,12.26,1396.93,0.6756756756756757
359954,43,0.524,0.9426,0.6757,12.2,1434.99,0.6756756756756757
359954,44,0.524,0.9502,0.6757,12.19,1473.0,0.6756756756756757
359954,45,0.5241,0.9502,0.6757,12.21,1511.01,0.6756756756756757
359954,46,0.5242,0.9577,0.6757,12.17,1541.75,0.6756756756756757
359954,47,0.5242,0.9592,0.6757,12.12,1565.9,0.6756756756756757
359954,48,0.5243,0.9607,0.6757,12.13,1595.98,0.6756756756756757
359954,49,0.5245,0.9622,0.6757,12.14,1616.08,0.6756756756756757
359954,0,0.4765,0.6541,0.5405,9.54,144.23,0.6621621621621622
359954,1,0.4765,0.6541,0.5405,9.54,144.23,0.6621621621621622
359954,2,0.49,0.7175,0.5811,20.24,759.93,0.6621621621621622
359954,3,0.4994,0.7734,0.5946,19.97,935.94,0.6621621621621622
359954,4,0.5023,0.8021,0.5946,19.43,942.65,0.6621621621621622
359954,5,0.5045,0.8172,0.6351,17.59,969.23,0.6621621621621622
359954,6,0.5088,0.8369,0.6351,15.78,958.63,0.6621621621621622
359954,7,0.5124,0.852,0.6351,14.72,951.84,0.6621621621621622
359954,8,0.5134,0.864,0.6216,13.74,934.93,0.6621621621621622
359954,9,0.5142,0.8716,0.6216,12.84,909.1,0.6621621621621622
359954,10,0.5149,0.8822,0.6351,12.52,935.51,0.6621621621621622
359954,11,0.5153,0.8852,0.6486,12.37,979.87,0.6621621621621622
359954,12,0.5164,0.8912,0.6622,12.05,1017.13,0.6621621621621622
359954,13,0.5166,0.8973,0.6622,11.96,1041.39,0.6621621621621622
359954,14,0.5163,0.8988,0.6622,11.83,1078.55,0.6621621621621622
359954,15,0.5167,0.9033,0.6622,11.38,1113.2,0.6621621621621622
359954,16,0.5172,0.9094,0.6622,10.88,1128.12,0.6621621621621622
359954,17,0.517,0.9124,0.6622,10.43,1147.77,0.6621621621621622
359954,18,0.5175,0.9139,0.6622,10.01,1169.41,0.6621621621621622
359954,19,0.5181,0.9184,0.6622,9.77,1198.86,0.6621621621621622
359954,20,0.5189,0.923,0.6622,9.45,1236.1,0.6621621621621622
359954,21,0.519,0.926,0.6622,9.48,1293.35,0.6621621621621622
359954,22,0.5195,0.9275,0.6622,9.43,1332.59,0.6621621621621622
359954,23,0.5197,0.9335,0.6622,9.23,1370.26,0.6621621621621622
359954,24,0.5201,0.9366,0.6622,9.22,1420.07,0.6621621621621622
359954,25,0.5211,0.9366,0.6622,9.52,1486.59,0.6621621621621622
359954,26,0.5218,0.9381,0.6622,9.54,1527.7,0.6621621621621622
359954,27,0.5226,0.9426,0.6622,9.67,1569.52,0.6621621621621622
359954,28,0.5231,0.9486,0.6757,9.79,1613.05,0.6621621621621622
359954,29,0.5229,0.9532,0.6757,10.05,1663.9,0.6621621621621622
359954,30,0.5231,0.9562,0.6757,10.63,1694.99,0.6621621621621622
359954,31,0.5234,0.9607,0.6757,10.92,1714.98,0.6621621621621622
359954,32,0.5238,0.9622,0.6757,11.34,1751.35,0.6621621621621622
359954,33,0.5238,0.9637,0.6757,11.65,1774.17,0.6621621621621622
359954,34,0.5239,0.9637,0.6757,11.97,1790.65,0.6621621621621622
359954,35,0.5241,0.9637,0.6757,12.2,1799.6,0.6621621621621622
359954,36,0.5243,0.9683,0.6757,12.26,1809.55,0.6621621621621622
359954,37,0.5247,0.9683,0.6757,12.29,1812.96,0.6621621621621622
359954,38,0.525,0.9698,0.6757,12.34,1814.38,0.6621621621621622
359954,39,0.5251,0.9698,0.6757,12.4,1811.23,0.6621621621621622
359954,40,0.5253,0.9698,0.6757,12.41,1813.76,0.6621621621621622
359954,41,0.5252,0.9713,0.6757,12.41,1819.38,0.6621621621621622
359954,42,0.5252,0.9713,0.6757,12.42,1820.21,0.6621621621621622
359954,43,0.5254,0.9713,0.6757,12.5,1819.77,0.6621621621621622
359954,44,0.5252,0.9713,0.6757,12.47,1821.84,0.6621621621621622
359954,45,0.5252,0.9728,0.6757,12.44,1822.06,0.6621621621621622
359954,46,0.5253,0.9743,0.6757,12.39,1813.83,0.6621621621621622
359954,47,0.5253,0.9743,0.6622,12.39,1806.64,0.6621621621621622
359954,48,0.5255,0.9743,0.6622,12.31,1802.54,0.6621621621621622
359954,49,0.5254,0.9743,0.6622,12.28,1794.1,0.6621621621621622
359959,0,0.4622,0.4596,0.4392,12.47,85.45,0.5337837837837838
359959,1,0.4622,0.4596,0.4392,12.47,85.45,0.5337837837837838
359959,2,0.4658,0.5223,0.4932,13.82,99.61,0.5337837837837838
359959,3,0.4683,0.5623,0.5203,13.54,99.81,0.5337837837837838
359959,4,0.4719,0.5758,0.5338,13.33,102.05,0.5337837837837838
359959,5,0.474,0.5796,0.5338,12.99,100.96,0.5337837837837838
359959,6,0.4761,0.5804,0.5405,12.63,97.05,0.5337837837837838
359959,7,0.477,0.5804,0.5473,12.3,99.43,0.5337837837837838
359959,8,0.4791,0.5887,0.527,11.97,100.01,0.5337837837837838
359959,9,0.4804,0.5917,0.527,11.44,100.58,0.5337837837837838
359959,10,0.4817,0.5909,0.5338,10.98,102.13,0.5337837837837838
359959,11,0.4825,0.594,0.5338,10.56,102.82,0.5337837837837838
359959,12,0.4839,0.5955,0.527,10.33,102.17,0.5337837837837838
359959,13,0.4846,0.594,0.527,10.08,101.15,0.5337837837837838
359959,14,0.4844,0.5909,0.527,9.94,100.92,0.5337837837837838
359959,15,0.4851,0.5909,0.5338,9.7,101.09,0.5337837837837838
359959,16,0.4855,0.5887,0.5338,9.54,101.57,0.5337837837837838
359959,17,0.4854,0.5909,0.5338,9.46,101.36,0.5337837837837838
359959,18,0.4853,0.5955,0.527,9.34,102.49,0.5337837837837838
359959,19,0.4857,0.5955,0.527,9.21,103.64,0.5337837837837838
359959,20,0.4859,0.5955,0.5203,9.11,104.27,0.5337837837837838
359959,21,0.4859,0.5962,0.5203,8.95,104.2,0.5337837837837838
359959,22,0.486,0.597,0.527,8.91,103.74,0.5337837837837838
359959,23,0.4861,0.5955,0.527,8.78,102.38,0.5337837837837838
359959,24,0.486,0.5955,0.527,8.62,101.02,0.5337837837837838
359959,25,0.4862,0.597,0.527,8.52,100.64,0.5337837837837838
359959,26,0.4862,0.5977,0.527,8.57,102.99,0.5337837837837838
359959,27,0.486,0.6008,0.527,8.61,106.03,0.5337837837837838
359959,28,0.4859,0.6023,0.527,8.58,113.39,0.5337837837837838
359959,29,0.4861,0.6015,0.527,8.64,119.56,0.5337837837837838
359959,30,0.4859,0.6045,0.527,8.62,124.36,0.5337837837837838
359959,31,0.4859,0.6045,0.527,8.76,135.5,0.5337837837837838
359959,32,0.4861,0.6053,0.527,8.81,143.64,0.5337837837837838
359959,33,0.4862,0.6068,0.527,8.94,156.16,0.5337837837837838
359959,34,0.4862,0.6083,0.527,9.07,179.69,0.5337837837837838
359959,35,0.4862,0.6075,0.527,9.3,210.89,0.5337837837837838
359959,36,0.4862,0.6068,0.527,9.41,235.09,0.5337837837837838
359959,37,0.486,0.6091,0.527,9.47,254.84,0.5337837837837838
359959,38,0.4857,0.6098,0.527,9.53,270.85,0.5337837837837838
359959,39,0.4856,0.6128,0.527,9.63,298.76,0.5337837837837838
359959,40,0.4855,0.6151,0.527,9.73,323.17,0.5337837837837838
359959,41,0.4855,0.6143,0.527,9.84,344.57,0.5337837837837838
359959,42,0.4854,0.6158,0.5338,10.02,379.54,0.5337837837837838
359959,43,0.4855,0.6136,0.5338,10.06,409.02,0.5337837837837838
359959,44,0.4853,0.6128,0.5338,10.15,436.91,0.5337837837837838
359959,45,0.4853,0.6181,0.5338,10.21,472.78,0.5337837837837838
359959,46,0.4854,0.6189,0.5338,10.35,527.32,0.5337837837837838
359959,47,0.4853,0.6196,0.5338,10.55,593.01,0.5337837837837838
359959,48,0.4853,0.6242,0.5338,10.74,660.13,0.5337837837837838
359959,49,0.4853,0.6242,0.5338,10.92,715.21,0.5337837837837838
2073,0,0.46,0.5678,0.5973,14.09,160.9,0.7248322147651006
2073,1,0.46,0.5678,0.5973,14.09,160.9,0.7248322147651006
2073,2,0.4814,0.6052,0.6174,28.06,642.53,0.7248322147651006
2073,3,0.4975,0.6419,0.6242,34.66,959.0,0.7248322147651006
2073,4,0.5055,0.6539,0.6376,34.16,1033.84,0.7248322147651006
2073,5,0.509,0.6629,0.6309,34.04,1125.38,0.7248322147651006
2073,6,0.5118,0.6787,0.6443,33.33,1165.83,0.7248322147651006
2073,7,0.5141,0.6869,0.6443,32.35,1205.49,0.7248322147651006
2073,8,0.5172,0.6921,0.6577,31.36,1254.47,0.7248322147651006
2073,9,0.5185,0.6996,0.6711,30.48,1291.54,0.7248322147651006
2073,10,0.5194,0.7101,0.6711,29.96,1348.15,0.7248322147651006
2073,11,0.5201,0.7154,0.6846,29.11,1435.45,0.7248322147651006
2073,12,0.52,0.7206,0.6846,28.69,1589.2,0.7248322147651006
2073,13,0.5206,0.7221,0.6913,28.61,1814.49,0.7248322147651006
2073,14,0.5201,0.7303,0.6913,28.14,2107.98,0.7248322147651006
2073,15,0.5198,0.7356,0.7047,27.55,2347.94,0.7248322147651006
2073,16,0.5192,0.7408,0.7047,27.16,2537.12,0.7248322147651006
2073,17,0.519,0.7431,0.7114,26.94,2830.75,0.7248322147651006
2073,18,0.5191,0.7468,0.7047,26.67,3103.7,0.7248322147651006
2073,19,0.5184,0.7588,0.7047,26.59,3513.73,0.7248322147651006
2073,20,0.5182,0.7618,0.7047,26.44,3943.41,0.7248322147651006
2073,21,0.518,0.7693,0.7047,26.44,4369.75,0.7248322147651006
2073,22,0.5179,0.776,0.7047,26.32,4852.13,0.7248322147651006
2073,23,0.5177,0.7798,0.7047,25.99,5227.15,0.7248322147651006
2073,24,0.5174,0.7843,0.7047,25.89,5636.58,0.7248322147651006
2073,25,0.5172,0.7888,0.7047,25.43,5909.29,0.7248322147651006
2073,26,0.5171,0.794,0.7047,25.16,6157.12,0.7248322147651006
2073,27,0.517,0.797,0.7047,24.89,6409.33,0.7248322147651006
2073,28,0.5165,0.8007,0.7047,24.67,6657.24,0.7248322147651006
2073,29,0.5161,0.8082,0.698,24.81,7235.49,0.7248322147651006
2073,30,0.5159,0.815,0.7047,24.9,7705.55,0.7248322147651006
2073,31,0.5156,0.8187,0.698,24.78,8198.96,0.7248322147651006
2073,32,0.5149,0.827,0.698,24.78,8757.6,0.7248322147651006
2073,33,0.5145,0.833,0.698,24.86,9300.09,0.7248322147651006
2073,34,0.514,0.839,0.698,24.9,9843.21,0.7248322147651006
2073,35,0.5135,0.8457,0.698,24.82,10237.0,0.7248322147651006
2073,36,0.5129,0.8524,0.7047,24.68,10601.0,0.7248322147651006
2073,37,0.5126,0.8569,0.698,24.57,10888.36,0.7248322147651006
2073,38,0.5122,0.8614,0.698,24.39,11120.46,0.7248322147651006
2073,39,0.5121,0.8637,0.6913,24.23,11310.68,0.7248322147651006
2073,40,0.5117,0.8644,0.6913,24.09,11467.67,0.7248322147651006
2073,41,0.5115,0.8667,0.6913,23.98,11597.91,0.7248322147651006
2073,42,0.5113,0.8689,0.6913,23.85,11762.76,0.7248322147651006
2073,43,0.5111,0.8749,0.6913,23.66,11859.29,0.7248322147651006
2073,44,0.5108,0.8809,0.698,23.58,11957.23,0.7248322147651006
2073,45,0.5107,0.8809,0.698,23.54,12057.34,0.7248322147651006
2073,46,0.5104,0.8816,0.698,23.41,12105.91,0.7248322147651006
2073,47,0.5104,0.8854,0.698,23.3,12138.51,0.7248322147651006
2073,48,0.5102,0.8891,0.698,23.17,12173.19,0.7248322147651006
2073,49,0.51,0.8914,0.698,23.02,12138.13,0.7248322147651006
190146,0,0.6362,0.8029,0.7176,5.03,149.65,0.7647058823529411
190146,1,0.6362,0.8029,0.7176,5.03,149.65,0.7647058823529411
190146,2,0.6479,0.8791,0.7412,10.47,507.98,0.7647058823529411
190146,3,0.6515,0.9212,0.7176,11.25,566.48,0.7647058823529411
190146,4,0.6551,0.9396,0.7176,10.93,553.95,0.7647058823529411
190146,5,0.6568,0.9527,0.7294,10.35,522.78,0.7647058823529411
190146,6,0.6581,0.9606,0.7294,10.03,521.82,0.7647058823529411
190146,7,0.6587,0.9619,0.7294,9.87,534.45,0.7647058823529411
190146,8,0.6582,0.9645,0.7294,9.5,527.28,0.7647058823529411
190146,9,0.6583,0.9698,0.7647,9.0,518.2,0.7647058823529411
190146,10,0.6588,0.9711,0.7765,8.56,515.21,0.7647058823529411
190146,11,0.6589,0.9737,0.7765,8.55,539.52,0.7647058823529411
190146,12,0.6591,0.9737,0.7765,8.42,551.13,0.7647058823529411
190146,13,0.6597,0.9777,0.7765,8.28,570.42,0.7647058823529411
190146,14,0.6599,0.979,0.7882,8.33,584.86,0.7647058823529411
190146,15,0.6596,0.979,0.7882,8.36,597.43,0.7647058823529411
190146,16,0.66,0.9816,0.7882,8.31,604.38,0.7647058823529411
190146,17,0.6609,0.9842,0.7765,8.3,606.06,0.7647058823529411
190146,18,0.6613,0.9842,0.7765,8.25,605.58,0.7647058823529411
190146,19,0.6613,0.9842,0.7765,8.13,603.37,0.7647058823529411
190146,20,0.6609,0.9855,0.7765,8.18,599.0,0.7647058823529411
190146,21,0.661,0.9869,0.7647,8.05,592.27,0.7647058823529411
190146,22,0.6617,0.9882,0.7647,7.96,585.28,0.7647058823529411
190146,23,0.6621,0.9908,0.7529,7.84,579.22,0.7647058823529411
190146,24,0.6622,0.9908,0.7647,7.74,577.23,0.7647058823529411
190146,25,0.6622,0.9908,0.7647,7.76,582.89,0.7647058823529411
190146,26,0.6626,0.9921,0.7647,7.83,587.47,0.7647058823529411
190146,27,0.6629,0.9921,0.7647,7.89,592.39,0.7647058823529411
190146,28,0.663,0.9947,0.7765,7.95,596.91,0.7647058823529411
190146,29,0.6631,0.9974,0.7765,7.95,603.97,0.7647058823529411
190146,30,0.6633,0.9974,0.7765,7.96,614.98,0.7647058823529411
190146,31,0.6634,0.9987,0.7765,8.05,625.02,0.7647058823529411
190146,32,0.6637,0.9987,0.7765,8.07,632.43,0.7647058823529411
190146,33,0.6639,0.9974,0.7765,8.09,636.39,0.7647058823529411
190146,34,0.6638,0.9987,0.7765,8.09,642.59,0.7647058823529411
190146,35,0.6638,0.9987,0.7765,8.02,648.4,0.7647058823529411
190146,36,0.664,0.9987,0.7765,8.01,653.24,0.7647058823529411
190146,37,0.6644,0.9987,0.7765,7.93,652.5,0.7647058823529411
190146,38,0.6648,0.9987,0.7647,7.96,652.49,0.7647058823529411
190146,39,0.6649,0.9987,0.7647,7.9,652.32,0.7647058823529411
190146,40,0.6652,0.9987,0.7765,7.88,652.86,0.7647058823529411
190146,41,0.6655,0.9987,0.7647,7.88,653.19,0.7647058823529411
190146,42,0.6656,0.9987,0.7647,7.88,652.22,0.7647058823529411
190146,43,0.666,0.9987,0.7765,7.85,651.18,0.7647058823529411
190146,44,0.6661,0.9987,0.7765,7.8,649.06,0.7647058823529411
190146,45,0.6663,0.9987,0.7647,7.84,648.14,0.7647058823529411
190146,46,0.6663,0.9987,0.7647,7.8,645.39,0.7647058823529411
190146,47,0.6664,0.9987,0.7647,7.81,642.16,0.7647058823529411
190146,48,0.6665,0.9987,0.7647,7.82,638.21,0.7647058823529411
190146,49,0.6666,0.9974,0.7529,7.78,636.41,0.7647058823529411
190146,0,0.6531,0.8279,0.7294,5.91,126.77,0.7529411764705882
190146,1,0.6531,0.8279,0.7294,5.91,126.77,0.7529411764705882
190146,2,0.6588,0.9028,0.7176,11.35,370.29,0.7529411764705882
190146,3,0.6623,0.9277,0.7176,11.86,424.04,0.7529411764705882
190146,4,0.6639,0.9382,0.7294,11.61,418.12,0.7529411764705882
190146,5,0.6651,0.9474,0.7176,10.97,415.01,0.7529411764705882
190146,6,0.6659,0.9501,0.7294,10.74,415.19,0.7529411764705882
190146,7,0.6665,0.954,0.7294,10.2,398.83,0.7529411764705882
190146,8,0.6666,0.9566,0.7294,9.92,387.73,0.7529411764705882
190146,9,0.6672,0.9645,0.7176,9.52,374.3,0.7529411764705882
190146,10,0.6671,0.9658,0.7176,9.04,363.57,0.7529411764705882
190146,11,0.6683,0.9698,0.7176,8.77,364.32,0.7529411764705882
190146,12,0.6692,0.9711,0.7176,8.46,383.52,0.7529411764705882
190146,13,0.6694,0.9711,0.7176,8.23,378.01,0.7529411764705882
190146,14,0.6704,0.9737,0.7176,8.07,386.04,0.7529411764705882
190146,15,0.6708,0.9777,0.7294,8.15,409.48,0.7529411764705882
190146,16,0.6711,0.9777,0.7294,8.28,424.59,0.7529411764705882
190146,17,0.6712,0.979,0.7176,8.35,438.25,0.7529411764705882
190146,18,0.6716,0.9803,0.7294,8.53,454.42,0.7529411764705882
190146,19,0.6715,0.9829,0.7294,8.75,478.47,0.7529411764705882
190146,20,0.6717,0.9842,0.7294,8.88,504.53,0.7529411764705882
190146,21,0.6715,0.9855,0.7294,8.86,534.27,0.7529411764705882
190146,22,0.6714,0.9869,0.7412,8.92,549.74,0.7529411764705882
190146,23,0.6714,0.9869,0.7412,9.05,571.57,0.7529411764705882
190146,24,0.6715,0.9895,0.7412,9.24,600.16,0.7529411764705882
190146,25,0.6715,0.9908,0.7412,9.37,626.9,0.7529411764705882
190146,26,0.6715,0.9921,0.7412,9.43,653.87,0.7529411764705882
190146,27,0.6714,0.9921,0.7412,9.4,674.15,0.7529411764705882
190146,28,0.6718,0.9921,0.7412,9.28,688.27,0.7529411764705882
190146,29,0.6717,0.9934,0.7412,9.28,705.86,0.7529411764705882
190146,30,0.6721,0.9934,0.7412,9.21,720.58,0.7529411764705882
190146,31,0.6723,0.9934,0.7412,9.22,733.33,0.7529411764705882
190146,32,0.6723,0.9947,0.7412,9.21,742.85,0.7529411764705882
190146,33,0.6724,0.9961,0.7412,9.12,749.82,0.7529411764705882
190146,34,0.6726,0.9961,0.7412,9.13,757.78,0.7529411764705882
190146,35,0.6726,0.9974,0.7412,9.09,763.91,0.7529411764705882
190146,36,0.6726,0.9974,0.7412,9.01,769.77,0.7529411764705882
190146,37,0.6728,0.9974,0.7412,8.96,773.78,0.7529411764705882
190146,38,0.6728,0.9974,0.7412,8.92,776.46,0.7529411764705882
190146,39,0.6729,0.9974,0.7412,8.86,777.49,0.7529411764705882
190146,40,0.6728,0.9974,0.7412,8.77,779.47,0.7529411764705882
190146,41,0.6729,0.9974,0.7412,8.62,775.76,0.7529411764705882
190146,42,0.673,0.9974,0.7412,8.53,773.2,0.7529411764705882
190146,43,0.6731,0.9974,0.7529,8.44,768.85,0.7529411764705882
190146,44,0.6734,0.9987,0.7529,8.34,766.5,0.7529411764705882
190146,45,0.6737,0.9987,0.7529,8.22,763.71,0.7529411764705882
190146,46,0.6738,0.9987,0.7529,8.16,759.19,0.7529411764705882
190146,47,0.6741,0.9987,0.7529,8.11,754.29,0.7529411764705882
190146,48,0.6739,0.9987,0.7529,8.09,750.92,0.7529411764705882
190146,49,0.6741,0.9987,0.7529,8.07,747.42,0.7529411764705882
359954,0,0.4636,0.6526,0.5676,11.8,198.76,0.6756756756756757
359954,1,0.4636,0.6526,0.5676,11.8,198.76,0.6756756756756757
359954,2,0.4766,0.7009,0.5541,12.22,506.19,0.6756756756756757
359954,3,0.4842,0.7281,0.5676,11.65,701.03,0.6756756756756757
359954,4,0.4876,0.7341,0.5676,10.56,737.89,0.6756756756756757
359954,5,0.4893,0.7462,0.5811,10.52,793.24,0.6756756756756757
359954,6,0.4927,0.7628,0.5811,9.9,865.64,0.6756756756756757
359954,7,0.4933,0.781,0.5676,10.29,938.49,0.6756756756756757
359954,8,0.4954,0.787,0.5946,9.92,958.72,0.6756756756756757
359954,9,0.4964,0.7991,0.6081,9.84,990.4,0.6756756756756757
359954,10,0.4983,0.8066,0.6081,9.53,996.83,0.6756756756756757
359954,11,0.5005,0.8187,0.6081,9.34,1003.4,0.6756756756756757
359954,12,0.5026,0.8338,0.6351,9.21,1029.8,0.6756756756756757
359954,13,0.5031,0.8414,0.6351,9.57,1075.68,0.6756756756756757
359954,14,0.5031,0.8474,0.6351,10.36,1117.97,0.6756756756756757
359954,15,0.5031,0.8489,0.6351,11.16,1139.37,0.6756756756756757
359954,16,0.5038,0.852,0.6216,12.01,1176.6,0.6756756756756757
359954,17,0.504,0.858,0.6486,13.51,1230.46,0.6756756756756757
359954,18,0.5031,0.858,0.6351,14.59,1263.1,0.6756756756756757
359954,19,0.5037,0.8625,0.6351,15.32,1319.03,0.6756756756756757
359954,20,0.5036,0.864,0.6351,16.05,1361.08,0.6756756756756757
359954,21,0.504,0.8671,0.6351,16.81,1412.33,0.6756756756756757
359954,22,0.5049,0.8731,0.6486,17.63,1506.08,0.6756756756756757
359954,23,0.5062,0.8746,0.6486,18.5,1584.62,0.6756756756756757
359954,24,0.5068,0.8807,0.6486,19.44,1651.03,0.6756756756756757
359954,25,0.5072,0.8852,0.6486,19.94,1717.93,0.6756756756756757
359954,26,0.5079,0.8943,0.6622,20.29,1764.69,0.6756756756756757
359954,27,0.5086,0.8958,0.6622,20.53,1784.96,0.6756756756756757
359954,28,0.5088,0.9033,0.6622,20.77,1812.67,0.6756756756756757
359954,29,0.5089,0.9048,0.6622,21.0,1831.62,0.6756756756756757
359954,30,0.5099,0.9079,0.6622,21.11,1853.36,0.6756756756756757
359954,31,0.5105,0.9124,0.6622,21.12,1857.52,0.6756756756756757
359954,32,0.5109,0.9124,0.6622,20.86,1858.62,0.6756756756756757
359954,33,0.511,0.9124,0.6622,21.04,1870.33,0.6756756756756757
359954,34,0.5111,0.9139,0.6622,21.26,1895.62,0.6756756756756757
359954,35,0.5115,0.9169,0.6622,21.46,1907.31,0.6756756756756757
359954,36,0.5118,0.9199,0.6622,21.63,1929.82,0.6756756756756757
359954,37,0.5124,0.923,0.6622,21.78,1960.67,0.6756756756756757
359954,38,0.513,0.926,0.6622,21.74,1981.73,0.6756756756756757
359954,39,0.5135,0.9305,0.6622,21.78,2006.76,0.6756756756756757
359954,40,0.514,0.932,0.6622,21.8,2034.23,0.6756756756756757
359954,41,0.5144,0.9366,0.6622,21.87,2047.24,0.6756756756756757
359954,42,0.5148,0.9381,0.6622,21.86,2057.4,0.6756756756756757
359954,43,0.515,0.9426,0.6622,21.94,2063.68,0.6756756756756757
359954,44,0.5155,0.9426,0.6622,21.81,2059.57,0.6756756756756757
359954,45,0.5157,0.9441,0.6757,21.8,2055.53,0.6756756756756757
359954,46,0.5161,0.9456,0.6757,21.71,2055.74,0.6756756756756757
359954,47,0.5164,0.9456,0.6757,21.69,2064.36,0.6756756756756757
359954,48,0.5164,0.9471,0.6757,21.66,2058.41,0.6756756756756757
359954,49,0.5164,0.9471,0.6757,21.82,2064.42,0.6756756756756757
359959,0,0.4537,0.4279,0.4257,10.14,70.14,0.5337837837837838
359959,1,0.4537,0.4279,0.4257,10.14,70.14,0.5337837837837838
359959,2,0.464,0.5094,0.4865,15.05,128.38,0.5337837837837838
359959,3,0.4695,0.5389,0.5135,15.99,164.0,0.5337837837837838
359959,4,0.4719,0.5713,0.5338,17.45,247.44,0.5337837837837838
359959,5,0.4735,0.5842,0.5338,17.04,259.42,0.5337837837837838
359959,6,0.4747,0.5902,0.5405,16.13,284.22,0.5337837837837838
359959,7,0.4756,0.5985,0.527,15.69,293.49,0.5337837837837838
359959,8,0.4763,0.6045,0.5405,15.24,311.65,0.5337837837837838
359959,9,0.4766,0.6098,0.5338,14.86,327.06,0.5337837837837838
359959,10,0.4772,0.6098,0.5405,14.77,351.09,0.5337837837837838
359959,11,0.4786,0.6136,0.5608,14.65,378.69,0.5337837837837838
359959,12,0.4785,0.6143,0.5405,14.17,395.24,0.5337837837837838
359959,13,0.4793,0.6174,0.5405,13.82,418.61,0.5337837837837838
359959,14,0.4791,0.6204,0.5473,13.63,430.0,0.5337837837837838
359959,15,0.4797,0.6211,0.5541,13.47,452.34,0.5337837837837838
359959,16,0.4799,0.6257,0.5541,13.38,468.96,0.5337837837837838
359959,17,0.48,0.6272,0.5473,13.17,481.16,0.5337837837837838
359959,18,0.4797,0.6279,0.5473,13.08,494.03,0.5337837837837838
359959,19,0.4794,0.6264,0.5541,12.9,502.71,0.5337837837837838
359959,20,0.4795,0.6294,0.5473,12.78,509.17,0.5337837837837838
359959,21,0.4796,0.6279,0.5608,12.54,512.38,0.5337837837837838
359959,22,0.4798,0.6287,0.5608,12.46,517.98,0.5337837837837838
359959,23,0.4795,0.6309,0.5473,12.3,527.87,0.5337837837837838
359959,24,0.4799,0.6317,0.5473,12.17,531.98,0.5337837837837838
359959,25,0.48,0.6309,0.5405,12.0,537.05,0.5337837837837838
359959,26,0.4799,0.6287,0.5473,11.86,542.09,0.5337837837837838
359959,27,0.4801,0.6325,0.5405,11.7,553.58,0.5337837837837838
359959,28,0.4802,0.6317,0.5473,11.56,571.94,0.5337837837837838
359959,29,0.4806,0.6302,0.5473,11.43,578.07,0.5337837837837838
359959,30,0.4806,0.6317,0.5473,11.34,582.99,0.5337837837837838
359959,31,0.4808,0.6317,0.5608,11.21,583.39,0.5337837837837838
359959,32,0.481,0.6332,0.5608,11.05,579.4,0.5337837837837838
359959,33,0.4811,0.6325,0.5608,10.89,572.98,0.5337837837837838
359959,34,0.481,0.6332,0.5608,10.76,568.73,0.5337837837837838
359959,35,0.4811,0.6325,0.5608,10.65,575.34,0.5337837837837838
359959,36,0.4813,0.6355,0.5608,10.59,580.72,0.5337837837837838
359959,37,0.4813,0.6362,0.5608,10.54,605.78,0.5337837837837838
359959,38,0.4814,0.6347,0.5608,10.55,634.88,0.5337837837837838
359959,39,0.4814,0.637,0.5608,10.56,669.27,0.5337837837837838
359959,40,0.4815,0.6392,0.5608,10.49,704.33,0.5337837837837838
359959,41,0.4813,0.6385,0.5608,10.49,734.81,0.5337837837837838
359959,42,0.4813,0.6415,0.5608,10.52,764.6,0.5337837837837838
359959,43,0.4811,0.6423,0.5608,10.54,786.86,0.5337837837837838
359959,44,0.4811,0.643,0.5608,10.52,814.18,0.5337837837837838
359959,45,0.481,0.6438,0.5608,10.49,840.41,0.5337837837837838
359959,46,0.4811,0.6445,0.5608,10.42,859.87,0.5337837837837838
359959,47,0.4812,0.6453,0.5608,10.37,880.64,0.5337837837837838
359959,48,0.4812,0.6468,0.5608,10.33,911.63,0.5337837837837838
359959,49,0.4813,0.6483,0.5608,10.33,945.48,0.5337837837837838
190146,0,0.6515,0.8055,0.7294,3.95,86.01,0.7647058823529411
190146,1,0.6515,0.8055,0.7294,3.95,86.01,0.7647058823529411
190146,2,0.6567,0.8581,0.7176,7.05,214.68,0.7647058823529411
190146,3,0.6599,0.8896,0.7176,7.9,314.31,0.7647058823529411
190146,4,0.6629,0.9146,0.7176,8.12,377.74,0.7647058823529411
190146,5,0.664,0.933,0.7412,8.91,410.28,0.7647058823529411
190146,6,0.6649,0.9409,0.7412,9.23,426.37,0.7647058823529411
190146,7,0.6661,0.9527,0.7294,10.05,431.54,0.7647058823529411
190146,8,0.6655,0.9553,0.7294,10.27,430.41,0.7647058823529411
190146,9,0.6671,0.9566,0.7294,10.32,419.01,0.7647058823529411
190146,10,0.6681,0.958,0.7294,10.18,411.64,0.7647058823529411
190146,11,0.6684,0.9619,0.7412,10.37,416.52,0.7647058823529411
190146,12,0.6688,0.9632,0.7412,10.5,429.12,0.7647058823529411
190146,13,0.6688,0.9645,0.7412,10.75,450.47,0.7647058823529411
190146,14,0.6686,0.9645,0.7294,10.76,461.55,0.7647058823529411
190146,15,0.6691,0.9645,0.7412,10.67,472.15,0.7647058823529411
190146,16,0.6688,0.9671,0.7412,10.45,484.41,0.7647058823529411
190146,17,0.6693,0.9737,0.7412,10.22,497.34,0.7647058823529411
190146,18,0.6693,0.9777,0.7294,10.14,503.82,0.7647058823529411
190146,19,0.6693,0.9777,0.7176,10.25,506.78,0.7647058823529411
190146,20,0.6695,0.9816,0.7294,10.27,511.03,0.7647058823529411
190146,21,0.6699,0.9829,0.7294,10.22,523.06,0.7647058823529411
190146,22,0.6702,0.9829,0.7176,10.08,539.02,0.7647058823529411
190146,23,0.6703,0.9855,0.7294,10.08,551.71,0.7647058823529411
190146,24,0.6705,0.9855,0.7294,10.11,566.34,0.7647058823529411
190146,25,0.6706,0.9869,0.7294,10.06,589.46,0.7647058823529411
190146,26,0.6704,0.9908,0.7294,9.99,602.75,0.7647058823529411
190146,27,0.6704,0.9895,0.7294,9.91,614.08,0.7647058823529411
190146,28,0.6706,0.9908,0.7294,9.75,625.68,0.7647058823529411
190146,29,0.6708,0.9908,0.7294,9.7,634.12,0.7647058823529411
190146,30,0.6707,0.9908,0.7412,9.68,644.59,0.7647058823529411
190146,31,0.6705,0.9908,0.7412,9.63,653.85,0.7647058823529411
190146,32,0.6703,0.9908,0.7412,9.6,661.46,0.7647058823529411
190146,33,0.6701,0.9908,0.7412,9.54,667.77,0.7647058823529411
190146,34,0.67,0.9908,0.7412,9.38,670.58,0.7647058823529411
190146,35,0.6698,0.9908,0.7412,9.33,674.83,0.7647058823529411
190146,36,0.6699,0.9908,0.7412,9.26,676.0,0.7647058823529411
190146,37,0.6698,0.9908,0.7412,9.19,677.45,0.7647058823529411
190146,38,0.6696,0.9908,0.7412,9.17,679.99,0.7647058823529411
190146,39,0.6696,0.9908,0.7412,9.13,682.85,0.7647058823529411
190146,40,0.6698,0.9921,0.7529,9.06,681.55,0.7647058823529411
190146,41,0.6697,0.9921,0.7529,8.98,679.71,0.7647058823529411
190146,42,0.6697,0.9934,0.7529,8.9,677.62,0.7647058823529411
190146,43,0.6696,0.9947,0.7529,8.85,678.53,0.7647058823529411
190146,44,0.6697,0.9947,0.7529,8.77,677.18,0.7647058823529411
190146,45,0.6698,0.9947,0.7529,8.71,679.73,0.7647058823529411
190146,46,0.6698,0.9974,0.7529,8.65,680.99,0.7647058823529411
190146,47,0.6698,0.9974,0.7529,8.57,678.87,0.7647058823529411
190146,48,0.6699,0.9974,0.7529,8.52,676.9,0.7647058823529411
190146,49,0.67,0.9987,0.7529,8.45,673.92,0.7647058823529411
2073,0,0.4719,0.567,0.6107,11.39,91.13,0.7181208053691275
2073,1,0.4719,0.567,0.6107,11.39,91.13,0.7181208053691275
2073,2,0.4887,0.597,0.6242,18.79,209.65,0.7181208053691275
2073,3,0.5026,0.612,0.6443,23.65,279.31,0.7181208053691275
2073,4,0.5109,0.6255,0.6443,25.27,294.57,0.7181208053691275
2073,5,0.5175,0.639,0.651,25.32,290.04,0.7181208053691275
2073,6,0.5205,0.6434,0.6644,24.83,293.79,0.7181208053691275
2073,7,0.5242,0.6524,0.6711,24.2,320.96,0.7181208053691275
2073,8,0.5257,0.6599,0.6779,24.25,387.95,0.7181208053691275
2073,9,0.5271,0.6652,0.6846,23.76,428.63,0.7181208053691275
2073,10,0.5283,0.6674,0.698,24.57,551.75,0.7181208053691275
2073,11,0.5294,0.6719,0.6913,24.52,628.3,0.7181208053691275
2073,12,0.53,0.6779,0.6846,24.58,701.38,0.7181208053691275
2073,13,0.5313,0.6816,0.6846,23.89,737.83,0.7181208053691275
2073,14,0.5314,0.6899,0.6846,23.81,774.12,0.7181208053691275
2073,15,0.5314,0.6966,0.6913,23.84,810.61,0.7181208053691275
2073,16,0.5315,0.6996,0.6846,24.04,863.23,0.7181208053691275
2073,17,0.5317,0.7026,0.6913,23.76,924.42,0.7181208053691275
2073,18,0.5316,0.7041,0.6913,23.56,993.33,0.7181208053691275
2073,19,0.5312,0.7094,0.6846,23.14,1079.68,0.7181208053691275
2073,20,0.5309,0.7109,0.6846,23.17,1165.82,0.7181208053691275
2073,21,0.5306,0.7146,0.6846,23.31,1294.94,0.7181208053691275
2073,22,0.53,0.7169,0.6846,23.48,1496.34,0.7181208053691275
2073,23,0.5295,0.7221,0.6913,23.52,1739.15,0.7181208053691275
2073,24,0.5287,0.7258,0.6913,23.7,2032.48,0.7181208053691275
2073,25,0.5278,0.7288,0.6913,23.73,2264.78,0.7181208053691275
2073,26,0.5269,0.7356,0.698,23.73,2526.69,0.7181208053691275
2073,27,0.5264,0.7423,0.698,23.76,2971.68,0.7181208053691275
2073,28,0.526,0.7491,0.698,23.7,3406.13,0.7181208053691275
2073,29,0.5256,0.7551,0.698,23.73,3792.4,0.7181208053691275
2073,30,0.5252,0.761,0.698,23.68,4243.51,0.7181208053691275
2073,31,0.5249,0.7663,0.698,23.65,4745.3,0.7181208053691275
2073,32,0.5244,0.7693,0.698,23.49,5249.02,0.7181208053691275
2073,33,0.5237,0.7768,0.698,23.43,5842.14,0.7181208053691275
2073,34,0.5231,0.7828,0.698,23.28,6459.02,0.7181208053691275
2073,35,0.5224,0.7865,0.698,23.13,7032.96,0.7181208053691275
2073,36,0.5218,0.7888,0.698,22.97,7662.08,0.7181208053691275
2073,37,0.5214,0.7963,0.698,22.92,8251.28,0.7181208053691275
2073,38,0.5209,0.7993,0.698,22.77,8774.09,0.7181208053691275
2073,39,0.5204,0.803,0.698,22.67,9175.57,0.7181208053691275
2073,40,0.5198,0.8075,0.698,22.58,9536.39,0.7181208053691275
2073,41,0.5193,0.8112,0.698,22.45,9884.94,0.7181208053691275
2073,42,0.5189,0.8195,0.698,22.43,10194.33,0.7181208053691275
2073,43,0.5185,0.8217,0.698,22.17,10471.31,0.7181208053691275
2073,44,0.5181,0.824,0.698,21.93,10719.6,0.7181208053691275
2073,45,0.5178,0.827,0.698,21.64,10931.34,0.7181208053691275
2073,46,0.5176,0.8307,0.698,21.29,11148.2,0.7181208053691275
2073,47,0.5171,0.8352,0.698,20.98,11439.26,0.7181208053691275
2073,48,0.5169,0.8419,0.698,20.87,11712.85,0.7181208053691275
2073,49,0.5166,0.8464,0.698,20.71,12022.87,0.7181208053691275
359954,0,0.4708,0.6193,0.5,10.55,124.94,0.6756756756756757
359954,1,0.4708,0.6193,0.5,10.55,124.94,0.6756756756756757
359954,2,0.4846,0.7009,0.527,13.58,631.44,0.6756756756756757
359954,3,0.4941,0.7402,0.5811,12.57,902.92,0.6756756756756757
359954,4,0.502,0.7674,0.6081,12.01,963.79,0.6756756756756757
359954,5,0.5058,0.79,0.6351,11.29,1000.35,0.6756756756756757
359954,6,0.507,0.8097,0.6351,10.96,961.06,0.6756756756756757
359954,7,0.5104,0.8278,0.6351,11.43,1016.07,0.6756756756756757
359954,8,0.5133,0.8414,0.6486,11.75,1107.03,0.6756756756756757
359954,9,0.5155,0.8595,0.6486,12.65,1209.13,0.6756756756756757
359954,10,0.5171,0.8686,0.6486,12.97,1259.38,0.6756756756756757
359954,11,0.5183,0.8776,0.6757,13.65,1317.0,0.6756756756756757
359954,12,0.519,0.8852,0.6892,14.16,1334.27,0.6756756756756757
359954,13,0.5198,0.8973,0.6757,14.39,1363.54,0.6756756756756757
359954,14,0.5198,0.9003,0.6757,14.99,1402.18,0.6756756756756757
359954,15,0.5201,0.9048,0.6757,15.13,1415.3,0.6756756756756757
359954,16,0.5208,0.9063,0.6622,14.89,1435.78,0.6756756756756757
359954,17,0.5217,0.9124,0.6622,14.32,1476.4,0.6756756756756757
359954,18,0.522,0.9199,0.6622,13.79,1509.23,0.6756756756756757
359954,19,0.5224,0.9184,0.6622,13.68,1561.01,0.6756756756756757
359954,20,0.5226,0.9245,0.6622,14.04,1602.61,0.6756756756756757
359954,21,0.5231,0.932,0.6622,14.43,1629.84,0.6756756756756757
359954,22,0.5227,0.9381,0.6622,14.97,1652.51,0.6756756756756757
359954,23,0.5226,0.9426,0.6622,15.26,1665.79,0.6756756756756757
359954,24,0.5229,0.9441,0.6757,15.41,1666.81,0.6756756756756757
359954,25,0.5228,0.9441,0.6622,15.67,1675.39,0.6756756756756757
359954,26,0.5232,0.9456,0.6757,15.61,1669.11,0.6756756756756757
359954,27,0.5235,0.9502,0.6757,15.73,1677.6,0.6756756756756757
359954,28,0.5237,0.9502,0.6622,15.67,1679.13,0.6756756756756757
359954,29,0.5239,0.9517,0.6757,15.64,1672.59,0.6756756756756757
359954,30,0.5239,0.9547,0.6757,15.52,1657.58,0.6756756756756757
359954,31,0.5241,0.9532,0.6757,15.42,1641.24,0.6756756756756757
359954,32,0.5242,0.9532,0.6622,15.43,1642.59,0.6756756756756757
359954,33,0.5247,0.9562,0.6757,15.39,1653.76,0.6756756756756757
359954,34,0.5249,0.9577,0.6757,15.29,1671.66,0.6756756756756757
359954,35,0.5252,0.9607,0.6757,15.15,1672.92,0.6756756756756757
359954,36,0.5251,0.9607,0.6757,14.92,1670.7,0.6756756756756757
359954,37,0.525,0.9607,0.6757,14.8,1669.87,0.6756756756756757
359954,38,0.5249,0.9637,0.6757,14.78,1668.41,0.6756756756756757
359954,39,0.525,0.9653,0.6757,14.7,1667.33,0.6756756756756757
359954,40,0.5251,0.9653,0.6757,14.56,1656.63,0.6756756756756757
359954,41,0.5251,0.9698,0.6757,14.51,1655.88,0.6756756756756757
359954,42,0.5253,0.9683,0.6757,14.5,1661.55,0.6756756756756757
359954,43,0.5252,0.9683,0.6757,14.52,1657.34,0.6756756756756757
359954,44,0.5253,0.9683,0.6757,14.48,1658.74,0.6756756756756757
359954,45,0.5253,0.9683,0.6757,14.5,1662.31,0.6756756756756757
359954,46,0.5253,0.9683,0.6757,14.47,1654.32,0.6756756756756757
359954,47,0.5254,0.9698,0.6757,14.48,1646.35,0.6756756756756757
359954,48,0.5255,0.9698,0.6757,14.38,1632.69,0.6756756756756757
359954,49,0.5257,0.9713,0.6757,14.28,1621.05,0.6756756756756757
168784,0,0.6188,0.7503,0.7179,4.14,142.96,0.8153846153846154
168784,1,0.6188,0.7503,0.7179,4.14,142.96,0.8153846153846154
168784,2,0.6318,0.7772,0.7333,8.06,379.66,0.8153846153846154
168784,3,0.6376,0.795,0.7436,8.47,421.17,0.8153846153846154
168784,4,0.6428,0.8058,0.7436,7.95,417.44,0.8153846153846154
168784,5,0.6451,0.8139,0.7436,7.77,420.78,0.8153846153846154
168784,6,0.6475,0.8196,0.759,7.43,398.19,0.8153846153846154
168784,7,0.6494,0.823,0.7744,7.25,382.97,0.8153846153846154
168784,8,0.6508,0.8265,0.7641,7.03,368.81,0.8153846153846154
168784,9,0.6522,0.8305,0.7641,6.75,362.33,0.8153846153846154
168784,10,0.6521,0.8333,0.7692,6.64,360.69,0.8153846153846154
168784,11,0.6528,0.8373,0.7641,6.59,377.71,0.8153846153846154
168784,12,0.6529,0.8373,0.7641,6.36,381.99,0.8153846153846154
168784,13,0.6535,0.8419,0.7641,6.37,443.35,0.8153846153846154
168784,14,0.6541,0.8459,0.7692,6.64,566.91,0.8153846153846154
168784,15,0.6548,0.8482,0.7692,6.72,648.16,0.8153846153846154
168784,16,0.6553,0.8505,0.7744,6.79,728.42,0.8153846153846154
168784,17,0.6556,0.8545,0.7744,6.79,772.66,0.8153846153846154
168784,18,0.656,0.8585,0.7744,6.75,799.53,0.8153846153846154
168784,19,0.6561,0.8614,0.7692,6.72,833.2,0.8153846153846154
168784,20,0.6564,0.8637,0.7692,6.7,884.87,0.8153846153846154
168784,21,0.6568,0.866,0.7641,6.67,941.11,0.8153846153846154
168784,22,0.6568,0.8688,0.7641,6.72,1018.61,0.8153846153846154
168784,23,0.6568,0.8723,0.7744,6.75,1089.54,0.8153846153846154
168784,24,0.657,0.8746,0.7692,6.83,1152.24,0.8153846153846154
168784,25,0.6571,0.878,0.7641,6.83,1210.99,0.8153846153846154
168784,26,0.6572,0.8803,0.7641,6.91,1287.22,0.8153846153846154
168784,27,0.6573,0.882,0.7641,7.04,1372.1,0.8153846153846154
168784,28,0.6572,0.8849,0.7641,7.08,1462.53,0.8153846153846154
168784,29,0.6571,0.8855,0.759,7.13,1531.18,0.8153846153846154
168784,30,0.6572,0.8906,0.759,7.11,1609.88,0.8153846153846154
168784,31,0.6574,0.8918,0.759,7.13,1666.64,0.8153846153846154
168784,32,0.6574,0.894,0.7641,7.21,1763.51,0.8153846153846154
168784,33,0.6577,0.8969,0.7538,7.28,1898.16,0.8153846153846154
168784,34,0.6577,0.8992,0.7641,7.4,2052.01,0.8153846153846154
168784,35,0.6579,0.9026,0.759,7.52,2222.93,0.8153846153846154
168784,36,0.658,0.9049,0.759,7.64,2359.98,0.8153846153846154
168784,37,0.658,0.9084,0.7538,7.75,2537.52,0.8153846153846154
168784,38,0.6581,0.9118,0.759,7.94,2769.06,0.8153846153846154
168784,39,0.6582,0.9164,0.759,8.07,2995.28,0.8153846153846154
168784,40,0.6584,0.9181,0.759,8.19,3202.23,0.8153846153846154
168784,41,0.6586,0.9187,0.759,8.35,3422.87,0.8153846153846154
168784,42,0.6588,0.9255,0.7641,8.51,3697.54,0.8153846153846154
168784,43,0.659,0.9296,0.7641,8.76,3968.11,0.8153846153846154
168784,44,0.659,0.9341,0.7692,8.92,4209.39,0.8153846153846154
168784,45,0.6591,0.9381,0.7744,9.06,4426.56,0.8153846153846154
168784,46,0.6593,0.9404,0.7744,9.14,4616.87,0.8153846153846154
168784,47,0.6594,0.9433,0.7744,9.25,4811.1,0.8153846153846154
168784,48,0.6594,0.9467,0.7744,9.35,4981.52,0.8153846153846154
168784,49,0.6595,0.949,0.7692,9.46,5128.02,0.8153846153846154
190146,0,0.6516,0.841,0.7412,5.43,171.09,0.7529411764705882
190146,1,0.6516,0.841,0.7412,5.43,171.09,0.7529411764705882
190146,2,0.6583,0.9172,0.7294,9.18,530.77,0.7529411764705882
190146,3,0.6636,0.9396,0.7412,8.97,616.15,0.7529411764705882
190146,4,0.6668,0.9658,0.7412,9.33,648.87,0.7529411764705882
190146,5,0.6671,0.9698,0.7529,8.72,647.51,0.7529411764705882
190146,6,0.6678,0.9737,0.7294,8.18,659.13,0.7529411764705882
190146,7,0.6689,0.9737,0.7294,7.89,653.65,0.7529411764705882
190146,8,0.6704,0.9777,0.7412,7.54,655.22,0.7529411764705882
190146,9,0.6705,0.979,0.7294,7.32,668.69,0.7529411764705882
190146,10,0.6704,0.9829,0.7294,7.13,683.55,0.7529411764705882
190146,11,0.6709,0.9895,0.7294,6.87,697.12,0.7529411764705882
190146,12,0.6706,0.9921,0.7294,6.49,698.97,0.7529411764705882
190146,13,0.6711,0.9947,0.7176,6.12,702.24,0.7529411764705882
190146,14,0.6714,0.9961,0.7294,5.75,705.5,0.7529411764705882
190146,15,0.6712,0.9974,0.7294,5.44,717.54,0.7529411764705882
190146,16,0.672,0.9974,0.7412,5.23,729.13,0.7529411764705882
190146,17,0.672,0.9974,0.7412,5.06,739.54,0.7529411764705882
190146,18,0.6723,0.9974,0.7294,4.84,734.52,0.7529411764705882
190146,19,0.6723,0.9987,0.7294,4.74,737.64,0.7529411764705882
190146,20,0.6725,0.9987,0.7294,4.64,744.12,0.7529411764705882
190146,21,0.6726,0.9987,0.7294,4.57,750.0,0.7529411764705882
190146,22,0.6727,0.9987,0.7412,4.69,758.82,0.7529411764705882
190146,23,0.6729,0.9987,0.7412,4.75,761.98,0.7529411764705882
190146,24,0.6726,1.0,0.7412,4.74,764.89,0.7529411764705882
190146,25,0.6728,1.0,0.7412,4.76,765.52,0.7529411764705882
190146,26,0.6729,1.0,0.7412,4.85,761.98,0.7529411764705882
190146,27,0.673,1.0,0.7412,5.01,761.03,0.7529411764705882
190146,28,0.673,1.0,0.7412,5.14,754.96,0.7529411764705882
190146,29,0.673,1.0,0.7412,5.26,750.25,0.7529411764705882
190146,30,0.6728,1.0,0.7412,5.34,745.3,0.7529411764705882
190146,31,0.6726,1.0,0.7412,5.52,739.25,0.7529411764705882
190146,32,0.6727,1.0,0.7412,5.72,734.62,0.7529411764705882
190146,33,0.6727,1.0,0.7412,5.86,728.01,0.7529411764705882
190146,34,0.6726,1.0,0.7412,5.98,721.15,0.7529411764705882
190146,35,0.6729,1.0,0.7412,6.12,715.17,0.7529411764705882
190146,36,0.6729,1.0,0.7412,6.28,707.23,0.7529411764705882
190146,37,0.6732,0.9987,0.7412,6.46,700.95,0.7529411764705882
190146,38,0.6733,0.9987,0.7412,6.6,695.33,0.7529411764705882
190146,39,0.6733,0.9987,0.7412,6.69,687.46,0.7529411764705882
190146,40,0.6732,0.9974,0.7412,6.79,680.02,0.7529411764705882
190146,41,0.6734,0.9974,0.7412,6.83,671.34,0.7529411764705882
190146,42,0.6735,0.9974,0.7412,6.92,665.27,0.7529411764705882
190146,43,0.6735,0.9974,0.7529,7.0,658.01,0.7529411764705882
190146,44,0.6736,0.9974,0.7529,7.01,650.97,0.7529411764705882
190146,45,0.6737,0.9974,0.7529,7.04,643.95,0.7529411764705882
190146,46,0.674,0.9974,0.7529,7.04,637.3,0.7529411764705882
190146,47,0.6741,0.9974,0.7529,7.09,630.8,0.7529411764705882
190146,48,0.674,0.9974,0.7529,7.09,623.71,0.7529411764705882
190146,49,0.6741,0.9974,0.7529,7.11,617.03,0.7529411764705882
168784,0,0.6186,0.7486,0.7333,3.08,87.48,0.8205128205128205
168784,1,0.6186,0.7486,0.7333,3.08,87.48,0.8205128205128205
168784,2,0.6305,0.7749,0.7385,5.21,228.48,0.8205128205128205
168784,3,0.6382,0.7887,0.7487,5.99,262.33,0.8205128205128205
168784,4,0.6427,0.7978,0.7487,5.97,280.74,0.8205128205128205
168784,5,0.6452,0.8041,0.7487,5.79,319.06,0.8205128205128205
168784,6,0.6485,0.8121,0.7641,6.4,376.69,0.8205128205128205
168784,7,0.65,0.8173,0.759,6.57,410.17,0.8205128205128205
168784,8,0.6518,0.823,0.7641,6.85,470.5,0.8205128205128205
168784,9,0.6532,0.8276,0.7641,7.1,519.06,0.8205128205128205
168784,10,0.654,0.8356,0.7641,7.37,575.63,0.8205128205128205
168784,11,0.6544,0.8396,0.7692,7.36,631.8,0.8205128205128205
168784,12,0.6555,0.8436,0.759,7.25,653.47,0.8205128205128205
168784,13,0.6554,0.8488,0.759,7.27,690.46,0.8205128205128205
168784,14,0.6558,0.854,0.759,7.21,734.6,0.8205128205128205
168784,15,0.6558,0.8574,0.7538,7.15,800.36,0.8205128205128205
168784,16,0.6561,0.8631,0.7538,7.07,877.91,0.8205128205128205
168784,17,0.6559,0.8677,0.7538,7.11,976.61,0.8205128205128205
168784,18,0.6563,0.87,0.7538,7.16,1083.58,0.8205128205128205
168784,19,0.6566,0.8706,0.7538,7.15,1201.67,0.8205128205128205
168784,20,0.6569,0.8746,0.7538,7.16,1282.37,0.8205128205128205
168784,21,0.6574,0.8774,0.7538,7.15,1353.82,0.8205128205128205
168784,22,0.6577,0.8797,0.759,7.12,1404.35,0.8205128205128205
168784,23,0.6579,0.8826,0.7641,7.1,1448.62,0.8205128205128205
168784,24,0.6581,0.886,0.7692,7.11,1478.51,0.8205128205128205
168784,25,0.6581,0.8889,0.7692,7.25,1520.78,0.8205128205128205
168784,26,0.6582,0.89,0.7692,7.3,1549.15,0.8205128205128205
168784,27,0.6584,0.8923,0.7692,7.31,1600.35,0.8205128205128205
168784,28,0.6585,0.8935,0.7744,7.37,1680.23,0.8205128205128205
168784,29,0.6585,0.8958,0.7692,7.5,1780.3,0.8205128205128205
168784,30,0.6589,0.8981,0.7744,7.52,1878.48,0.8205128205128205
168784,31,0.659,0.8998,0.7744,7.58,1977.1,0.8205128205128205
168784,32,0.659,0.9009,0.7744,7.74,2122.04,0.8205128205128205
168784,33,0.6592,0.9044,0.7744,7.85,2269.46,0.8205128205128205
168784,34,0.6594,0.9078,0.7744,7.96,2438.52,0.8205128205128205
168784,35,0.6593,0.9101,0.7795,8.06,2643.77,0.8205128205128205
168784,36,0.6594,0.9147,0.7795,8.14,2829.84,0.8205128205128205
168784,37,0.6594,0.9181,0.7795,8.26,2999.78,0.8205128205128205
168784,38,0.6594,0.9227,0.7795,8.3,3184.87,0.8205128205128205
168784,39,0.6594,0.9261,0.7744,8.31,3401.15,0.8205128205128205
168784,40,0.6593,0.9284,0.7744,8.35,3602.38,0.8205128205128205
168784,41,0.6592,0.9301,0.7795,8.42,3802.08,0.8205128205128205
168784,42,0.6592,0.9336,0.7795,8.53,3951.31,0.8205128205128205
168784,43,0.6591,0.9353,0.7795,8.59,4120.93,0.8205128205128205
168784,44,0.6591,0.9399,0.7795,8.6,4264.85,0.8205128205128205
168784,45,0.6591,0.9416,0.7795,8.66,4401.2,0.8205128205128205
168784,46,0.6591,0.9439,0.7795,8.71,4504.67,0.8205128205128205
168784,47,0.659,0.9456,0.7795,8.71,4599.76,0.8205128205128205
168784,48,0.6589,0.9485,0.7795,8.74,4705.73,0.8205128205128205
168784,49,0.6587,0.9507,0.7795,8.82,4867.81,0.8205128205128205
168784,0,0.6204,0.7434,0.7282,3.52,156.89,0.8153846153846154
168784,1,0.6204,0.7434,0.7282,3.52,156.89,0.8153846153846154
168784,2,0.6322,0.7847,0.759,9.47,883.81,0.8153846153846154
168784,3,0.6398,0.8156,0.7641,11.61,1204.98,0.8153846153846154
168784,4,0.6443,0.8293,0.759,11.61,1266.23,0.8153846153846154
168784,5,0.6474,0.8414,0.7641,11.59,1330.92,0.8153846153846154
168784,6,0.6494,0.8494,0.7744,11.06,1365.34,0.8153846153846154
168784,7,0.6504,0.8603,0.7744,10.46,1355.56,0.8153846153846154
168784,8,0.6519,0.8608,0.7744,10.11,1365.84,0.8153846153846154
168784,9,0.6531,0.8648,0.7795,9.81,1395.35,0.8153846153846154
168784,10,0.6546,0.8717,0.7846,9.57,1409.35,0.8153846153846154
168784,11,0.6557,0.8763,0.7897,9.35,1414.18,0.8153846153846154
168784,12,0.6562,0.8792,0.7897,9.08,1426.88,0.8153846153846154
168784,13,0.6565,0.8849,0.7897,8.83,1476.05,0.8153846153846154
168784,14,0.6572,0.886,0.7897,8.52,1522.34,0.8153846153846154
168784,15,0.6576,0.8889,0.7949,8.1,1571.86,0.8153846153846154
168784,16,0.6578,0.8946,0.7949,7.7,1627.86,0.8153846153846154
168784,17,0.6579,0.8963,0.8,7.32,1711.15,0.8153846153846154
168784,18,0.6582,0.9003,0.8,7.01,1758.37,0.8153846153846154
168784,19,0.6587,0.9044,0.7949,6.72,1811.33,0.8153846153846154
168784,20,0.6591,0.9089,0.8,6.46,1854.46,0.8153846153846154
168784,21,0.659,0.9101,0.7949,6.23,1880.15,0.8153846153846154
168784,22,0.6591,0.9129,0.7949,6.0,1895.67,0.8153846153846154
168784,23,0.659,0.9164,0.7949,5.79,1897.42,0.8153846153846154
168784,24,0.659,0.9181,0.7949,5.62,1911.58,0.8153846153846154
168784,25,0.6592,0.9192,0.8,5.53,1902.87,0.8153846153846154
168784,26,0.6592,0.921,0.8,5.39,1910.86,0.8153846153846154
168784,27,0.6593,0.9227,0.7897,5.34,1950.0,0.8153846153846154
168784,28,0.6595,0.9244,0.7897,5.31,2005.38,0.8153846153846154
168784,29,0.6595,0.929,0.7897,5.31,2100.06,0.8153846153846154
168784,30,0.6593,0.933,0.7846,5.2,2183.8,0.8153846153846154
168784,31,0.6595,0.9359,0.7846,5.08,2249.36,0.8153846153846154
168784,32,0.6595,0.9381,0.7846,5.08,2391.76,0.8153846153846154
168784,33,0.6595,0.9422,0.7897,5.1,2543.2,0.8153846153846154
168784,34,0.6595,0.9456,0.7897,5.18,2701.44,0.8153846153846154
168784,35,0.6595,0.949,0.7897,5.39,2879.27,0.8153846153846154
168784,36,0.6593,0.9525,0.7897,5.58,3052.01,0.8153846153846154
168784,37,0.6593,0.957,0.7897,5.77,3242.66,0.8153846153846154
168784,38,0.6594,0.9582,0.7897,5.85,3387.33,0.8153846153846154
168784,39,0.6594,0.9611,0.7897,5.96,3535.5,0.8153846153846154
168784,40,0.6595,0.9656,0.7897,6.1,3683.88,0.8153846153846154
168784,41,0.6595,0.9668,0.7897,6.22,3817.15,0.8153846153846154
168784,42,0.6596,0.9708,0.7897,6.25,3921.53,0.8153846153846154
168784,43,0.6596,0.9719,0.7897,6.31,4055.08,0.8153846153846154
168784,44,0.6596,0.9731,0.7897,6.3,4201.19,0.8153846153846154
168784,45,0.6597,0.9742,0.7897,6.34,4316.78,0.8153846153846154
168784,46,0.6598,0.9759,0.7897,6.32,4422.42,0.8153846153846154
168784,47,0.6599,0.9794,0.7897,6.38,4522.79,0.8153846153846154
168784,48,0.66,0.98,0.7897,6.43,4626.34,0.8153846153846154
168784,49,0.6602,0.9805,0.7897,6.5,4715.88,0.8153846153846154
168784,0,0.6147,0.744,0.7231,5.29,232.44,0.8205128205128205
168784,1,0.6147,0.744,0.7231,5.29,232.44,0.8205128205128205
168784,2,0.63,0.7801,0.759,10.15,650.27,0.8205128205128205
168784,3,0.6393,0.815,0.7795,12.94,1040.52,0.8205128205128205
168784,4,0.6445,0.8368,0.7641,13.36,1086.03,0.8205128205128205
168784,5,0.6483,0.8505,0.759,12.91,1112.96,0.8205128205128205
168784,6,0.6511,0.8545,0.7641,12.53,1171.14,0.8205128205128205
168784,7,0.6528,0.858,0.759,12.2,1200.29,0.8205128205128205
168784,8,0.6538,0.866,0.759,11.68,1253.28,0.8205128205128205
168784,9,0.6547,0.8717,0.7641,11.27,1314.09,0.8205128205128205
168784,10,0.6549,0.8803,0.759,11.07,1382.61,0.8205128205128205
168784,11,0.6558,0.8855,0.759,10.86,1495.03,0.8205128205128205
168784,12,0.6564,0.8912,0.7641,10.75,1562.97,0.8205128205128205
168784,13,0.6569,0.8981,0.7744,10.72,1687.47,0.8205128205128205
168784,14,0.6569,0.9032,0.7744,10.66,1921.85,0.8205128205128205
168784,15,0.6571,0.9112,0.7744,10.51,2170.34,0.8205128205128205
168784,16,0.6573,0.9192,0.7795,10.54,2434.76,0.8205128205128205
168784,17,0.658,0.925,0.7795,10.45,2659.1,0.8205128205128205
168784,18,0.6581,0.9318,0.7744,10.42,2975.42,0.8205128205128205
168784,19,0.6582,0.9364,0.7795,10.48,3235.1,0.8205128205128205
168784,20,0.658,0.9404,0.7795,10.36,3407.43,0.8205128205128205
168784,21,0.6585,0.945,0.7795,10.21,3536.47,0.8205128205128205
168784,22,0.6586,0.9467,0.7744,10.08,3619.42,0.8205128205128205
168784,23,0.6588,0.9519,0.7744,9.99,3682.28,0.8205128205128205
168784,24,0.659,0.9536,0.7744,9.93,3739.88,0.8205128205128205
168784,25,0.6589,0.957,0.7744,9.83,3806.24,0.8205128205128205
168784,26,0.6589,0.9582,0.7744,9.73,3831.49,0.8205128205128205
168784,27,0.659,0.9605,0.7744,9.63,3838.49,0.8205128205128205
168784,28,0.6591,0.9628,0.7744,9.52,3841.98,0.8205128205128205
168784,29,0.659,0.9645,0.7744,9.32,3859.04,0.8205128205128205
168784,30,0.659,0.9668,0.7744,9.2,3880.5,0.8205128205128205
168784,31,0.6592,0.9674,0.7795,9.09,3916.14,0.8205128205128205
168784,32,0.6594,0.9691,0.7795,9.04,3994.08,0.8205128205128205
168784,33,0.6595,0.9702,0.7795,9.01,4131.28,0.8205128205128205
168784,34,0.6597,0.9708,0.7846,8.94,4271.72,0.8205128205128205
168784,35,0.6598,0.9714,0.7846,8.93,4382.16,0.8205128205128205
168784,36,0.66,0.9725,0.7897,8.9,4498.46,0.8205128205128205
168784,37,0.6601,0.9731,0.7897,8.9,4625.31,0.8205128205128205
168784,38,0.6603,0.9748,0.7897,8.87,4724.15,0.8205128205128205
168784,39,0.6604,0.9765,0.7897,8.86,4834.68,0.8205128205128205
168784,40,0.6604,0.9765,0.7897,8.87,4941.75,0.8205128205128205
168784,41,0.6604,0.9771,0.7897,8.85,5043.34,0.8205128205128205
168784,42,0.6606,0.98,0.7897,8.84,5108.01,0.8205128205128205
168784,43,0.6608,0.9811,0.7846,8.8,5143.35,0.8205128205128205
168784,44,0.6609,0.9817,0.7846,8.76,5183.03,0.8205128205128205
168784,45,0.6609,0.9822,0.7846,8.7,5225.36,0.8205128205128205
168784,46,0.6609,0.9822,0.7846,8.67,5268.55,0.8205128205128205
168784,47,0.661,0.9828,0.7846,8.62,5295.89,0.8205128205128205
168784,48,0.661,0.9828,0.7846,8.59,5326.99,0.8205128205128205
168784,49,0.6609,0.9834,0.7846,8.57,5350.64,0.8205128205128205
168784,0,0.6143,0.7245,0.7282,4.95,178.92,0.8153846153846154
168784,1,0.6143,0.7245,0.7282,4.95,178.92,0.8153846153846154
168784,2,0.6276,0.7869,0.7487,10.29,1325.55,0.8153846153846154
168784,3,0.6364,0.823,0.759,13.29,2131.93,0.8153846153846154
168784,4,0.6405,0.8431,0.7641,14.0,2517.86,0.8153846153846154
168784,5,0.6439,0.8528,0.759,14.15,2655.06,0.8153846153846154
168784,6,0.6462,0.8677,0.7692,13.76,2747.16,0.8153846153846154
168784,7,0.6477,0.8814,0.7641,13.37,2784.1,0.8153846153846154
168784,8,0.6487,0.8889,0.7641,12.99,2804.74,0.8153846153846154
168784,9,0.6502,0.8969,0.7641,12.58,2748.6,0.8153846153846154
168784,10,0.6507,0.8986,0.7641,12.17,2669.92,0.8153846153846154
168784,11,0.652,0.9021,0.759,11.84,2630.05,0.8153846153846154
168784,12,0.6523,0.9049,0.7692,11.54,2634.9,0.8153846153846154
168784,13,0.6524,0.9124,0.7795,11.38,2665.37,0.8153846153846154
168784,14,0.6526,0.9187,0.7795,11.12,2674.55,0.8153846153846154
168784,15,0.6531,0.9198,0.7795,10.94,2668.37,0.8153846153846154
168784,16,0.6534,0.9227,0.7846,10.78,2647.99,0.8153846153846154
168784,17,0.6539,0.9244,0.7795,10.57,2624.75,0.8153846153846154
168784,18,0.6541,0.929,0.7795,10.46,2629.24,0.8153846153846154
168784,19,0.6544,0.9347,0.7795,10.21,2648.16,0.8153846153846154
168784,20,0.6546,0.9364,0.7795,10.04,2664.44,0.8153846153846154
168784,21,0.6549,0.941,0.7795,9.93,2691.01,0.8153846153846154
168784,22,0.6553,0.945,0.7795,9.82,2728.55,0.8153846153846154
168784,23,0.6556,0.9485,0.7795,9.63,2732.72,0.8153846153846154
168784,24,0.656,0.9502,0.7795,9.57,2825.27,0.8153846153846154
168784,25,0.6561,0.953,0.7846,9.58,2916.98,0.8153846153846154
168784,26,0.6561,0.9576,0.7846,9.44,2977.75,0.8153846153846154
168784,27,0.6562,0.9605,0.7795,9.39,3024.49,0.8153846153846154
168784,28,0.6562,0.9622,0.7846,9.32,3068.98,0.8153846153846154
168784,29,0.6562,0.9651,0.7795,9.38,3128.73,0.8153846153846154
168784,30,0.6564,0.9674,0.7846,9.36,3212.28,0.8153846153846154
168784,31,0.6565,0.9696,0.7846,9.32,3320.82,0.8153846153846154
168784,32,0.6567,0.9719,0.7846,9.38,3435.9,0.8153846153846154
168784,33,0.6568,0.9754,0.7897,9.37,3567.75,0.8153846153846154
168784,34,0.6569,0.9771,0.7897,9.41,3682.7,0.8153846153846154
168784,35,0.6571,0.9794,0.7897,9.43,3779.27,0.8153846153846154
168784,36,0.6571,0.9811,0.7846,9.41,3867.81,0.8153846153846154
168784,37,0.6571,0.9834,0.7897,9.37,3932.61,0.8153846153846154
168784,38,0.6573,0.9851,0.7949,9.33,3999.32,0.8153846153846154
168784,39,0.6574,0.9857,0.7949,9.25,4075.71,0.8153846153846154
168784,40,0.6575,0.9857,0.7897,9.24,4147.99,0.8153846153846154
168784,41,0.6576,0.9868,0.7949,9.19,4194.94,0.8153846153846154
168784,42,0.6578,0.9897,0.7949,9.19,4270.13,0.8153846153846154
168784,43,0.6579,0.9897,0.7949,9.16,4326.25,0.8153846153846154
168784,44,0.658,0.9903,0.7949,9.1,4361.79,0.8153846153846154
168784,45,0.6581,0.9908,0.8,9.08,4386.34,0.8153846153846154
168784,46,0.6581,0.9908,0.8051,9.06,4398.36,0.8153846153846154
168784,47,0.6583,0.9914,0.8051,9.05,4429.07,0.8153846153846154
168784,48,0.6583,0.992,0.8051,9.04,4447.08,0.8153846153846154
168784,49,0.6584,0.992,0.8051,9.05,4474.84,0.8153846153846154
168784,0,0.6119,0.7371,0.7282,4.32,172.93,0.8205128205128205
168784,1,0.6119,0.7371,0.7282,4.32,172.93,0.8205128205128205
168784,2,0.6278,0.7789,0.7487,12.58,1259.85,0.8205128205128205
168784,3,0.6376,0.8225,0.7538,16.49,1788.85,0.8205128205128205
168784,4,0.6419,0.8431,0.759,17.05,1873.12,0.8205128205128205
168784,5,0.6441,0.8551,0.7692,16.28,1878.41,0.8205128205128205
168784,6,0.6466,0.8688,0.7744,15.61,1936.61,0.8205128205128205
168784,7,0.6489,0.8746,0.7897,14.97,1923.03,0.8205128205128205
168784,8,0.6501,0.8843,0.7795,14.4,1902.31,0.8205128205128205
168784,9,0.6512,0.8895,0.7846,13.75,1890.07,0.8205128205128205
168784,10,0.6522,0.8946,0.7949,13.3,1950.82,0.8205128205128205
168784,11,0.6529,0.9003,0.7897,13.07,2063.68,0.8205128205128205
168784,12,0.653,0.9055,0.7897,12.68,2197.83,0.8205128205128205
168784,13,0.6539,0.9112,0.8,12.44,2340.16,0.8205128205128205
168784,14,0.6547,0.9158,0.8,12.09,2402.92,0.8205128205128205
168784,15,0.6553,0.921,0.7949,11.74,2467.64,0.8205128205128205
168784,16,0.6556,0.9284,0.8051,11.67,2622.84,0.8205128205128205
168784,17,0.6559,0.9347,0.8103,11.67,2857.18,0.8205128205128205
168784,18,0.6557,0.941,0.8051,11.57,3065.6,0.8205128205128205
168784,19,0.6555,0.9462,0.8,11.59,3326.76,0.8205128205128205
168784,20,0.6556,0.9502,0.8,11.51,3623.47,0.8205128205128205
168784,21,0.6558,0.9542,0.7949,11.42,3961.68,0.8205128205128205
168784,22,0.656,0.9553,0.8051,11.33,4293.6,0.8205128205128205
168784,23,0.6561,0.9588,0.8051,11.29,4615.03,0.8205128205128205
168784,24,0.6563,0.9633,0.8,11.19,4899.76,0.8205128205128205
168784,25,0.6565,0.9702,0.8,11.1,5138.38,0.8205128205128205
168784,26,0.6567,0.9725,0.8,11.04,5333.25,0.8205128205128205
168784,27,0.6569,0.9754,0.8,10.9,5481.87,0.8205128205128205
168784,28,0.6568,0.9794,0.8,10.86,5594.78,0.8205128205128205
168784,29,0.6568,0.9805,0.8,10.73,5653.38,0.8205128205128205
168784,30,0.6569,0.9822,0.8,10.63,5751.41,0.8205128205128205
168784,31,0.6569,0.9834,0.8,10.54,5815.66,0.8205128205128205
168784,32,0.657,0.9857,0.8,10.52,5882.66,0.8205128205128205
168784,33,0.6571,0.9857,0.8,10.47,5969.46,0.8205128205128205
168784,34,0.6573,0.9868,0.8,10.36,6042.96,0.8205128205128205
168784,35,0.6574,0.9885,0.8,10.28,6096.52,0.8205128205128205
168784,36,0.6575,0.9885,0.8,10.18,6149.58,0.8205128205128205
168784,37,0.6576,0.9891,0.8,10.07,6184.21,0.8205128205128205
168784,38,0.6577,0.9914,0.8051,9.98,6201.65,0.8205128205128205
168784,39,0.6578,0.992,0.8051,9.88,6206.75,0.8205128205128205
168784,40,0.658,0.992,0.8051,9.85,6215.02,0.8205128205128205
168784,41,0.658,0.992,0.8051,9.79,6210.64,0.8205128205128205
168784,42,0.6582,0.9937,0.8,9.69,6202.78,0.8205128205128205
168784,43,0.6584,0.9943,0.8,9.64,6208.4,0.8205128205128205
168784,44,0.6584,0.9948,0.8,9.6,6197.66,0.8205128205128205
168784,45,0.6585,0.9954,0.8103,9.55,6184.79,0.8205128205128205
168784,46,0.6585,0.9948,0.8051,9.48,6182.84,0.8205128205128205
168784,47,0.6587,0.9954,0.8051,9.41,6160.27,0.8205128205128205
168784,48,0.6587,0.9954,0.8051,9.36,6139.76,0.8205128205128205
168784,49,0.6588,0.996,0.8051,9.24,6120.15,0.8205128205128205
168784,0,0.6148,0.7331,0.7333,5.91,188.72,0.8256410256410256
168784,1,0.6148,0.7331,0.7333,5.91,188.72,0.8256410256410256
168784,2,0.6307,0.7801,0.759,10.56,821.76,0.8256410256410256
168784,3,0.6374,0.8081,0.7436,12.41,1201.03,0.8256410256410256
168784,4,0.6405,0.8282,0.759,12.35,1327.69,0.8256410256410256
168784,5,0.6438,0.8396,0.759,11.98,1420.36,0.8256410256410256
168784,6,0.6461,0.8545,0.7641,11.53,1532.11,0.8256410256410256
168784,7,0.6481,0.8654,0.7744,11.18,1602.68,0.8256410256410256
168784,8,0.6495,0.8774,0.7744,11.08,1674.42,0.8256410256410256
168784,9,0.6509,0.8797,0.7744,10.97,1745.11,0.8256410256410256
168784,10,0.6518,0.8849,0.7692,10.66,1744.3,0.8256410256410256
168784,11,0.6524,0.8923,0.7641,10.56,1756.84,0.8256410256410256
168784,12,0.653,0.8975,0.7692,10.26,1717.58,0.8256410256410256
168784,13,0.6535,0.9026,0.7692,9.9,1693.17,0.8256410256410256
168784,14,0.6539,0.9066,0.7744,9.65,1675.18,0.8256410256410256
168784,15,0.6541,0.9078,0.7744,9.32,1640.22,0.8256410256410256
168784,16,0.6549,0.9089,0.7795,8.99,1604.93,0.8256410256410256
168784,17,0.6549,0.9095,0.7744,8.75,1578.43,0.8256410256410256
168784,18,0.6547,0.9095,0.7795,8.71,1568.81,0.8256410256410256
168784,19,0.6549,0.9112,0.7795,8.59,1572.14,0.8256410256410256
168784,20,0.6549,0.9112,0.7744,8.49,1571.69,0.8256410256410256
168784,21,0.655,0.9112,0.7744,8.48,1578.83,0.8256410256410256
168784,22,0.6555,0.9107,0.7795,8.34,1572.47,0.8256410256410256
168784,23,0.6556,0.9147,0.7795,8.2,1570.84,0.8256410256410256
168784,24,0.6559,0.9158,0.7846,8.04,1556.54,0.8256410256410256
168784,25,0.6563,0.9175,0.7795,7.92,1565.51,0.8256410256410256
168784,26,0.6564,0.917,0.7744,7.93,1587.43,0.8256410256410256
168784,27,0.6566,0.9204,0.7744,7.88,1632.06,0.8256410256410256
168784,28,0.6566,0.9221,0.7744,7.9,1712.74,0.8256410256410256
168784,29,0.6566,0.9238,0.7795,7.92,1807.02,0.8256410256410256
168784,30,0.6567,0.9261,0.7795,7.9,1925.4,0.8256410256410256
168784,31,0.6569,0.9273,0.7795,7.92,2016.28,0.8256410256410256
168784,32,0.657,0.9307,0.7846,7.89,2097.63,0.8256410256410256
168784,33,0.6571,0.933,0.7846,7.9,2153.23,0.8256410256410256
168784,34,0.6573,0.9364,0.7846,7.97,2218.88,0.8256410256410256
168784,35,0.6575,0.9393,0.7846,8.12,2349.49,0.8256410256410256
168784,36,0.6577,0.9433,0.7846,8.24,2505.43,0.8256410256410256
168784,37,0.6576,0.945,0.7846,8.3,2619.55,0.8256410256410256
168784,38,0.6576,0.9485,0.7846,8.34,2740.47,0.8256410256410256
168784,39,0.6576,0.9519,0.7846,8.35,2843.67,0.8256410256410256
168784,40,0.6578,0.9525,0.7846,8.38,2953.08,0.8256410256410256
168784,41,0.6582,0.9548,0.7846,8.42,3075.72,0.8256410256410256
168784,42,0.6583,0.9565,0.7846,8.5,3217.75,0.8256410256410256
168784,43,0.6584,0.9588,0.7846,8.56,3393.12,0.8256410256410256
168784,44,0.6585,0.9599,0.7846,8.64,3613.42,0.8256410256410256
168784,45,0.6585,0.9611,0.7897,8.71,3810.71,0.8256410256410256
168784,46,0.6585,0.9622,0.7897,8.77,3988.56,0.8256410256410256
168784,47,0.6585,0.9651,0.7897,8.88,4148.93,0.8256410256410256
168784,48,0.6586,0.9651,0.7897,8.94,4305.96,0.8256410256410256
168784,49,0.6587,0.9656,0.7897,8.95,4435.23,0.8256410256410256
359959,0,0.4551,0.4287,0.4257,12.71,87.08,0.527027027027027
359959,1,0.4551,0.4287,0.4257,12.71,87.08,0.527027027027027
359959,2,0.4659,0.5283,0.5135,19.06,296.8,0.527027027027027
359959,3,0.471,0.5698,0.5338,21.35,428.12,0.527027027027027
359959,4,0.4724,0.5842,0.527,20.4,475.68,0.527027027027027
359959,5,0.4739,0.5955,0.527,19.61,516.98,0.527027027027027
359959,6,0.4751,0.606,0.5135,18.45,524.61,0.527027027027027
359959,7,0.4763,0.6068,0.5135,17.14,508.36,0.527027027027027
359959,8,0.4777,0.6083,0.5135,15.93,490.59,0.527027027027027
359959,9,0.4788,0.6106,0.527,15.1,477.47,0.527027027027027
359959,10,0.4794,0.6166,0.527,14.36,470.81,0.527027027027027
359959,11,0.4798,0.6166,0.5203,13.7,458.62,0.527027027027027
359959,12,0.4804,0.6189,0.5405,13.21,450.69,0.527027027027027
359959,13,0.4806,0.6234,0.5203,12.61,435.16,0.527027027027027
359959,14,0.4808,0.6257,0.5338,12.08,425.88,0.527027027027027
359959,15,0.4813,0.6226,0.5405,11.61,414.41,0.527027027027027
359959,16,0.4816,0.6272,0.527,11.3,412.58,0.527027027027027
359959,17,0.4819,0.6272,0.5338,11.03,409.91,0.527027027027027
359959,18,0.4823,0.6242,0.5338,10.88,409.22,0.527027027027027
359959,19,0.4826,0.6279,0.527,10.72,405.44,0.527027027027027
359959,20,0.4826,0.6287,0.5405,10.44,401.73,0.527027027027027
359959,21,0.4828,0.6294,0.5405,10.14,393.39,0.527027027027027
359959,22,0.4829,0.6302,0.5338,9.88,390.74,0.527027027027027
359959,23,0.4832,0.6309,0.5473,9.62,385.16,0.527027027027027
359959,24,0.4834,0.6309,0.5473,9.41,377.65,0.527027027027027
359959,25,0.4835,0.6325,0.5541,9.17,374.57,0.527027027027027
359959,26,0.4833,0.6362,0.5473,9.0,370.9,0.527027027027027
359959,27,0.4836,0.6347,0.5541,8.83,367.17,0.527027027027027
359959,28,0.4837,0.6355,0.5541,8.67,362.71,0.527027027027027
359959,29,0.4838,0.634,0.5541,8.55,357.58,0.527027027027027
359959,30,0.4841,0.634,0.5608,8.39,351.22,0.527027027027027
359959,31,0.484,0.6347,0.5608,8.25,346.36,0.527027027027027
359959,32,0.4841,0.637,0.5608,8.1,342.24,0.527027027027027
359959,33,0.484,0.6362,0.5541,7.99,339.93,0.527027027027027
359959,34,0.484,0.6355,0.5541,7.88,339.04,0.527027027027027
359959,35,0.4841,0.6408,0.5541,7.8,342.46,0.527027027027027
359959,36,0.484,0.6415,0.5541,7.69,348.41,0.527027027027027
359959,37,0.4841,0.6423,0.5541,7.64,355.71,0.527027027027027
359959,38,0.4841,0.643,0.5541,7.58,363.17,0.527027027027027
359959,39,0.4843,0.6415,0.5541,7.5,368.06,0.527027027027027
359959,40,0.4843,0.6438,0.5541,7.42,379.01,0.527027027027027
359959,41,0.4842,0.6445,0.5541,7.36,396.02,0.527027027027027
359959,42,0.484,0.6453,0.5541,7.33,409.91,0.527027027027027
359959,43,0.4839,0.6445,0.5541,7.3,417.92,0.527027027027027
359959,44,0.484,0.6415,0.5541,7.3,429.26,0.527027027027027
359959,45,0.4838,0.6423,0.5541,7.26,437.17,0.527027027027027
359959,46,0.4838,0.643,0.5541,7.25,447.5,0.527027027027027
359959,47,0.4838,0.6453,0.5541,7.2,452.93,0.527027027027027
359959,48,0.4839,0.6453,0.5541,7.16,459.38,0.527027027027027
359959,49,0.4838,0.646,0.5541,7.14,472.91,0.527027027027027
2073,0,0.4698,0.5933,0.5973,10.49,112.29,0.7181208053691275
2073,1,0.4698,0.5933,0.5973,10.49,112.29,0.7181208053691275
2073,2,0.4817,0.6112,0.6174,18.25,419.59,0.7181208053691275
2073,3,0.4879,0.6262,0.6107,23.78,627.03,0.7181208053691275
2073,4,0.496,0.6449,0.6242,27.62,825.09,0.7181208053691275
2073,5,0.5005,0.6524,0.6242,27.26,847.89,0.7181208053691275
2073,6,0.5048,0.6547,0.6309,27.37,857.62,0.7181208053691275
2073,7,0.5077,0.6637,0.6376,26.79,843.05,0.7181208053691275
2073,8,0.51,0.6659,0.6644,25.9,837.12,0.7181208053691275
2073,9,0.5117,0.6719,0.6644,24.99,848.16,0.7181208053691275
2073,10,0.5125,0.6787,0.6711,24.45,871.83,0.7181208053691275
2073,11,0.514,0.6824,0.6711,23.92,916.17,0.7181208053691275
2073,12,0.5154,0.6839,0.6711,23.27,936.92,0.7181208053691275
2073,13,0.517,0.6846,0.6779,22.6,962.17,0.7181208053691275
2073,14,0.5181,0.6906,0.6779,22.23,1010.12,0.7181208053691275
2073,15,0.5189,0.6929,0.6779,21.96,1033.08,0.7181208053691275
2073,16,0.5194,0.6966,0.6779,21.65,1053.44,0.7181208053691275
2073,17,0.5194,0.6974,0.6711,21.36,1106.16,0.7181208053691275
2073,18,0.5194,0.7004,0.6711,21.28,1163.69,0.7181208053691275
2073,19,0.5194,0.7071,0.6711,21.13,1229.53,0.7181208053691275
2073,20,0.5196,0.7116,0.6711,21.12,1268.94,0.7181208053691275
2073,21,0.5199,0.7131,0.6846,20.87,1309.19,0.7181208053691275
2073,22,0.5198,0.7131,0.6846,20.84,1367.84,0.7181208053691275
2073,23,0.5199,0.7169,0.6913,20.68,1430.04,0.7181208053691275
2073,24,0.5199,0.7184,0.6913,20.7,1500.44,0.7181208053691275
2073,25,0.5197,0.7184,0.6846,20.57,1576.33,0.7181208053691275
2073,26,0.5192,0.7199,0.6779,20.34,1670.82,0.7181208053691275
2073,27,0.519,0.7221,0.6779,20.24,1762.21,0.7181208053691275
2073,28,0.5188,0.7243,0.6779,20.5,1938.74,0.7181208053691275
2073,29,0.5185,0.7273,0.6846,20.56,2122.54,0.7181208053691275
2073,30,0.518,0.7303,0.6846,20.65,2302.42,0.7181208053691275
2073,31,0.518,0.7318,0.6913,20.64,2457.97,0.7181208053691275
2073,32,0.5175,0.7363,0.6913,20.7,2598.55,0.7181208053691275
2073,33,0.5175,0.7386,0.6913,20.54,2687.53,0.7181208053691275
2073,34,0.5173,0.7416,0.6913,20.48,2804.52,0.7181208053691275
2073,35,0.517,0.7431,0.6913,20.56,2948.68,0.7181208053691275
2073,36,0.5168,0.7461,0.6913,20.71,3144.58,0.7181208053691275
2073,37,0.5168,0.7491,0.6913,20.83,3351.06,0.7181208053691275
2073,38,0.517,0.7521,0.6913,20.94,3586.45,0.7181208053691275
2073,39,0.5169,0.7551,0.6913,20.98,3787.61,0.7181208053691275
2073,40,0.5168,0.7573,0.6913,21.03,4047.0,0.7181208053691275
2073,41,0.5167,0.7618,0.698,21.16,4262.98,0.7181208053691275
2073,42,0.5166,0.764,0.698,21.24,4487.15,0.7181208053691275
2073,43,0.5165,0.7663,0.698,21.37,4729.91,0.7181208053691275
2073,44,0.5162,0.7685,0.698,21.47,4956.24,0.7181208053691275
2073,45,0.516,0.7708,0.698,21.4,5133.16,0.7181208053691275
2073,46,0.5157,0.7745,0.698,21.43,5327.24,0.7181208053691275
2073,47,0.5156,0.7768,0.698,21.73,5493.01,0.7181208053691275
2073,48,0.5155,0.7805,0.698,21.99,5647.97,0.7181208053691275
2073,49,0.5152,0.7805,0.698,22.07,5772.98,0.7181208053691275
359954,0,0.4527,0.5831,0.5135,15.33,212.43,0.6756756756756757
359954,1,0.4527,0.5831,0.5135,15.33,212.43,0.6756756756756757
359954,2,0.475,0.6782,0.527,27.89,1004.35,0.6756756756756757
359954,3,0.488,0.7644,0.5541,32.15,1534.04,0.6756756756756757
359954,4,0.4961,0.8112,0.6216,33.51,1879.82,0.6756756756756757
359954,5,0.5013,0.852,0.6486,32.62,2079.48,0.6756756756756757
359954,6,0.5023,0.8746,0.6486,31.9,2251.52,0.6756756756756757
359954,7,0.5051,0.8912,0.6622,30.95,2302.65,0.6756756756756757
359954,8,0.5076,0.9079,0.6757,29.85,2362.77,0.6756756756756757
359954,9,0.5093,0.923,0.6892,28.88,2404.38,0.6756756756756757
359954,10,0.5102,0.935,0.6892,27.77,2441.44,0.6756756756756757
359954,11,0.5125,0.9411,0.6892,26.75,2434.49,0.6756756756756757
359954,12,0.5149,0.9396,0.6892,25.85,2425.07,0.6756756756756757
359954,13,0.516,0.9411,0.6892,25.12,2432.26,0.6756756756756757
359954,14,0.5165,0.9456,0.6892,24.36,2423.08,0.6756756756756757
359954,15,0.5172,0.9502,0.6757,23.75,2388.65,0.6756756756756757
359954,16,0.5187,0.9517,0.6757,22.99,2363.66,0.6756756756756757
359954,17,0.5194,0.9532,0.6757,22.21,2324.13,0.6756756756756757
359954,18,0.5211,0.9607,0.6757,21.44,2287.38,0.6756756756756757
359954,19,0.522,0.9637,0.6757,20.69,2236.8,0.6756756756756757
359954,20,0.5229,0.9637,0.6757,20.23,2185.5,0.6756756756756757
359954,21,0.5233,0.9668,0.6757,19.65,2138.9,0.6756756756756757
359954,22,0.5238,0.9698,0.6757,19.27,2093.31,0.6756756756756757
359954,23,0.5237,0.9713,0.6757,18.73,2042.85,0.6756756756756757
359954,24,0.524,0.9743,0.6757,18.25,2001.35,0.6756756756756757
359954,25,0.5243,0.9728,0.6757,17.79,1961.33,0.6756756756756757
359954,26,0.5246,0.9743,0.6757,17.43,1924.84,0.6756756756756757
359954,27,0.5249,0.9758,0.6757,17.07,1880.16,0.6756756756756757
359954,28,0.5258,0.9758,0.6757,16.8,1846.86,0.6756756756756757
359954,29,0.5266,0.9743,0.6757,16.42,1807.65,0.6756756756756757
359954,30,0.5271,0.9743,0.6757,16.12,1776.43,0.6756756756756757
359954,31,0.5273,0.9743,0.6757,15.86,1747.07,0.6756756756756757
359954,32,0.5274,0.9758,0.6757,15.58,1716.28,0.6756756756756757
359954,33,0.5274,0.9773,0.6757,15.35,1683.0,0.6756756756756757
359954,34,0.5274,0.9773,0.6757,15.12,1652.28,0.6756756756756757
359954,35,0.5278,0.9789,0.6757,14.95,1625.83,0.6756756756756757
359954,36,0.5284,0.9789,0.6757,14.71,1597.05,0.6756756756756757
359954,37,0.529,0.9789,0.6757,14.53,1571.55,0.6756756756756757
359954,38,0.5291,0.9804,0.6757,14.34,1544.91,0.6756756756756757
359954,39,0.5295,0.9804,0.6757,14.23,1521.97,0.6756756756756757
359954,40,0.5298,0.9804,0.6757,14.12,1499.44,0.6756756756756757
359954,41,0.5299,0.9804,0.6757,13.99,1481.51,0.6756756756756757
359954,42,0.5301,0.9804,0.6757,13.87,1462.29,0.6756756756756757
359954,43,0.5303,0.9804,0.6757,13.73,1441.64,0.6756756756756757
359954,44,0.5306,0.9804,0.6757,13.62,1421.42,0.6756756756756757
359954,45,0.5308,0.9804,0.6757,13.49,1403.85,0.6756756756756757
359954,46,0.5312,0.9804,0.6757,13.38,1385.29,0.6756756756756757
359954,47,0.5316,0.9804,0.6757,13.27,1370.1,0.6756756756756757
359954,48,0.5317,0.9804,0.6757,13.14,1354.84,0.6756756756756757
359954,49,0.5318,0.9804,0.6757,12.97,1338.44,0.6756756756756757
359954,0,0.4531,0.5846,0.5135,13.99,101.83,0.6621621621621622
359954,1,0.4531,0.5846,0.5135,13.99,101.83,0.6621621621621622
359954,2,0.4726,0.6677,0.5541,15.85,201.22,0.6621621621621622
359954,3,0.4843,0.71,0.5541,19.87,378.43,0.6621621621621622
359954,4,0.4951,0.7402,0.5811,20.3,412.31,0.6621621621621622
359954,5,0.5016,0.7644,0.6081,19.7,427.83,0.6621621621621622
359954,6,0.5057,0.7795,0.6216,19.16,410.15,0.6621621621621622
359954,7,0.5082,0.7885,0.6351,18.48,395.41,0.6621621621621622
359954,8,0.5089,0.7976,0.6351,17.47,378.16,0.6621621621621622
359954,9,0.5111,0.8021,0.6351,16.61,369.04,0.6621621621621622
359954,10,0.5122,0.8112,0.6351,15.77,354.7,0.6621621621621622
359954,11,0.5134,0.8172,0.6486,15.17,377.79,0.6621621621621622
359954,12,0.5141,0.8263,0.6622,14.82,413.98,0.6621621621621622
359954,13,0.5158,0.8293,0.6622,14.56,455.24,0.6621621621621622
359954,14,0.5161,0.8429,0.6622,14.54,506.91,0.6621621621621622
359954,15,0.517,0.8474,0.6622,14.26,525.15,0.6621621621621622
359954,16,0.518,0.8595,0.6622,14.36,568.25,0.6621621621621622
359954,17,0.5181,0.8625,0.6622,14.23,618.19,0.6621621621621622
359954,18,0.5184,0.8716,0.6486,14.0,658.35,0.6621621621621622
359954,19,0.5186,0.8761,0.6486,13.76,681.93,0.6621621621621622
359954,20,0.5188,0.8822,0.6486,13.51,718.95,0.6621621621621622
359954,21,0.519,0.8852,0.6486,13.27,748.8,0.6621621621621622
359954,22,0.5195,0.8867,0.6486,13.07,788.72,0.6621621621621622
359954,23,0.5201,0.8882,0.6486,12.86,830.0,0.6621621621621622
359954,24,0.5197,0.8927,0.6486,12.77,865.52,0.6621621621621622
359954,25,0.5199,0.8943,0.6486,12.55,893.87,0.6621621621621622
359954,26,0.52,0.8988,0.6486,12.29,929.63,0.6621621621621622
359954,27,0.52,0.8973,0.6486,12.03,975.08,0.6621621621621622
359954,28,0.5205,0.9018,0.6486,11.74,1023.97,0.6621621621621622
359954,29,0.5206,0.9033,0.6622,11.42,1081.43,0.6621621621621622
359954,30,0.5208,0.9079,0.6622,11.1,1126.13,0.6621621621621622
359954,31,0.5211,0.9124,0.6622,10.93,1203.26,0.6621621621621622
359954,32,0.5217,0.9109,0.6622,10.79,1286.8,0.6621621621621622
359954,33,0.522,0.9139,0.6622,10.65,1362.52,0.6621621621621622
359954,34,0.5227,0.9154,0.6622,10.56,1433.05,0.6621621621621622
359954,35,0.5229,0.9199,0.6622,10.56,1491.73,0.6621621621621622
359954,36,0.5234,0.926,0.6622,10.59,1555.12,0.6621621621621622
359954,37,0.5239,0.9275,0.6622,10.6,1610.98,0.6621621621621622
359954,38,0.5244,0.9275,0.6757,10.59,1654.31,0.6621621621621622
359954,39,0.5246,0.932,0.6757,10.62,1695.03,0.6621621621621622
359954,40,0.5247,0.932,0.6757,10.69,1741.46,0.6621621621621622
359954,41,0.5249,0.935,0.6757,10.72,1768.94,0.6621621621621622
359954,42,0.5252,0.9366,0.6757,10.71,1797.26,0.6621621621621622
359954,43,0.5253,0.9381,0.6757,10.71,1819.98,0.6621621621621622
359954,44,0.5254,0.9426,0.6757,10.8,1849.8,0.6621621621621622
359954,45,0.5254,0.9426,0.6757,10.85,1872.88,0.6621621621621622
359954,46,0.5252,0.9426,0.6757,10.91,1893.13,0.6621621621621622
359954,47,0.5252,0.9426,0.6757,10.92,1896.77,0.6621621621621622
359954,48,0.5254,0.9441,0.6757,10.91,1906.39,0.6621621621621622
359954,49,0.5254,0.9441,0.6757,10.95,1911.93,0.6621621621621622
190146,0,0.6522,0.8305,0.7412,4.23,85.97,0.7647058823529411
190146,1,0.6522,0.8305,0.7412,4.23,85.97,0.7647058823529411
190146,2,0.6556,0.8791,0.7176,8.06,242.0,0.7647058823529411
190146,3,0.6592,0.9146,0.7412,8.94,296.8,0.7647058823529411
190146,4,0.6615,0.929,0.7529,10.06,329.93,0.7647058823529411
190146,5,0.6623,0.9422,0.7412,10.41,353.86,0.7647058823529411
190146,6,0.6637,0.9553,0.7412,10.7,368.6,0.7647058823529411
190146,7,0.6652,0.9619,0.7294,10.88,388.46,0.7647058823529411
190146,8,0.6676,0.9658,0.7412,10.7,405.67,0.7647058823529411
190146,9,0.668,0.9685,0.7412,10.53,422.18,0.7647058823529411
190146,10,0.6695,0.9724,0.7412,11.17,429.85,0.7647058823529411
190146,11,0.6698,0.975,0.7412,10.84,436.23,0.7647058823529411
190146,12,0.6703,0.9763,0.7412,10.68,439.62,0.7647058823529411
190146,13,0.6705,0.975,0.7412,10.44,435.48,0.7647058823529411
190146,14,0.6707,0.9763,0.7412,10.31,433.63,0.7647058823529411
190146,15,0.6707,0.9763,0.7294,9.94,441.87,0.7647058823529411
190146,16,0.6704,0.9777,0.7294,9.65,473.7,0.7647058823529411
190146,17,0.6707,0.9777,0.7176,9.46,493.72,0.7647058823529411
190146,18,0.6704,0.979,0.7176,9.25,506.74,0.7647058823529411
190146,19,0.6706,0.9803,0.7294,9.07,514.01,0.7647058823529411
190146,20,0.6708,0.9803,0.7294,8.9,518.74,0.7647058823529411
190146,21,0.671,0.9842,0.7176,8.82,519.52,0.7647058823529411
190146,22,0.6709,0.9842,0.7059,8.82,529.86,0.7647058823529411
190146,23,0.6712,0.9855,0.7176,8.66,535.25,0.7647058823529411
190146,24,0.6719,0.9882,0.7294,8.46,558.65,0.7647058823529411
190146,25,0.6723,0.9895,0.7176,8.31,583.15,0.7647058823529411
190146,26,0.6728,0.9895,0.7176,8.21,612.93,0.7647058823529411
190146,27,0.673,0.9895,0.7176,8.09,629.87,0.7647058823529411
190146,28,0.673,0.9895,0.7294,7.97,644.32,0.7647058823529411
190146,29,0.6733,0.9895,0.7294,7.86,656.99,0.7647058823529411
190146,30,0.6735,0.9895,0.7294,7.79,665.58,0.7647058823529411
190146,31,0.6735,0.9895,0.7294,7.71,677.74,0.7647058823529411
190146,32,0.6733,0.9895,0.7294,7.63,685.08,0.7647058823529411
190146,33,0.6733,0.9921,0.7294,7.53,693.06,0.7647058823529411
190146,34,0.6734,0.9908,0.7294,7.45,695.56,0.7647058823529411
190146,35,0.6736,0.9921,0.7294,7.34,696.01,0.7647058823529411
190146,36,0.6739,0.9921,0.7412,7.22,694.33,0.7647058823529411
190146,37,0.6739,0.9921,0.7412,7.11,698.41,0.7647058823529411
190146,38,0.674,0.9921,0.7412,6.98,702.7,0.7647058823529411
190146,39,0.6739,0.9921,0.7412,6.92,706.26,0.7647058823529411
190146,40,0.674,0.9921,0.7412,6.88,712.12,0.7647058823529411
190146,41,0.6741,0.9921,0.7412,6.82,717.97,0.7647058823529411
190146,42,0.6742,0.9921,0.7412,6.78,720.22,0.7647058823529411
190146,43,0.674,0.9921,0.7412,6.76,722.32,0.7647058823529411
190146,44,0.674,0.9934,0.7412,6.78,726.98,0.7647058823529411
190146,45,0.6738,0.9934,0.7412,6.77,731.75,0.7647058823529411
190146,46,0.6737,0.9934,0.7412,6.75,736.51,0.7647058823529411
190146,47,0.6738,0.9934,0.7412,6.78,738.68,0.7647058823529411
190146,48,0.6738,0.9934,0.7412,6.76,740.57,0.7647058823529411
190146,49,0.6737,0.9934,0.7412,6.78,742.28,0.7647058823529411
168784,0,0.6091,0.7411,0.7231,4.54,121.05,0.8153846153846154
168784,1,0.6091,0.7411,0.7231,4.54,121.05,0.8153846153846154
168784,2,0.6266,0.7766,0.7333,10.04,442.97,0.8153846153846154
168784,3,0.6367,0.7967,0.7436,12.28,638.92,0.8153846153846154
168784,4,0.6422,0.8127,0.7436,11.93,664.7,0.8153846153846154
168784,5,0.646,0.8236,0.759,11.7,712.34,0.8153846153846154
168784,6,0.648,0.8368,0.7487,11.55,815.93,0.8153846153846154
168784,7,0.6507,0.8442,0.7487,11.68,905.31,0.8153846153846154
168784,8,0.6519,0.8499,0.7385,11.72,918.25,0.8153846153846154
168784,9,0.653,0.8562,0.7436,11.3,943.77,0.8153846153846154
168784,10,0.6539,0.8643,0.7487,11.13,993.21,0.8153846153846154
168784,11,0.6547,0.8666,0.7538,10.81,1038.74,0.8153846153846154
168784,12,0.6552,0.874,0.759,10.64,1089.56,0.8153846153846154
168784,13,0.6556,0.8763,0.7641,10.47,1188.92,0.8153846153846154
168784,14,0.6558,0.878,0.759,10.45,1265.52,0.8153846153846154
168784,15,0.6565,0.8843,0.7538,10.4,1459.41,0.8153846153846154
168784,16,0.6566,0.8877,0.7538,10.36,1670.4,0.8153846153846154
168784,17,0.6569,0.8952,0.7538,10.39,2005.24,0.8153846153846154
168784,18,0.6569,0.8998,0.7538,10.31,2222.43,0.8153846153846154
168784,19,0.6569,0.9026,0.7538,10.21,2486.76,0.8153846153846154
168784,20,0.6571,0.9078,0.759,10.2,2754.12,0.8153846153846154
168784,21,0.6571,0.9158,0.7641,10.16,2993.13,0.8153846153846154
168784,22,0.6572,0.9244,0.7641,10.14,3252.09,0.8153846153846154
168784,23,0.6572,0.9273,0.7641,10.18,3553.34,0.8153846153846154
168784,24,0.6572,0.9307,0.7641,10.17,3793.65,0.8153846153846154
168784,25,0.6573,0.9353,0.7641,10.19,4075.43,0.8153846153846154
168784,26,0.6573,0.9393,0.7641,10.23,4405.55,0.8153846153846154
168784,27,0.6575,0.9462,0.7692,10.36,4762.51,0.8153846153846154
168784,28,0.6576,0.9519,0.7795,10.37,5053.11,0.8153846153846154
168784,29,0.6574,0.9548,0.7795,10.42,5309.26,0.8153846153846154
168784,30,0.6574,0.9593,0.7795,10.43,5568.11,0.8153846153846154
168784,31,0.6574,0.9645,0.7846,10.49,5806.13,0.8153846153846154
168784,32,0.6575,0.9679,0.7846,10.47,6007.36,0.8153846153846154
168784,33,0.6573,0.9714,0.7846,10.53,6234.54,0.8153846153846154
168784,34,0.6573,0.9725,0.7897,10.51,6420.14,0.8153846153846154
168784,35,0.6572,0.9748,0.7897,10.49,6587.75,0.8153846153846154
168784,36,0.6572,0.9765,0.7897,10.47,6719.58,0.8153846153846154
168784,37,0.6574,0.9777,0.7897,10.52,6813.74,0.8153846153846154
168784,38,0.6573,0.9794,0.7897,10.47,6918.3,0.8153846153846154
168784,39,0.6574,0.9805,0.7897,10.43,6975.61,0.8153846153846154
168784,40,0.6576,0.98,0.7897,10.34,7031.62,0.8153846153846154
168784,41,0.6578,0.9828,0.7897,10.28,7069.11,0.8153846153846154
168784,42,0.6579,0.9845,0.7897,10.2,7093.96,0.8153846153846154
168784,43,0.658,0.9851,0.7949,10.11,7109.71,0.8153846153846154
168784,44,0.658,0.9863,0.7949,10.02,7112.44,0.8153846153846154
168784,45,0.6582,0.9885,0.7949,9.95,7108.68,0.8153846153846154
168784,46,0.6583,0.9891,0.7949,9.81,7106.46,0.8153846153846154
168784,47,0.6583,0.9891,0.7949,9.68,7094.81,0.8153846153846154
168784,48,0.6585,0.9897,0.7949,9.6,7079.14,0.8153846153846154
168784,49,0.6586,0.9897,0.7949,9.53,7058.23,0.8153846153846154
190146,0,0.6535,0.8121,0.7294,4.12,130.11,0.7647058823529411
190146,1,0.6535,0.8121,0.7294,4.12,130.11,0.7647058823529411
190146,2,0.6587,0.8739,0.7412,11.04,576.17,0.7647058823529411
190146,3,0.6602,0.9277,0.7529,13.23,781.12,0.7647058823529411
190146,4,0.6633,0.9488,0.7412,13.08,805.9,0.7647058823529411
190146,5,0.6644,0.9606,0.7529,13.04,787.82,0.7647058823529411
190146,6,0.6666,0.9711,0.7529,12.53,767.81,0.7647058823529411
190146,7,0.6677,0.9724,0.7412,12.15,748.72,0.7647058823529411
190146,8,0.6685,0.9737,0.7412,11.72,718.53,0.7647058823529411
190146,9,0.6683,0.975,0.7294,11.26,693.87,0.7647058823529411
190146,10,0.6678,0.979,0.7294,10.82,673.67,0.7647058823529411
190146,11,0.668,0.9842,0.7176,10.5,688.32,0.7647058823529411
190146,12,0.6685,0.9869,0.7176,10.02,692.89,0.7647058823529411
190146,13,0.6688,0.9869,0.7176,9.73,682.98,0.7647058823529411
190146,14,0.669,0.9882,0.7176,9.36,674.05,0.7647058823529411
190146,15,0.6693,0.9895,0.7176,9.04,660.79,0.7647058823529411
190146,16,0.6697,0.9908,0.7176,8.73,647.96,0.7647058823529411
190146,17,0.6701,0.9934,0.7176,8.48,635.53,0.7647058823529411
190146,18,0.6702,0.9947,0.7176,8.34,624.91,0.7647058823529411
190146,19,0.6696,0.9934,0.7176,8.2,614.28,0.7647058823529411
190146,20,0.6695,0.9934,0.7176,8.1,607.65,0.7647058823529411
190146,21,0.6696,0.9934,0.7176,8.07,600.18,0.7647058823529411
190146,22,0.6693,0.9947,0.7176,8.13,593.87,0.7647058823529411
190146,23,0.6694,0.9961,0.7176,8.01,587.96,0.7647058823529411
190146,24,0.6695,0.9947,0.7176,8.03,582.59,0.7647058823529411
190146,25,0.6697,0.9947,0.7176,8.09,576.58,0.7647058823529411
190146,26,0.6699,0.9947,0.7176,8.04,570.25,0.7647058823529411
190146,27,0.6701,0.9961,0.7176,7.97,572.31,0.7647058823529411
190146,28,0.6707,0.9961,0.7176,7.96,571.89,0.7647058823529411
190146,29,0.671,0.9961,0.7294,7.86,573.22,0.7647058823529411
190146,30,0.6711,0.9961,0.7294,7.79,573.54,0.7647058823529411
190146,31,0.6709,0.9961,0.7294,7.8,572.86,0.7647058823529411
190146,32,0.671,0.9974,0.7412,7.72,573.59,0.7647058823529411
190146,33,0.671,0.9974,0.7294,7.67,575.85,0.7647058823529411
190146,34,0.6711,0.9974,0.7294,7.58,579.09,0.7647058823529411
190146,35,0.6712,0.9974,0.7412,7.47,580.9,0.7647058823529411
190146,36,0.6713,0.9974,0.7412,7.38,581.35,0.7647058823529411
190146,37,0.6714,0.9974,0.7529,7.3,582.94,0.7647058823529411
190146,38,0.6715,0.9974,0.7529,7.24,585.33,0.7647058823529411
190146,39,0.6715,0.9974,0.7529,7.22,585.54,0.7647058823529411
190146,40,0.6714,0.9974,0.7529,7.2,586.7,0.7647058823529411
190146,41,0.6715,0.9974,0.7529,7.21,587.29,0.7647058823529411
190146,42,0.6717,0.9974,0.7529,7.17,584.77,0.7647058823529411
190146,43,0.6718,0.9974,0.7529,7.1,582.59,0.7647058823529411
190146,44,0.6717,0.9974,0.7529,7.03,580.87,0.7647058823529411
190146,45,0.6717,0.9974,0.7412,6.95,578.25,0.7647058823529411
190146,46,0.6718,0.9974,0.7294,6.87,574.65,0.7647058823529411
190146,47,0.6719,0.9974,0.7294,6.79,569.18,0.7647058823529411
190146,48,0.6721,0.9974,0.7294,6.73,565.04,0.7647058823529411
190146,49,0.672,0.9974,0.7294,6.71,560.17,0.7647058823529411
168784,0,0.6192,0.7377,0.7282,4.61,136.07,0.8102564102564103
168784,1,0.6192,0.7377,0.7282,4.61,136.07,0.8102564102564103
168784,2,0.6289,0.7646,0.7436,6.74,231.69,0.8102564102564103
168784,3,0.6353,0.7892,0.7436,8.33,335.04,0.8102564102564103
168784,4,0.6408,0.8036,0.7487,8.45,386.37,0.8102564102564103
168784,5,0.6436,0.8116,0.759,9.17,494.52,0.8102564102564103
168784,6,0.6456,0.8184,0.759,9.44,538.81,0.8102564102564103
168784,7,0.6482,0.8236,0.7538,8.91,563.6,0.8102564102564103
168784,8,0.6495,0.8299,0.759,8.63,560.14,0.8102564102564103
168784,9,0.6503,0.8368,0.759,8.39,573.81,0.8102564102564103
168784,10,0.6514,0.8396,0.7538,8.4,628.67,0.8102564102564103
168784,11,0.652,0.8454,0.7487,8.55,715.11,0.8102564102564103
168784,12,0.6525,0.8511,0.7487,8.61,800.11,0.8102564102564103
168784,13,0.6534,0.8551,0.7487,8.64,890.03,0.8102564102564103
168784,14,0.6533,0.8597,0.7538,8.78,959.96,0.8102564102564103
168784,15,0.6536,0.862,0.7487,8.66,1008.65,0.8102564102564103
168784,16,0.654,0.866,0.7487,8.65,1077.76,0.8102564102564103
168784,17,0.6542,0.8683,0.7436,8.62,1124.1,0.8102564102564103
168784,18,0.6545,0.8717,0.7436,8.6,1215.9,0.8102564102564103
168784,19,0.6546,0.8746,0.7487,8.58,1290.55,0.8102564102564103
168784,20,0.6551,0.878,0.7487,8.66,1409.13,0.8102564102564103
168784,21,0.6554,0.8837,0.7538,8.71,1515.5,0.8102564102564103
168784,22,0.6554,0.8877,0.7538,8.73,1640.11,0.8102564102564103
168784,23,0.6555,0.8918,0.759,8.81,1852.69,0.8102564102564103
168784,24,0.6554,0.8935,0.7538,8.89,2103.19,0.8102564102564103
168784,25,0.6552,0.8969,0.7538,9.01,2377.59,0.8102564102564103
168784,26,0.6556,0.9021,0.759,9.13,2642.05,0.8102564102564103
168784,27,0.6555,0.9072,0.7641,9.24,2932.69,0.8102564102564103
168784,28,0.6556,0.9141,0.7641,9.29,3164.08,0.8102564102564103
168784,29,0.6558,0.9181,0.7641,9.29,3367.6,0.8102564102564103
168784,30,0.6557,0.9215,0.7692,9.34,3530.47,0.8102564102564103
168784,31,0.6555,0.9267,0.7692,9.41,3718.57,0.8102564102564103
168784,32,0.6557,0.9307,0.7692,9.38,3895.66,0.8102564102564103
168784,33,0.6558,0.9353,0.7641,9.4,4044.91,0.8102564102564103
168784,34,0.6556,0.9381,0.7641,9.42,4187.29,0.8102564102564103
168784,35,0.6558,0.9416,0.7641,9.43,4346.31,0.8102564102564103
168784,36,0.656,0.9427,0.7641,9.46,4498.69,0.8102564102564103
168784,37,0.6563,0.945,0.7641,9.54,4635.22,0.8102564102564103
168784,38,0.6564,0.9473,0.7744,9.65,4763.99,0.8102564102564103
168784,39,0.6567,0.9485,0.7744,9.72,4883.7,0.8102564102564103
168784,40,0.6569,0.9507,0.7692,9.76,5001.19,0.8102564102564103
168784,41,0.657,0.9536,0.7692,9.81,5126.38,0.8102564102564103
168784,42,0.6572,0.9565,0.7692,9.87,5299.82,0.8102564102564103
168784,43,0.6574,0.9616,0.7692,9.86,5459.18,0.8102564102564103
168784,44,0.6576,0.9645,0.7692,10.02,5597.19,0.8102564102564103
168784,45,0.6578,0.9668,0.7744,10.15,5713.98,0.8102564102564103
168784,46,0.6579,0.9685,0.7692,10.19,5828.7,0.8102564102564103
168784,47,0.658,0.9719,0.7692,10.23,5971.39,0.8102564102564103
168784,48,0.6582,0.9742,0.7692,10.24,6116.56,0.8102564102564103
168784,49,0.6583,0.9759,0.7795,10.23,6248.56,0.8102564102564103
168784,0,0.6208,0.7365,0.7385,4.97,164.54,0.8205128205128205
168784,1,0.6208,0.7365,0.7385,4.97,164.54,0.8205128205128205
168784,2,0.6338,0.7841,0.7641,7.11,539.99,0.8205128205128205
168784,3,0.6422,0.7961,0.7641,8.14,670.12,0.8205128205128205
168784,4,0.646,0.8081,0.7641,7.88,692.38,0.8205128205128205
168784,5,0.6496,0.8173,0.7692,7.73,659.46,0.8205128205128205
168784,6,0.6511,0.8219,0.7692,7.16,626.6,0.8205128205128205
168784,7,0.6525,0.8299,0.7692,7.02,603.52,0.8205128205128205
168784,8,0.6543,0.8322,0.7692,6.72,576.08,0.8205128205128205
168784,9,0.6547,0.8339,0.7641,6.43,544.72,0.8205128205128205
168784,10,0.6554,0.8385,0.7744,6.19,526.5,0.8205128205128205
168784,11,0.6567,0.8402,0.7692,6.15,523.16,0.8205128205128205
168784,12,0.6576,0.8436,0.7744,6.19,555.78,0.8205128205128205
168784,13,0.6581,0.8477,0.7744,6.18,635.47,0.8205128205128205
168784,14,0.6581,0.8511,0.7692,6.21,730.92,0.8205128205128205
168784,15,0.6581,0.8522,0.7692,6.22,835.68,0.8205128205128205
168784,16,0.6586,0.8562,0.7744,6.33,925.2,0.8205128205128205
168784,17,0.6588,0.8597,0.7692,6.42,999.65,0.8205128205128205
168784,18,0.6591,0.8631,0.7641,6.41,1050.99,0.8205128205128205
168784,19,0.6591,0.8654,0.7641,6.6,1111.23,0.8205128205128205
168784,20,0.659,0.8677,0.7641,6.79,1192.0,0.8205128205128205
168784,21,0.6591,0.8734,0.7744,6.86,1268.21,0.8205128205128205
168784,22,0.6592,0.8769,0.7744,6.97,1325.12,0.8205128205128205
168784,23,0.6593,0.8786,0.7795,7.09,1370.63,0.8205128205128205
168784,24,0.6594,0.8809,0.7795,7.21,1410.72,0.8205128205128205
168784,25,0.6593,0.8832,0.7795,7.4,1485.57,0.8205128205128205
168784,26,0.6593,0.8872,0.7846,7.57,1570.67,0.8205128205128205
168784,27,0.6593,0.8918,0.7846,7.67,1647.7,0.8205128205128205
168784,28,0.6594,0.8952,0.7846,7.9,1786.86,0.8205128205128205
168784,29,0.6597,0.9003,0.7846,8.06,1936.88,0.8205128205128205
168784,30,0.6597,0.9044,0.7846,8.19,2131.12,0.8205128205128205
168784,31,0.6596,0.9084,0.7949,8.25,2306.87,0.8205128205128205
168784,32,0.6594,0.9129,0.7949,8.41,2504.12,0.8205128205128205
168784,33,0.6593,0.9164,0.7897,8.68,2711.93,0.8205128205128205
168784,34,0.6593,0.9204,0.7897,8.87,2925.15,0.8205128205128205
168784,35,0.6594,0.9233,0.7897,9.0,3140.86,0.8205128205128205
168784,36,0.6594,0.9267,0.7897,9.17,3378.36,0.8205128205128205
168784,37,0.6596,0.929,0.7846,9.24,3643.49,0.8205128205128205
168784,38,0.6595,0.933,0.7795,9.38,3863.74,0.8205128205128205
168784,39,0.6595,0.9364,0.7846,9.55,4041.44,0.8205128205128205
168784,40,0.6595,0.9416,0.7897,9.68,4204.12,0.8205128205128205
168784,41,0.6594,0.945,0.7846,9.75,4362.26,0.8205128205128205
168784,42,0.6593,0.9496,0.7846,9.85,4532.32,0.8205128205128205
168784,43,0.6595,0.9513,0.7795,9.9,4691.08,0.8205128205128205
168784,44,0.6594,0.9548,0.7846,9.99,4883.55,0.8205128205128205
168784,45,0.6593,0.9588,0.7846,10.05,5068.9,0.8205128205128205
168784,46,0.6593,0.9605,0.7897,10.06,5234.61,0.8205128205128205
168784,47,0.6593,0.9656,0.7846,10.11,5385.14,0.8205128205128205
168784,48,0.6593,0.9685,0.7846,10.11,5514.53,0.8205128205128205
168784,49,0.6593,0.9691,0.7846,10.12,5635.25,0.8205128205128205
168784,0,0.6181,0.7383,0.7333,3.18,256.73,0.8153846153846154
168784,1,0.6181,0.7383,0.7333,3.18,256.73,0.8153846153846154
168784,2,0.6318,0.7938,0.7538,13.56,1650.85,0.8153846153846154
168784,3,0.6405,0.8282,0.759,16.71,2047.41,0.8153846153846154
168784,4,0.6437,0.8505,0.7744,16.38,2085.11,0.8153846153846154
168784,5,0.6481,0.8666,0.7692,15.86,2073.19,0.8153846153846154
168784,6,0.6499,0.8792,0.7641,15.6,2307.94,0.8153846153846154
168784,7,0.6509,0.8923,0.7692,15.24,2480.06,0.8153846153846154
168784,8,0.6519,0.8992,0.7692,14.47,2651.19,0.8153846153846154
168784,9,0.653,0.9084,0.7641,14.04,2825.24,0.8153846153846154
168784,10,0.6531,0.9187,0.7641,13.61,3044.16,0.8153846153846154
168784,11,0.6537,0.9215,0.7641,12.99,3110.57,0.8153846153846154
168784,12,0.6543,0.9278,0.7692,12.72,3320.72,0.8153846153846154
168784,13,0.6545,0.9318,0.7744,12.45,3481.11,0.8153846153846154
168784,14,0.6551,0.9359,0.7744,12.24,3581.42,0.8153846153846154
168784,15,0.6555,0.9387,0.7744,12.08,3675.73,0.8153846153846154
168784,16,0.6558,0.941,0.7744,11.83,3739.12,0.8153846153846154
168784,17,0.6559,0.9439,0.7795,11.65,3782.07,0.8153846153846154
168784,18,0.6564,0.9456,0.7795,11.46,3831.87,0.8153846153846154
168784,19,0.6561,0.9456,0.7795,11.3,3853.36,0.8153846153846154
168784,20,0.6561,0.9485,0.7795,11.23,3870.05,0.8153846153846154
168784,21,0.6564,0.9485,0.7692,11.02,3855.02,0.8153846153846154
168784,22,0.6566,0.9536,0.7744,10.84,3835.21,0.8153846153846154
168784,23,0.6567,0.9559,0.7744,10.64,3833.48,0.8153846153846154
168784,24,0.6568,0.9588,0.7744,10.47,3815.21,0.8153846153846154
168784,25,0.6568,0.9588,0.7744,10.39,3822.96,0.8153846153846154
168784,26,0.6568,0.9605,0.7744,10.18,3827.95,0.8153846153846154
168784,27,0.6567,0.9628,0.7744,10.1,3852.34,0.8153846153846154
168784,28,0.6568,0.9639,0.7744,9.97,3852.31,0.8153846153846154
168784,29,0.6568,0.9662,0.7744,9.86,3861.18,0.8153846153846154
168784,30,0.657,0.9668,0.7744,9.81,3869.15,0.8153846153846154
168784,31,0.6571,0.9668,0.7744,9.69,3860.5,0.8153846153846154
168784,32,0.657,0.9708,0.7744,9.59,3851.61,0.8153846153846154
168784,33,0.6572,0.9714,0.7744,9.5,3834.02,0.8153846153846154
168784,34,0.6572,0.9725,0.7795,9.43,3819.23,0.8153846153846154
168784,35,0.6572,0.9742,0.7795,9.32,3801.98,0.8153846153846154
168784,36,0.6573,0.9742,0.7795,9.2,3780.17,0.8153846153846154
168784,37,0.6572,0.9748,0.7795,9.13,3766.2,0.8153846153846154
168784,38,0.6573,0.9759,0.7846,9.01,3765.4,0.8153846153846154
168784,39,0.6577,0.9765,0.7744,8.92,3766.35,0.8153846153846154
168784,40,0.658,0.9777,0.7795,8.83,3775.91,0.8153846153846154
168784,41,0.6583,0.9794,0.7795,8.79,3806.18,0.8153846153846154
168784,42,0.6584,0.9805,0.7795,8.73,3860.05,0.8153846153846154
168784,43,0.6587,0.9817,0.7846,8.74,3938.39,0.8153846153846154
168784,44,0.6588,0.9845,0.7846,8.72,4004.2,0.8153846153846154
168784,45,0.6589,0.9845,0.7795,8.7,4052.81,0.8153846153846154
168784,46,0.659,0.9857,0.7795,8.67,4092.5,0.8153846153846154
168784,47,0.659,0.9857,0.7795,8.64,4123.59,0.8153846153846154
168784,48,0.6591,0.9868,0.7846,8.61,4150.74,0.8153846153846154
168784,49,0.659,0.9874,0.7846,8.57,4186.17,0.8153846153846154
190146,0,0.6428,0.816,0.7412,2.75,68.38,0.7647058823529411
190146,1,0.6428,0.816,0.7412,2.75,68.38,0.7647058823529411
190146,2,0.6505,0.8712,0.7294,8.06,229.54,0.7647058823529411
190146,3,0.6555,0.9093,0.7412,10.49,342.32,0.7647058823529411
190146,4,0.6599,0.9304,0.7294,11.34,390.01,0.7647058823529411
190146,5,0.6602,0.9448,0.7412,11.78,387.71,0.7647058823529411
190146,6,0.6613,0.9501,0.7412,10.99,372.3,0.7647058823529411
190146,7,0.6641,0.9488,0.7412,10.89,374.68,0.7647058823529411
190146,8,0.6647,0.954,0.7412,10.54,379.37,0.7647058823529411
190146,9,0.6658,0.9593,0.7412,10.4,387.75,0.7647058823529411
190146,10,0.6671,0.9645,0.7529,10.2,394.55,0.7647058823529411
190146,11,0.6682,0.9658,0.7529,10.28,400.03,0.7647058823529411
190146,12,0.6689,0.9711,0.7412,10.4,419.37,0.7647058823529411
190146,13,0.6689,0.975,0.7412,10.13,435.18,0.7647058823529411
190146,14,0.6698,0.9763,0.7412,9.93,446.08,0.7647058823529411
190146,15,0.6701,0.9777,0.7412,9.65,461.55,0.7647058823529411
190146,16,0.671,0.9777,0.7412,9.48,473.05,0.7647058823529411
190146,17,0.6712,0.9777,0.7294,9.27,482.16,0.7647058823529411
190146,18,0.6714,0.9777,0.7294,9.18,490.27,0.7647058823529411
190146,19,0.6719,0.9777,0.7294,9.01,491.73,0.7647058823529411
190146,20,0.6721,0.979,0.7294,8.88,499.65,0.7647058823529411
190146,21,0.6725,0.9803,0.7294,8.79,505.83,0.7647058823529411
190146,22,0.6728,0.9816,0.7294,8.69,509.82,0.7647058823529411
190146,23,0.673,0.9842,0.7294,8.61,519.36,0.7647058823529411
190146,24,0.6732,0.9855,0.7294,8.51,531.75,0.7647058823529411
190146,25,0.6732,0.9869,0.7294,8.33,539.37,0.7647058823529411
190146,26,0.6736,0.9869,0.7294,8.19,550.89,0.7647058823529411
190146,27,0.6738,0.9869,0.7294,7.99,557.29,0.7647058823529411
190146,28,0.6741,0.9869,0.7294,7.85,568.45,0.7647058823529411
190146,29,0.6736,0.9869,0.7294,7.78,587.29,0.7647058823529411
190146,30,0.6737,0.9869,0.7294,7.72,596.81,0.7647058823529411
190146,31,0.674,0.9869,0.7294,7.57,608.4,0.7647058823529411
190146,32,0.674,0.9869,0.7294,7.42,620.02,0.7647058823529411
190146,33,0.6742,0.9882,0.7294,7.32,632.22,0.7647058823529411
190146,34,0.6743,0.9882,0.7294,7.22,643.88,0.7647058823529411
190146,35,0.6746,0.9895,0.7294,7.2,653.55,0.7647058823529411
190146,36,0.6745,0.9895,0.7294,7.23,664.2,0.7647058823529411
190146,37,0.6745,0.9895,0.7294,7.27,673.5,0.7647058823529411
190146,38,0.6747,0.9895,0.7294,7.28,679.76,0.7647058823529411
190146,39,0.675,0.9895,0.7412,7.27,685.36,0.7647058823529411
190146,40,0.6752,0.9895,0.7412,7.24,688.91,0.7647058823529411
190146,41,0.6752,0.9895,0.7412,7.39,693.19,0.7647058823529411
190146,42,0.6751,0.9895,0.7412,7.4,699.55,0.7647058823529411
190146,43,0.6751,0.9895,0.7294,7.44,703.33,0.7647058823529411
190146,44,0.6754,0.9895,0.7294,7.5,708.57,0.7647058823529411
190146,45,0.6755,0.9908,0.7294,7.52,714.11,0.7647058823529411
190146,46,0.6755,0.9908,0.7294,7.49,719.67,0.7647058823529411
190146,47,0.6758,0.9908,0.7294,7.47,725.67,0.7647058823529411
190146,48,0.6758,0.9908,0.7412,7.55,731.39,0.7647058823529411
190146,49,0.6758,0.9908,0.7412,7.55,734.49,0.7647058823529411
359959,0,0.4591,0.4272,0.4257,9.3,43.47,0.5337837837837838
359959,1,0.4591,0.4272,0.4257,9.3,43.47,0.5337837837837838
359959,2,0.4659,0.4898,0.4527,10.1,51.89,0.5337837837837838
359959,3,0.4717,0.5208,0.5135,13.26,138.62,0.5337837837837838
359959,4,0.4754,0.5585,0.5338,15.62,205.49,0.5337837837837838
359959,5,0.479,0.5766,0.5608,16.21,248.31,0.5337837837837838
359959,6,0.4806,0.5872,0.527,16.21,271.18,0.5337837837837838
359959,7,0.4814,0.5894,0.5473,15.96,279.48,0.5337837837837838
359959,8,0.4821,0.597,0.5405,15.56,280.0,0.5337837837837838
359959,9,0.4824,0.5962,0.5405,14.91,277.05,0.5337837837837838
359959,10,0.4838,0.6015,0.5203,14.32,265.52,0.5337837837837838
359959,11,0.4838,0.6053,0.5203,13.82,259.55,0.5337837837837838
359959,12,0.4836,0.6075,0.5338,13.43,255.52,0.5337837837837838
359959,13,0.4838,0.6091,0.5338,12.95,248.26,0.5337837837837838
359959,14,0.484,0.6121,0.5405,12.51,243.84,0.5337837837837838
359959,15,0.4843,0.6143,0.5405,12.08,237.31,0.5337837837837838
359959,16,0.4845,0.6121,0.5405,11.79,238.97,0.5337837837837838
359959,17,0.4849,0.6121,0.5405,11.43,238.59,0.5337837837837838
359959,18,0.4853,0.6121,0.5473,11.14,239.35,0.5337837837837838
359959,19,0.4856,0.6151,0.5676,10.91,245.5,0.5337837837837838
359959,20,0.4856,0.6166,0.5676,10.77,255.21,0.5337837837837838
359959,21,0.4862,0.6189,0.5676,10.8,278.4,0.5337837837837838
359959,22,0.4859,0.6181,0.5676,10.64,291.55,0.5337837837837838
359959,23,0.4858,0.6158,0.5676,10.45,298.42,0.5337837837837838
359959,24,0.4861,0.6151,0.5676,10.32,308.9,0.5337837837837838
359959,25,0.4863,0.6143,0.5676,10.13,312.67,0.5337837837837838
359959,26,0.4861,0.6136,0.5541,10.0,322.47,0.5337837837837838
359959,27,0.4861,0.6151,0.5608,9.88,335.78,0.5337837837837838
359959,28,0.4864,0.6158,0.5608,9.77,346.57,0.5337837837837838
359959,29,0.4864,0.6181,0.5608,9.69,354.96,0.5337837837837838
359959,30,0.4864,0.6196,0.5608,9.64,370.79,0.5337837837837838
359959,31,0.4864,0.6211,0.5608,9.65,388.27,0.5337837837837838
359959,32,0.4864,0.6219,0.5608,9.64,399.32,0.5337837837837838
359959,33,0.4865,0.6219,0.5608,9.66,418.63,0.5337837837837838
359959,34,0.4863,0.6234,0.5608,9.66,433.1,0.5337837837837838
359959,35,0.4864,0.6242,0.5608,9.64,445.09,0.5337837837837838
359959,36,0.4864,0.6272,0.5608,9.57,461.39,0.5337837837837838
359959,37,0.4866,0.6279,0.5608,9.52,471.43,0.5337837837837838
359959,38,0.4864,0.6279,0.5608,9.49,482.8,0.5337837837837838
359959,39,0.4863,0.6302,0.5608,9.46,498.97,0.5337837837837838
359959,40,0.4862,0.6302,0.5676,9.45,540.37,0.5337837837837838
359959,41,0.486,0.6332,0.5676,9.49,582.8,0.5337837837837838
359959,42,0.4859,0.6355,0.5676,9.53,617.04,0.5337837837837838
359959,43,0.4856,0.6377,0.5608,9.55,654.76,0.5337837837837838
359959,44,0.4856,0.6385,0.5676,9.58,697.41,0.5337837837837838
359959,45,0.4855,0.6408,0.5676,9.57,730.57,0.5337837837837838
359959,46,0.4855,0.64,0.5676,9.57,753.62,0.5337837837837838
359959,47,0.4853,0.6408,0.5676,9.61,777.6,0.5337837837837838
359959,48,0.4853,0.6408,0.5608,9.59,799.59,0.5337837837837838
359959,49,0.4852,0.6415,0.5608,9.56,822.97,0.5337837837837838
359959,0,0.4573,0.4475,0.4257,11.69,98.88,0.527027027027027
359959,1,0.4573,0.4475,0.4257,11.69,98.88,0.527027027027027
359959,2,0.463,0.4528,0.4392,12.24,98.78,0.527027027027027
359959,3,0.4697,0.5358,0.4932,15.15,157.64,0.527027027027027
359959,4,0.4736,0.5698,0.5338,16.38,203.84,0.527027027027027
359959,5,0.4765,0.5819,0.527,16.35,216.4,0.527027027027027
359959,6,0.478,0.5887,0.5473,15.7,220.41,0.527027027027027
359959,7,0.4801,0.5925,0.527,15.15,215.74,0.527027027027027
359959,8,0.4803,0.6045,0.5338,14.34,209.92,0.527027027027027
359959,9,0.4814,0.6038,0.527,13.58,199.42,0.527027027027027
359959,10,0.4826,0.6075,0.5338,12.89,190.38,0.527027027027027
359959,11,0.4834,0.6106,0.5405,12.18,181.42,0.527027027027027
359959,12,0.4842,0.6128,0.5405,11.63,172.77,0.527027027027027
359959,13,0.4841,0.6136,0.5405,11.07,164.99,0.527027027027027
359959,14,0.4841,0.6143,0.5338,10.64,159.17,0.527027027027027
359959,15,0.4842,0.6143,0.5405,10.35,155.66,0.527027027027027
359959,16,0.4844,0.6098,0.5405,10.11,157.39,0.527027027027027
359959,17,0.4844,0.6136,0.5405,9.87,161.02,0.527027027027027
359959,18,0.4842,0.6128,0.5473,9.66,161.79,0.527027027027027
359959,19,0.4848,0.6143,0.5473,9.44,161.33,0.527027027027027
359959,20,0.4848,0.6174,0.5473,9.2,162.57,0.527027027027027
359959,21,0.4849,0.6196,0.5541,9.09,164.02,0.527027027027027
359959,22,0.4848,0.6219,0.5541,8.91,164.24,0.527027027027027
359959,23,0.4847,0.6234,0.5541,8.78,165.16,0.527027027027027
359959,24,0.4846,0.6226,0.5608,8.64,165.71,0.527027027027027
359959,25,0.4849,0.6211,0.5676,8.46,163.23,0.527027027027027
359959,26,0.4854,0.6204,0.5676,8.3,163.27,0.527027027027027
359959,27,0.4856,0.6204,0.5608,8.22,165.97,0.527027027027027
359959,28,0.4855,0.6211,0.5608,8.11,170.31,0.527027027027027
359959,29,0.4859,0.6219,0.5608,8.05,177.41,0.527027027027027
359959,30,0.486,0.6211,0.5608,7.98,180.52,0.527027027027027
359959,31,0.4862,0.6226,0.5676,7.88,181.61,0.527027027027027
359959,32,0.4862,0.6226,0.5676,7.82,183.81,0.527027027027027
359959,33,0.4865,0.6242,0.5676,7.76,185.54,0.527027027027027
359959,34,0.4869,0.6226,0.5676,7.68,189.36,0.527027027027027
359959,35,0.4871,0.6234,0.5676,7.6,191.34,0.527027027027027
359959,36,0.4873,0.6219,0.5676,7.55,192.36,0.527027027027027
359959,37,0.4873,0.6226,0.5676,7.49,194.02,0.527027027027027
359959,38,0.4876,0.6234,0.5676,7.44,196.95,0.527027027027027
359959,39,0.4878,0.6257,0.5676,7.41,199.19,0.527027027027027
359959,40,0.4879,0.6257,0.5676,7.39,202.82,0.527027027027027
359959,41,0.488,0.6257,0.5676,7.34,206.12,0.527027027027027
359959,42,0.4884,0.6242,0.5676,7.33,216.39,0.527027027027027
359959,43,0.4886,0.6257,0.5676,7.33,224.04,0.527027027027027
359959,44,0.4886,0.6272,0.5676,7.31,228.84,0.527027027027027
359959,45,0.4885,0.6287,0.5608,7.27,234.36,0.527027027027027
359959,46,0.4885,0.6287,0.5541,7.26,239.97,0.527027027027027
359959,47,0.4886,0.6302,0.5541,7.26,251.41,0.527027027027027
359959,48,0.4885,0.6279,0.5541,7.27,265.39,0.527027027027027
359959,49,0.4886,0.6302,0.5676,7.29,284.6,0.527027027027027
2073,0,0.4817,0.597,0.5839,11.95,149.57,0.7248322147651006
2073,1,0.4817,0.597,0.5839,11.95,149.57,0.7248322147651006
2073,2,0.4802,0.6007,0.5973,15.66,348.84,0.7248322147651006
2073,3,0.4843,0.612,0.6174,18.3,492.22,0.7248322147651006
2073,4,0.4864,0.6172,0.6174,18.81,562.0,0.7248322147651006
2073,5,0.4912,0.6232,0.6242,18.89,596.0,0.7248322147651006
2073,6,0.4958,0.6322,0.6376,18.24,624.11,0.7248322147651006
2073,7,0.4983,0.6337,0.6309,17.77,640.78,0.7248322147651006
2073,8,0.5002,0.6337,0.6309,17.26,660.24,0.7248322147651006
2073,9,0.502,0.639,0.6309,16.58,667.15,0.7248322147651006
2073,10,0.5036,0.6419,0.6309,16.32,687.41,0.7248322147651006
2073,11,0.5038,0.6449,0.6376,16.12,713.44,0.7248322147651006
2073,12,0.5042,0.6517,0.6376,16.61,747.89,0.7248322147651006
2073,13,0.5053,0.6539,0.6376,16.74,771.96,0.7248322147651006
2073,14,0.5061,0.6577,0.6376,16.83,802.01,0.7248322147651006
2073,15,0.5065,0.6607,0.6376,17.17,818.38,0.7248322147651006
2073,16,0.5064,0.6637,0.6376,17.55,826.63,0.7248322147651006
2073,17,0.507,0.6644,0.6443,17.8,841.26,0.7248322147651006
2073,18,0.5079,0.6674,0.6443,18.06,845.62,0.7248322147651006
2073,19,0.5076,0.6712,0.6443,18.44,859.22,0.7248322147651006
2073,20,0.5076,0.6712,0.6376,18.85,880.97,0.7248322147651006
2073,21,0.5075,0.6719,0.6443,19.43,899.9,0.7248322147651006
2073,22,0.5079,0.6742,0.6443,19.56,911.75,0.7248322147651006
2073,23,0.5083,0.6772,0.6376,19.9,931.77,0.7248322147651006
2073,24,0.5085,0.6794,0.6376,20.25,944.49,0.7248322147651006
2073,25,0.5084,0.6809,0.6376,20.62,979.62,0.7248322147651006
2073,26,0.5085,0.6801,0.6376,20.61,1018.48,0.7248322147651006
2073,27,0.5086,0.6794,0.6376,20.39,1065.16,0.7248322147651006
2073,28,0.5088,0.6839,0.6376,20.43,1124.57,0.7248322147651006
2073,29,0.5092,0.6854,0.6443,20.45,1194.09,0.7248322147651006
2073,30,0.5096,0.6884,0.651,20.56,1279.89,0.7248322147651006
2073,31,0.5095,0.6899,0.651,20.94,1367.83,0.7248322147651006
2073,32,0.5098,0.6929,0.651,21.33,1471.17,0.7248322147651006
2073,33,0.5101,0.6959,0.651,21.57,1616.93,0.7248322147651006
2073,34,0.5104,0.7041,0.6577,21.71,1764.33,0.7248322147651006
2073,35,0.5106,0.7056,0.6577,22.11,1924.69,0.7248322147651006
2073,36,0.5106,0.7109,0.6577,22.55,2098.75,0.7248322147651006
2073,37,0.5107,0.7124,0.6577,22.9,2370.7,0.7248322147651006
2073,38,0.511,0.7184,0.6577,23.13,2604.91,0.7248322147651006
2073,39,0.5109,0.7236,0.6577,23.58,2891.97,0.7248322147651006
2073,40,0.511,0.7258,0.6577,23.83,3144.53,0.7248322147651006
2073,41,0.5111,0.7296,0.6577,24.11,3408.2,0.7248322147651006
2073,42,0.5112,0.7311,0.6577,24.41,3654.61,0.7248322147651006
2073,43,0.511,0.7318,0.6577,24.74,3902.42,0.7248322147651006
2073,44,0.511,0.7341,0.6644,24.92,4206.85,0.7248322147651006
2073,45,0.511,0.7348,0.6711,25.16,4532.93,0.7248322147651006
2073,46,0.5109,0.7371,0.6779,25.35,4780.14,0.7248322147651006
2073,47,0.5107,0.7393,0.6779,25.51,5050.12,0.7248322147651006
2073,48,0.5104,0.7416,0.6779,25.62,5311.42,0.7248322147651006
2073,49,0.5101,0.7438,0.6711,25.58,5528.08,0.7248322147651006
359959,0,0.4601,0.4385,0.4257,8.29,49.52,0.5202702702702703
359959,1,0.4601,0.4385,0.4257,8.29,49.52,0.5202702702702703
359959,2,0.468,0.5185,0.5068,13.46,139.32,0.5202702702702703
359959,3,0.4754,0.5736,0.5405,19.34,284.76,0.5202702702702703
359959,4,0.4789,0.5826,0.5405,21.27,371.94,0.5202702702702703
359959,5,0.4807,0.5947,0.5541,21.35,402.33,0.5202702702702703
359959,6,0.4824,0.6143,0.5338,20.74,406.47,0.5202702702702703
359959,7,0.4835,0.6219,0.5203,19.48,394.42,0.5202702702702703
359959,8,0.4842,0.6257,0.5338,18.38,388.99,0.5202702702702703
359959,9,0.4852,0.6234,0.5541,17.59,391.3,0.5202702702702703
359959,10,0.4857,0.6264,0.5541,17.04,425.03,0.5202702702702703
359959,11,0.4864,0.6272,0.5541,16.38,439.18,0.5202702702702703
359959,12,0.487,0.6294,0.5541,15.77,456.05,0.5202702702702703
359959,13,0.4868,0.6294,0.5541,15.25,471.34,0.5202702702702703
359959,14,0.4871,0.6362,0.5541,14.77,490.04,0.5202702702702703
359959,15,0.487,0.64,0.5541,14.4,504.34,0.5202702702702703
359959,16,0.487,0.6408,0.5541,14.14,529.34,0.5202702702702703
359959,17,0.4871,0.6445,0.5541,13.76,532.01,0.5202702702702703
359959,18,0.4876,0.6445,0.5541,13.53,537.58,0.5202702702702703
359959,19,0.4876,0.6483,0.5608,13.19,529.07,0.5202702702702703
359959,20,0.4876,0.6483,0.5608,12.79,524.05,0.5202702702702703
359959,21,0.4877,0.6513,0.5541,12.47,517.45,0.5202702702702703
359959,22,0.4875,0.6506,0.5541,12.12,510.07,0.5202702702702703
359959,23,0.4873,0.6513,0.5541,11.83,507.07,0.5202702702702703
359959,24,0.4873,0.6483,0.5541,11.53,501.87,0.5202702702702703
359959,25,0.4873,0.6536,0.5541,11.22,495.27,0.5202702702702703
359959,26,0.4876,0.6543,0.5541,10.98,491.14,0.5202702702702703
359959,27,0.4875,0.6536,0.5541,10.77,488.12,0.5202702702702703
359959,28,0.4875,0.6536,0.5541,10.55,483.79,0.5202702702702703
359959,29,0.4877,0.6558,0.5541,10.35,479.63,0.5202702702702703
359959,30,0.4878,0.6536,0.5541,10.17,473.78,0.5202702702702703
359959,31,0.4878,0.6528,0.5541,9.99,470.06,0.5202702702702703
359959,32,0.4876,0.6551,0.5541,9.83,468.88,0.5202702702702703
359959,33,0.4876,0.6566,0.5541,9.69,471.5,0.5202702702702703
359959,34,0.4876,0.6558,0.5541,9.55,470.99,0.5202702702702703
359959,35,0.4876,0.6551,0.5541,9.42,469.76,0.5202702702702703
359959,36,0.4877,0.6581,0.5541,9.31,467.42,0.5202702702702703
359959,37,0.4878,0.6604,0.5541,9.2,465.97,0.5202702702702703
359959,38,0.4878,0.6604,0.5541,9.06,461.32,0.5202702702702703
359959,39,0.4878,0.6596,0.5608,8.94,457.36,0.5202702702702703
359959,40,0.4878,0.6604,0.5608,8.82,458.01,0.5202702702702703
359959,41,0.4878,0.6596,0.5608,8.73,467.63,0.5202702702702703
359959,42,0.4881,0.6581,0.5608,8.69,477.04,0.5202702702702703
359959,43,0.4882,0.6589,0.5608,8.6,483.94,0.5202702702702703
359959,44,0.4882,0.6604,0.5676,8.52,493.41,0.5202702702702703
359959,45,0.4882,0.6611,0.5676,8.43,507.61,0.5202702702702703
359959,46,0.4882,0.6611,0.5676,8.36,515.14,0.5202702702702703
359959,47,0.4882,0.6604,0.5676,8.31,532.59,0.5202702702702703
359959,48,0.4884,0.6619,0.5676,8.26,558.26,0.5202702702702703
359959,49,0.4884,0.6626,0.5676,8.23,604.86,0.5202702702702703
190146,0,0.6439,0.8108,0.7176,4.07,84.67,0.7647058823529411
190146,1,0.6439,0.8108,0.7176,4.07,84.67,0.7647058823529411
190146,2,0.6534,0.883,0.7059,9.84,373.43,0.7647058823529411
190146,3,0.6601,0.929,0.7176,12.19,436.22,0.7647058823529411
190146,4,0.6628,0.9396,0.7294,12.09,435.42,0.7647058823529411
190146,5,0.664,0.9527,0.7294,11.43,442.64,0.7647058823529411
190146,6,0.6651,0.9593,0.7294,10.87,462.0,0.7647058823529411
190146,7,0.6661,0.9658,0.7294,10.71,506.83,0.7647058823529411
190146,8,0.6682,0.9711,0.7294,10.31,522.85,0.7647058823529411
190146,9,0.6678,0.975,0.7294,9.96,543.87,0.7647058823529411
190146,10,0.668,0.979,0.7294,9.67,577.6,0.7647058823529411
190146,11,0.668,0.9803,0.7294,9.37,607.67,0.7647058823529411
190146,12,0.6689,0.9816,0.7412,9.02,634.91,0.7647058823529411
190146,13,0.669,0.9842,0.7412,8.83,656.56,0.7647058823529411
190146,14,0.6695,0.9869,0.7294,8.54,677.8,0.7647058823529411
190146,15,0.6699,0.9855,0.7529,8.31,681.87,0.7647058823529411
190146,16,0.6705,0.9855,0.7412,8.16,684.77,0.7647058823529411
190146,17,0.6704,0.9869,0.7412,8.09,685.66,0.7647058823529411
190146,18,0.6705,0.9855,0.7412,8.04,702.05,0.7647058823529411
190146,19,0.6702,0.9842,0.7412,8.02,718.7,0.7647058823529411
190146,20,0.6703,0.9842,0.7412,8.0,727.41,0.7647058823529411
190146,21,0.6706,0.9842,0.7412,8.07,740.67,0.7647058823529411
190146,22,0.6709,0.9842,0.7412,8.01,746.61,0.7647058823529411
190146,23,0.6712,0.9855,0.7412,7.9,745.17,0.7647058823529411
190146,24,0.671,0.9842,0.7412,7.84,748.38,0.7647058823529411
190146,25,0.6711,0.9855,0.7412,7.83,746.74,0.7647058823529411
190146,26,0.6712,0.9855,0.7412,7.82,749.45,0.7647058823529411
190146,27,0.6712,0.9869,0.7412,7.81,749.29,0.7647058823529411
190146,28,0.6713,0.9869,0.7412,7.71,747.21,0.7647058823529411
190146,29,0.6714,0.9869,0.7412,7.69,742.99,0.7647058823529411
190146,30,0.6714,0.9869,0.7412,7.69,739.65,0.7647058823529411
190146,31,0.6718,0.9869,0.7412,7.69,737.46,0.7647058823529411
190146,32,0.6717,0.9869,0.7412,7.68,736.48,0.7647058823529411
190146,33,0.6721,0.9869,0.7412,7.68,735.64,0.7647058823529411
190146,34,0.6721,0.9869,0.7412,7.65,735.25,0.7647058823529411
190146,35,0.6724,0.9869,0.7412,7.59,733.11,0.7647058823529411
190146,36,0.6725,0.9869,0.7529,7.58,729.12,0.7647058823529411
190146,37,0.6726,0.9869,0.7412,7.63,724.49,0.7647058823529411
190146,38,0.6728,0.9869,0.7529,7.65,719.24,0.7647058823529411
190146,39,0.673,0.9869,0.7529,7.63,713.71,0.7647058823529411
190146,40,0.6731,0.9869,0.7529,7.62,708.33,0.7647058823529411
190146,41,0.6731,0.9869,0.7529,7.63,703.39,0.7647058823529411
190146,42,0.6732,0.9882,0.7529,7.6,697.94,0.7647058823529411
190146,43,0.6732,0.9895,0.7529,7.58,694.2,0.7647058823529411
190146,44,0.6732,0.9895,0.7529,7.6,689.22,0.7647058823529411
190146,45,0.6734,0.9895,0.7529,7.58,685.11,0.7647058823529411
190146,46,0.6734,0.9895,0.7529,7.6,680.76,0.7647058823529411
190146,47,0.6733,0.9895,0.7529,7.58,676.62,0.7647058823529411
190146,48,0.6731,0.9895,0.7529,7.56,673.29,0.7647058823529411
190146,49,0.6731,0.9895,0.7529,7.5,668.29,0.7647058823529411
2073,0,0.4607,0.5401,0.4899,12.07,193.03,0.7181208053691275
2073,1,0.4607,0.5401,0.4899,12.07,193.03,0.7181208053691275
2073,2,0.4741,0.5865,0.5772,19.33,531.97,0.7181208053691275
2073,3,0.4833,0.6187,0.5906,26.88,1230.81,0.7181208053691275
2073,4,0.4901,0.6419,0.6174,30.49,1606.37,0.7181208053691275
2073,5,0.4934,0.6517,0.6443,30.98,1812.42,0.7181208053691275
2073,6,0.4959,0.6554,0.6443,31.68,1861.25,0.7181208053691275
2073,7,0.499,0.6644,0.6443,30.75,1843.06,0.7181208053691275
2073,8,0.502,0.6734,0.6376,30.03,1802.91,0.7181208053691275
2073,9,0.5045,0.6749,0.651,29.4,1746.66,0.7181208053691275
2073,10,0.5071,0.6816,0.6376,28.6,1729.14,0.7181208053691275
2073,11,0.5084,0.6846,0.6443,27.71,1714.92,0.7181208053691275
2073,12,0.5086,0.6921,0.651,27.0,1770.76,0.7181208053691275
2073,13,0.5096,0.6951,0.651,26.52,1842.88,0.7181208053691275
2073,14,0.5104,0.6989,0.651,25.6,1935.17,0.7181208053691275
2073,15,0.5104,0.7041,0.651,24.82,2043.48,0.7181208053691275
2073,16,0.5105,0.7109,0.651,24.24,2185.54,0.7181208053691275
2073,17,0.5106,0.7124,0.651,23.99,2304.83,0.7181208053691275
2073,18,0.5109,0.7169,0.651,23.78,2413.53,0.7181208053691275
2073,19,0.5112,0.7206,0.6577,23.71,2577.02,0.7181208053691275
2073,20,0.5113,0.7258,0.6577,23.61,2701.44,0.7181208053691275
2073,21,0.5117,0.7318,0.6577,23.33,2769.18,0.7181208053691275
2073,22,0.5114,0.7341,0.6577,23.08,2866.24,0.7181208053691275
2073,23,0.5117,0.7393,0.6711,22.95,2937.73,0.7181208053691275
2073,24,0.5113,0.7393,0.6779,22.76,3067.32,0.7181208053691275
2073,25,0.5112,0.7438,0.6779,22.55,3198.7,0.7181208053691275
2073,26,0.5109,0.7438,0.6846,22.46,3323.46,0.7181208053691275
2073,27,0.5103,0.7476,0.6846,22.6,3433.39,0.7181208053691275
2073,28,0.5102,0.7506,0.6846,22.56,3492.11,0.7181208053691275
2073,29,0.5101,0.7521,0.6846,22.49,3657.25,0.7181208053691275
2073,30,0.5099,0.7551,0.6913,22.37,3880.98,0.7181208053691275
2073,31,0.5098,0.7588,0.698,22.45,4071.7,0.7181208053691275
2073,32,0.5099,0.7625,0.698,22.34,4235.39,0.7181208053691275
2073,33,0.5099,0.7685,0.698,22.24,4461.65,0.7181208053691275
2073,34,0.5098,0.7715,0.698,22.31,4645.47,0.7181208053691275
2073,35,0.5095,0.7723,0.698,22.22,4828.22,0.7181208053691275
2073,36,0.5093,0.776,0.698,22.19,4994.7,0.7181208053691275
2073,37,0.5093,0.7805,0.698,22.25,5175.84,0.7181208053691275
2073,38,0.5094,0.7858,0.698,22.43,5321.29,0.7181208053691275
2073,39,0.5095,0.7888,0.698,22.4,5447.63,0.7181208053691275
2073,40,0.5091,0.7888,0.698,22.67,5590.69,0.7181208053691275
2073,41,0.5089,0.7925,0.698,22.53,5679.39,0.7181208053691275
2073,42,0.509,0.794,0.698,22.48,5786.16,0.7181208053691275
2073,43,0.5094,0.7925,0.698,22.5,5870.08,0.7181208053691275
2073,44,0.5096,0.7955,0.698,22.56,5952.34,0.7181208053691275
2073,45,0.5099,0.8,0.698,22.62,6038.72,0.7181208053691275
2073,46,0.51,0.8007,0.698,22.53,6106.42,0.7181208053691275
2073,47,0.51,0.8015,0.698,22.53,6154.64,0.7181208053691275
2073,48,0.5103,0.803,0.698,22.49,6199.64,0.7181208053691275
2073,49,0.5104,0.803,0.698,22.61,6241.97,0.7181208053691275
359959,0,0.4618,0.4468,0.4324,10.07,51.22,0.527027027027027
359959,1,0.4618,0.4468,0.4324,10.07,51.22,0.527027027027027
359959,2,0.4677,0.5034,0.4662,11.49,53.12,0.527027027027027
359959,3,0.4679,0.5117,0.5,10.99,54.01,0.527027027027027
359959,4,0.4706,0.5147,0.5,11.08,56.65,0.527027027027027
359959,5,0.4728,0.5366,0.5135,11.0,63.06,0.527027027027027
359959,6,0.4743,0.5517,0.5203,11.31,70.66,0.527027027027027
359959,7,0.4747,0.5562,0.5203,11.12,73.89,0.527027027027027
359959,8,0.4745,0.5623,0.5135,10.86,73.91,0.527027027027027
359959,9,0.475,0.5645,0.5203,10.63,75.2,0.527027027027027
359959,10,0.4756,0.5706,0.5203,10.45,77.98,0.527027027027027
359959,11,0.4765,0.5713,0.5338,10.14,75.75,0.527027027027027
359959,12,0.4768,0.5736,0.5338,9.9,73.6,0.527027027027027
359959,13,0.4773,0.5713,0.5338,9.75,73.55,0.527027027027027
359959,14,0.4776,0.5751,0.5405,9.64,72.22,0.527027027027027
359959,15,0.4781,0.5766,0.5405,9.37,70.49,0.527027027027027
359959,16,0.4794,0.5774,0.5473,9.08,69.08,0.527027027027027
359959,17,0.4804,0.5758,0.5473,8.8,66.89,0.527027027027027
359959,18,0.4806,0.5804,0.5473,8.57,66.28,0.527027027027027
359959,19,0.4811,0.5781,0.5541,8.43,65.56,0.527027027027027
359959,20,0.4817,0.5811,0.5473,8.29,65.26,0.527027027027027
359959,21,0.4817,0.5826,0.5405,8.13,64.8,0.527027027027027
359959,22,0.4821,0.5834,0.5405,7.97,64.04,0.527027027027027
359959,23,0.4822,0.5849,0.5405,7.89,64.24,0.527027027027027
359959,24,0.4822,0.5842,0.5338,7.73,64.12,0.527027027027027
359959,25,0.4821,0.5849,0.5338,7.62,63.89,0.527027027027027
359959,26,0.482,0.5826,0.5338,7.53,63.22,0.527027027027027
359959,27,0.4822,0.5826,0.527,7.44,63.54,0.527027027027027
359959,28,0.4822,0.5826,0.527,7.4,64.03,0.527027027027027
359959,29,0.4822,0.5819,0.527,7.38,65.44,0.527027027027027
359959,30,0.4821,0.5834,0.527,7.42,68.26,0.527027027027027
359959,31,0.4824,0.5842,0.527,7.43,70.07,0.527027027027027
359959,32,0.4826,0.5864,0.527,7.38,72.11,0.527027027027027
359959,33,0.4825,0.5857,0.527,7.42,73.43,0.527027027027027
359959,34,0.4827,0.5864,0.527,7.4,76.33,0.527027027027027
359959,35,0.483,0.5857,0.527,7.43,80.25,0.527027027027027
359959,36,0.4832,0.5849,0.527,7.46,86.0,0.527027027027027
359959,37,0.4833,0.5864,0.5203,7.52,92.03,0.527027027027027
359959,38,0.4834,0.5864,0.527,7.54,96.14,0.527027027027027
359959,39,0.4835,0.5887,0.5203,7.59,101.68,0.527027027027027
359959,40,0.4833,0.5894,0.5203,7.63,109.65,0.527027027027027
359959,41,0.4833,0.5902,0.5203,7.69,116.64,0.527027027027027
359959,42,0.4833,0.5902,0.5203,7.69,121.4,0.527027027027027
359959,43,0.4834,0.5917,0.527,7.74,129.12,0.527027027027027
359959,44,0.4835,0.5917,0.527,7.78,134.18,0.527027027027027
359959,45,0.4838,0.5925,0.527,7.84,138.07,0.527027027027027
359959,46,0.4839,0.594,0.527,7.91,143.51,0.527027027027027
359959,47,0.4838,0.597,0.527,7.95,150.96,0.527027027027027
359959,48,0.4839,0.5985,0.527,8.03,160.62,0.527027027027027
359959,49,0.484,0.6023,0.5338,8.16,175.68,0.527027027027027
359954,0,0.4796,0.6405,0.5541,9.66,140.1,0.6756756756756757
359954,1,0.4796,0.6405,0.5541,9.66,140.1,0.6756756756756757
359954,2,0.4815,0.6692,0.5135,10.2,220.45,0.6756756756756757
359954,3,0.477,0.6677,0.527,12.93,359.1,0.6756756756756757
359954,4,0.4757,0.6692,0.527,15.09,534.46,0.6756756756756757
359954,5,0.4776,0.6828,0.5405,15.81,660.58,0.6756756756756757
359954,6,0.4785,0.6934,0.5541,15.87,747.47,0.6756756756756757
359954,7,0.4787,0.7009,0.5405,17.9,874.45,0.6756756756756757
359954,8,0.481,0.719,0.5405,18.91,968.07,0.6756756756756757
359954,9,0.4833,0.7402,0.5405,19.46,1040.43,0.6756756756756757
359954,10,0.4862,0.7492,0.5541,20.21,1109.98,0.6756756756756757
359954,11,0.4891,0.7538,0.5811,20.39,1131.38,0.6756756756756757
359954,12,0.4902,0.7689,0.5676,20.83,1180.12,0.6756756756756757
359954,13,0.4906,0.7795,0.5676,21.17,1193.36,0.6756756756756757
359954,14,0.4926,0.787,0.5946,21.32,1199.56,0.6756756756756757
359954,15,0.494,0.7976,0.5946,21.14,1191.19,0.6756756756756757
359954,16,0.4948,0.8112,0.5946,20.84,1189.89,0.6756756756756757
359954,17,0.4964,0.8172,0.5946,20.78,1181.04,0.6756756756756757
359954,18,0.4979,0.8202,0.6081,20.28,1163.3,0.6756756756756757
359954,19,0.499,0.8308,0.6351,19.8,1143.7,0.6756756756756757
359954,20,0.4997,0.8384,0.6351,19.35,1130.08,0.6756756756756757
359954,21,0.501,0.8399,0.6351,18.78,1103.49,0.6756756756756757
359954,22,0.5022,0.8429,0.6486,18.23,1076.88,0.6756756756756757
359954,23,0.5026,0.8444,0.6486,17.89,1056.88,0.6756756756756757
359954,24,0.5032,0.8474,0.6486,17.24,1028.24,0.6756756756756757
359954,25,0.5042,0.852,0.6486,16.72,1008.19,0.6756756756756757
359954,26,0.5049,0.8535,0.6486,16.35,996.79,0.6756756756756757
359954,27,0.5057,0.855,0.6486,15.86,979.64,0.6756756756756757
359954,28,0.5065,0.8565,0.6486,15.56,967.54,0.6756756756756757
359954,29,0.5068,0.8595,0.6486,15.45,966.71,0.6756756756756757
359954,30,0.5071,0.8625,0.6486,15.35,969.63,0.6756756756756757
359954,31,0.5075,0.8671,0.6486,15.34,968.04,0.6756756756756757
359954,32,0.5079,0.8716,0.6486,15.2,979.9,0.6756756756756757
359954,33,0.5084,0.8746,0.6486,15.15,998.45,0.6756756756756757
359954,34,0.5091,0.8746,0.6486,15.02,1022.26,0.6756756756756757
359954,35,0.5094,0.8776,0.6486,14.78,1041.52,0.6756756756756757
359954,36,0.5098,0.8822,0.6486,14.62,1067.17,0.6756756756756757
359954,37,0.5102,0.8867,0.6486,14.58,1103.13,0.6756756756756757
359954,38,0.5104,0.8897,0.6486,14.5,1147.55,0.6756756756756757
359954,39,0.5108,0.8943,0.6486,14.62,1198.44,0.6756756756756757
359954,40,0.511,0.8973,0.6486,14.81,1245.95,0.6756756756756757
359954,41,0.5116,0.8988,0.6622,15.02,1306.05,0.6756756756756757
359954,42,0.512,0.9018,0.6622,15.27,1368.11,0.6756756756756757
359954,43,0.5125,0.9048,0.6622,15.44,1445.97,0.6756756756756757
359954,44,0.5131,0.9079,0.6622,15.62,1505.08,0.6756756756756757
359954,45,0.5135,0.9094,0.6622,15.73,1558.18,0.6756756756756757
359954,46,0.514,0.9109,0.6622,15.95,1602.28,0.6756756756756757
359954,47,0.5143,0.9124,0.6622,16.08,1650.86,0.6756756756756757
359954,48,0.5146,0.9154,0.6622,16.26,1705.36,0.6756756756756757
359954,49,0.5147,0.9184,0.6622,16.39,1760.43,0.6756756756756757
2073,0,0.4844,0.5865,0.6309,13.12,119.14,0.7181208053691275
2073,1,0.4844,0.5865,0.6309,13.12,119.14,0.7181208053691275
2073,2,0.4782,0.597,0.6309,17.67,183.53,0.7181208053691275
2073,3,0.4923,0.615,0.6376,23.68,264.79,0.7181208053691275
2073,4,0.5019,0.627,0.651,24.49,292.04,0.7181208053691275
2073,5,0.5085,0.6404,0.651,24.15,306.11,0.7181208053691275
2073,6,0.5127,0.6427,0.6577,23.49,312.7,0.7181208053691275
2073,7,0.5166,0.6502,0.6711,22.62,311.28,0.7181208053691275
2073,8,0.5195,0.6532,0.6644,22.01,314.43,0.7181208053691275
2073,9,0.5218,0.6539,0.6779,21.41,333.22,0.7181208053691275
2073,10,0.5235,0.6562,0.6846,20.47,340.92,0.7181208053691275
2073,11,0.5249,0.6592,0.6846,19.94,350.2,0.7181208053691275
2073,12,0.5259,0.6614,0.6846,19.4,372.29,0.7181208053691275
2073,13,0.527,0.6682,0.698,19.05,376.94,0.7181208053691275
2073,14,0.5277,0.6689,0.698,18.47,378.39,0.7181208053691275
2073,15,0.529,0.6727,0.698,17.91,376.37,0.7181208053691275
2073,16,0.53,0.6787,0.6913,17.35,378.19,0.7181208053691275
2073,17,0.5299,0.6787,0.698,16.98,386.59,0.7181208053691275
2073,18,0.5302,0.6794,0.6913,16.79,401.69,0.7181208053691275
2073,19,0.5305,0.6809,0.698,16.55,419.85,0.7181208053691275
2073,20,0.5307,0.6801,0.698,16.58,470.01,0.7181208053691275
2073,21,0.5306,0.6854,0.698,16.69,527.56,0.7181208053691275
2073,22,0.5303,0.6854,0.6913,16.75,585.64,0.7181208053691275
2073,23,0.5301,0.6876,0.6913,16.94,664.34,0.7181208053691275
2073,24,0.5299,0.6906,0.6913,17.06,736.03,0.7181208053691275
2073,25,0.5298,0.6951,0.6913,17.2,794.6,0.7181208053691275
2073,26,0.53,0.6974,0.6913,17.17,856.81,0.7181208053691275
2073,27,0.5301,0.6989,0.6913,17.32,970.57,0.7181208053691275
2073,28,0.5301,0.7019,0.6913,17.59,1107.27,0.7181208053691275
2073,29,0.53,0.7041,0.6913,17.81,1231.89,0.7181208053691275
2073,30,0.5297,0.7101,0.6846,18.06,1417.15,0.7181208053691275
2073,31,0.5295,0.7131,0.6846,18.37,1602.08,0.7181208053691275
2073,32,0.5291,0.7169,0.6779,18.82,1835.8,0.7181208053691275
2073,33,0.5286,0.7236,0.6913,19.17,2079.61,0.7181208053691275
2073,34,0.5283,0.7288,0.6846,19.41,2309.88,0.7181208053691275
2073,35,0.5278,0.7341,0.6846,19.74,2550.07,0.7181208053691275
2073,36,0.5271,0.7378,0.6846,19.9,2823.56,0.7181208053691275
2073,37,0.5267,0.7446,0.6846,20.13,3185.38,0.7181208053691275
2073,38,0.5261,0.7513,0.6846,20.44,3581.81,0.7181208053691275
2073,39,0.5258,0.7558,0.6846,20.67,3960.89,0.7181208053691275
2073,40,0.5255,0.7566,0.6913,20.99,4310.3,0.7181208053691275
2073,41,0.5249,0.7618,0.6913,21.2,4674.44,0.7181208053691275
2073,42,0.5242,0.7633,0.6913,21.34,5105.57,0.7181208053691275
2073,43,0.5236,0.7693,0.6913,21.61,5742.19,0.7181208053691275
2073,44,0.5231,0.773,0.6913,21.84,6323.93,0.7181208053691275
2073,45,0.5225,0.7768,0.6913,22.32,7045.14,0.7181208053691275
2073,46,0.522,0.7813,0.6913,22.52,7655.21,0.7181208053691275
2073,47,0.5217,0.7835,0.6913,22.77,8231.26,0.7181208053691275
2073,48,0.5214,0.791,0.6846,23.05,8758.82,0.7181208053691275
2073,49,0.5211,0.797,0.6846,23.36,9295.66,0.7181208053691275
359954,0,0.4661,0.6314,0.5405,11.19,94.72,0.6756756756756757
359954,1,0.4661,0.6314,0.5405,11.19,94.72,0.6756756756756757
359954,2,0.4776,0.6722,0.5541,12.87,371.93,0.6756756756756757
359954,3,0.4853,0.7221,0.5541,12.83,687.56,0.6756756756756757
359954,4,0.4901,0.7477,0.5541,12.37,713.74,0.6756756756756757
359954,5,0.4932,0.7795,0.5676,11.17,767.83,0.6756756756756757
359954,6,0.4967,0.7991,0.5811,10.64,812.04,0.6756756756756757
359954,7,0.4991,0.8142,0.5946,10.07,813.84,0.6756756756756757
359954,8,0.5006,0.8218,0.5946,10.24,826.56,0.6756756756756757
359954,9,0.5034,0.8248,0.5946,10.58,833.89,0.6756756756756757
359954,10,0.5053,0.8278,0.6081,10.91,827.96,0.6756756756756757
359954,11,0.5066,0.8414,0.5946,11.04,828.16,0.6756756756756757
359954,12,0.5083,0.8459,0.5946,11.05,819.7,0.6756756756756757
359954,13,0.5091,0.8489,0.6216,10.75,792.21,0.6756756756756757
359954,14,0.51,0.8595,0.6216,10.29,774.59,0.6756756756756757
359954,15,0.511,0.864,0.6351,9.8,770.89,0.6756756756756757
359954,16,0.5118,0.8625,0.6486,9.42,777.01,0.6756756756756757
359954,17,0.5127,0.8656,0.6486,9.16,789.12,0.6756756756756757
359954,18,0.5136,0.8716,0.6486,8.98,810.94,0.6756756756756757
359954,19,0.5145,0.8776,0.6622,8.98,819.0,0.6756756756756757
359954,20,0.5154,0.8852,0.6622,9.07,846.78,0.6756756756756757
359954,21,0.5156,0.8882,0.6622,9.33,865.54,0.6756756756756757
359954,22,0.5159,0.8927,0.6622,9.53,887.86,0.6756756756756757
359954,23,0.5164,0.8943,0.6622,9.65,909.99,0.6756756756756757
359954,24,0.5167,0.9018,0.6622,9.76,943.0,0.6756756756756757
359954,25,0.5171,0.9063,0.6622,9.91,1005.55,0.6756756756756757
359954,26,0.5175,0.9063,0.6757,10.04,1073.46,0.6756756756756757
359954,27,0.5178,0.9094,0.6757,10.21,1146.33,0.6756756756756757
359954,28,0.5178,0.9124,0.6757,10.46,1214.53,0.6756756756756757
359954,29,0.5184,0.9154,0.6757,10.74,1277.08,0.6756756756756757
359954,30,0.5188,0.9154,0.6757,10.88,1309.7,0.6756756756756757
359954,31,0.5189,0.9199,0.6757,11.13,1361.18,0.6756756756756757
359954,32,0.5191,0.9245,0.6757,11.49,1409.64,0.6756756756756757
359954,33,0.5192,0.926,0.6622,11.83,1460.89,0.6756756756756757
359954,34,0.5194,0.926,0.6622,11.95,1510.75,0.6756756756756757
359954,35,0.5197,0.929,0.6622,12.12,1553.17,0.6756756756756757
359954,36,0.5201,0.9305,0.6622,12.14,1585.15,0.6756756756756757
359954,37,0.5203,0.935,0.6622,12.14,1610.76,0.6756756756756757
359954,38,0.5205,0.9366,0.6757,12.22,1642.07,0.6756756756756757
359954,39,0.5206,0.9396,0.6757,12.3,1659.75,0.6756756756756757
359954,40,0.5207,0.9396,0.6757,12.38,1673.75,0.6756756756756757
359954,41,0.5211,0.9441,0.6757,12.39,1681.45,0.6756756756756757
359954,42,0.5213,0.9471,0.6757,12.3,1686.11,0.6756756756756757
359954,43,0.5215,0.9502,0.6757,12.13,1686.51,0.6756756756756757
359954,44,0.5217,0.9517,0.6757,12.06,1693.47,0.6756756756756757
359954,45,0.522,0.9517,0.6757,12.0,1702.65,0.6756756756756757
359954,46,0.5222,0.9532,0.6757,11.92,1711.35,0.6756756756756757
359954,47,0.5223,0.9532,0.6757,11.84,1726.4,0.6756756756756757
359954,48,0.5225,0.9562,0.6757,11.76,1730.15,0.6756756756756757
359954,49,0.5226,0.9577,0.6757,11.73,1733.98,0.6756756756756757
2073,0,0.4693,0.5768,0.5906,11.8,115.96,0.7181208053691275
2073,1,0.4693,0.5768,0.5906,11.8,115.96,0.7181208053691275
2073,2,0.486,0.6022,0.6107,20.65,375.55,0.7181208053691275
2073,3,0.5017,0.6232,0.6242,28.08,576.14,0.7181208053691275
2073,4,0.5081,0.6382,0.6376,28.48,631.34,0.7181208053691275
2073,5,0.5143,0.6434,0.6443,27.54,625.03,0.7181208053691275
2073,6,0.5185,0.6479,0.651,26.16,595.69,0.7181208053691275
2073,7,0.5212,0.6517,0.651,24.87,566.53,0.7181208053691275
2073,8,0.5237,0.6577,0.651,23.2,537.1,0.7181208053691275
2073,9,0.5257,0.6607,0.651,22.06,511.28,0.7181208053691275
2073,10,0.5277,0.6614,0.6577,21.1,488.07,0.7181208053691275
2073,11,0.5288,0.6637,0.6644,20.3,481.32,0.7181208053691275
2073,12,0.5291,0.6644,0.6644,19.66,485.8,0.7181208053691275
2073,13,0.529,0.6659,0.6644,18.94,490.12,0.7181208053691275
2073,14,0.529,0.6659,0.6711,18.39,493.76,0.7181208053691275
2073,15,0.5288,0.6704,0.6711,17.87,502.46,0.7181208053691275
2073,16,0.5283,0.6719,0.6711,17.56,516.52,0.7181208053691275
2073,17,0.5278,0.6742,0.6711,17.37,530.77,0.7181208053691275
2073,18,0.528,0.6749,0.6711,17.18,552.06,0.7181208053691275
2073,19,0.5283,0.6764,0.6711,16.92,591.24,0.7181208053691275
2073,20,0.5283,0.6772,0.6779,17.09,643.2,0.7181208053691275
2073,21,0.5285,0.6794,0.6711,17.19,704.88,0.7181208053691275
2073,22,0.5284,0.6824,0.6711,17.05,757.1,0.7181208053691275
2073,23,0.5286,0.6854,0.6779,16.87,796.56,0.7181208053691275
2073,24,0.5289,0.6884,0.6779,16.87,875.23,0.7181208053691275
2073,25,0.5288,0.6884,0.6779,16.93,929.64,0.7181208053691275
2073,26,0.5286,0.6899,0.6779,16.87,980.59,0.7181208053691275
2073,27,0.5288,0.6936,0.6779,16.87,1022.95,0.7181208053691275
2073,28,0.5285,0.6966,0.6846,16.91,1093.21,0.7181208053691275
2073,29,0.5282,0.7004,0.6846,16.92,1178.63,0.7181208053691275
2073,30,0.5277,0.7041,0.6846,17.09,1300.74,0.7181208053691275
2073,31,0.5273,0.7056,0.6779,17.22,1468.46,0.7181208053691275
2073,32,0.5271,0.7079,0.6846,17.14,1599.12,0.7181208053691275
2073,33,0.5268,0.7124,0.6846,17.31,1708.68,0.7181208053691275
2073,34,0.5265,0.7161,0.6846,17.37,1795.95,0.7181208053691275
2073,35,0.5261,0.7184,0.6913,17.53,1946.13,0.7181208053691275
2073,36,0.5259,0.7191,0.6913,17.72,2087.05,0.7181208053691275
2073,37,0.5257,0.7221,0.6913,17.96,2272.56,0.7181208053691275
2073,38,0.5253,0.7221,0.6913,18.13,2420.3,0.7181208053691275
2073,39,0.525,0.7228,0.6913,18.49,2645.24,0.7181208053691275
2073,40,0.5247,0.7251,0.698,18.88,2867.88,0.7181208053691275
2073,41,0.5245,0.7281,0.698,19.24,3161.74,0.7181208053691275
2073,42,0.5243,0.7356,0.698,19.4,3442.84,0.7181208053691275
2073,43,0.524,0.7386,0.698,19.56,3723.9,0.7181208053691275
2073,44,0.5237,0.7408,0.698,19.83,4030.11,0.7181208053691275
2073,45,0.5232,0.7446,0.698,19.97,4322.56,0.7181208053691275
2073,46,0.5227,0.7498,0.698,20.22,4668.01,0.7181208053691275
2073,47,0.522,0.7543,0.698,20.39,5040.34,0.7181208053691275
2073,48,0.5214,0.7566,0.698,20.67,5461.81,0.7181208053691275
2073,49,0.5213,0.7581,0.698,20.82,5873.49,0.7181208053691275
359959,0,0.4567,0.4272,0.4257,11.4,73.39,0.527027027027027
359959,1,0.4567,0.4272,0.4257,11.4,73.39,0.527027027027027
359959,2,0.4676,0.5011,0.4662,16.4,173.59,0.527027027027027
359959,3,0.4756,0.5343,0.527,21.62,311.04,0.527027027027027
359959,4,0.4778,0.5743,0.527,21.85,344.42,0.527027027027027
359959,5,0.4797,0.5902,0.5203,22.19,413.42,0.527027027027027
359959,6,0.4811,0.6045,0.5135,21.68,437.53,0.527027027027027
359959,7,0.4823,0.6143,0.5203,20.57,441.21,0.527027027027027
359959,8,0.4831,0.6211,0.527,19.44,437.51,0.527027027027027
359959,9,0.4839,0.6234,0.5203,18.24,421.94,0.527027027027027
359959,10,0.4848,0.6264,0.5338,17.23,405.15,0.527027027027027
359959,11,0.4851,0.6302,0.5405,16.29,395.7,0.527027027027027
359959,12,0.4859,0.6332,0.5405,15.65,393.89,0.527027027027027
359959,13,0.4859,0.6317,0.5541,15.09,389.99,0.527027027027027
359959,14,0.4862,0.6347,0.5608,14.49,397.06,0.527027027027027
359959,15,0.4866,0.6332,0.5676,14.04,402.37,0.527027027027027
359959,16,0.4871,0.6325,0.5676,13.62,408.15,0.527027027027027
359959,17,0.4872,0.6347,0.5608,13.33,424.22,0.527027027027027
359959,18,0.4874,0.6355,0.5608,13.01,451.75,0.527027027027027
359959,19,0.4875,0.6385,0.5608,12.88,517.77,0.527027027027027
359959,20,0.4872,0.6385,0.5608,12.75,570.01,0.527027027027027
359959,21,0.4872,0.6423,0.5676,12.61,630.78,0.527027027027027
359959,22,0.4871,0.6475,0.5676,12.49,698.02,0.527027027027027
359959,23,0.4868,0.6468,0.5676,12.46,750.95,0.527027027027027
359959,24,0.4867,0.6521,0.5676,12.37,797.36,0.527027027027027
359959,25,0.4867,0.6543,0.5676,12.25,856.46,0.527027027027027
359959,26,0.4862,0.6558,0.5608,12.25,908.7,0.527027027027027
359959,27,0.4862,0.6566,0.5608,12.17,985.01,0.527027027027027
359959,28,0.4861,0.6581,0.5608,12.14,1076.4,0.527027027027027
359959,29,0.4861,0.6604,0.5608,12.09,1171.38,0.527027027027027
359959,30,0.486,0.6626,0.5608,12.01,1258.33,0.527027027027027
359959,31,0.486,0.6657,0.5608,11.95,1340.23,0.527027027027027
359959,32,0.4861,0.6657,0.5608,11.94,1424.46,0.527027027027027
359959,33,0.486,0.6702,0.5608,11.91,1535.94,0.527027027027027
359959,34,0.486,0.6717,0.5608,11.93,1662.89,0.527027027027027
359959,35,0.4859,0.6747,0.5608,11.92,1828.17,0.527027027027027
359959,36,0.4857,0.6755,0.5541,11.9,1956.46,0.527027027027027
359959,37,0.4854,0.677,0.5541,11.87,2080.12,0.527027027027027
359959,38,0.485,0.68,0.5541,11.96,2238.52,0.527027027027027
359959,39,0.4849,0.6808,0.5541,11.94,2420.03,0.527027027027027
359959,40,0.4848,0.6823,0.5541,11.95,2616.52,0.527027027027027
359959,41,0.4846,0.6815,0.5541,11.93,2811.56,0.527027027027027
359959,42,0.4844,0.6838,0.5541,11.9,2986.39,0.527027027027027
359959,43,0.4842,0.6845,0.5608,11.93,3177.43,0.527027027027027
359959,44,0.4841,0.6868,0.5608,12.01,3388.23,0.527027027027027
359959,45,0.4839,0.6898,0.5608,11.99,3577.5,0.527027027027027
359959,46,0.4837,0.6921,0.5608,12.01,3736.89,0.527027027027027
359959,47,0.4835,0.6928,0.5608,12.01,3887.6,0.527027027027027
359959,48,0.4834,0.6966,0.5608,11.99,4017.68,0.527027027027027
359959,49,0.4833,0.6981,0.5608,11.95,4146.57,0.527027027027027
190146,0,0.6534,0.8147,0.7529,5.55,108.09,0.7647058823529411
190146,1,0.6534,0.8147,0.7529,5.55,108.09,0.7647058823529411
190146,2,0.6603,0.8817,0.7412,10.37,401.33,0.7647058823529411
190146,3,0.6632,0.9198,0.7294,10.83,436.55,0.7647058823529411
190146,4,0.664,0.9382,0.7294,11.09,429.77,0.7647058823529411
190146,5,0.6656,0.9474,0.7412,10.98,416.35,0.7647058823529411
190146,6,0.6663,0.9501,0.7412,10.59,402.75,0.7647058823529411
190146,7,0.6671,0.9553,0.7412,10.72,406.78,0.7647058823529411
190146,8,0.6665,0.9619,0.7412,10.74,457.95,0.7647058823529411
190146,9,0.667,0.9658,0.7529,10.78,498.55,0.7647058823529411
190146,10,0.6677,0.9671,0.7529,10.63,532.28,0.7647058823529411
190146,11,0.6688,0.9711,0.7529,10.38,554.42,0.7647058823529411
190146,12,0.6694,0.9724,0.7529,10.27,587.74,0.7647058823529411
190146,13,0.67,0.979,0.7529,10.42,618.68,0.7647058823529411
190146,14,0.6701,0.9829,0.7412,10.38,641.31,0.7647058823529411
190146,15,0.6705,0.9829,0.7529,10.28,674.28,0.7647058823529411
190146,16,0.6705,0.9829,0.7529,10.27,698.08,0.7647058823529411
190146,17,0.6707,0.9869,0.7412,10.17,711.13,0.7647058823529411
190146,18,0.6708,0.9869,0.7412,10.02,738.42,0.7647058823529411
190146,19,0.6714,0.9882,0.7412,9.81,760.48,0.7647058823529411
190146,20,0.6718,0.9908,0.7294,9.72,773.61,0.7647058823529411
190146,21,0.672,0.9921,0.7294,9.67,783.6,0.7647058823529411
190146,22,0.6722,0.9934,0.7412,9.56,789.98,0.7647058823529411
190146,23,0.6726,0.9934,0.7412,9.5,793.68,0.7647058823529411
190146,24,0.6727,0.9947,0.7412,9.5,797.66,0.7647058823529411
190146,25,0.6728,0.9947,0.7412,9.43,801.25,0.7647058823529411
190146,26,0.673,0.9947,0.7412,9.44,802.64,0.7647058823529411
190146,27,0.6733,0.9947,0.7529,9.39,806.69,0.7647058823529411
190146,28,0.6734,0.9947,0.7529,9.34,814.87,0.7647058823529411
190146,29,0.6734,0.9947,0.7529,9.33,821.42,0.7647058823529411
190146,30,0.6735,0.9947,0.7529,9.29,823.54,0.7647058823529411
190146,31,0.6735,0.9947,0.7529,9.3,823.57,0.7647058823529411
190146,32,0.6733,0.9947,0.7529,9.24,824.48,0.7647058823529411
190146,33,0.6734,0.9947,0.7529,9.35,822.46,0.7647058823529411
190146,34,0.6732,0.9961,0.7529,9.54,824.12,0.7647058823529411
190146,35,0.6731,0.9961,0.7529,9.58,824.2,0.7647058823529411
190146,36,0.6728,0.9961,0.7529,9.74,821.46,0.7647058823529411
190146,37,0.673,0.9961,0.7529,9.77,817.48,0.7647058823529411
190146,38,0.6731,0.9961,0.7529,9.78,809.54,0.7647058823529411
190146,39,0.6729,0.9974,0.7529,9.8,801.88,0.7647058823529411
190146,40,0.6728,0.9987,0.7529,9.85,796.32,0.7647058823529411
190146,41,0.6726,0.9987,0.7412,9.9,790.39,0.7647058823529411
190146,42,0.6727,0.9987,0.7529,9.86,783.34,0.7647058823529411
190146,43,0.6726,0.9987,0.7529,9.85,780.23,0.7647058823529411
190146,44,0.6725,0.9987,0.7412,9.83,774.8,0.7647058823529411
190146,45,0.6725,0.9987,0.7412,9.84,770.57,0.7647058823529411
190146,46,0.6725,0.9987,0.7412,9.87,765.61,0.7647058823529411
190146,47,0.6724,0.9987,0.7412,9.88,759.89,0.7647058823529411
190146,48,0.6724,0.9987,0.7412,9.89,752.39,0.7647058823529411
190146,49,0.6724,0.9987,0.7412,9.85,745.79,0.7647058823529411
2073,0,0.4645,0.5775,0.5638,14.93,150.41,0.7114093959731543
2073,1,0.4645,0.5775,0.5638,14.93,150.41,0.7114093959731543
2073,2,0.4768,0.612,0.604,21.5,759.02,0.7114093959731543
2073,3,0.489,0.6457,0.6443,38.11,1842.94,0.7114093959731543
2073,4,0.4989,0.6607,0.6309,43.38,2404.7,0.7114093959731543
2073,5,0.5043,0.6749,0.6309,43.95,2541.03,0.7114093959731543
2073,6,0.5066,0.6839,0.6309,42.32,2489.81,0.7114093959731543
2073,7,0.5083,0.6996,0.6376,41.5,2543.45,0.7114093959731543
2073,8,0.5092,0.7139,0.6577,40.26,2723.27,0.7114093959731543
2073,9,0.5094,0.7191,0.6644,39.27,2970.89,0.7114093959731543
2073,10,0.5096,0.7303,0.6711,38.23,3291.08,0.7114093959731543
2073,11,0.5101,0.7401,0.6711,37.56,3511.13,0.7114093959731543
2073,12,0.5099,0.7476,0.6846,37.01,3775.79,0.7114093959731543
2073,13,0.5104,0.7536,0.6913,36.56,3978.52,0.7114093959731543
2073,14,0.5101,0.7558,0.6846,36.17,4188.85,0.7114093959731543
2073,15,0.5105,0.7596,0.6846,35.19,4339.66,0.7114093959731543
2073,16,0.5109,0.764,0.6846,34.48,4459.42,0.7114093959731543
2073,17,0.511,0.7708,0.6779,33.72,4689.46,0.7114093959731543
2073,18,0.5108,0.7738,0.6846,33.35,4870.21,0.7114093959731543
2073,19,0.5105,0.7768,0.6846,32.72,5002.41,0.7114093959731543
2073,20,0.5102,0.7813,0.6846,31.98,5173.93,0.7114093959731543
2073,21,0.5102,0.7858,0.6846,31.15,5266.45,0.7114093959731543
2073,22,0.5101,0.7895,0.698,30.66,5386.45,0.7114093959731543
2073,23,0.5101,0.794,0.698,30.04,5483.18,0.7114093959731543
2073,24,0.51,0.8,0.698,29.57,5570.66,0.7114093959731543
2073,25,0.5099,0.8052,0.7047,29.21,5677.26,0.7114093959731543
2073,26,0.5098,0.8082,0.7047,28.74,5795.17,0.7114093959731543
2073,27,0.5095,0.8082,0.7047,28.25,5861.04,0.7114093959731543
2073,28,0.5093,0.809,0.7047,27.73,5903.75,0.7114093959731543
2073,29,0.509,0.812,0.7047,27.3,5928.64,0.7114093959731543
2073,30,0.5092,0.8127,0.7047,26.83,5918.74,0.7114093959731543
2073,31,0.5088,0.8165,0.7047,26.41,5913.86,0.7114093959731543
2073,32,0.5086,0.8202,0.7047,26.05,5954.0,0.7114093959731543
2073,33,0.5087,0.8232,0.7047,25.85,5971.53,0.7114093959731543
2073,34,0.5085,0.8247,0.7047,25.57,5969.58,0.7114093959731543
2073,35,0.5086,0.827,0.7047,25.24,5979.19,0.7114093959731543
2073,36,0.5088,0.8292,0.7047,25.04,5958.45,0.7114093959731543
2073,37,0.5089,0.8307,0.7047,24.68,5925.78,0.7114093959731543
2073,38,0.5088,0.8307,0.698,24.37,5916.48,0.7114093959731543
2073,39,0.5088,0.83,0.698,24.14,5876.77,0.7114093959731543
2073,40,0.5088,0.8322,0.7047,23.84,5858.64,0.7114093959731543
2073,41,0.5088,0.8345,0.7047,23.62,5831.93,0.7114093959731543
2073,42,0.5087,0.836,0.7047,23.39,5872.92,0.7114093959731543
2073,43,0.5087,0.839,0.7047,23.2,6004.81,0.7114093959731543
2073,44,0.5086,0.8427,0.7047,23.15,6173.54,0.7114093959731543
2073,45,0.5085,0.8434,0.7047,22.97,6391.46,0.7114093959731543
2073,46,0.5084,0.8479,0.7047,22.76,6627.99,0.7114093959731543
2073,47,0.5086,0.8547,0.7047,22.56,6820.38,0.7114093959731543
2073,48,0.5087,0.8554,0.7047,22.37,7023.87,0.7114093959731543
2073,49,0.5087,0.8569,0.7047,22.18,7207.47,0.7114093959731543
359954,0,0.4712,0.6208,0.5676,12.44,125.99,0.6756756756756757
359954,1,0.4712,0.6208,0.5676,12.44,125.99,0.6756756756756757
359954,2,0.4759,0.6828,0.5811,18.58,350.16,0.6756756756756757
359954,3,0.4876,0.7326,0.5676,21.55,492.16,0.6756756756756757
359954,4,0.4942,0.7719,0.6081,21.91,537.3,0.6756756756756757
359954,5,0.4978,0.8021,0.6216,20.75,583.08,0.6756756756756757
359954,6,0.5011,0.8082,0.6216,19.91,587.74,0.6756756756756757
359954,7,0.5028,0.8157,0.6351,19.24,606.02,0.6756756756756757
359954,8,0.5033,0.8233,0.6486,18.69,623.72,0.6756756756756757
359954,9,0.5052,0.8308,0.6486,18.1,631.53,0.6756756756756757
359954,10,0.5065,0.8353,0.6622,17.79,644.32,0.6756756756756757
359954,11,0.5081,0.8429,0.6622,17.06,650.34,0.6756756756756757
359954,12,0.5092,0.8459,0.6622,16.32,647.82,0.6756756756756757
359954,13,0.5107,0.8505,0.6757,15.88,651.47,0.6756756756756757
359954,14,0.5114,0.8565,0.6757,15.46,664.29,0.6756756756756757
359954,15,0.5121,0.8701,0.6757,15.05,672.31,0.6756756756756757
359954,16,0.5126,0.8686,0.6757,14.58,676.53,0.6756756756756757
359954,17,0.5129,0.8761,0.6757,14.2,678.04,0.6756756756756757
359954,18,0.5136,0.8776,0.6757,14.22,682.63,0.6756756756756757
359954,19,0.5145,0.8792,0.6757,14.16,708.17,0.6756756756756757
359954,20,0.5152,0.8822,0.6757,14.12,728.62,0.6756756756756757
359954,21,0.5159,0.8837,0.6757,13.99,750.0,0.6756756756756757
359954,22,0.5168,0.8882,0.6892,13.9,766.62,0.6756756756756757
359954,23,0.5171,0.8882,0.6892,13.71,773.07,0.6756756756756757
359954,24,0.5175,0.8897,0.6757,13.51,767.8,0.6756756756756757
359954,25,0.518,0.8943,0.6622,13.26,769.21,0.6756756756756757
359954,26,0.5181,0.8973,0.6622,13.09,769.85,0.6756756756756757
359954,27,0.5179,0.8988,0.6622,13.17,788.58,0.6756756756756757
359954,28,0.5178,0.9018,0.6622,13.18,808.56,0.6756756756756757
359954,29,0.5183,0.9033,0.6622,13.28,819.63,0.6756756756756757
359954,30,0.5191,0.9094,0.6622,13.2,823.62,0.6756756756756757
359954,31,0.5193,0.9124,0.6486,13.24,824.53,0.6756756756756757
359954,32,0.5192,0.9139,0.6486,13.13,829.66,0.6756756756756757
359954,33,0.5194,0.9199,0.6486,13.07,831.27,0.6756756756756757
359954,34,0.5194,0.926,0.6486,12.97,834.59,0.6756756756756757
359954,35,0.5198,0.9275,0.6486,12.85,833.85,0.6756756756756757
359954,36,0.5198,0.9275,0.6486,12.78,834.12,0.6756756756756757
359954,37,0.5198,0.9275,0.6486,12.69,833.42,0.6756756756756757
359954,38,0.5199,0.9275,0.6486,12.67,830.45,0.6756756756756757
359954,39,0.5202,0.9275,0.6486,12.62,828.23,0.6756756756756757
359954,40,0.5206,0.932,0.6486,12.53,831.89,0.6756756756756757
359954,41,0.5207,0.932,0.6486,12.36,842.34,0.6756756756756757
359954,42,0.5209,0.932,0.6486,12.27,850.57,0.6756756756756757
359954,43,0.5209,0.932,0.6622,12.3,864.41,0.6756756756756757
359954,44,0.5212,0.932,0.6622,12.26,884.69,0.6756756756756757
359954,45,0.5215,0.932,0.6757,12.28,905.63,0.6756756756756757
359954,46,0.5216,0.9335,0.6757,12.31,935.02,0.6756756756756757
359954,47,0.5219,0.9366,0.6757,12.37,965.86,0.6756756756756757
359954,48,0.5222,0.9381,0.6757,12.34,991.51,0.6756756756756757
359954,49,0.5224,0.9411,0.6757,12.34,1022.88,0.6756756756756757
2073,0,0.4606,0.5603,0.5638,12.96,104.42,0.7181208053691275
2073,1,0.4606,0.5603,0.5638,12.96,104.42,0.7181208053691275
2073,2,0.4805,0.5843,0.6174,19.93,187.3,0.7181208053691275
2073,3,0.4908,0.6045,0.6443,24.75,236.36,0.7181208053691275
2073,4,0.4978,0.621,0.6443,25.31,250.65,0.7181208053691275
2073,5,0.5016,0.627,0.6376,26.22,292.12,0.7181208053691275
2073,6,0.5072,0.6397,0.651,25.97,314.98,0.7181208053691275
2073,7,0.511,0.6457,0.6577,26.35,346.9,0.7181208053691275
2073,8,0.5127,0.6487,0.651,26.34,360.78,0.7181208053691275
2073,9,0.5139,0.6562,0.651,26.02,367.12,0.7181208053691275
2073,10,0.5154,0.6622,0.651,25.73,378.63,0.7181208053691275
2073,11,0.5172,0.6637,0.6577,25.08,387.52,0.7181208053691275
2073,12,0.5173,0.6667,0.6577,25.28,407.77,0.7181208053691275
2073,13,0.5185,0.6689,0.651,24.83,430.32,0.7181208053691275
2073,14,0.519,0.6712,0.651,24.68,445.58,0.7181208053691275
2073,15,0.5195,0.6749,0.6577,24.33,455.18,0.7181208053691275
2073,16,0.5204,0.6757,0.6711,24.34,466.77,0.7181208053691275
2073,17,0.5203,0.6772,0.6644,24.57,479.72,0.7181208053691275
2073,18,0.521,0.6794,0.6711,24.4,487.73,0.7181208053691275
2073,19,0.5213,0.6809,0.6711,23.99,493.02,0.7181208053691275
2073,20,0.5213,0.6809,0.6779,23.84,510.26,0.7181208053691275
2073,21,0.522,0.6816,0.6779,23.43,543.16,0.7181208053691275
2073,22,0.5225,0.6846,0.6846,23.22,599.86,0.7181208053691275
2073,23,0.5226,0.6891,0.6846,23.15,668.86,0.7181208053691275
2073,24,0.5227,0.6906,0.6846,23.46,755.88,0.7181208053691275
2073,25,0.5229,0.6929,0.6846,23.56,850.67,0.7181208053691275
2073,26,0.5227,0.6966,0.6846,24.02,995.87,0.7181208053691275
2073,27,0.5225,0.6974,0.6913,24.33,1170.57,0.7181208053691275
2073,28,0.5223,0.6989,0.6913,24.41,1438.88,0.7181208053691275
2073,29,0.5222,0.7019,0.6846,24.39,1670.3,0.7181208053691275
2073,30,0.5222,0.7034,0.6846,24.45,1932.95,0.7181208053691275
2073,31,0.5221,0.7079,0.6846,24.78,2156.47,0.7181208053691275
2073,32,0.5218,0.7109,0.6846,24.85,2317.28,0.7181208053691275
2073,33,0.5216,0.7116,0.6913,24.82,2467.03,0.7181208053691275
2073,34,0.5214,0.7154,0.6913,24.97,2696.01,0.7181208053691275
2073,35,0.5209,0.7169,0.6913,25.2,2944.78,0.7181208053691275
2073,36,0.5207,0.7199,0.6913,25.48,3222.63,0.7181208053691275
2073,37,0.5205,0.7236,0.6913,25.65,3564.09,0.7181208053691275
2073,38,0.5197,0.7243,0.6913,26.1,3887.03,0.7181208053691275
2073,39,0.5192,0.7266,0.6913,26.3,4118.01,0.7181208053691275
2073,40,0.5186,0.7296,0.6846,26.45,4350.4,0.7181208053691275
2073,41,0.5181,0.7333,0.6913,26.67,4615.86,0.7181208053691275
2073,42,0.5174,0.7371,0.698,27.09,4901.75,0.7181208053691275
2073,43,0.5163,0.7378,0.6913,27.42,5121.54,0.7181208053691275
2073,44,0.5155,0.7378,0.6913,27.66,5400.5,0.7181208053691275
2073,45,0.5148,0.7386,0.6913,27.71,5784.67,0.7181208053691275
2073,46,0.514,0.7423,0.6913,27.94,6109.42,0.7181208053691275
2073,47,0.5136,0.7468,0.6913,28.05,6514.28,0.7181208053691275
2073,48,0.5129,0.7513,0.6913,28.3,6888.9,0.7181208053691275
2073,49,0.5124,0.7573,0.6913,28.32,7283.22,0.7181208053691275
2073,0,0.473,0.579,0.6174,11.79,94.61,0.7181208053691275
2073,1,0.473,0.579,0.6174,11.79,94.61,0.7181208053691275
2073,2,0.4819,0.597,0.6242,15.54,155.06,0.7181208053691275
2073,3,0.491,0.6142,0.6309,18.24,336.43,0.7181208053691275
2073,4,0.4977,0.624,0.6376,20.35,561.04,0.7181208053691275
2073,5,0.502,0.6322,0.6376,20.86,632.36,0.7181208053691275
2073,6,0.5042,0.6464,0.6443,21.39,716.06,0.7181208053691275
2073,7,0.5077,0.6524,0.6443,21.07,761.09,0.7181208053691275
2073,8,0.5111,0.6577,0.6443,20.46,825.41,0.7181208053691275
2073,9,0.5124,0.6614,0.6443,19.94,852.76,0.7181208053691275
2073,10,0.5137,0.6659,0.6443,19.37,863.85,0.7181208053691275
2073,11,0.5144,0.6682,0.651,19.16,886.9,0.7181208053691275
2073,12,0.5157,0.6712,0.6577,18.58,893.39,0.7181208053691275
2073,13,0.5168,0.6749,0.6644,18.37,894.61,0.7181208053691275
2073,14,0.5176,0.6772,0.6711,18.19,901.41,0.7181208053691275
2073,15,0.5188,0.6801,0.6846,18.18,909.96,0.7181208053691275
2073,16,0.5197,0.6809,0.6846,18.13,951.36,0.7181208053691275
2073,17,0.52,0.6816,0.6779,18.03,1014.3,0.7181208053691275
2073,18,0.52,0.6831,0.6779,18.03,1094.98,0.7181208053691275
2073,19,0.52,0.6861,0.6846,18.27,1190.16,0.7181208053691275
2073,20,0.5202,0.6929,0.6846,18.72,1382.86,0.7181208053691275
2073,21,0.5208,0.6959,0.6846,18.99,1553.14,0.7181208053691275
2073,22,0.5208,0.6981,0.6846,19.25,1816.61,0.7181208053691275
2073,23,0.5206,0.7049,0.6846,19.56,2060.42,0.7181208053691275
2073,24,0.5203,0.7094,0.6913,19.84,2287.5,0.7181208053691275
2073,25,0.5201,0.7116,0.6846,19.71,2487.26,0.7181208053691275
2073,26,0.5197,0.7176,0.6846,19.58,2745.89,0.7181208053691275
2073,27,0.5192,0.7213,0.6846,19.44,2995.9,0.7181208053691275
2073,28,0.5191,0.7251,0.698,19.27,3189.92,0.7181208053691275
2073,29,0.5187,0.7303,0.698,19.2,3376.3,0.7181208053691275
2073,30,0.5185,0.7386,0.698,19.15,3609.92,0.7181208053691275
2073,31,0.5186,0.7416,0.698,19.2,3843.0,0.7181208053691275
2073,32,0.5185,0.7461,0.698,19.42,4092.65,0.7181208053691275
2073,33,0.5183,0.7513,0.698,19.63,4387.0,0.7181208053691275
2073,34,0.5178,0.7536,0.6913,20.08,4630.17,0.7181208053691275
2073,35,0.5173,0.7603,0.6913,20.43,4971.63,0.7181208053691275
2073,36,0.5168,0.7648,0.6913,20.86,5347.79,0.7181208053691275
2073,37,0.5164,0.7678,0.6913,21.23,5682.75,0.7181208053691275
2073,38,0.5161,0.7708,0.6846,21.49,6000.28,0.7181208053691275
2073,39,0.5158,0.7745,0.6846,21.86,6367.71,0.7181208053691275
2073,40,0.5155,0.7783,0.6846,21.96,6849.69,0.7181208053691275
2073,41,0.5152,0.7805,0.6846,22.05,7262.31,0.7181208053691275
2073,42,0.5148,0.7843,0.6846,22.08,7686.18,0.7181208053691275
2073,43,0.5146,0.7903,0.6846,22.14,8133.2,0.7181208053691275
2073,44,0.5144,0.794,0.6846,22.2,8527.67,0.7181208053691275
2073,45,0.5141,0.8007,0.6846,22.43,8964.48,0.7181208053691275
2073,46,0.5139,0.8052,0.6846,22.73,9393.13,0.7181208053691275
2073,47,0.5138,0.809,0.6846,22.85,9822.69,0.7181208053691275
2073,48,0.5137,0.8135,0.6846,22.98,10121.98,0.7181208053691275
2073,49,0.5136,0.8142,0.6846,23.19,10387.17,0.7181208053691275
190146,0,0.6474,0.8042,0.7294,4.1,130.4,0.7647058823529411
190146,1,0.6474,0.8042,0.7294,4.1,130.4,0.7647058823529411
190146,2,0.6537,0.8988,0.7647,9.84,525.33,0.7647058823529411
190146,3,0.6593,0.9396,0.7529,12.25,702.74,0.7647058823529411
190146,4,0.6623,0.9593,0.7529,13.3,741.05,0.7647058823529411
190146,5,0.6645,0.9606,0.7412,12.97,741.31,0.7647058823529411
190146,6,0.6664,0.9658,0.7294,12.62,751.99,0.7647058823529411
190146,7,0.6685,0.9724,0.7294,12.17,760.57,0.7647058823529411
190146,8,0.6688,0.9724,0.7294,11.84,747.88,0.7647058823529411
190146,9,0.6689,0.9737,0.7176,11.59,732.58,0.7647058823529411
190146,10,0.6695,0.9763,0.7294,11.35,714.27,0.7647058823529411
190146,11,0.6705,0.9816,0.7412,11.05,693.31,0.7647058823529411
190146,12,0.6711,0.9829,0.7412,10.73,678.02,0.7647058823529411
190146,13,0.672,0.9842,0.7529,10.5,664.7,0.7647058823529411
190146,14,0.6723,0.9855,0.7412,10.42,658.88,0.7647058823529411
190146,15,0.6727,0.9882,0.7529,10.26,637.22,0.7647058823529411
190146,16,0.6729,0.9882,0.7529,10.08,622.66,0.7647058823529411
190146,17,0.673,0.9882,0.7529,9.8,613.07,0.7647058823529411
190146,18,0.6728,0.9921,0.7529,9.67,609.61,0.7647058823529411
190146,19,0.673,0.9934,0.7529,9.56,604.57,0.7647058823529411
190146,20,0.673,0.9934,0.7529,9.51,603.69,0.7647058823529411
190146,21,0.6727,0.9934,0.7529,9.36,601.87,0.7647058823529411
190146,22,0.6728,0.9934,0.7529,9.23,597.86,0.7647058823529411
190146,23,0.673,0.9934,0.7529,9.09,596.78,0.7647058823529411
190146,24,0.6732,0.9934,0.7529,9.04,598.12,0.7647058823529411
190146,25,0.673,0.9934,0.7412,9.06,604.69,0.7647058823529411
190146,26,0.6732,0.9934,0.7412,9.02,608.15,0.7647058823529411
190146,27,0.6732,0.9961,0.7412,8.9,616.22,0.7647058823529411
190146,28,0.6734,0.9961,0.7529,8.82,614.53,0.7647058823529411
190146,29,0.6734,0.9961,0.7529,8.7,611.97,0.7647058823529411
190146,30,0.6737,0.9961,0.7765,8.56,610.43,0.7647058823529411
190146,31,0.6738,0.9974,0.7765,8.5,608.53,0.7647058823529411
190146,32,0.6737,0.9974,0.7765,8.34,605.89,0.7647058823529411
190146,33,0.6738,0.9974,0.7765,8.24,603.01,0.7647058823529411
190146,34,0.6741,0.9961,0.7765,8.14,600.06,0.7647058823529411
190146,35,0.6739,0.9961,0.7765,8.05,595.6,0.7647058823529411
190146,36,0.6741,0.9961,0.7765,7.98,591.22,0.7647058823529411
190146,37,0.6744,0.9961,0.7765,7.93,588.38,0.7647058823529411
190146,38,0.6742,0.9987,0.7765,7.88,584.93,0.7647058823529411
190146,39,0.6743,1.0,0.7765,7.78,585.82,0.7647058823529411
190146,40,0.6744,1.0,0.7765,7.72,587.04,0.7647058823529411
190146,41,0.6744,1.0,0.7765,7.66,589.83,0.7647058823529411
190146,42,0.6746,1.0,0.7765,7.58,590.53,0.7647058823529411
190146,43,0.6747,1.0,0.7765,7.55,591.41,0.7647058823529411
190146,44,0.6748,1.0,0.7765,7.52,589.74,0.7647058823529411
190146,45,0.675,1.0,0.7765,7.5,590.18,0.7647058823529411
190146,46,0.6749,1.0,0.7765,7.46,586.64,0.7647058823529411
190146,47,0.6749,1.0,0.7765,7.46,582.5,0.7647058823529411
190146,48,0.6748,1.0,0.7765,7.45,581.58,0.7647058823529411
190146,49,0.6748,1.0,0.7765,7.41,579.61,0.7647058823529411
2073,0,0.4728,0.585,0.5839,12.71,122.63,0.7181208053691275
2073,1,0.4728,0.585,0.5839,12.71,122.63,0.7181208053691275
2073,2,0.484,0.6142,0.6107,19.74,475.81,0.7181208053691275
2073,3,0.4885,0.6352,0.6309,25.54,1093.22,0.7181208053691275
2073,4,0.4915,0.6517,0.6376,28.82,1423.12,0.7181208053691275
2073,5,0.4938,0.6607,0.651,28.13,1503.59,0.7181208053691275
2073,6,0.4956,0.6682,0.6376,28.86,1609.88,0.7181208053691275
2073,7,0.4972,0.6749,0.6376,29.37,1908.0,0.7181208053691275
2073,8,0.4978,0.6824,0.6376,30.05,2221.84,0.7181208053691275
2073,9,0.4989,0.6854,0.6309,30.14,2433.62,0.7181208053691275
2073,10,0.4998,0.6944,0.6309,30.23,2689.52,0.7181208053691275
2073,11,0.4992,0.7004,0.6309,30.4,3017.83,0.7181208053691275
2073,12,0.4991,0.7086,0.6309,31.04,3291.85,0.7181208053691275
2073,13,0.4982,0.7109,0.6376,31.56,3466.38,0.7181208053691275
2073,14,0.4988,0.7184,0.6376,31.39,3665.68,0.7181208053691275
2073,15,0.4988,0.7251,0.6376,31.17,3855.62,0.7181208053691275
2073,16,0.4987,0.7326,0.6376,31.93,4168.75,0.7181208053691275
2073,17,0.4988,0.7371,0.6376,32.25,4503.59,0.7181208053691275
2073,18,0.4991,0.7461,0.6443,32.19,4764.97,0.7181208053691275
2073,19,0.499,0.7498,0.651,32.64,5221.12,0.7181208053691275
2073,20,0.4992,0.7551,0.6577,32.83,5554.4,0.7181208053691275
2073,21,0.4991,0.7588,0.6577,32.95,5850.59,0.7181208053691275
2073,22,0.4989,0.7633,0.6644,33.47,6210.78,0.7181208053691275
2073,23,0.4989,0.7685,0.6644,33.15,6690.56,0.7181208053691275
2073,24,0.4991,0.776,0.6711,32.65,7184.72,0.7181208053691275
2073,25,0.4989,0.7813,0.6711,31.76,7546.05,0.7181208053691275
2073,26,0.499,0.7865,0.6711,31.05,7990.15,0.7181208053691275
2073,27,0.4986,0.7948,0.6711,30.75,8409.65,0.7181208053691275
2073,28,0.4983,0.7993,0.6711,30.63,8825.05,0.7181208053691275
2073,29,0.4983,0.8052,0.6913,30.36,9195.78,0.7181208053691275
2073,30,0.4982,0.8112,0.6913,30.3,9564.47,0.7181208053691275
2073,31,0.4983,0.8165,0.6913,29.95,9872.54,0.7181208053691275
2073,32,0.4985,0.8187,0.6913,29.61,10178.58,0.7181208053691275
2073,33,0.4988,0.8217,0.6913,29.15,10406.25,0.7181208053691275
2073,34,0.4988,0.8262,0.6913,29.32,10661.56,0.7181208053691275
2073,35,0.499,0.8277,0.6913,29.14,10877.5,0.7181208053691275
2073,36,0.4988,0.83,0.6913,29.19,11148.24,0.7181208053691275
2073,37,0.4986,0.833,0.6913,29.34,11313.08,0.7181208053691275
2073,38,0.4986,0.836,0.6913,29.3,11514.4,0.7181208053691275
2073,39,0.4985,0.8427,0.6913,29.38,11632.04,0.7181208053691275
2073,40,0.4985,0.8449,0.6913,29.5,11736.41,0.7181208053691275
2073,41,0.4988,0.8494,0.6913,29.45,11810.29,0.7181208053691275
2073,42,0.4991,0.8517,0.6913,29.47,11860.94,0.7181208053691275
2073,43,0.499,0.8562,0.6913,29.57,11942.37,0.7181208053691275
2073,44,0.499,0.8539,0.6913,29.87,12011.34,0.7181208053691275
2073,45,0.4987,0.8562,0.6913,30.19,12096.44,0.7181208053691275
2073,46,0.4987,0.8592,0.6913,30.41,12152.27,0.7181208053691275
2073,47,0.4987,0.8584,0.6913,30.51,12147.68,0.7181208053691275
2073,48,0.4988,0.8599,0.6913,30.6,12162.96,0.7181208053691275
2073,49,0.4988,0.8614,0.6913,30.71,12167.13,0.7181208053691275
2073,0,0.484,0.585,0.6376,11.21,94.79,0.7181208053691275
2073,1,0.484,0.585,0.6376,11.21,94.79,0.7181208053691275
2073,2,0.4932,0.5918,0.6376,13.58,136.02,0.7181208053691275
2073,3,0.4978,0.5963,0.6376,13.93,120.58,0.7181208053691275
2073,4,0.5052,0.5993,0.6376,14.71,120.35,0.7181208053691275
2073,5,0.5098,0.6052,0.6242,14.66,121.77,0.7181208053691275
2073,6,0.5138,0.6165,0.6309,14.96,124.23,0.7181208053691275
2073,7,0.5162,0.6202,0.6443,15.08,126.77,0.7181208053691275
2073,8,0.5169,0.6232,0.651,15.04,131.12,0.7181208053691275
2073,9,0.5187,0.6277,0.6443,15.19,142.97,0.7181208053691275
2073,10,0.5197,0.6345,0.6376,15.63,156.23,0.7181208053691275
2073,11,0.5221,0.6345,0.651,15.91,164.72,0.7181208053691275
2073,12,0.5237,0.6367,0.651,16.22,173.06,0.7181208053691275
2073,13,0.5249,0.6367,0.6644,16.14,176.96,0.7181208053691275
2073,14,0.5258,0.6375,0.6577,16.31,181.61,0.7181208053691275
2073,15,0.5265,0.639,0.6711,16.26,192.7,0.7181208053691275
2073,16,0.526,0.6404,0.6779,16.35,208.51,0.7181208053691275
2073,17,0.5257,0.6434,0.6779,16.85,229.61,0.7181208053691275
2073,18,0.5246,0.6427,0.6779,17.08,243.84,0.7181208053691275
2073,19,0.5244,0.6457,0.6779,17.18,258.43,0.7181208053691275
2073,20,0.5243,0.6442,0.6779,17.3,273.11,0.7181208053691275
2073,21,0.5244,0.6479,0.6779,17.3,285.08,0.7181208053691275
2073,22,0.525,0.6487,0.6779,17.25,299.91,0.7181208053691275
2073,23,0.5251,0.6494,0.6779,17.44,310.59,0.7181208053691275
2073,24,0.5252,0.6494,0.6779,17.28,319.38,0.7181208053691275
2073,25,0.5249,0.6487,0.6711,17.47,333.57,0.7181208053691275
2073,26,0.525,0.6509,0.6779,17.51,358.29,0.7181208053691275
2073,27,0.5254,0.6524,0.6846,17.54,382.22,0.7181208053691275
2073,28,0.526,0.6547,0.6846,17.52,410.96,0.7181208053691275
2073,29,0.5264,0.6592,0.6846,17.48,425.41,0.7181208053691275
2073,30,0.5266,0.6614,0.6846,17.56,443.66,0.7181208053691275
2073,31,0.5268,0.6614,0.6779,17.61,466.09,0.7181208053691275
2073,32,0.5269,0.6652,0.6846,17.84,502.27,0.7181208053691275
2073,33,0.5272,0.6674,0.6779,18.04,552.31,0.7181208053691275
2073,34,0.5273,0.6697,0.6779,18.12,598.3,0.7181208053691275
2073,35,0.5272,0.6712,0.6779,18.25,679.05,0.7181208053691275
2073,36,0.5272,0.6734,0.6779,18.23,781.44,0.7181208053691275
2073,37,0.527,0.6749,0.6779,18.32,888.48,0.7181208053691275
2073,38,0.5268,0.6779,0.6779,18.45,1043.37,0.7181208053691275
2073,39,0.5267,0.6816,0.6779,18.79,1197.43,0.7181208053691275
2073,40,0.5266,0.6831,0.6779,19.11,1358.68,0.7181208053691275
2073,41,0.5263,0.6869,0.6779,19.51,1533.13,0.7181208053691275
2073,42,0.526,0.6884,0.6779,19.8,1757.49,0.7181208053691275
2073,43,0.5257,0.6921,0.6711,20.15,1968.21,0.7181208053691275
2073,44,0.5255,0.6944,0.6779,20.51,2162.09,0.7181208053691275
2073,45,0.5248,0.6944,0.6779,20.93,2386.12,0.7181208053691275
2073,46,0.5243,0.6981,0.6779,21.25,2677.08,0.7181208053691275
2073,47,0.5239,0.7011,0.6779,21.63,3014.02,0.7181208053691275
2073,48,0.5234,0.7034,0.6846,22.07,3349.93,0.7181208053691275
2073,49,0.5232,0.7049,0.6846,22.35,3665.28,0.7181208053691275
359954,0,0.4681,0.6193,0.5,16.48,226.66,0.6756756756756757
359954,1,0.4681,0.6193,0.5,16.48,226.66,0.6756756756756757
359954,2,0.4806,0.6903,0.5405,21.31,590.33,0.6756756756756757
359954,3,0.4851,0.7311,0.5676,25.57,932.7,0.6756756756756757
359954,4,0.489,0.7644,0.5946,25.05,1030.27,0.6756756756756757
359954,5,0.4923,0.7885,0.5946,25.13,1088.94,0.6756756756756757
359954,6,0.4963,0.7991,0.6081,24.61,1131.78,0.6756756756756757
359954,7,0.5005,0.8142,0.6216,23.94,1146.86,0.6756756756756757
359954,8,0.5024,0.8323,0.6351,23.02,1132.05,0.6756756756756757
359954,9,0.503,0.8384,0.6351,22.52,1131.91,0.6756756756756757
359954,10,0.502,0.8414,0.6486,22.63,1159.83,0.6756756756756757
359954,11,0.5024,0.8444,0.6486,22.54,1161.26,0.6756756756756757
359954,12,0.5035,0.8489,0.6622,22.11,1153.87,0.6756756756756757
359954,13,0.5055,0.8565,0.6622,21.68,1128.71,0.6756756756756757
359954,14,0.5063,0.8625,0.6622,21.28,1113.06,0.6756756756756757
359954,15,0.5072,0.864,0.6622,20.81,1083.65,0.6756756756756757
359954,16,0.5077,0.8731,0.6622,20.31,1061.58,0.6756756756756757
359954,17,0.5081,0.8746,0.6622,19.8,1038.22,0.6756756756756757
359954,18,0.5087,0.8746,0.6622,19.47,1022.29,0.6756756756756757
359954,19,0.5098,0.8867,0.6622,19.16,1045.54,0.6756756756756757
359954,20,0.5108,0.8912,0.6622,18.91,1116.81,0.6756756756756757
359954,21,0.5113,0.8958,0.6622,18.84,1215.66,0.6756756756756757
359954,22,0.5123,0.9018,0.6622,18.65,1286.3,0.6756756756756757
359954,23,0.5129,0.9079,0.6622,18.46,1368.91,0.6756756756756757
359954,24,0.5131,0.9094,0.6757,18.18,1420.35,0.6756756756756757
359954,25,0.5135,0.9169,0.6757,18.2,1493.12,0.6756756756756757
359954,26,0.5142,0.9184,0.6757,18.01,1538.82,0.6756756756756757
359954,27,0.5145,0.9184,0.6757,17.9,1594.95,0.6756756756756757
359954,28,0.5149,0.926,0.6757,17.67,1654.91,0.6756756756756757
359954,29,0.5154,0.929,0.6757,17.46,1716.17,0.6756756756756757
359954,30,0.5155,0.9335,0.6757,17.36,1759.86,0.6756756756756757
359954,31,0.5157,0.9381,0.6757,17.41,1799.68,0.6756756756756757
359954,32,0.516,0.9381,0.6757,17.19,1823.84,0.6756756756756757
359954,33,0.5165,0.9411,0.6757,17.02,1841.63,0.6756756756756757
359954,34,0.5169,0.9411,0.6757,16.87,1854.58,0.6756756756756757
359954,35,0.5178,0.9441,0.6892,16.66,1869.66,0.6756756756756757
359954,36,0.5178,0.9441,0.6892,16.44,1870.69,0.6756756756756757
359954,37,0.5184,0.9502,0.6892,16.43,1886.42,0.6756756756756757
359954,38,0.5189,0.9502,0.6892,16.31,1901.21,0.6756756756756757
359954,39,0.5193,0.9562,0.6892,16.22,1921.68,0.6756756756756757
359954,40,0.5196,0.9562,0.6757,16.09,1936.72,0.6756756756756757
359954,41,0.5196,0.9577,0.6757,16.0,1945.19,0.6756756756756757
359954,42,0.5197,0.9577,0.6757,15.93,1946.45,0.6756756756756757
359954,43,0.5197,0.9592,0.6757,15.82,1946.12,0.6756756756756757
359954,44,0.5198,0.9592,0.6757,15.69,1942.06,0.6756756756756757
359954,45,0.5201,0.9607,0.6757,15.56,1939.11,0.6756756756756757
359954,46,0.5202,0.9607,0.6757,15.47,1932.53,0.6756756756756757
359954,47,0.5202,0.9622,0.6757,15.31,1928.06,0.6756756756756757
359954,48,0.5205,0.9637,0.6757,15.21,1918.4,0.6756756756756757
359954,49,0.5207,0.9637,0.6757,15.16,1911.61,0.6756756756756757
359959,0,0.4573,0.4377,0.4257,11.82,88.21,0.5337837837837838
359959,1,0.4573,0.4377,0.4257,11.82,88.21,0.5337837837837838
359959,2,0.4656,0.5034,0.473,15.67,152.0,0.5337837837837838
359959,3,0.4678,0.5487,0.5135,15.32,157.5,0.5337837837837838
359959,4,0.4689,0.5532,0.5068,15.46,165.06,0.5337837837837838
359959,5,0.4713,0.5615,0.5203,15.42,179.36,0.5337837837837838
359959,6,0.4717,0.5758,0.5338,15.41,190.33,0.5337837837837838
359959,7,0.4733,0.5811,0.5473,15.06,193.57,0.5337837837837838
359959,8,0.4742,0.5864,0.5473,14.27,193.33,0.5337837837837838
359959,9,0.4743,0.5902,0.5541,13.89,190.97,0.5337837837837838
359959,10,0.4748,0.5894,0.5541,13.18,186.59,0.5337837837837838
359959,11,0.475,0.5909,0.5541,12.8,186.02,0.5337837837837838
359959,12,0.4756,0.5947,0.5541,12.47,188.83,0.5337837837837838
359959,13,0.4761,0.5962,0.5473,12.14,190.52,0.5337837837837838
359959,14,0.4765,0.5977,0.5473,11.77,190.66,0.5337837837837838
359959,15,0.477,0.5985,0.5541,11.48,190.5,0.5337837837837838
359959,16,0.4777,0.6015,0.5405,11.28,192.06,0.5337837837837838
359959,17,0.4778,0.5985,0.5338,11.1,193.69,0.5337837837837838
359959,18,0.4782,0.6023,0.5338,10.9,196.47,0.5337837837837838
359959,19,0.4786,0.6,0.5338,10.76,197.96,0.5337837837837838
359959,20,0.4789,0.6038,0.5405,10.56,197.35,0.5337837837837838
359959,21,0.479,0.6045,0.5405,10.46,198.05,0.5337837837837838
359959,22,0.4792,0.6068,0.5405,10.47,205.88,0.5337837837837838
359959,23,0.4796,0.6083,0.5541,10.42,220.39,0.5337837837837838
359959,24,0.4797,0.6075,0.5541,10.52,233.66,0.5337837837837838
359959,25,0.4799,0.6091,0.5541,10.52,257.19,0.5337837837837838
359959,26,0.4798,0.6075,0.5473,10.57,278.15,0.5337837837837838
359959,27,0.4795,0.6091,0.5473,10.52,290.86,0.5337837837837838
359959,28,0.4795,0.6098,0.5473,10.61,302.48,0.5337837837837838
359959,29,0.4794,0.6143,0.5473,10.6,322.11,0.5337837837837838
359959,30,0.4797,0.6151,0.5473,10.67,348.26,0.5337837837837838
359959,31,0.4798,0.6143,0.5473,10.68,369.15,0.5337837837837838
359959,32,0.4799,0.6166,0.5473,10.83,400.96,0.5337837837837838
359959,33,0.4803,0.6181,0.5473,10.85,421.09,0.5337837837837838
359959,34,0.4804,0.6181,0.5473,10.97,450.79,0.5337837837837838
359959,35,0.4805,0.6196,0.5473,11.01,489.0,0.5337837837837838
359959,36,0.4807,0.6196,0.5473,11.03,518.2,0.5337837837837838
359959,37,0.4807,0.6234,0.5541,11.04,544.64,0.5337837837837838
359959,38,0.4807,0.6249,0.5541,11.05,575.31,0.5337837837837838
359959,39,0.4808,0.6257,0.5541,11.04,601.04,0.5337837837837838
359959,40,0.4807,0.6272,0.5541,11.12,637.93,0.5337837837837838
359959,41,0.4806,0.6264,0.5541,11.3,665.22,0.5337837837837838
359959,42,0.4805,0.6272,0.5541,11.32,688.94,0.5337837837837838
359959,43,0.4804,0.6294,0.5541,11.37,714.62,0.5337837837837838
359959,44,0.4803,0.6294,0.5541,11.38,740.71,0.5337837837837838
359959,45,0.4803,0.6309,0.5541,11.33,759.95,0.5337837837837838
359959,46,0.4802,0.6302,0.5541,11.39,779.64,0.5337837837837838
359959,47,0.4801,0.6317,0.5541,11.49,825.76,0.5337837837837838
359959,48,0.48,0.6325,0.5541,11.62,871.01,0.5337837837837838
359959,49,0.48,0.634,0.5541,11.69,908.3,0.5337837837837838
359954,0,0.4691,0.636,0.5541,13.42,199.3,0.6756756756756757
359954,1,0.4691,0.636,0.5541,13.42,199.3,0.6756756756756757
359954,2,0.4822,0.71,0.5676,27.59,1115.68,0.6756756756756757
359954,3,0.4931,0.7689,0.5811,33.21,1702.22,0.6756756756756757
359954,4,0.5008,0.8157,0.6216,33.85,1854.66,0.6756756756756757
359954,5,0.5038,0.8505,0.6351,32.35,1911.67,0.6756756756756757
359954,6,0.5074,0.8671,0.6216,30.72,1867.45,0.6756756756756757
359954,7,0.5088,0.8837,0.6486,29.33,1847.41,0.6756756756756757
359954,8,0.5105,0.8927,0.6622,27.67,1809.47,0.6756756756756757
359954,9,0.5116,0.9003,0.6622,26.84,1783.15,0.6756756756756757
359954,10,0.5129,0.9094,0.6622,25.8,1759.29,0.6756756756756757
359954,11,0.5139,0.9199,0.6622,25.02,1712.13,0.6756756756756757
359954,12,0.5139,0.923,0.6622,24.15,1691.12,0.6756756756756757
359954,13,0.5135,0.9215,0.6622,23.62,1682.09,0.6756756756756757
359954,14,0.5144,0.923,0.6622,22.85,1649.39,0.6756756756756757
359954,15,0.515,0.926,0.6622,22.27,1619.96,0.6756756756756757
359954,16,0.5157,0.929,0.6622,21.47,1577.79,0.6756756756756757
359954,17,0.5161,0.9335,0.6622,20.85,1539.94,0.6756756756756757
359954,18,0.517,0.9366,0.6622,20.24,1512.43,0.6756756756756757
359954,19,0.5179,0.9396,0.6757,19.65,1498.77,0.6756756756756757
359954,20,0.518,0.9411,0.6757,19.16,1483.02,0.6756756756756757
359954,21,0.5188,0.9441,0.6757,18.66,1472.79,0.6756756756756757
359954,22,0.5197,0.9486,0.6757,18.28,1462.85,0.6756756756756757
359954,23,0.5201,0.9502,0.6757,17.93,1451.63,0.6756756756756757
359954,24,0.5206,0.9502,0.6757,17.57,1440.51,0.6756756756756757
359954,25,0.5212,0.9532,0.6757,17.23,1433.85,0.6756756756756757
359954,26,0.5217,0.9562,0.6757,16.87,1415.88,0.6756756756756757
359954,27,0.5222,0.9607,0.6622,16.6,1401.16,0.6756756756756757
359954,28,0.5227,0.9607,0.6622,16.36,1396.21,0.6756756756756757
359954,29,0.5231,0.9592,0.6622,16.04,1395.84,0.6756756756756757
359954,30,0.5234,0.9592,0.6622,15.75,1387.1,0.6756756756756757
359954,31,0.5239,0.9577,0.6622,15.64,1387.95,0.6756756756756757
359954,32,0.5238,0.9607,0.6622,15.51,1390.05,0.6756756756756757
359954,33,0.5238,0.9607,0.6622,15.3,1375.62,0.6756756756756757
359954,34,0.5241,0.9607,0.6622,15.05,1363.75,0.6756756756756757
359954,35,0.5242,0.9622,0.6757,14.83,1358.54,0.6756756756756757
359954,36,0.5245,0.9622,0.6757,14.6,1358.09,0.6756756756756757
359954,37,0.5246,0.9637,0.6757,14.4,1351.02,0.6756756756756757
359954,38,0.525,0.9653,0.6757,14.24,1348.74,0.6756756756756757
359954,39,0.5256,0.9637,0.6757,14.1,1342.16,0.6756756756756757
359954,40,0.5256,0.9653,0.6757,13.96,1339.34,0.6756756756756757
359954,41,0.526,0.9653,0.6757,13.75,1333.3,0.6756756756756757
359954,42,0.526,0.9668,0.6757,13.64,1335.9,0.6756756756756757
359954,43,0.5259,0.9668,0.6757,13.62,1339.64,0.6756756756756757
359954,44,0.5261,0.9698,0.6757,13.57,1337.2,0.6756756756756757
359954,45,0.5263,0.9698,0.6757,13.49,1332.74,0.6756756756756757
359954,46,0.5266,0.9698,0.6757,13.38,1329.1,0.6756756756756757
359954,47,0.5267,0.9698,0.6757,13.23,1324.79,0.6756756756756757
359954,48,0.5267,0.9698,0.6757,13.12,1323.75,0.6756756756756757
359954,49,0.5268,0.9713,0.6757,13.01,1318.92,0.6756756756756757
359954,0,0.4631,0.636,0.5541,13.96,132.64,0.6621621621621622
359954,1,0.4631,0.636,0.5541,13.96,132.64,0.6621621621621622
359954,2,0.4737,0.6631,0.5541,19.04,327.59,0.6621621621621622
359954,3,0.473,0.6828,0.5541,22.81,422.9,0.6621621621621622
359954,4,0.4772,0.7009,0.5405,24.13,489.43,0.6621621621621622
359954,5,0.4779,0.7085,0.5405,25.0,535.8,0.6621621621621622
359954,6,0.4744,0.7024,0.527,26.99,572.85,0.6621621621621622
359954,7,0.4752,0.7024,0.527,27.92,610.81,0.6621621621621622
359954,8,0.4749,0.7069,0.527,28.75,656.93,0.6621621621621622
359954,9,0.4749,0.71,0.527,29.48,684.39,0.6621621621621622
359954,10,0.475,0.7145,0.527,29.72,721.4,0.6621621621621622
359954,11,0.4782,0.7296,0.527,29.33,812.71,0.6621621621621622
359954,12,0.4785,0.7447,0.527,30.05,906.78,0.6621621621621622
359954,13,0.4805,0.7492,0.5405,31.07,1009.17,0.6621621621621622
359954,14,0.4822,0.7538,0.5405,31.18,1090.48,0.6621621621621622
359954,15,0.4835,0.7598,0.5405,30.99,1131.79,0.6621621621621622
359954,16,0.4851,0.7689,0.5676,31.12,1202.49,0.6621621621621622
359954,17,0.4867,0.7734,0.5676,31.1,1294.11,0.6621621621621622
359954,18,0.4881,0.7825,0.5676,31.15,1392.87,0.6621621621621622
359954,19,0.4891,0.7991,0.5946,30.93,1481.73,0.6621621621621622
359954,20,0.4902,0.8066,0.5946,31.06,1577.99,0.6621621621621622
359954,21,0.4906,0.8097,0.5946,31.13,1644.62,0.6621621621621622
359954,22,0.4915,0.8157,0.6081,30.94,1733.69,0.6621621621621622
359954,23,0.4924,0.8248,0.6081,31.13,1797.99,0.6621621621621622
359954,24,0.4929,0.8308,0.6081,30.96,1855.55,0.6621621621621622
359954,25,0.4936,0.8323,0.6081,31.03,1908.3,0.6621621621621622
359954,26,0.4946,0.8384,0.6081,31.12,1978.0,0.6621621621621622
359954,27,0.4951,0.8414,0.6216,30.8,2020.14,0.6621621621621622
359954,28,0.4961,0.8474,0.6351,30.66,2058.19,0.6621621621621622
359954,29,0.4968,0.852,0.6351,30.39,2090.58,0.6621621621621622
359954,30,0.4972,0.852,0.6351,30.54,2119.34,0.6621621621621622
359954,31,0.4973,0.855,0.6351,30.58,2158.61,0.6621621621621622
359954,32,0.4981,0.8625,0.6351,30.39,2200.48,0.6621621621621622
359954,33,0.499,0.864,0.6351,29.79,2239.76,0.6621621621621622
359954,34,0.4997,0.8731,0.6351,29.28,2283.55,0.6621621621621622
359954,35,0.5009,0.8761,0.6351,28.91,2333.62,0.6621621621621622
359954,36,0.5014,0.8837,0.6351,28.67,2370.24,0.6621621621621622
359954,37,0.5022,0.8852,0.6351,28.15,2402.23,0.6621621621621622
359954,38,0.5025,0.8867,0.6486,27.7,2430.15,0.6621621621621622
359954,39,0.5032,0.8867,0.6486,27.19,2451.57,0.6621621621621622
359954,40,0.5037,0.8973,0.6486,26.78,2483.0,0.6621621621621622
359954,41,0.5043,0.9018,0.6486,26.52,2507.15,0.6621621621621622
359954,42,0.5048,0.9018,0.6486,26.23,2516.25,0.6621621621621622
359954,43,0.5053,0.9079,0.6486,25.96,2526.61,0.6621621621621622
359954,44,0.5061,0.9124,0.6622,25.74,2545.27,0.6621621621621622
359954,45,0.5067,0.9199,0.6622,25.39,2559.35,0.6621621621621622
359954,46,0.5072,0.923,0.6622,25.13,2563.37,0.6621621621621622
359954,47,0.5077,0.9245,0.6622,24.8,2569.15,0.6621621621621622
359954,48,0.5081,0.9245,0.6622,24.55,2574.02,0.6621621621621622
359954,49,0.5085,0.9275,0.6622,24.25,2576.24,0.6621621621621622
359959,0,0.4654,0.4483,0.4392,9.3,65.73,0.5337837837837838
359959,1,0.4654,0.4483,0.4392,9.3,65.73,0.5337837837837838
359959,2,0.4701,0.5185,0.4932,18.09,341.1,0.5337837837837838
359959,3,0.4728,0.5577,0.5338,21.67,481.85,0.5337837837837838
359959,4,0.4769,0.5917,0.5473,23.81,561.77,0.5337837837837838
359959,5,0.4781,0.603,0.5405,22.89,557.61,0.5337837837837838
359959,6,0.4812,0.6121,0.527,21.85,546.1,0.5337837837837838
359959,7,0.4821,0.6143,0.5405,20.7,515.47,0.5337837837837838
359959,8,0.4832,0.6226,0.5541,19.33,477.36,0.5337837837837838
359959,9,0.484,0.6272,0.5541,18.14,454.14,0.5337837837837838
359959,10,0.4843,0.6272,0.5608,17.04,437.09,0.5337837837837838
359959,11,0.4847,0.6249,0.5608,16.13,417.46,0.5337837837837838
359959,12,0.4848,0.6272,0.5608,15.37,406.69,0.5337837837837838
359959,13,0.485,0.6287,0.5676,14.79,402.92,0.5337837837837838
359959,14,0.4855,0.6294,0.5608,14.25,402.07,0.5337837837837838
359959,15,0.4856,0.6317,0.5608,13.8,401.96,0.5337837837837838
359959,16,0.4857,0.6317,0.5608,13.39,403.7,0.5337837837837838
359959,17,0.4858,0.6325,0.5541,12.98,404.08,0.5337837837837838
359959,18,0.4856,0.6332,0.5541,12.62,400.16,0.5337837837837838
359959,19,0.4858,0.6362,0.5541,12.26,405.79,0.5337837837837838
359959,20,0.4858,0.6377,0.5541,11.95,406.75,0.5337837837837838
359959,21,0.4862,0.6362,0.5541,11.66,408.06,0.5337837837837838
359959,22,0.4862,0.637,0.5541,11.43,410.97,0.5337837837837838
359959,23,0.4863,0.6385,0.5541,11.27,419.76,0.5337837837837838
359959,24,0.4861,0.6392,0.5541,11.13,442.43,0.5337837837837838
359959,25,0.4861,0.6392,0.5541,11.02,470.45,0.5337837837837838
359959,26,0.486,0.64,0.5541,10.92,509.39,0.5337837837837838
359959,27,0.4861,0.6423,0.5541,10.91,564.74,0.5337837837837838
359959,28,0.486,0.6453,0.5541,10.87,636.89,0.5337837837837838
359959,29,0.4859,0.6468,0.5541,10.9,703.05,0.5337837837837838
359959,30,0.4858,0.6506,0.5541,10.96,783.23,0.5337837837837838
359959,31,0.4858,0.6498,0.5608,10.91,848.9,0.5337837837837838
359959,32,0.4859,0.6536,0.5608,10.94,911.53,0.5337837837837838
359959,33,0.4861,0.6581,0.5608,10.94,958.31,0.5337837837837838
359959,34,0.4861,0.6581,0.5608,10.88,1001.38,0.5337837837837838
359959,35,0.4859,0.6589,0.5608,10.89,1056.9,0.5337837837837838
359959,36,0.4858,0.6611,0.5608,10.91,1127.65,0.5337837837837838
359959,37,0.4856,0.6657,0.5608,10.9,1192.25,0.5337837837837838
359959,38,0.4857,0.6664,0.5608,10.85,1263.74,0.5337837837837838
359959,39,0.4857,0.6687,0.5608,10.8,1347.0,0.5337837837837838
359959,40,0.4857,0.6725,0.5608,10.79,1443.28,0.5337837837837838
359959,41,0.4857,0.6725,0.5608,10.84,1558.7,0.5337837837837838
359959,42,0.4857,0.6747,0.5608,10.92,1664.79,0.5337837837837838
359959,43,0.4856,0.6762,0.5676,10.97,1777.66,0.5337837837837838
359959,44,0.4856,0.6785,0.5676,11.04,1876.6,0.5337837837837838
359959,45,0.4855,0.6815,0.5676,11.11,1992.81,0.5337837837837838
359959,46,0.4856,0.6823,0.5676,11.14,2125.43,0.5337837837837838
359959,47,0.4856,0.6815,0.5608,11.17,2241.22,0.5337837837837838
359959,48,0.4856,0.6823,0.5608,11.21,2360.19,0.5337837837837838
359959,49,0.4855,0.6838,0.5608,11.24,2460.2,0.5337837837837838
190146,0,0.6452,0.7911,0.7412,4.19,112.59,0.7764705882352941
190146,1,0.6452,0.7911,0.7412,4.19,112.59,0.7764705882352941
190146,2,0.6518,0.8791,0.7529,7.88,310.85,0.7764705882352941
190146,3,0.6574,0.9067,0.7529,10.06,434.35,0.7764705882352941
190146,4,0.6609,0.9225,0.7529,10.01,455.58,0.7764705882352941
190146,5,0.6625,0.9304,0.7529,10.26,473.11,0.7764705882352941
190146,6,0.6647,0.933,0.7529,10.0,468.14,0.7764705882352941
190146,7,0.6647,0.9448,0.7412,9.9,470.3,0.7764705882352941
190146,8,0.6662,0.9488,0.7412,10.07,481.57,0.7764705882352941
190146,9,0.6674,0.9632,0.7412,10.19,522.79,0.7764705882352941
190146,10,0.669,0.9685,0.7529,10.14,557.48,0.7764705882352941
190146,11,0.6693,0.975,0.7529,10.36,594.32,0.7764705882352941
190146,12,0.6692,0.979,0.7294,10.22,616.64,0.7764705882352941
190146,13,0.6696,0.979,0.7412,10.14,629.15,0.7764705882352941
190146,14,0.6698,0.979,0.7412,10.21,641.96,0.7764705882352941
190146,15,0.6704,0.9842,0.7412,10.09,651.39,0.7764705882352941
190146,16,0.6705,0.9842,0.7294,10.05,652.99,0.7764705882352941
190146,17,0.6708,0.9855,0.7294,10.06,674.79,0.7764705882352941
190146,18,0.671,0.9869,0.7294,10.0,697.89,0.7764705882352941
190146,19,0.6713,0.9882,0.7294,9.96,704.08,0.7764705882352941
190146,20,0.6713,0.9908,0.7294,9.87,717.48,0.7764705882352941
190146,21,0.6714,0.9908,0.7294,9.94,727.27,0.7764705882352941
190146,22,0.6715,0.9921,0.7294,9.96,735.86,0.7764705882352941
190146,23,0.6719,0.9934,0.7294,10.0,739.42,0.7764705882352941
190146,24,0.6723,0.9947,0.7294,9.94,752.86,0.7764705882352941
190146,25,0.6727,0.9947,0.7412,9.93,761.03,0.7764705882352941
190146,26,0.6728,0.9947,0.7412,9.91,771.02,0.7764705882352941
190146,27,0.673,0.9974,0.7412,9.87,779.67,0.7764705882352941
190146,28,0.6733,0.9974,0.7412,9.83,780.75,0.7764705882352941
190146,29,0.6737,0.9974,0.7412,9.73,781.5,0.7764705882352941
190146,30,0.6738,0.9974,0.7412,9.65,781.51,0.7764705882352941
190146,31,0.6743,0.9974,0.7412,9.54,779.58,0.7764705882352941
190146,32,0.6745,0.9961,0.7412,9.43,778.68,0.7764705882352941
190146,33,0.6746,0.9961,0.7412,9.38,773.81,0.7764705882352941
190146,34,0.6747,0.9961,0.7412,9.35,769.71,0.7764705882352941
190146,35,0.6747,0.9974,0.7412,9.27,765.64,0.7764705882352941
190146,36,0.6747,0.9974,0.7412,9.18,759.87,0.7764705882352941
190146,37,0.6746,0.9974,0.7412,9.11,754.59,0.7764705882352941
190146,38,0.6746,0.9974,0.7412,9.01,749.41,0.7764705882352941
190146,39,0.6745,0.9987,0.7412,8.9,743.09,0.7764705882352941
190146,40,0.6744,0.9987,0.7412,8.85,737.51,0.7764705882352941
190146,41,0.6742,0.9987,0.7412,8.82,732.27,0.7764705882352941
190146,42,0.6741,0.9987,0.7412,8.74,727.5,0.7764705882352941
190146,43,0.6739,0.9987,0.7412,8.68,722.22,0.7764705882352941
190146,44,0.6739,0.9987,0.7412,8.62,716.78,0.7764705882352941
190146,45,0.6743,0.9987,0.7412,8.57,712.94,0.7764705882352941
190146,46,0.6746,0.9987,0.7412,8.53,706.09,0.7764705882352941
190146,47,0.6748,0.9987,0.7412,8.49,700.03,0.7764705882352941
190146,48,0.6751,0.9987,0.7412,8.43,694.73,0.7764705882352941
190146,49,0.6754,0.9987,0.7412,8.41,690.13,0.7764705882352941
168784,0,0.6111,0.7583,0.7385,5.11,207.11,0.8256410256410256
168784,1,0.6111,0.7583,0.7385,5.11,207.11,0.8256410256410256
168784,2,0.6275,0.7864,0.7538,9.6,678.08,0.8256410256410256
168784,3,0.6356,0.8036,0.7641,10.89,844.98,0.8256410256410256
168784,4,0.6408,0.8207,0.7641,10.96,897.76,0.8256410256410256
168784,5,0.6441,0.8305,0.7692,9.93,865.27,0.8256410256410256
168784,6,0.6471,0.8408,0.7692,9.23,828.32,0.8256410256410256
168784,7,0.6481,0.8436,0.7692,8.51,782.87,0.8256410256410256
168784,8,0.6502,0.8448,0.7744,8.04,759.99,0.8256410256410256
168784,9,0.6515,0.8471,0.7692,7.68,760.14,0.8256410256410256
168784,10,0.6519,0.8505,0.7692,7.61,771.14,0.8256410256410256
168784,11,0.6532,0.8528,0.7692,7.47,765.89,0.8256410256410256
168784,12,0.6539,0.854,0.7692,7.36,750.85,0.8256410256410256
168784,13,0.6546,0.854,0.7692,7.28,736.77,0.8256410256410256
168784,14,0.655,0.858,0.7692,7.35,739.91,0.8256410256410256
168784,15,0.6552,0.8625,0.7692,7.38,760.09,0.8256410256410256
168784,16,0.6556,0.8654,0.7692,7.39,812.94,0.8256410256410256
168784,17,0.6558,0.8677,0.7744,7.32,844.04,0.8256410256410256
168784,18,0.6558,0.87,0.7744,7.31,895.74,0.8256410256410256
168784,19,0.656,0.8729,0.7744,7.22,924.05,0.8256410256410256
168784,20,0.6562,0.8751,0.7744,7.35,1030.44,0.8256410256410256
168784,21,0.6564,0.8786,0.7744,7.6,1242.88,0.8256410256410256
168784,22,0.6566,0.882,0.7744,7.74,1454.58,0.8256410256410256
168784,23,0.6565,0.8883,0.7744,7.97,1701.77,0.8256410256410256
168784,24,0.6567,0.8935,0.7692,8.19,1935.24,0.8256410256410256
168784,25,0.6569,0.9009,0.7692,8.39,2222.43,0.8256410256410256
168784,26,0.657,0.9049,0.7692,8.65,2468.18,0.8256410256410256
168784,27,0.657,0.9084,0.7692,8.89,2713.12,0.8256410256410256
168784,28,0.6572,0.9112,0.7692,9.09,2921.86,0.8256410256410256
168784,29,0.6574,0.9175,0.7744,9.22,3117.69,0.8256410256410256
168784,30,0.6575,0.9215,0.7692,9.32,3380.48,0.8256410256410256
168784,31,0.6576,0.9244,0.7692,9.46,3603.11,0.8256410256410256
168784,32,0.6576,0.9296,0.7692,9.68,3858.95,0.8256410256410256
168784,33,0.6578,0.9347,0.7744,9.8,4023.14,0.8256410256410256
168784,34,0.6579,0.9353,0.7744,9.94,4229.78,0.8256410256410256
168784,35,0.6581,0.9399,0.7744,10.11,4472.63,0.8256410256410256
168784,36,0.6582,0.9439,0.7795,10.19,4723.39,0.8256410256410256
168784,37,0.6581,0.9502,0.7795,10.31,4950.17,0.8256410256410256
168784,38,0.6582,0.9519,0.7795,10.4,5175.63,0.8256410256410256
168784,39,0.6584,0.9559,0.7795,10.58,5418.63,0.8256410256410256
168784,40,0.6585,0.9588,0.7846,10.64,5629.62,0.8256410256410256
168784,41,0.6587,0.9622,0.7846,10.69,5825.99,0.8256410256410256
168784,42,0.659,0.9639,0.7897,10.78,5994.76,0.8256410256410256
168784,43,0.659,0.9651,0.7897,10.84,6145.6,0.8256410256410256
168784,44,0.659,0.9685,0.7897,10.87,6294.68,0.8256410256410256
168784,45,0.6591,0.9725,0.7897,10.92,6421.91,0.8256410256410256
168784,46,0.6591,0.9754,0.7897,10.92,6534.29,0.8256410256410256
168784,47,0.6591,0.9765,0.7846,10.91,6638.09,0.8256410256410256
168784,48,0.6591,0.9765,0.7846,10.9,6711.88,0.8256410256410256
168784,49,0.659,0.9782,0.7846,10.88,6782.08,0.8256410256410256
2073,0,0.4726,0.5798,0.5772,11.92,87.17,0.7181208053691275
2073,1,0.4726,0.5798,0.5772,11.92,87.17,0.7181208053691275
2073,2,0.4855,0.5985,0.6107,14.86,136.1,0.7181208053691275
2073,3,0.4946,0.621,0.6309,19.75,190.39,0.7181208053691275
2073,4,0.504,0.6277,0.6376,23.04,245.12,0.7181208053691275
2073,5,0.5101,0.6292,0.6443,23.64,275.54,0.7181208053691275
2073,6,0.5139,0.6367,0.651,24.27,299.48,0.7181208053691275
2073,7,0.5176,0.6434,0.651,24.0,332.72,0.7181208053691275
2073,8,0.5209,0.6517,0.651,23.41,347.32,0.7181208053691275
2073,9,0.5231,0.6577,0.6577,22.57,383.0,0.7181208053691275
2073,10,0.5249,0.6614,0.651,22.36,390.73,0.7181208053691275
2073,11,0.5263,0.6667,0.651,21.99,388.97,0.7181208053691275
2073,12,0.5275,0.6719,0.651,21.54,388.32,0.7181208053691275
2073,13,0.5281,0.6749,0.6644,21.08,386.59,0.7181208053691275
2073,14,0.5284,0.6734,0.6644,20.69,394.57,0.7181208053691275
2073,15,0.5291,0.6794,0.6711,20.26,404.93,0.7181208053691275
2073,16,0.5297,0.6764,0.6644,20.1,412.74,0.7181208053691275
2073,17,0.5298,0.6809,0.6779,19.8,422.8,0.7181208053691275
2073,18,0.5301,0.6839,0.6846,19.71,430.38,0.7181208053691275
2073,19,0.5304,0.6846,0.6913,19.68,443.88,0.7181208053691275
2073,20,0.5306,0.6839,0.6913,19.83,467.04,0.7181208053691275
2073,21,0.5307,0.6891,0.6846,19.76,526.2,0.7181208053691275
2073,22,0.5306,0.6914,0.6846,19.88,596.89,0.7181208053691275
2073,23,0.531,0.6914,0.6779,19.97,682.15,0.7181208053691275
2073,24,0.531,0.6929,0.6779,20.17,787.64,0.7181208053691275
2073,25,0.5307,0.6966,0.6779,20.39,922.32,0.7181208053691275
2073,26,0.5302,0.6974,0.6779,20.42,1045.87,0.7181208053691275
2073,27,0.5298,0.6996,0.6779,20.59,1174.62,0.7181208053691275
2073,28,0.5297,0.7034,0.6779,20.6,1282.31,0.7181208053691275
2073,29,0.5295,0.7056,0.6846,20.63,1371.74,0.7181208053691275
2073,30,0.5289,0.7079,0.6846,20.86,1595.44,0.7181208053691275
2073,31,0.5285,0.7146,0.6913,20.93,1791.71,0.7181208053691275
2073,32,0.5279,0.7213,0.6913,21.21,2169.44,0.7181208053691275
2073,33,0.5274,0.7266,0.6913,21.56,2667.99,0.7181208053691275
2073,34,0.5268,0.7326,0.6913,22.07,3230.03,0.7181208053691275
2073,35,0.5261,0.7393,0.6913,22.67,4102.06,0.7181208053691275
2073,36,0.5257,0.7431,0.6913,23.03,5035.03,0.7181208053691275
2073,37,0.5251,0.7498,0.6913,23.37,5903.79,0.7181208053691275
2073,38,0.5243,0.7513,0.6913,23.96,6734.8,0.7181208053691275
2073,39,0.5238,0.7566,0.6913,24.39,7576.14,0.7181208053691275
2073,40,0.5234,0.761,0.6846,24.76,8360.49,0.7181208053691275
2073,41,0.5231,0.7655,0.6913,25.04,9170.09,0.7181208053691275
2073,42,0.5228,0.7693,0.6913,25.67,9905.46,0.7181208053691275
2073,43,0.5227,0.7738,0.698,25.96,10592.07,0.7181208053691275
2073,44,0.5224,0.776,0.698,26.07,11188.93,0.7181208053691275
2073,45,0.5222,0.7813,0.698,26.21,11798.37,0.7181208053691275
2073,46,0.522,0.7873,0.6913,26.45,12337.37,0.7181208053691275
2073,47,0.5216,0.791,0.6913,26.56,12770.4,0.7181208053691275
2073,48,0.5212,0.797,0.6913,26.64,13168.59,0.7181208053691275
2073,49,0.521,0.8022,0.698,26.68,13543.7,0.7181208053691275
359959,0,0.4605,0.4287,0.4257,11.01,100.54,0.5337837837837838
359959,1,0.4605,0.4287,0.4257,11.01,100.54,0.5337837837837838
359959,2,0.471,0.5087,0.4932,17.82,387.06,0.5337837837837838
359959,3,0.4765,0.5668,0.5608,23.82,808.03,0.5337837837837838
359959,4,0.4795,0.5894,0.5811,25.35,990.49,0.5337837837837838
359959,5,0.4807,0.6038,0.5473,24.95,1006.72,0.5337837837837838
359959,6,0.4811,0.6181,0.5405,24.21,1028.36,0.5337837837837838
359959,7,0.481,0.6219,0.5473,23.2,1068.21,0.5337837837837838
359959,8,0.4825,0.6287,0.5541,22.32,1119.04,0.5337837837837838
359959,9,0.4824,0.6362,0.5541,21.32,1129.73,0.5337837837837838
359959,10,0.4834,0.64,0.5676,20.23,1121.43,0.5337837837837838
359959,11,0.4835,0.6468,0.5676,19.3,1114.33,0.5337837837837838
359959,12,0.4838,0.6498,0.5676,18.45,1092.98,0.5337837837837838
359959,13,0.484,0.6506,0.5608,17.72,1079.74,0.5337837837837838
359959,14,0.4847,0.6528,0.5608,16.96,1061.66,0.5337837837837838
359959,15,0.4847,0.6528,0.5541,16.3,1051.08,0.5337837837837838
359959,16,0.4846,0.6566,0.5541,15.79,1034.15,0.5337837837837838
359959,17,0.4844,0.6558,0.5676,15.27,1020.58,0.5337837837837838
359959,18,0.4842,0.6558,0.5676,14.84,1007.02,0.5337837837837838
359959,19,0.4835,0.6581,0.5541,14.36,990.81,0.5337837837837838
359959,20,0.4837,0.6581,0.5608,14.12,986.94,0.5337837837837838
359959,21,0.4835,0.6566,0.5608,13.69,974.12,0.5337837837837838
359959,22,0.4838,0.6574,0.5608,13.39,967.73,0.5337837837837838
359959,23,0.4836,0.6589,0.5608,13.16,977.27,0.5337837837837838
359959,24,0.4833,0.6604,0.5608,12.9,976.93,0.5337837837837838
359959,25,0.4831,0.6611,0.5608,12.78,997.08,0.5337837837837838
359959,26,0.483,0.6626,0.5608,12.63,1004.41,0.5337837837837838
359959,27,0.4831,0.6611,0.5676,12.6,1019.67,0.5337837837837838
359959,28,0.4829,0.6634,0.5676,12.42,1050.22,0.5337837837837838
359959,29,0.4829,0.6657,0.5676,12.28,1061.88,0.5337837837837838
359959,30,0.4829,0.6679,0.5676,12.14,1086.57,0.5337837837837838
359959,31,0.4826,0.6694,0.5676,11.96,1105.34,0.5337837837837838
359959,32,0.4825,0.6702,0.5676,11.87,1133.26,0.5337837837837838
359959,33,0.4826,0.6709,0.5676,11.75,1159.64,0.5337837837837838
359959,34,0.4826,0.6709,0.5676,11.61,1191.42,0.5337837837837838
359959,35,0.4824,0.6717,0.5676,11.51,1205.59,0.5337837837837838
359959,36,0.4823,0.6732,0.5676,11.37,1216.99,0.5337837837837838
359959,37,0.4823,0.674,0.5676,11.28,1233.92,0.5337837837837838
359959,38,0.4821,0.674,0.5676,11.2,1256.4,0.5337837837837838
359959,39,0.4818,0.674,0.5676,11.1,1280.6,0.5337837837837838
359959,40,0.4816,0.6755,0.5676,11.0,1311.82,0.5337837837837838
359959,41,0.4815,0.6755,0.5676,10.9,1329.32,0.5337837837837838
359959,42,0.4814,0.677,0.5676,10.81,1352.19,0.5337837837837838
359959,43,0.4812,0.6777,0.5676,10.79,1385.77,0.5337837837837838
359959,44,0.4811,0.6792,0.5676,10.68,1403.45,0.5337837837837838
359959,45,0.4809,0.6808,0.5676,10.59,1419.22,0.5337837837837838
359959,46,0.4807,0.6815,0.5676,10.5,1438.74,0.5337837837837838
359959,47,0.4805,0.6815,0.5676,10.41,1457.92,0.5337837837837838
359959,48,0.4804,0.6815,0.5676,10.39,1478.73,0.5337837837837838
359959,49,0.4806,0.6815,0.5676,10.31,1503.42,0.5337837837837838
190146,0,0.6394,0.8029,0.7294,3.37,59.08,0.7529411764705882
190146,1,0.6394,0.8029,0.7294,3.37,59.08,0.7529411764705882
190146,2,0.6475,0.8515,0.7294,5.84,186.15,0.7529411764705882
190146,3,0.6525,0.8817,0.7294,7.01,215.64,0.7529411764705882
190146,4,0.6553,0.8936,0.7294,7.01,217.4,0.7529411764705882
190146,5,0.6577,0.9054,0.7294,6.82,211.27,0.7529411764705882
190146,6,0.6591,0.9133,0.7294,6.66,205.09,0.7529411764705882
190146,7,0.6607,0.9212,0.7294,6.52,194.9,0.7529411764705882
190146,8,0.6624,0.9264,0.7294,6.22,186.44,0.7529411764705882
190146,9,0.6641,0.9343,0.7294,6.17,181.74,0.7529411764705882
190146,10,0.6641,0.9382,0.7412,6.12,178.62,0.7529411764705882
190146,11,0.6647,0.9409,0.7529,5.98,173.8,0.7529411764705882
190146,12,0.6647,0.9448,0.7412,5.99,180.42,0.7529411764705882
190146,13,0.6652,0.9488,0.7412,5.99,184.61,0.7529411764705882
190146,14,0.665,0.9501,0.7412,5.96,185.2,0.7529411764705882
190146,15,0.6657,0.9514,0.7412,5.85,186.91,0.7529411764705882
190146,16,0.6662,0.954,0.7412,5.83,188.26,0.7529411764705882
190146,17,0.6666,0.9553,0.7412,5.74,198.56,0.7529411764705882
190146,18,0.6667,0.958,0.7412,5.71,209.31,0.7529411764705882
190146,19,0.6667,0.9593,0.7412,5.64,217.52,0.7529411764705882
190146,20,0.6669,0.9619,0.7412,5.64,226.19,0.7529411764705882
190146,21,0.6672,0.9632,0.7412,5.63,232.39,0.7529411764705882
190146,22,0.6676,0.9658,0.7412,5.6,237.33,0.7529411764705882
190146,23,0.6682,0.9658,0.7412,5.49,236.96,0.7529411764705882
190146,24,0.6686,0.9671,0.7529,5.46,239.55,0.7529411764705882
190146,25,0.669,0.9658,0.7294,5.34,240.51,0.7529411764705882
190146,26,0.6692,0.9658,0.7294,5.24,241.66,0.7529411764705882
190146,27,0.6692,0.9645,0.7294,5.12,243.66,0.7529411764705882
190146,28,0.6693,0.9671,0.7294,5.03,246.02,0.7529411764705882
190146,29,0.6694,0.9685,0.7412,4.94,248.58,0.7529411764705882
190146,30,0.6694,0.9711,0.7412,4.94,253.05,0.7529411764705882
190146,31,0.6696,0.9724,0.7294,5.02,261.19,0.7529411764705882
190146,32,0.6697,0.9737,0.7412,5.07,271.68,0.7529411764705882
190146,33,0.6701,0.975,0.7176,5.07,282.3,0.7529411764705882
190146,34,0.6702,0.9763,0.7176,5.15,296.16,0.7529411764705882
190146,35,0.6702,0.9763,0.7176,5.2,311.09,0.7529411764705882
190146,36,0.6702,0.9777,0.7176,5.21,324.29,0.7529411764705882
190146,37,0.6701,0.9777,0.7176,5.22,333.37,0.7529411764705882
190146,38,0.6701,0.9777,0.7294,5.19,344.42,0.7529411764705882
190146,39,0.6705,0.9777,0.7294,5.14,354.07,0.7529411764705882
190146,40,0.6706,0.9777,0.7412,5.12,362.28,0.7529411764705882
190146,41,0.6705,0.979,0.7412,5.15,373.37,0.7529411764705882
190146,42,0.6707,0.9816,0.7412,5.25,384.79,0.7529411764705882
190146,43,0.6706,0.9829,0.7294,5.34,396.42,0.7529411764705882
190146,44,0.6706,0.9842,0.7294,5.46,417.85,0.7529411764705882
190146,45,0.6708,0.9842,0.7294,5.59,442.28,0.7529411764705882
190146,46,0.6707,0.9842,0.7294,5.74,467.56,0.7529411764705882
190146,47,0.6709,0.9842,0.7294,5.97,500.2,0.7529411764705882
190146,48,0.6711,0.9842,0.7294,6.14,530.09,0.7529411764705882
190146,49,0.6712,0.9842,0.7294,6.22,562.25,0.7529411764705882
359954,0,0.4573,0.577,0.527,16.44,126.69,0.6756756756756757
359954,1,0.4573,0.577,0.527,16.44,126.69,0.6756756756756757
359954,2,0.4677,0.6375,0.5676,18.48,237.63,0.6756756756756757
359954,3,0.4802,0.6767,0.5811,17.32,269.14,0.6756756756756757
359954,4,0.4885,0.6994,0.5811,15.7,266.37,0.6756756756756757
359954,5,0.493,0.7251,0.5811,14.38,256.12,0.6756756756756757
359954,6,0.4961,0.7356,0.6081,13.01,246.26,0.6756756756756757
359954,7,0.4997,0.7387,0.6216,11.88,236.44,0.6756756756756757
359954,8,0.5008,0.7432,0.6351,11.2,226.2,0.6756756756756757
359954,9,0.5028,0.7523,0.6351,10.41,215.5,0.6756756756756757
359954,10,0.5047,0.7659,0.6351,9.87,205.17,0.6756756756756757
359954,11,0.5057,0.7689,0.6351,9.32,197.95,0.6756756756756757
359954,12,0.5063,0.7734,0.6351,8.83,191.72,0.6756756756756757
359954,13,0.5075,0.7779,0.6216,8.45,185.12,0.6756756756756757
359954,14,0.5078,0.7825,0.6351,8.09,176.96,0.6756756756756757
359954,15,0.5084,0.7855,0.6216,7.8,170.51,0.6756756756756757
359954,16,0.5093,0.7885,0.6351,7.73,167.41,0.6756756756756757
359954,17,0.5099,0.79,0.6351,7.5,166.04,0.6756756756756757
359954,18,0.5102,0.7946,0.6351,7.41,165.01,0.6756756756756757
359954,19,0.5107,0.7946,0.6351,7.23,169.42,0.6756756756756757
359954,20,0.5114,0.7976,0.6351,7.08,171.89,0.6756756756756757
359954,21,0.5116,0.7976,0.6622,6.95,172.54,0.6756756756756757
359954,22,0.5115,0.8006,0.6486,6.95,173.72,0.6756756756756757
359954,23,0.5117,0.8006,0.6486,6.89,172.63,0.6756756756756757
359954,24,0.5122,0.8021,0.6486,6.9,173.54,0.6756756756756757
359954,25,0.5123,0.8036,0.6486,6.99,176.79,0.6756756756756757
359954,26,0.5129,0.8051,0.6351,6.98,177.83,0.6756756756756757
359954,27,0.5133,0.8082,0.6486,7.1,178.91,0.6756756756756757
359954,28,0.5136,0.8127,0.6486,7.09,179.18,0.6756756756756757
359954,29,0.5134,0.8248,0.6486,7.13,180.9,0.6756756756756757
359954,30,0.514,0.8263,0.6486,7.19,181.61,0.6756756756756757
359954,31,0.5143,0.8278,0.6486,7.36,187.03,0.6756756756756757
359954,32,0.5142,0.8293,0.6486,7.53,198.03,0.6756756756756757
359954,33,0.5146,0.8338,0.6486,7.65,205.3,0.6756756756756757
359954,34,0.5152,0.8338,0.6486,7.74,213.5,0.6756756756756757
359954,35,0.5152,0.8369,0.6486,7.86,223.81,0.6756756756756757
359954,36,0.5155,0.8414,0.6486,7.92,232.76,0.6756756756756757
359954,37,0.5158,0.8444,0.6486,7.92,249.44,0.6756756756756757
359954,38,0.516,0.8444,0.6622,8.09,276.69,0.6756756756756757
359954,39,0.5162,0.8489,0.6622,8.23,312.93,0.6756756756756757
359954,40,0.5163,0.8474,0.6622,8.39,354.66,0.6756756756756757
359954,41,0.5163,0.8535,0.6622,8.56,389.78,0.6756756756756757
359954,42,0.5163,0.855,0.6622,8.73,432.4,0.6756756756756757
359954,43,0.5161,0.8565,0.6622,8.96,473.12,0.6756756756756757
359954,44,0.5161,0.8625,0.6622,9.03,512.1,0.6756756756756757
359954,45,0.5164,0.864,0.6622,9.15,553.58,0.6756756756756757
359954,46,0.5167,0.8656,0.6622,9.3,596.41,0.6756756756756757
359954,47,0.5169,0.8671,0.6622,9.55,646.55,0.6756756756756757
359954,48,0.5171,0.8731,0.6622,9.74,725.11,0.6756756756756757
359954,49,0.5173,0.8776,0.6622,9.9,801.89,0.6756756756756757
190146,0,0.6506,0.8121,0.7176,7.75,137.13,0.7764705882352941
190146,1,0.6506,0.8121,0.7176,7.75,137.13,0.7764705882352941
190146,2,0.658,0.8883,0.7529,11.44,407.1,0.7764705882352941
190146,3,0.663,0.9343,0.7412,13.38,585.57,0.7764705882352941
190146,4,0.6642,0.9527,0.7647,13.2,694.51,0.7764705882352941
190146,5,0.6655,0.9593,0.7412,13.06,730.91,0.7764705882352941
190146,6,0.6676,0.975,0.7529,12.89,736.88,0.7764705882352941
190146,7,0.6685,0.979,0.7412,12.54,757.56,0.7764705882352941
190146,8,0.6696,0.9803,0.7412,12.34,782.68,0.7764705882352941
190146,9,0.6708,0.9816,0.7294,12.1,780.87,0.7764705882352941
190146,10,0.6712,0.9869,0.7294,11.66,768.44,0.7764705882352941
190146,11,0.6712,0.9869,0.7294,11.18,752.92,0.7764705882352941
190146,12,0.6712,0.9869,0.7294,10.8,742.08,0.7764705882352941
190146,13,0.6714,0.9882,0.7294,10.38,730.64,0.7764705882352941
190146,14,0.6721,0.9895,0.7294,10.18,725.83,0.7764705882352941
190146,15,0.6726,0.9895,0.7294,9.83,721.8,0.7764705882352941
190146,16,0.673,0.9895,0.7294,9.65,721.43,0.7764705882352941
190146,17,0.6734,0.9908,0.7294,9.45,714.84,0.7764705882352941
190146,18,0.673,0.9908,0.7294,9.22,703.03,0.7764705882352941
190146,19,0.6727,0.9895,0.7294,9.18,699.68,0.7764705882352941
190146,20,0.6734,0.9895,0.7294,9.15,695.27,0.7764705882352941
190146,21,0.6734,0.9895,0.7294,9.22,688.44,0.7764705882352941
190146,22,0.6736,0.9895,0.7294,9.13,681.54,0.7764705882352941
190146,23,0.6734,0.9908,0.7294,9.08,672.78,0.7764705882352941
190146,24,0.6737,0.9908,0.7294,9.07,665.39,0.7764705882352941
190146,25,0.6739,0.9921,0.7412,9.06,662.01,0.7764705882352941
190146,26,0.6739,0.9921,0.7294,9.08,657.76,0.7764705882352941
190146,27,0.6742,0.9921,0.7294,9.05,649.53,0.7764705882352941
190146,28,0.6743,0.9934,0.7412,9.04,645.32,0.7764705882352941
190146,29,0.6744,0.9947,0.7412,9.04,639.73,0.7764705882352941
190146,30,0.6744,0.9947,0.7412,9.0,634.3,0.7764705882352941
190146,31,0.6744,0.9961,0.7412,8.91,627.64,0.7764705882352941
190146,32,0.6744,0.9961,0.7412,8.86,623.95,0.7764705882352941
190146,33,0.6746,0.9961,0.7412,8.74,618.57,0.7764705882352941
190146,34,0.6747,0.9961,0.7412,8.64,614.86,0.7764705882352941
190146,35,0.675,0.9947,0.7412,8.56,609.83,0.7764705882352941
190146,36,0.6753,0.9947,0.7412,8.48,604.3,0.7764705882352941
190146,37,0.6755,0.9947,0.7529,8.41,598.64,0.7764705882352941
190146,38,0.6758,0.9934,0.7529,8.32,594.15,0.7764705882352941
190146,39,0.6761,0.9934,0.7529,8.27,589.22,0.7764705882352941
190146,40,0.6761,0.9934,0.7647,8.22,583.51,0.7764705882352941
190146,41,0.6763,0.9934,0.7647,8.17,579.58,0.7764705882352941
190146,42,0.6763,0.9934,0.7647,8.11,573.87,0.7764705882352941
190146,43,0.6763,0.9921,0.7647,8.11,571.32,0.7764705882352941
190146,44,0.6764,0.9921,0.7647,8.05,568.41,0.7764705882352941
190146,45,0.6767,0.9921,0.7647,8.02,565.34,0.7764705882352941
190146,46,0.6768,0.9921,0.7647,8.0,563.38,0.7764705882352941
190146,47,0.6769,0.9921,0.7647,7.99,561.08,0.7764705882352941
190146,48,0.6769,0.9934,0.7647,7.95,558.25,0.7764705882352941
190146,49,0.677,0.9934,0.7647,7.92,556.12,0.7764705882352941
359954,0,0.4746,0.6571,0.5541,12.22,186.07,0.6756756756756757
359954,1,0.4746,0.6571,0.5541,12.22,186.07,0.6756756756756757
359954,2,0.4826,0.7024,0.5676,14.18,289.34,0.6756756756756757
359954,3,0.49,0.7266,0.6081,13.51,404.67,0.6756756756756757
359954,4,0.4959,0.7538,0.6081,12.11,611.99,0.6756756756756757
359954,5,0.5002,0.7976,0.6081,12.76,769.27,0.6756756756756757
359954,6,0.5024,0.8157,0.6486,12.78,820.1,0.6756756756756757
359954,7,0.5053,0.8233,0.6351,12.75,831.93,0.6756756756756757
359954,8,0.505,0.8308,0.6216,12.57,837.69,0.6756756756756757
359954,9,0.5077,0.8414,0.6351,12.22,834.72,0.6756756756756757
359954,10,0.5092,0.8429,0.6351,11.87,811.05,0.6756756756756757
359954,11,0.5098,0.8444,0.6351,11.68,798.4,0.6756756756756757
359954,12,0.5113,0.8474,0.6351,11.27,771.77,0.6756756756756757
359954,13,0.5118,0.8489,0.6351,11.26,785.34,0.6756756756756757
359954,14,0.5122,0.852,0.6486,11.32,806.15,0.6756756756756757
359954,15,0.5132,0.8535,0.6486,11.24,830.0,0.6756756756756757
359954,16,0.5143,0.8656,0.6486,11.28,848.83,0.6756756756756757
359954,17,0.5145,0.8776,0.6486,11.68,924.51,0.6756756756756757
359954,18,0.5144,0.8867,0.6486,11.89,1001.57,0.6756756756756757
359954,19,0.5148,0.8958,0.6622,12.13,1059.42,0.6756756756756757
359954,20,0.5156,0.9003,0.6622,12.37,1113.38,0.6756756756756757
359954,21,0.5163,0.9033,0.6486,12.83,1183.15,0.6756756756756757
359954,22,0.5167,0.9094,0.6486,13.13,1235.98,0.6756756756756757
359954,23,0.5173,0.9139,0.6486,13.38,1292.38,0.6756756756756757
359954,24,0.518,0.9169,0.6486,13.57,1366.06,0.6756756756756757
359954,25,0.5186,0.923,0.6486,13.94,1421.27,0.6756756756756757
359954,26,0.5193,0.9275,0.6622,14.24,1467.52,0.6756756756756757
359954,27,0.5195,0.9305,0.6622,14.33,1496.23,0.6756756756756757
359954,28,0.5196,0.932,0.6622,14.4,1522.97,0.6756756756756757
359954,29,0.52,0.9366,0.6622,14.67,1551.27,0.6756756756756757
359954,30,0.5206,0.9381,0.6622,14.58,1588.82,0.6756756756756757
359954,31,0.5211,0.9396,0.6622,14.59,1611.91,0.6756756756756757
359954,32,0.5212,0.9396,0.6622,14.56,1623.02,0.6756756756756757
359954,33,0.5213,0.9411,0.6622,14.51,1632.21,0.6756756756756757
359954,34,0.5215,0.9502,0.6622,14.46,1654.88,0.6756756756756757
359954,35,0.5216,0.9517,0.6622,14.48,1675.35,0.6756756756756757
359954,36,0.5217,0.9532,0.6622,14.42,1694.95,0.6756756756756757
359954,37,0.5217,0.9577,0.6622,14.37,1711.11,0.6756756756756757
359954,38,0.522,0.9622,0.6622,14.27,1724.04,0.6756756756756757
359954,39,0.5222,0.9637,0.6622,14.22,1735.08,0.6756756756756757
359954,40,0.5222,0.9637,0.6622,14.2,1757.8,0.6756756756756757
359954,41,0.5225,0.9637,0.6622,14.19,1769.16,0.6756756756756757
359954,42,0.5226,0.9653,0.6622,14.14,1771.08,0.6756756756756757
359954,43,0.5231,0.9683,0.6622,14.07,1777.14,0.6756756756756757
359954,44,0.5233,0.9698,0.6622,14.0,1778.05,0.6756756756756757
359954,45,0.5233,0.9713,0.6622,13.97,1775.23,0.6756756756756757
359954,46,0.5234,0.9728,0.6622,13.84,1769.11,0.6756756756756757
359954,47,0.5232,0.9728,0.6622,13.76,1769.37,0.6756756756756757
359954,48,0.5231,0.9743,0.6622,13.68,1768.25,0.6756756756756757
359954,49,0.5233,0.9758,0.6622,13.57,1767.83,0.6756756756756757
359954,0,0.4665,0.636,0.5541,10.17,169.19,0.6621621621621622
359954,1,0.4665,0.636,0.5541,10.17,169.19,0.6621621621621622
359954,2,0.4772,0.6918,0.5676,21.08,731.34,0.6621621621621622
359954,3,0.4833,0.7538,0.6081,26.94,1046.93,0.6621621621621622
359954,4,0.4908,0.7991,0.6081,26.37,1053.05,0.6621621621621622
359954,5,0.4967,0.8142,0.6081,25.07,1085.3,0.6621621621621622
359954,6,0.5004,0.8384,0.6081,24.08,1173.22,0.6621621621621622
359954,7,0.5037,0.852,0.6216,22.7,1183.72,0.6621621621621622
359954,8,0.507,0.8701,0.6486,20.78,1172.48,0.6621621621621622
359954,9,0.5079,0.8837,0.6486,19.39,1153.41,0.6621621621621622
359954,10,0.5092,0.8897,0.6216,18.25,1137.34,0.6621621621621622
359954,11,0.5104,0.8897,0.6486,17.4,1106.89,0.6621621621621622
359954,12,0.5119,0.9003,0.6486,16.7,1115.13,0.6621621621621622
359954,13,0.5128,0.9018,0.6622,16.19,1122.99,0.6621621621621622
359954,14,0.5136,0.9063,0.6622,15.94,1133.47,0.6621621621621622
359954,15,0.5148,0.9124,0.6622,15.72,1168.78,0.6621621621621622
359954,16,0.5156,0.9169,0.6622,15.43,1235.6,0.6621621621621622
359954,17,0.5166,0.9245,0.6622,15.28,1290.05,0.6621621621621622
359954,18,0.5176,0.9305,0.6622,14.88,1352.77,0.6621621621621622
359954,19,0.5181,0.935,0.6622,14.68,1424.85,0.6621621621621622
359954,20,0.5185,0.9396,0.6622,14.41,1484.78,0.6621621621621622
359954,21,0.5186,0.9471,0.6622,14.41,1537.87,0.6621621621621622
359954,22,0.5195,0.9471,0.6622,14.28,1590.45,0.6621621621621622
359954,23,0.5197,0.9562,0.6622,14.2,1646.98,0.6621621621621622
359954,24,0.5202,0.9577,0.6757,14.06,1686.01,0.6621621621621622
359954,25,0.521,0.9622,0.6757,13.91,1711.35,0.6621621621621622
359954,26,0.5216,0.9622,0.6757,13.8,1733.69,0.6621621621621622
359954,27,0.5219,0.9637,0.6757,13.66,1746.02,0.6621621621621622
359954,28,0.5226,0.9637,0.6757,13.59,1748.65,0.6621621621621622
359954,29,0.5225,0.9637,0.6757,13.46,1760.73,0.6621621621621622
359954,30,0.5227,0.9637,0.6622,13.42,1763.52,0.6621621621621622
359954,31,0.5231,0.9653,0.6622,13.31,1754.45,0.6621621621621622
359954,32,0.5233,0.9683,0.6622,13.15,1744.51,0.6621621621621622
359954,33,0.5237,0.9698,0.6622,12.97,1738.84,0.6621621621621622
359954,34,0.5239,0.9698,0.6622,12.8,1731.81,0.6621621621621622
359954,35,0.524,0.9728,0.6622,12.56,1720.71,0.6621621621621622
359954,36,0.5243,0.9728,0.6622,12.41,1705.93,0.6621621621621622
359954,37,0.5244,0.9728,0.6622,12.25,1691.67,0.6621621621621622
359954,38,0.5249,0.9743,0.6622,12.15,1678.44,0.6621621621621622
359954,39,0.5252,0.9743,0.6622,12.06,1666.56,0.6621621621621622
359954,40,0.5254,0.9728,0.6622,11.97,1654.11,0.6621621621621622
359954,41,0.5257,0.9728,0.6622,11.9,1636.63,0.6621621621621622
359954,42,0.5258,0.9728,0.6622,11.81,1621.33,0.6621621621621622
359954,43,0.5259,0.9728,0.6622,11.64,1605.57,0.6621621621621622
359954,44,0.5262,0.9728,0.6622,11.52,1584.28,0.6621621621621622
359954,45,0.5265,0.9758,0.6622,11.45,1568.28,0.6621621621621622
359954,46,0.5267,0.9773,0.6622,11.39,1556.06,0.6621621621621622
359954,47,0.5268,0.9789,0.6622,11.3,1542.45,0.6621621621621622
359954,48,0.5268,0.9789,0.6622,11.27,1532.32,0.6621621621621622
359954,49,0.527,0.9804,0.6622,11.23,1522.87,0.6621621621621622
359954,0,0.4746,0.6329,0.5676,10.62,223.34,0.6621621621621622
359954,1,0.4746,0.6329,0.5676,10.62,223.34,0.6621621621621622
359954,2,0.4862,0.7024,0.5541,13.09,478.85,0.6621621621621622
359954,3,0.4921,0.7462,0.5811,14.07,545.7,0.6621621621621622
359954,4,0.4982,0.7598,0.5946,15.64,597.09,0.6621621621621622
359954,5,0.5025,0.7825,0.6216,15.58,594.83,0.6621621621621622
359954,6,0.5058,0.79,0.6216,15.33,555.47,0.6621621621621622
359954,7,0.5079,0.8006,0.6351,14.54,541.1,0.6621621621621622
359954,8,0.5092,0.8097,0.6351,13.86,526.29,0.6621621621621622
359954,9,0.5103,0.8157,0.6351,13.32,505.22,0.6621621621621622
359954,10,0.5121,0.8187,0.6351,13.14,515.95,0.6621621621621622
359954,11,0.5119,0.8278,0.6351,12.81,550.26,0.6621621621621622
359954,12,0.5127,0.8399,0.6351,12.33,593.5,0.6621621621621622
359954,13,0.5147,0.8489,0.6351,11.99,631.03,0.6621621621621622
359954,14,0.5162,0.8595,0.6351,12.02,676.82,0.6621621621621622
359954,15,0.5173,0.861,0.6486,12.06,750.61,0.6621621621621622
359954,16,0.5181,0.864,0.6351,12.29,806.27,0.6621621621621622
359954,17,0.5182,0.8686,0.6351,12.34,847.88,0.6621621621621622
359954,18,0.5189,0.8761,0.6351,12.24,878.98,0.6621621621621622
359954,19,0.5191,0.8792,0.6486,12.11,899.96,0.6621621621621622
359954,20,0.5193,0.8852,0.6486,11.92,929.21,0.6621621621621622
359954,21,0.5193,0.8897,0.6486,11.96,957.77,0.6621621621621622
359954,22,0.5195,0.8897,0.6486,12.01,985.74,0.6621621621621622
359954,23,0.5196,0.9003,0.6486,12.16,1024.2,0.6621621621621622
359954,24,0.5201,0.9063,0.6486,12.27,1070.29,0.6621621621621622
359954,25,0.5204,0.9139,0.6486,12.43,1129.48,0.6621621621621622
359954,26,0.5204,0.9139,0.6486,12.46,1178.42,0.6621621621621622
359954,27,0.5207,0.9169,0.6486,12.55,1229.25,0.6621621621621622
359954,28,0.521,0.9184,0.6622,12.7,1300.62,0.6621621621621622
359954,29,0.5214,0.9215,0.6622,12.93,1378.53,0.6621621621621622
359954,30,0.5213,0.9275,0.6622,13.09,1444.91,0.6621621621621622
359954,31,0.5217,0.9366,0.6757,13.2,1502.25,0.6621621621621622
359954,32,0.522,0.9366,0.6757,13.23,1543.3,0.6621621621621622
359954,33,0.5221,0.9381,0.6757,13.26,1589.64,0.6621621621621622
359954,34,0.5226,0.9381,0.6757,13.25,1626.18,0.6621621621621622
359954,35,0.5228,0.9456,0.6757,13.27,1658.37,0.6621621621621622
359954,36,0.5229,0.9486,0.6757,13.33,1688.09,0.6621621621621622
359954,37,0.5233,0.9517,0.6757,13.31,1717.22,0.6621621621621622
359954,38,0.5234,0.9517,0.6622,13.32,1733.0,0.6621621621621622
359954,39,0.5236,0.9517,0.6622,13.28,1751.3,0.6621621621621622
359954,40,0.5239,0.9532,0.6622,13.24,1758.51,0.6621621621621622
359954,41,0.5237,0.9532,0.6757,13.2,1769.12,0.6621621621621622
359954,42,0.5238,0.9562,0.6757,13.17,1781.68,0.6621621621621622
359954,43,0.5238,0.9562,0.6757,13.09,1782.25,0.6621621621621622
359954,44,0.5239,0.9562,0.6757,13.06,1793.93,0.6621621621621622
359954,45,0.5238,0.9592,0.6757,13.0,1801.68,0.6621621621621622
359954,46,0.5239,0.9592,0.6757,12.97,1812.44,0.6621621621621622
359954,47,0.5238,0.9592,0.6757,12.92,1821.33,0.6621621621621622
359954,48,0.524,0.9622,0.6622,12.94,1828.26,0.6621621621621622
359954,49,0.524,0.9622,0.6622,12.89,1829.89,0.6621621621621622
2073,0,0.4734,0.5685,0.5503,14.89,237.69,0.7248322147651006
2073,1,0.4734,0.5685,0.5503,14.89,237.69,0.7248322147651006
2073,2,0.4926,0.6262,0.604,28.04,861.28,0.7248322147651006
2073,3,0.4966,0.6464,0.6174,33.02,1293.48,0.7248322147651006
2073,4,0.4994,0.6532,0.6242,34.34,1460.35,0.7248322147651006
2073,5,0.4999,0.6622,0.6443,34.61,1559.01,0.7248322147651006
2073,6,0.5037,0.6674,0.6443,34.55,1712.02,0.7248322147651006
2073,7,0.5048,0.6787,0.6443,34.91,1764.28,0.7248322147651006
2073,8,0.5059,0.6846,0.651,34.11,1831.87,0.7248322147651006
2073,9,0.507,0.6936,0.6376,33.36,1924.27,0.7248322147651006
2073,10,0.5064,0.6989,0.6443,32.98,1995.95,0.7248322147651006
2073,11,0.5067,0.7071,0.6376,32.49,2009.49,0.7248322147651006
2073,12,0.5069,0.7116,0.6376,32.24,2031.99,0.7248322147651006
2073,13,0.5061,0.7101,0.6376,31.96,2077.41,0.7248322147651006
2073,14,0.5059,0.7199,0.6376,32.01,2213.48,0.7248322147651006
2073,15,0.5061,0.7236,0.6443,32.14,2479.29,0.7248322147651006
2073,16,0.5054,0.7228,0.651,31.86,2757.12,0.7248322147651006
2073,17,0.5051,0.7281,0.6577,31.7,3067.94,0.7248322147651006
2073,18,0.5045,0.7281,0.6577,32.2,3354.15,0.7248322147651006
2073,19,0.5045,0.7326,0.6644,32.05,3678.48,0.7248322147651006
2073,20,0.5041,0.7386,0.6577,31.94,3931.21,0.7248322147651006
2073,21,0.5044,0.7431,0.6644,31.68,4088.99,0.7248322147651006
2073,22,0.5048,0.7438,0.6644,31.44,4250.28,0.7248322147651006
2073,23,0.5044,0.7483,0.6644,31.13,4454.69,0.7248322147651006
2073,24,0.5043,0.7513,0.6644,30.9,4597.11,0.7248322147651006
2073,25,0.5042,0.7513,0.6644,30.44,4732.23,0.7248322147651006
2073,26,0.5042,0.7558,0.6644,30.17,4872.97,0.7248322147651006
2073,27,0.5039,0.761,0.6577,29.95,5080.38,0.7248322147651006
2073,28,0.5035,0.7625,0.6577,29.78,5233.82,0.7248322147651006
2073,29,0.5033,0.7625,0.6577,29.5,5338.85,0.7248322147651006
2073,30,0.5036,0.7633,0.6577,29.01,5471.97,0.7248322147651006
2073,31,0.5033,0.7648,0.651,28.81,5718.43,0.7248322147651006
2073,32,0.5029,0.7693,0.651,28.43,5979.23,0.7248322147651006
2073,33,0.5023,0.7723,0.651,28.35,6227.65,0.7248322147651006
2073,34,0.5025,0.776,0.651,27.9,6498.72,0.7248322147651006
2073,35,0.5025,0.7798,0.6577,27.49,6885.34,0.7248322147651006
2073,36,0.5024,0.788,0.651,27.3,7332.23,0.7248322147651006
2073,37,0.5023,0.791,0.651,27.09,7821.31,0.7248322147651006
2073,38,0.5023,0.7963,0.6577,27.04,8216.72,0.7248322147651006
2073,39,0.5022,0.8022,0.6577,26.99,8585.23,0.7248322147651006
2073,40,0.5022,0.809,0.6577,26.96,8958.26,0.7248322147651006
2073,41,0.5022,0.812,0.6577,26.96,9252.53,0.7248322147651006
2073,42,0.5022,0.815,0.6577,26.84,9493.09,0.7248322147651006
2073,43,0.5021,0.8202,0.6577,26.95,9636.28,0.7248322147651006
2073,44,0.5019,0.821,0.6577,27.07,9908.81,0.7248322147651006
2073,45,0.5018,0.8225,0.651,27.24,10156.89,0.7248322147651006
2073,46,0.5017,0.8255,0.6577,27.32,10380.58,0.7248322147651006
2073,47,0.5015,0.8277,0.6577,27.58,10544.03,0.7248322147651006
2073,48,0.5017,0.8292,0.6577,27.45,10750.9,0.7248322147651006
2073,49,0.5017,0.8292,0.6577,27.71,10878.72,0.7248322147651006
359959,0,0.4561,0.4272,0.4257,10.34,93.15,0.5405405405405406
359959,1,0.4561,0.4272,0.4257,10.34,93.15,0.5405405405405406
359959,2,0.4647,0.5004,0.4595,20.56,413.74,0.5405405405405406
359959,3,0.4712,0.5804,0.5135,24.47,679.04,0.5405405405405406
359959,4,0.473,0.6075,0.5405,25.55,894.74,0.5405405405405406
359959,5,0.4749,0.6249,0.5405,25.16,945.1,0.5405405405405406
359959,6,0.4764,0.6332,0.5405,24.71,965.59,0.5405405405405406
359959,7,0.4773,0.6392,0.5473,23.66,1002.58,0.5405405405405406
359959,8,0.479,0.6506,0.5541,22.71,1054.63,0.5405405405405406
359959,9,0.48,0.6528,0.5541,21.76,1094.84,0.5405405405405406
359959,10,0.4805,0.6604,0.5473,21.07,1177.92,0.5405405405405406
359959,11,0.4809,0.6657,0.5608,20.21,1229.66,0.5405405405405406
359959,12,0.4811,0.6664,0.5541,19.63,1331.34,0.5405405405405406
359959,13,0.4814,0.6672,0.5608,18.97,1384.47,0.5405405405405406
359959,14,0.4813,0.6709,0.5608,18.27,1403.12,0.5405405405405406
359959,15,0.4815,0.6717,0.5608,17.63,1402.24,0.5405405405405406
359959,16,0.4822,0.6725,0.5608,17.12,1423.77,0.5405405405405406
359959,17,0.4822,0.6755,0.5608,16.66,1428.82,0.5405405405405406
359959,18,0.4824,0.6755,0.5608,16.22,1423.65,0.5405405405405406
359959,19,0.4832,0.677,0.5608,15.72,1422.85,0.5405405405405406
359959,20,0.4837,0.6762,0.5676,15.26,1400.45,0.5405405405405406
359959,21,0.4839,0.6747,0.5676,14.83,1389.26,0.5405405405405406
359959,22,0.4841,0.6747,0.5676,14.54,1371.69,0.5405405405405406
359959,23,0.4846,0.677,0.5608,14.14,1355.64,0.5405405405405406
359959,24,0.4843,0.677,0.5541,13.84,1345.06,0.5405405405405406
359959,25,0.4844,0.6762,0.5541,13.51,1342.36,0.5405405405405406
359959,26,0.4846,0.6808,0.5541,13.3,1349.4,0.5405405405405406
359959,27,0.4848,0.6815,0.5541,12.99,1339.21,0.5405405405405406
359959,28,0.4847,0.6838,0.5541,12.75,1331.65,0.5405405405405406
359959,29,0.4844,0.6868,0.5541,12.5,1362.29,0.5405405405405406
359959,30,0.4838,0.6883,0.5541,12.29,1404.33,0.5405405405405406
359959,31,0.4834,0.6898,0.5541,12.07,1445.06,0.5405405405405406
359959,32,0.4831,0.6875,0.5608,11.89,1490.3,0.5405405405405406
359959,33,0.4827,0.6906,0.5608,11.76,1564.67,0.5405405405405406
359959,34,0.4823,0.6921,0.5608,11.65,1642.46,0.5405405405405406
359959,35,0.4823,0.6936,0.5608,11.54,1742.19,0.5405405405405406
359959,36,0.482,0.6958,0.5608,11.47,1875.4,0.5405405405405406
359959,37,0.482,0.6989,0.5608,11.44,2025.95,0.5405405405405406
359959,38,0.4819,0.6996,0.5608,11.37,2143.32,0.5405405405405406
359959,39,0.4815,0.7034,0.5608,11.34,2296.12,0.5405405405405406
359959,40,0.4814,0.7094,0.5608,11.31,2439.73,0.5405405405405406
359959,41,0.4811,0.7109,0.5608,11.25,2552.37,0.5405405405405406
359959,42,0.4809,0.7125,0.5608,11.2,2685.81,0.5405405405405406
359959,43,0.481,0.714,0.5608,11.18,2784.06,0.5405405405405406
359959,44,0.4809,0.7155,0.5608,11.11,2872.42,0.5405405405405406
359959,45,0.4811,0.7192,0.5608,11.04,2959.15,0.5405405405405406
359959,46,0.481,0.7185,0.5541,10.98,3057.03,0.5405405405405406
359959,47,0.4812,0.7208,0.5473,10.91,3131.9,0.5405405405405406
359959,48,0.4811,0.7238,0.5473,10.85,3176.78,0.5405405405405406
359959,49,0.4813,0.7245,0.5473,10.78,3216.37,0.5405405405405406
2073,0,0.4795,0.5843,0.604,15.32,182.41,0.7181208053691275
2073,1,0.4795,0.5843,0.604,15.32,182.41,0.7181208053691275
2073,2,0.4905,0.6097,0.6174,22.49,1005.19,0.7181208053691275
2073,3,0.4952,0.6315,0.6376,28.6,1650.36,0.7181208053691275
2073,4,0.5001,0.6412,0.6443,29.78,1761.62,0.7181208053691275
2073,5,0.5008,0.6472,0.6376,29.66,1744.56,0.7181208053691275
2073,6,0.502,0.6562,0.6443,29.06,1756.51,0.7181208053691275
2073,7,0.5018,0.6577,0.6443,29.42,1823.44,0.7181208053691275
2073,8,0.5009,0.6644,0.6376,29.64,1900.47,0.7181208053691275
2073,9,0.5022,0.6712,0.6376,29.26,1953.97,0.7181208053691275
2073,10,0.5035,0.6779,0.6309,28.8,1976.53,0.7181208053691275
2073,11,0.5043,0.6824,0.6376,28.69,1999.34,0.7181208053691275
2073,12,0.5036,0.6831,0.6309,28.94,2142.39,0.7181208053691275
2073,13,0.504,0.6914,0.6309,28.61,2212.06,0.7181208053691275
2073,14,0.5038,0.6989,0.6309,28.39,2230.42,0.7181208053691275
2073,15,0.5039,0.7019,0.6242,28.77,2360.05,0.7181208053691275
2073,16,0.505,0.7064,0.6242,29.13,2437.06,0.7181208053691275
2073,17,0.5048,0.7071,0.6309,29.69,2617.91,0.7181208053691275
2073,18,0.5047,0.7146,0.6242,30.04,2808.02,0.7181208053691275
2073,19,0.5046,0.7213,0.6309,30.56,3017.4,0.7181208053691275
2073,20,0.505,0.7243,0.6376,30.93,3277.89,0.7181208053691275
2073,21,0.5053,0.7288,0.6309,31.3,3567.84,0.7181208053691275
2073,22,0.5054,0.7371,0.6309,31.48,3892.77,0.7181208053691275
2073,23,0.5054,0.7431,0.6376,31.58,4272.97,0.7181208053691275
2073,24,0.5055,0.7491,0.6376,31.78,4729.13,0.7181208053691275
2073,25,0.5053,0.7536,0.6376,32.13,5278.68,0.7181208053691275
2073,26,0.5053,0.761,0.6443,32.06,5731.62,0.7181208053691275
2073,27,0.5051,0.7715,0.6443,32.07,6308.24,0.7181208053691275
2073,28,0.5053,0.7745,0.6711,32.17,6872.95,0.7181208053691275
2073,29,0.5052,0.7828,0.6711,32.36,7452.05,0.7181208053691275
2073,30,0.505,0.788,0.6779,32.49,8028.33,0.7181208053691275
2073,31,0.5051,0.794,0.6779,32.51,8577.2,0.7181208053691275
2073,32,0.5051,0.8007,0.6779,32.56,9060.39,0.7181208053691275
2073,33,0.5053,0.809,0.6846,32.61,9452.86,0.7181208053691275
2073,34,0.5053,0.815,0.6846,32.56,9886.13,0.7181208053691275
2073,35,0.5052,0.8165,0.6846,32.48,10371.92,0.7181208053691275
2073,36,0.5048,0.8262,0.6846,32.34,10770.67,0.7181208053691275
2073,37,0.5048,0.8292,0.6913,32.27,11118.18,0.7181208053691275
2073,38,0.5049,0.8337,0.6913,32.35,11455.29,0.7181208053691275
2073,39,0.505,0.8375,0.6913,32.32,11741.25,0.7181208053691275
2073,40,0.505,0.8412,0.6913,32.22,12058.32,0.7181208053691275
2073,41,0.505,0.8442,0.6913,32.23,12280.43,0.7181208053691275
2073,42,0.5049,0.8487,0.6846,31.92,12443.64,0.7181208053691275
2073,43,0.5047,0.8502,0.6846,31.63,12591.61,0.7181208053691275
2073,44,0.5045,0.8539,0.6846,31.31,12718.53,0.7181208053691275
2073,45,0.5045,0.8562,0.6846,30.99,12804.22,0.7181208053691275
2073,46,0.5044,0.8599,0.6779,30.51,12861.79,0.7181208053691275
2073,47,0.5044,0.8607,0.6779,29.96,12893.29,0.7181208053691275
2073,48,0.5044,0.8607,0.6779,29.7,12907.32,0.7181208053691275
2073,49,0.5045,0.8637,0.6779,29.23,12875.99,0.7181208053691275
359959,0,0.4526,0.4272,0.4257,8.77,56.98,0.5337837837837838
359959,1,0.4526,0.4272,0.4257,8.77,56.98,0.5337837837837838
359959,2,0.4565,0.4415,0.4257,8.27,45.01,0.5337837837837838
359959,3,0.4622,0.4928,0.4662,9.28,51.25,0.5337837837837838
359959,4,0.4666,0.5268,0.5,10.05,62.87,0.5337837837837838
359959,5,0.4698,0.5525,0.5068,10.78,76.52,0.5337837837837838
359959,6,0.4716,0.563,0.527,10.75,76.66,0.5337837837837838
359959,7,0.4738,0.5683,0.5338,10.39,76.69,0.5337837837837838
359959,8,0.4749,0.5751,0.5541,9.95,76.19,0.5337837837837838
359959,9,0.4764,0.5766,0.5608,9.61,75.76,0.5337837837837838
359959,10,0.4771,0.5789,0.5541,9.31,74.31,0.5337837837837838
359959,11,0.4778,0.5789,0.5541,9.03,73.09,0.5337837837837838
359959,12,0.4783,0.5826,0.5541,8.74,71.45,0.5337837837837838
359959,13,0.4798,0.5826,0.5473,8.45,69.37,0.5337837837837838
359959,14,0.4806,0.5842,0.5473,8.18,69.23,0.5337837837837838
359959,15,0.4813,0.5826,0.5473,7.97,68.92,0.5337837837837838
359959,16,0.4814,0.5849,0.5473,7.8,67.9,0.5337837837837838
359959,17,0.4817,0.5864,0.5338,7.72,69.92,0.5337837837837838
359959,18,0.4821,0.5902,0.5338,7.66,71.3,0.5337837837837838
359959,19,0.4824,0.5932,0.527,7.51,71.5,0.5337837837837838
359959,20,0.4827,0.5917,0.5203,7.44,72.41,0.5337837837837838
359959,21,0.483,0.5925,0.5203,7.31,73.56,0.5337837837837838
359959,22,0.483,0.5917,0.527,7.24,73.59,0.5337837837837838
359959,23,0.4831,0.594,0.5338,7.12,72.82,0.5337837837837838
359959,24,0.4833,0.5955,0.527,7.0,71.47,0.5337837837837838
359959,25,0.4833,0.594,0.527,6.91,70.44,0.5337837837837838
359959,26,0.4834,0.5925,0.527,6.8,68.95,0.5337837837837838
359959,27,0.4835,0.5955,0.527,6.65,67.59,0.5337837837837838
359959,28,0.4837,0.5955,0.527,6.56,66.53,0.5337837837837838
359959,29,0.4839,0.5947,0.527,6.48,65.74,0.5337837837837838
359959,30,0.4838,0.597,0.5338,6.4,65.16,0.5337837837837838
359959,31,0.484,0.5985,0.5405,6.33,64.52,0.5337837837837838
359959,32,0.4839,0.5962,0.5405,6.27,64.3,0.5337837837837838
359959,33,0.4838,0.5962,0.5405,6.22,63.95,0.5337837837837838
359959,34,0.4837,0.5955,0.5203,6.17,63.57,0.5337837837837838
359959,35,0.484,0.5955,0.527,6.11,63.61,0.5337837837837838
359959,36,0.4841,0.5962,0.5338,6.05,63.43,0.5337837837837838
359959,37,0.4843,0.5955,0.5338,6.01,63.9,0.5337837837837838
359959,38,0.4845,0.5955,0.5405,5.95,64.11,0.5337837837837838
359959,39,0.4846,0.5977,0.5338,5.92,64.53,0.5337837837837838
359959,40,0.4845,0.5962,0.5338,5.91,64.43,0.5337837837837838
359959,41,0.4846,0.5977,0.5338,5.88,64.39,0.5337837837837838
359959,42,0.4847,0.5977,0.5338,5.83,64.07,0.5337837837837838
359959,43,0.4847,0.5977,0.5338,5.87,65.18,0.5337837837837838
359959,44,0.4848,0.5985,0.5338,5.81,65.77,0.5337837837837838
359959,45,0.4847,0.6023,0.5338,5.81,66.49,0.5337837837837838
359959,46,0.4849,0.6015,0.5338,5.78,67.54,0.5337837837837838
359959,47,0.4851,0.6023,0.5338,5.79,69.1,0.5337837837837838
359959,48,0.4851,0.6045,0.5338,5.82,70.84,0.5337837837837838
359959,49,0.4853,0.6045,0.5338,5.82,72.43,0.5337837837837838
190146,0,0.6544,0.8344,0.7412,4.44,112.46,0.7764705882352941
190146,1,0.6544,0.8344,0.7412,4.44,112.46,0.7764705882352941
190146,2,0.6586,0.8936,0.7294,9.04,314.56,0.7764705882352941
190146,3,0.662,0.9198,0.7294,10.56,333.09,0.7764705882352941
190146,4,0.6617,0.933,0.7294,10.62,329.71,0.7764705882352941
190146,5,0.6639,0.9396,0.7294,10.56,344.61,0.7764705882352941
190146,6,0.6653,0.9474,0.7412,10.6,351.37,0.7764705882352941
190146,7,0.6659,0.954,0.7412,10.28,367.53,0.7764705882352941
190146,8,0.6667,0.9685,0.7412,10.42,407.37,0.7764705882352941
190146,9,0.6675,0.9698,0.7412,10.17,424.3,0.7764705882352941
190146,10,0.6685,0.9698,0.7294,10.15,450.39,0.7764705882352941
190146,11,0.6689,0.975,0.7294,10.13,487.57,0.7764705882352941
190146,12,0.6688,0.9763,0.7294,10.12,517.37,0.7764705882352941
190146,13,0.6691,0.979,0.7294,10.12,568.77,0.7764705882352941
190146,14,0.6687,0.9816,0.7294,9.98,609.26,0.7764705882352941
190146,15,0.6687,0.9842,0.7294,9.93,646.03,0.7764705882352941
190146,16,0.6691,0.9869,0.7294,9.79,664.46,0.7764705882352941
190146,17,0.6697,0.9895,0.7294,9.74,681.54,0.7764705882352941
190146,18,0.6706,0.9895,0.7412,9.62,686.73,0.7764705882352941
190146,19,0.6702,0.9908,0.7412,9.54,690.79,0.7764705882352941
190146,20,0.6706,0.9908,0.7412,9.55,701.69,0.7764705882352941
190146,21,0.6709,0.9934,0.7412,9.49,711.53,0.7764705882352941
190146,22,0.6711,0.9934,0.7412,9.49,717.05,0.7764705882352941
190146,23,0.6714,0.9934,0.7529,9.42,715.29,0.7764705882352941
190146,24,0.6717,0.9947,0.7412,9.49,719.27,0.7764705882352941
190146,25,0.6718,0.9947,0.7412,9.5,728.14,0.7764705882352941
190146,26,0.6718,0.9947,0.7412,9.56,736.89,0.7764705882352941
190146,27,0.6718,0.9947,0.7412,9.55,752.09,0.7764705882352941
190146,28,0.6718,0.9947,0.7412,9.68,768.95,0.7764705882352941
190146,29,0.6717,0.9961,0.7412,9.82,785.85,0.7764705882352941
190146,30,0.6718,0.9961,0.7412,9.97,795.68,0.7764705882352941
190146,31,0.6721,0.9974,0.7412,9.9,803.71,0.7764705882352941
190146,32,0.6723,0.9987,0.7412,9.76,812.2,0.7764705882352941
190146,33,0.6726,0.9987,0.7412,9.72,819.22,0.7764705882352941
190146,34,0.6729,0.9987,0.7294,9.72,821.95,0.7764705882352941
190146,35,0.673,0.9987,0.7294,9.67,826.01,0.7764705882352941
190146,36,0.6732,1.0,0.7294,9.56,828.45,0.7764705882352941
190146,37,0.6733,1.0,0.7294,9.46,829.32,0.7764705882352941
190146,38,0.6735,1.0,0.7294,9.36,827.18,0.7764705882352941
190146,39,0.6738,1.0,0.7176,9.25,824.59,0.7764705882352941
190146,40,0.6738,1.0,0.7176,9.15,823.63,0.7764705882352941
190146,41,0.6739,1.0,0.7294,9.08,821.41,0.7764705882352941
190146,42,0.674,1.0,0.7176,9.03,817.72,0.7764705882352941
190146,43,0.674,1.0,0.7294,8.95,813.32,0.7764705882352941
190146,44,0.6741,1.0,0.7529,8.84,808.03,0.7764705882352941
190146,45,0.6744,1.0,0.7529,8.78,801.48,0.7764705882352941
190146,46,0.6745,1.0,0.7647,8.69,796.52,0.7764705882352941
190146,47,0.6747,1.0,0.7647,8.63,790.89,0.7764705882352941
190146,48,0.6749,1.0,0.7529,8.57,784.91,0.7764705882352941
190146,49,0.675,1.0,0.7529,8.47,779.76,0.7764705882352941
168784,0,0.616,0.7342,0.7282,4.56,204.26,0.8205128205128205
168784,1,0.616,0.7342,0.7282,4.56,204.26,0.8205128205128205
168784,2,0.6314,0.7829,0.7385,10.74,800.67,0.8205128205128205
168784,3,0.6369,0.8133,0.7436,12.66,1051.21,0.8205128205128205
168784,4,0.6417,0.8288,0.7487,12.4,1066.57,0.8205128205128205
168784,5,0.6448,0.8368,0.7538,12.46,1156.35,0.8205128205128205
168784,6,0.6467,0.8477,0.7538,12.45,1307.76,0.8205128205128205
168784,7,0.6478,0.8511,0.7538,12.07,1323.89,0.8205128205128205
168784,8,0.6493,0.8551,0.7487,11.79,1333.15,0.8205128205128205
168784,9,0.6502,0.8637,0.7487,11.29,1364.91,0.8205128205128205
168784,10,0.6513,0.8688,0.7487,10.75,1363.45,0.8205128205128205
168784,11,0.6519,0.8717,0.7538,10.44,1374.72,0.8205128205128205
168784,12,0.6524,0.8746,0.7487,10.05,1354.89,0.8205128205128205
168784,13,0.6524,0.8774,0.7487,9.75,1390.44,0.8205128205128205
168784,14,0.6531,0.8855,0.759,9.52,1420.09,0.8205128205128205
168784,15,0.6534,0.8912,0.7641,9.34,1480.0,0.8205128205128205
168784,16,0.6538,0.8946,0.7692,9.13,1531.87,0.8205128205128205
168784,17,0.6543,0.8969,0.7692,9.06,1623.63,0.8205128205128205
168784,18,0.655,0.9003,0.7692,8.98,1751.07,0.8205128205128205
168784,19,0.6553,0.9066,0.7692,9.03,1889.9,0.8205128205128205
168784,20,0.6554,0.9107,0.7692,9.05,2047.83,0.8205128205128205
168784,21,0.6555,0.9152,0.7744,9.05,2207.31,0.8205128205128205
168784,22,0.6557,0.921,0.7744,9.21,2450.52,0.8205128205128205
168784,23,0.6561,0.9261,0.7795,9.26,2658.18,0.8205128205128205
168784,24,0.6561,0.9307,0.7744,9.24,2883.11,0.8205128205128205
168784,25,0.6561,0.9341,0.7744,9.21,3076.93,0.8205128205128205
168784,26,0.6562,0.9359,0.7744,9.23,3272.16,0.8205128205128205
168784,27,0.6563,0.9381,0.7744,9.25,3515.95,0.8205128205128205
168784,28,0.6566,0.9416,0.7744,9.29,3736.29,0.8205128205128205
168784,29,0.6567,0.9444,0.7744,9.35,3984.0,0.8205128205128205
168784,30,0.6568,0.9496,0.7744,9.44,4245.14,0.8205128205128205
168784,31,0.657,0.9548,0.7744,9.49,4482.78,0.8205128205128205
168784,32,0.6571,0.9605,0.7744,9.54,4710.63,0.8205128205128205
168784,33,0.6572,0.9645,0.7744,9.75,4972.78,0.8205128205128205
168784,34,0.6573,0.9674,0.7744,9.94,5225.21,0.8205128205128205
168784,35,0.6572,0.9708,0.7744,10.04,5458.65,0.8205128205128205
168784,36,0.6573,0.9725,0.7744,10.03,5648.34,0.8205128205128205
168784,37,0.6573,0.9748,0.7744,10.06,5797.65,0.8205128205128205
168784,38,0.6574,0.9777,0.7744,10.06,5929.69,0.8205128205128205
168784,39,0.6575,0.9805,0.7744,10.01,6031.21,0.8205128205128205
168784,40,0.6577,0.9811,0.7744,9.99,6117.0,0.8205128205128205
168784,41,0.6577,0.9834,0.7744,10.0,6211.65,0.8205128205128205
168784,42,0.6579,0.984,0.7744,9.99,6305.09,0.8205128205128205
168784,43,0.6579,0.9857,0.7744,9.97,6389.84,0.8205128205128205
168784,44,0.6579,0.9874,0.7744,9.94,6458.68,0.8205128205128205
168784,45,0.6579,0.9891,0.7744,9.92,6514.62,0.8205128205128205
168784,46,0.6579,0.9908,0.7744,9.92,6574.36,0.8205128205128205
168784,47,0.6577,0.992,0.7744,9.87,6626.76,0.8205128205128205
168784,48,0.6576,0.9926,0.7744,9.84,6650.01,0.8205128205128205
168784,49,0.6576,0.9943,0.7744,9.78,6679.59,0.8205128205128205
168784,0,0.6175,0.7423,0.7333,3.88,94.74,0.8205128205128205
168784,1,0.6175,0.7423,0.7333,3.88,94.74,0.8205128205128205
168784,2,0.6312,0.7869,0.7436,8.95,526.12,0.8205128205128205
168784,3,0.6378,0.8144,0.7436,10.81,757.79,0.8205128205128205
168784,4,0.6418,0.8236,0.7538,10.42,780.78,0.8205128205128205
168784,5,0.6452,0.8345,0.7692,10.05,774.69,0.8205128205128205
168784,6,0.6479,0.8402,0.7795,9.66,751.54,0.8205128205128205
168784,7,0.649,0.8482,0.7692,9.84,884.54,0.8205128205128205
168784,8,0.6504,0.8557,0.7692,10.02,1188.03,0.8205128205128205
168784,9,0.6514,0.8625,0.7692,10.08,1376.48,0.8205128205128205
168784,10,0.653,0.8694,0.7692,10.22,1568.59,0.8205128205128205
168784,11,0.6537,0.8792,0.7744,10.26,1727.61,0.8205128205128205
168784,12,0.6545,0.886,0.7692,10.26,1828.04,0.8205128205128205
168784,13,0.6555,0.8895,0.7744,10.43,1921.82,0.8205128205128205
168784,14,0.6555,0.8935,0.7692,10.28,1990.16,0.8205128205128205
168784,15,0.6558,0.8981,0.7744,10.07,2021.4,0.8205128205128205
168784,16,0.6565,0.9021,0.7795,10.03,2087.32,0.8205128205128205
168784,17,0.6567,0.9066,0.7744,9.95,2127.53,0.8205128205128205
168784,18,0.6571,0.9078,0.7795,9.82,2165.55,0.8205128205128205
168784,19,0.6572,0.9129,0.7795,9.74,2237.59,0.8205128205128205
168784,20,0.6573,0.917,0.7795,9.63,2331.02,0.8205128205128205
168784,21,0.6574,0.9187,0.7795,9.72,2513.2,0.8205128205128205
168784,22,0.6575,0.9261,0.7795,9.8,2830.24,0.8205128205128205
168784,23,0.6579,0.9359,0.7846,9.88,3194.24,0.8205128205128205
168784,24,0.658,0.9404,0.7897,10.02,3521.01,0.8205128205128205
168784,25,0.658,0.9427,0.7897,10.16,3851.36,0.8205128205128205
168784,26,0.6584,0.9467,0.7846,10.18,4161.13,0.8205128205128205
168784,27,0.6586,0.9496,0.7897,10.23,4406.32,0.8205128205128205
168784,28,0.6586,0.953,0.7897,10.28,4664.38,0.8205128205128205
168784,29,0.6584,0.9582,0.7897,10.25,4901.84,0.8205128205128205
168784,30,0.6583,0.9639,0.7897,10.28,5121.11,0.8205128205128205
168784,31,0.6585,0.9674,0.7897,10.44,5310.49,0.8205128205128205
168784,32,0.6584,0.9691,0.7897,10.44,5536.02,0.8205128205128205
168784,33,0.6585,0.9719,0.7897,10.48,5727.98,0.8205128205128205
168784,34,0.6586,0.9748,0.7897,10.57,5906.69,0.8205128205128205
168784,35,0.6587,0.9782,0.7897,10.54,6066.83,0.8205128205128205
168784,36,0.6587,0.9794,0.7949,10.54,6212.22,0.8205128205128205
168784,37,0.6588,0.9794,0.7949,10.44,6310.69,0.8205128205128205
168784,38,0.6588,0.9805,0.7897,10.41,6415.22,0.8205128205128205
168784,39,0.6588,0.9817,0.8,10.36,6497.36,0.8205128205128205
168784,40,0.6589,0.9828,0.8,10.32,6582.23,0.8205128205128205
168784,41,0.6589,0.9834,0.8,10.31,6643.87,0.8205128205128205
168784,42,0.659,0.984,0.8,10.28,6690.9,0.8205128205128205
168784,43,0.6591,0.984,0.8,10.2,6723.76,0.8205128205128205
168784,44,0.6591,0.9845,0.8,10.17,6755.98,0.8205128205128205
168784,45,0.6591,0.9874,0.8,10.11,6777.67,0.8205128205128205
168784,46,0.6592,0.988,0.8,10.03,6778.87,0.8205128205128205
168784,47,0.6593,0.9885,0.8,9.96,6775.22,0.8205128205128205
168784,48,0.6594,0.9914,0.8051,9.9,6765.12,0.8205128205128205
168784,49,0.6594,0.992,0.8103,9.86,6749.03,0.8205128205128205
359954,0,0.4689,0.6616,0.5946,11.15,182.18,0.6756756756756757
359954,1,0.4689,0.6616,0.5946,11.15,182.18,0.6756756756756757
359954,2,0.4822,0.7251,0.5946,23.0,601.91,0.6756756756756757
359954,3,0.4925,0.7674,0.6216,25.2,762.58,0.6756756756756757
359954,4,0.4983,0.7961,0.6081,25.22,824.7,0.6756756756756757
359954,5,0.503,0.8233,0.6216,24.11,879.45,0.6756756756756757
359954,6,0.506,0.8384,0.6216,22.89,915.91,0.6756756756756757
359954,7,0.5081,0.8474,0.6351,22.07,960.81,0.6756756756756757
359954,8,0.5096,0.8489,0.6351,20.92,990.76,0.6756756756756757
359954,9,0.5118,0.855,0.6486,19.7,1019.28,0.6756756756756757
359954,10,0.5129,0.8671,0.6486,18.9,1036.9,0.6756756756756757
359954,11,0.5135,0.8761,0.6486,17.84,1028.16,0.6756756756756757
359954,12,0.514,0.8776,0.6486,17.11,999.99,0.6756756756756757
359954,13,0.515,0.8837,0.6486,16.29,974.35,0.6756756756756757
359954,14,0.5152,0.8882,0.6622,15.59,951.62,0.6756756756756757
359954,15,0.5152,0.8897,0.6622,15.05,954.5,0.6756756756756757
359954,16,0.5153,0.8943,0.6622,14.74,971.66,0.6756756756756757
359954,17,0.5161,0.8988,0.6622,14.31,995.39,0.6756756756756757
359954,18,0.5158,0.9033,0.6622,14.03,1026.49,0.6756756756756757
359954,19,0.516,0.9063,0.6622,13.82,1072.97,0.6756756756756757
359954,20,0.5164,0.9094,0.6622,13.6,1119.25,0.6756756756756757
359954,21,0.5167,0.9124,0.6622,13.72,1171.44,0.6756756756756757
359954,22,0.5165,0.9139,0.6622,13.61,1215.62,0.6756756756756757
359954,23,0.5167,0.9154,0.6622,13.44,1250.92,0.6756756756756757
359954,24,0.517,0.9184,0.6622,13.18,1282.32,0.6756756756756757
359954,25,0.5175,0.9199,0.6622,12.91,1321.24,0.6756756756756757
359954,26,0.5175,0.923,0.6622,12.63,1348.54,0.6756756756756757
359954,27,0.5175,0.9245,0.6622,12.45,1370.3,0.6756756756756757
359954,28,0.518,0.9275,0.6622,12.25,1393.04,0.6756756756756757
359954,29,0.5185,0.929,0.6622,12.11,1429.48,0.6756756756756757
359954,30,0.5187,0.932,0.6622,11.89,1448.34,0.6756756756756757
359954,31,0.5186,0.9335,0.6622,11.92,1474.52,0.6756756756756757
359954,32,0.5184,0.9366,0.6622,11.9,1503.07,0.6756756756756757
359954,33,0.5186,0.9396,0.6622,11.92,1516.13,0.6756756756756757
359954,34,0.5183,0.9441,0.6622,11.69,1529.27,0.6756756756756757
359954,35,0.5187,0.9426,0.6622,11.62,1542.05,0.6756756756756757
359954,36,0.5189,0.9456,0.6622,11.47,1547.78,0.6756756756756757
359954,37,0.5188,0.9456,0.6622,11.24,1553.65,0.6756756756756757
359954,38,0.5188,0.9471,0.6622,11.04,1563.71,0.6756756756756757
359954,39,0.519,0.9471,0.6622,10.82,1573.06,0.6756756756756757
359954,40,0.5194,0.9471,0.6757,10.66,1575.44,0.6756756756756757
359954,41,0.5196,0.9471,0.6757,10.49,1578.3,0.6756756756756757
359954,42,0.52,0.9471,0.6757,10.29,1581.27,0.6756756756756757
359954,43,0.5201,0.9471,0.6757,10.11,1592.88,0.6756756756756757
359954,44,0.5201,0.9486,0.6757,9.96,1609.49,0.6756756756756757
359954,45,0.5202,0.9486,0.6757,9.85,1627.2,0.6756756756756757
359954,46,0.5202,0.9502,0.6757,9.75,1639.04,0.6756756756756757
359954,47,0.52,0.9517,0.6757,9.63,1658.24,0.6756756756756757
359954,48,0.5203,0.9517,0.6757,9.51,1667.34,0.6756756756756757
359954,49,0.5204,0.9517,0.6757,9.46,1668.57,0.6756756756756757
359959,0,0.457,0.4868,0.4527,9.39,44.25,0.5337837837837838
359959,1,0.457,0.4868,0.4527,9.39,44.25,0.5337837837837838
359959,2,0.4564,0.4589,0.4392,10.66,63.01,0.5337837837837838
359959,3,0.4632,0.5223,0.4797,14.07,102.22,0.5337837837837838
359959,4,0.4681,0.5532,0.5203,13.99,104.52,0.5337837837837838
359959,5,0.4718,0.566,0.5338,13.93,104.89,0.5337837837837838
359959,6,0.4753,0.5796,0.5068,13.44,103.53,0.5337837837837838
359959,7,0.4768,0.5842,0.527,13.14,105.46,0.5337837837837838
359959,8,0.4786,0.5872,0.527,12.98,109.59,0.5337837837837838
359959,9,0.481,0.5894,0.5203,12.45,109.23,0.5337837837837838
359959,10,0.483,0.594,0.5068,12.12,108.63,0.5337837837837838
359959,11,0.4845,0.5962,0.527,11.63,107.83,0.5337837837837838
359959,12,0.4855,0.5985,0.5203,11.2,104.85,0.5337837837837838
359959,13,0.4869,0.5992,0.5203,10.73,102.71,0.5337837837837838
359959,14,0.4879,0.6045,0.527,10.38,100.54,0.5337837837837838
359959,15,0.4885,0.603,0.5203,10.06,98.81,0.5337837837837838
359959,16,0.4893,0.603,0.527,9.7,96.46,0.5337837837837838
359959,17,0.4899,0.6015,0.5405,9.42,95.52,0.5337837837837838
359959,18,0.4905,0.6038,0.5405,9.17,95.89,0.5337837837837838
359959,19,0.491,0.6053,0.5405,8.92,94.19,0.5337837837837838
359959,20,0.491,0.606,0.5405,8.69,92.56,0.5337837837837838
359959,21,0.491,0.606,0.5473,8.48,90.78,0.5337837837837838
359959,22,0.4913,0.6075,0.5473,8.29,91.32,0.5337837837837838
359959,23,0.4914,0.6098,0.5473,8.24,93.79,0.5337837837837838
359959,24,0.4916,0.6106,0.5473,8.19,99.55,0.5337837837837838
359959,25,0.4917,0.6098,0.5473,8.14,101.88,0.5337837837837838
359959,26,0.4916,0.6098,0.5473,8.03,102.2,0.5337837837837838
359959,27,0.492,0.6113,0.5405,7.91,102.9,0.5337837837837838
359959,28,0.4923,0.6128,0.5405,7.88,110.01,0.5337837837837838
359959,29,0.4925,0.6136,0.5405,7.89,119.63,0.5337837837837838
359959,30,0.4926,0.6143,0.5405,7.85,126.81,0.5337837837837838
359959,31,0.4925,0.6143,0.5405,7.85,138.5,0.5337837837837838
359959,32,0.4922,0.6143,0.5405,7.9,150.36,0.5337837837837838
359959,33,0.4925,0.6196,0.5405,7.86,156.56,0.5337837837837838
359959,34,0.4927,0.6189,0.5405,7.87,165.27,0.5337837837837838
359959,35,0.4929,0.6166,0.5405,7.9,176.59,0.5337837837837838
359959,36,0.4929,0.6166,0.5405,7.94,185.1,0.5337837837837838
359959,37,0.4932,0.6174,0.5405,7.9,193.06,0.5337837837837838
359959,38,0.4932,0.6189,0.5405,7.89,199.6,0.5337837837837838
359959,39,0.4931,0.6189,0.5405,7.91,207.65,0.5337837837837838
359959,40,0.4932,0.6196,0.5405,7.91,215.87,0.5337837837837838
359959,41,0.4932,0.6204,0.5405,7.89,222.99,0.5337837837837838
359959,42,0.4937,0.6211,0.5405,7.88,229.08,0.5337837837837838
359959,43,0.4938,0.6234,0.5405,7.87,233.4,0.5337837837837838
359959,44,0.4939,0.6242,0.5405,7.88,240.91,0.5337837837837838
359959,45,0.494,0.6249,0.5405,7.9,248.73,0.5337837837837838
359959,46,0.494,0.6264,0.5473,7.95,263.43,0.5337837837837838
359959,47,0.4941,0.6257,0.5473,7.96,275.29,0.5337837837837838
359959,48,0.4941,0.6264,0.5473,8.0,294.21,0.5337837837837838
359959,49,0.494,0.6249,0.5541,8.11,329.99,0.5337837837837838
359959,0,0.4618,0.4498,0.4392,11.69,56.67,0.5202702702702703
359959,1,0.4618,0.4498,0.4392,11.69,56.67,0.5202702702702703
359959,2,0.4627,0.4528,0.4392,13.46,107.5,0.5202702702702703
359959,3,0.4684,0.5192,0.4932,20.86,256.47,0.5202702702702703
359959,4,0.4721,0.5555,0.5338,22.04,290.48,0.5202702702702703
359959,5,0.4752,0.5728,0.5338,21.93,305.79,0.5202702702702703
359959,6,0.4778,0.5849,0.5405,20.79,304.33,0.5202702702702703
359959,7,0.4801,0.5917,0.5676,19.94,307.4,0.5202702702702703
359959,8,0.4808,0.597,0.5608,19.01,309.82,0.5202702702702703
359959,9,0.4821,0.6038,0.5405,18.53,333.27,0.5202702702702703
359959,10,0.4828,0.6113,0.5338,18.09,357.02,0.5202702702702703
359959,11,0.4843,0.6151,0.5473,17.45,366.43,0.5202702702702703
359959,12,0.4852,0.6226,0.5405,17.01,390.95,0.5202702702702703
359959,13,0.4859,0.6234,0.5473,16.72,416.25,0.5202702702702703
359959,14,0.4867,0.6257,0.5541,16.52,441.35,0.5202702702702703
359959,15,0.4869,0.6264,0.5608,16.19,464.6,0.5202702702702703
359959,16,0.487,0.6294,0.5608,15.77,472.39,0.5202702702702703
359959,17,0.4869,0.6287,0.5608,15.42,488.57,0.5202702702702703
359959,18,0.4869,0.6294,0.5608,15.04,506.15,0.5202702702702703
359959,19,0.4871,0.6317,0.5608,14.8,513.19,0.5202702702702703
359959,20,0.4872,0.6377,0.5608,14.56,544.81,0.5202702702702703
359959,21,0.4866,0.6377,0.5608,14.34,574.85,0.5202702702702703
359959,22,0.4863,0.6392,0.5541,14.07,601.28,0.5202702702702703
359959,23,0.4864,0.6392,0.5608,13.81,635.65,0.5202702702702703
359959,24,0.4861,0.6392,0.5608,13.74,676.39,0.5202702702702703
359959,25,0.486,0.6423,0.5608,13.67,733.67,0.5202702702702703
359959,26,0.4862,0.6453,0.5608,13.59,797.09,0.5202702702702703
359959,27,0.486,0.6468,0.5608,13.6,856.83,0.5202702702702703
359959,28,0.4859,0.646,0.5608,13.57,941.55,0.5202702702702703
359959,29,0.4859,0.646,0.5608,13.58,1037.31,0.5202702702702703
359959,30,0.4857,0.6483,0.5608,13.5,1125.69,0.5202702702702703
359959,31,0.4861,0.6491,0.5608,13.37,1178.18,0.5202702702702703
359959,32,0.4861,0.6498,0.5541,13.18,1219.13,0.5202702702702703
359959,33,0.4859,0.6521,0.5541,13.1,1261.08,0.5202702702702703
359959,34,0.4859,0.6543,0.5541,12.97,1291.38,0.5202702702702703
359959,35,0.4859,0.6543,0.5541,12.87,1324.66,0.5202702702702703
359959,36,0.4857,0.6551,0.5541,12.73,1335.4,0.5202702702702703
359959,37,0.4856,0.6566,0.5541,12.57,1341.49,0.5202702702702703
359959,38,0.4852,0.6589,0.5541,12.47,1348.67,0.5202702702702703
359959,39,0.4851,0.6596,0.5541,12.4,1369.23,0.5202702702702703
359959,40,0.4848,0.6619,0.5541,12.28,1399.63,0.5202702702702703
359959,41,0.4847,0.6642,0.5541,12.22,1484.96,0.5202702702702703
359959,42,0.4843,0.6642,0.5541,12.27,1566.87,0.5202702702702703
359959,43,0.4841,0.6657,0.5541,12.22,1655.43,0.5202702702702703
359959,44,0.4839,0.6679,0.5541,12.29,1735.31,0.5202702702702703
359959,45,0.4837,0.6725,0.5608,12.3,1863.67,0.5202702702702703
359959,46,0.4836,0.6747,0.5541,12.3,1999.28,0.5202702702702703
359959,47,0.4834,0.6755,0.5608,12.33,2120.62,0.5202702702702703
359959,48,0.4831,0.6762,0.5608,12.38,2228.39,0.5202702702702703
359959,49,0.483,0.6762,0.5608,12.34,2327.46,0.5202702702702703
359959,0,0.4624,0.4453,0.4392,9.96,58.0,0.5337837837837838
359959,1,0.4624,0.4453,0.4392,9.96,58.0,0.5337837837837838
359959,2,0.4712,0.5102,0.4865,9.71,55.52,0.5337837837837838
359959,3,0.4742,0.5449,0.5068,9.32,51.21,0.5337837837837838
359959,4,0.4758,0.5547,0.5473,9.09,49.19,0.5337837837837838
359959,5,0.4767,0.5698,0.5541,8.59,47.26,0.5337837837837838
359959,6,0.4775,0.566,0.5676,7.97,44.77,0.5337837837837838
359959,7,0.4781,0.5789,0.5608,7.56,42.87,0.5337837837837838
359959,8,0.4778,0.5751,0.5676,7.31,41.77,0.5337837837837838
359959,9,0.4785,0.5766,0.5608,7.0,42.88,0.5337837837837838
359959,10,0.4798,0.5781,0.5743,6.95,46.22,0.5337837837837838
359959,11,0.4795,0.5766,0.5473,6.99,49.14,0.5337837837837838
359959,12,0.4793,0.5781,0.5405,6.89,50.01,0.5337837837837838
359959,13,0.4797,0.5804,0.5405,6.81,52.18,0.5337837837837838
359959,14,0.4803,0.5834,0.5541,6.79,53.82,0.5337837837837838
359959,15,0.481,0.5811,0.5608,6.75,55.07,0.5337837837837838
359959,16,0.4814,0.5811,0.5608,6.71,57.4,0.5337837837837838
359959,17,0.4814,0.5811,0.5541,6.67,58.62,0.5337837837837838
359959,18,0.4815,0.5796,0.5473,6.59,59.92,0.5337837837837838
359959,19,0.4817,0.5842,0.5473,6.57,62.21,0.5337837837837838
359959,20,0.4818,0.5857,0.5405,6.53,63.33,0.5337837837837838
359959,21,0.4819,0.5842,0.5405,6.44,63.96,0.5337837837837838
359959,22,0.482,0.5849,0.5473,6.37,63.98,0.5337837837837838
359959,23,0.4822,0.5849,0.5405,6.32,65.07,0.5337837837837838
359959,24,0.4822,0.5857,0.5405,6.28,67.36,0.5337837837837838
359959,25,0.4824,0.5872,0.527,6.24,69.34,0.5337837837837838
359959,26,0.4825,0.5864,0.5203,6.19,70.64,0.5337837837837838
359959,27,0.4824,0.5864,0.527,6.19,72.5,0.5337837837837838
359959,28,0.4827,0.5894,0.5338,6.2,76.28,0.5337837837837838
359959,29,0.4828,0.5909,0.5338,6.22,80.85,0.5337837837837838
359959,30,0.4828,0.5917,0.527,6.19,83.24,0.5337837837837838
359959,31,0.4828,0.5947,0.527,6.2,85.67,0.5337837837837838
359959,32,0.4829,0.5985,0.527,6.19,86.85,0.5337837837837838
359959,33,0.4831,0.6015,0.527,6.21,91.05,0.5337837837837838
359959,34,0.4834,0.603,0.527,6.24,94.72,0.5337837837837838
359959,35,0.4833,0.6023,0.527,6.27,98.41,0.5337837837837838
359959,36,0.4834,0.6038,0.527,6.28,102.44,0.5337837837837838
359959,37,0.4836,0.6045,0.527,6.32,105.56,0.5337837837837838
359959,38,0.4837,0.6045,0.527,6.3,107.82,0.5337837837837838
359959,39,0.4838,0.6083,0.527,6.31,111.5,0.5337837837837838
359959,40,0.484,0.6083,0.527,6.33,114.26,0.5337837837837838
359959,41,0.4842,0.6098,0.527,6.34,119.51,0.5337837837837838
359959,42,0.4845,0.6098,0.5338,6.34,122.02,0.5337837837837838
359959,43,0.4846,0.6106,0.5338,6.34,124.31,0.5337837837837838
359959,44,0.4847,0.6083,0.5338,6.34,125.68,0.5337837837837838
359959,45,0.485,0.6075,0.5338,6.33,127.1,0.5337837837837838
359959,46,0.4851,0.6083,0.5338,6.32,128.75,0.5337837837837838
359959,47,0.4853,0.6091,0.5338,6.33,130.34,0.5337837837837838
359959,48,0.4853,0.6106,0.5338,6.34,132.57,0.5337837837837838
359959,49,0.4853,0.6091,0.5338,6.36,134.51,0.5337837837837838
359959,0,0.4612,0.4672,0.4324,14.17,91.54,0.527027027027027
359959,1,0.4612,0.4672,0.4324,14.17,91.54,0.527027027027027
359959,2,0.469,0.5374,0.5068,15.17,135.49,0.527027027027027
359959,3,0.4728,0.5517,0.527,14.85,148.85,0.527027027027027
359959,4,0.4758,0.5736,0.5676,16.06,232.13,0.527027027027027
359959,5,0.479,0.5925,0.5203,17.24,310.86,0.527027027027027
359959,6,0.4805,0.6008,0.5135,17.49,355.63,0.527027027027027
359959,7,0.4831,0.6045,0.5068,17.01,402.01,0.527027027027027
359959,8,0.4847,0.6174,0.5068,16.71,451.7,0.527027027027027
359959,9,0.4862,0.6249,0.5135,16.55,507.49,0.527027027027027
359959,10,0.4865,0.6272,0.5405,16.27,550.05,0.527027027027027
359959,11,0.4866,0.6294,0.5541,16.09,591.47,0.527027027027027
359959,12,0.4864,0.6362,0.5608,15.81,615.73,0.527027027027027
359959,13,0.4862,0.6423,0.5541,15.57,634.72,0.527027027027027
359959,14,0.486,0.6468,0.5405,15.14,644.3,0.527027027027027
359959,15,0.4856,0.6468,0.5473,14.66,646.75,0.527027027027027
359959,16,0.4856,0.6483,0.5405,14.31,648.12,0.527027027027027
359959,17,0.4857,0.6483,0.5473,13.96,649.18,0.527027027027027
359959,18,0.4855,0.6475,0.5541,13.67,651.06,0.527027027027027
359959,19,0.4854,0.6445,0.5541,13.28,638.14,0.527027027027027
359959,20,0.4855,0.6438,0.5541,13.0,630.31,0.527027027027027
359959,21,0.4861,0.6453,0.5608,12.62,620.42,0.527027027027027
359959,22,0.4867,0.6483,0.5608,12.29,609.75,0.527027027027027
359959,23,0.4868,0.6491,0.5608,11.97,604.75,0.527027027027027
359959,24,0.4871,0.6491,0.5608,11.69,596.43,0.527027027027027
359959,25,0.4874,0.6468,0.5608,11.37,580.27,0.527027027027027
359959,26,0.4876,0.6475,0.5608,11.1,573.59,0.527027027027027
359959,27,0.4875,0.6483,0.5608,10.95,598.01,0.527027027027027
359959,28,0.4878,0.6506,0.5541,10.88,640.42,0.527027027027027
359959,29,0.4877,0.6528,0.5608,10.75,681.12,0.527027027027027
359959,30,0.4879,0.6536,0.5608,10.65,739.39,0.527027027027027
359959,31,0.4876,0.6551,0.5608,10.6,817.24,0.527027027027027
359959,32,0.4872,0.6558,0.5608,10.6,890.71,0.527027027027027
359959,33,0.4869,0.6596,0.5676,10.53,975.83,0.527027027027027
359959,34,0.4869,0.6626,0.5676,10.57,1116.04,0.527027027027027
359959,35,0.4868,0.6642,0.5676,10.6,1268.76,0.527027027027027
359959,36,0.4867,0.6649,0.5676,10.66,1450.74,0.527027027027027
359959,37,0.4865,0.6687,0.5676,10.65,1617.86,0.527027027027027
359959,38,0.4864,0.6732,0.5608,10.67,1749.44,0.527027027027027
359959,39,0.4862,0.6732,0.5608,10.67,1919.12,0.527027027027027
359959,40,0.4859,0.6762,0.5608,10.67,2100.7,0.527027027027027
359959,41,0.4856,0.6755,0.5608,10.69,2261.91,0.527027027027027
359959,42,0.4855,0.6815,0.5608,10.74,2437.92,0.527027027027027
359959,43,0.4855,0.6838,0.5541,10.72,2571.34,0.527027027027027
359959,44,0.4854,0.6838,0.5541,10.76,2728.48,0.527027027027027
359959,45,0.4852,0.6838,0.5541,10.77,2861.96,0.527027027027027
359959,46,0.485,0.683,0.5541,10.8,2974.17,0.527027027027027
359959,47,0.4849,0.6845,0.5608,10.75,3052.09,0.527027027027027
359959,48,0.4847,0.683,0.5608,10.77,3128.06,0.527027027027027
359959,49,0.4845,0.6845,0.5608,10.7,3193.7,0.527027027027027
190146,0,0.6451,0.8029,0.7412,4.47,99.44,0.788235294117647
190146,1,0.6451,0.8029,0.7412,4.47,99.44,0.788235294117647
190146,2,0.6547,0.8778,0.7412,8.66,325.45,0.788235294117647
190146,3,0.6589,0.9238,0.7294,10.88,511.3,0.788235294117647
190146,4,0.6625,0.9409,0.7176,11.11,596.43,0.788235294117647
190146,5,0.6655,0.9593,0.7176,12.67,675.58,0.788235294117647
190146,6,0.6679,0.9671,0.7059,13.84,743.18,0.788235294117647
190146,7,0.6691,0.9698,0.7059,14.06,789.32,0.788235294117647
190146,8,0.6701,0.9724,0.7176,13.89,815.86,0.788235294117647
190146,9,0.6707,0.9777,0.7059,14.15,841.07,0.788235294117647
190146,10,0.6716,0.9777,0.6941,13.92,847.19,0.788235294117647
190146,11,0.6719,0.9816,0.7059,13.62,853.84,0.788235294117647
190146,12,0.672,0.9829,0.7059,13.51,854.13,0.788235294117647
190146,13,0.6724,0.9829,0.6941,13.23,860.32,0.788235294117647
190146,14,0.6725,0.9869,0.6941,12.96,867.66,0.788235294117647
190146,15,0.6728,0.9895,0.7059,12.81,877.11,0.788235294117647
190146,16,0.6732,0.9895,0.7059,12.8,880.55,0.788235294117647
190146,17,0.6736,0.9895,0.7059,12.41,878.4,0.788235294117647
190146,18,0.6737,0.9908,0.7059,12.2,873.65,0.788235294117647
190146,19,0.6736,0.9908,0.7294,12.07,878.29,0.788235294117647
190146,20,0.673,0.9908,0.7176,11.81,878.42,0.788235294117647
190146,21,0.6729,0.9934,0.7176,11.65,874.6,0.788235294117647
190146,22,0.6728,0.9947,0.7294,11.47,873.32,0.788235294117647
190146,23,0.6728,0.9947,0.7059,11.26,870.7,0.788235294117647
190146,24,0.6729,0.9961,0.7059,11.02,863.31,0.788235294117647
190146,25,0.6731,0.9961,0.7059,10.92,853.19,0.788235294117647
190146,26,0.6733,0.9961,0.7294,10.76,841.54,0.788235294117647
190146,27,0.6732,0.9961,0.7176,10.6,831.42,0.788235294117647
190146,28,0.6731,0.9961,0.7176,10.43,822.83,0.788235294117647
190146,29,0.6729,0.9974,0.7176,10.24,814.3,0.788235294117647
190146,30,0.6729,0.9974,0.7176,10.1,800.04,0.788235294117647
190146,31,0.6731,0.9974,0.7176,9.97,791.89,0.788235294117647
190146,32,0.6734,0.9987,0.7294,9.87,785.02,0.788235294117647
190146,33,0.6735,0.9987,0.7294,9.8,777.05,0.788235294117647
190146,34,0.6738,1.0,0.7294,9.69,767.65,0.788235294117647
190146,35,0.674,1.0,0.7294,9.57,758.58,0.788235294117647
190146,36,0.6741,1.0,0.7294,9.46,751.88,0.788235294117647
190146,37,0.6745,1.0,0.7176,9.38,745.39,0.788235294117647
190146,38,0.6746,1.0,0.7294,9.27,737.08,0.788235294117647
190146,39,0.6746,1.0,0.7294,9.17,729.56,0.788235294117647
190146,40,0.6748,1.0,0.7294,9.06,721.04,0.788235294117647
190146,41,0.6749,1.0,0.7294,8.93,712.62,0.788235294117647
190146,42,0.6748,1.0,0.7412,8.82,706.03,0.788235294117647
190146,43,0.6747,1.0,0.7412,8.72,698.0,0.788235294117647
190146,44,0.6747,1.0,0.7294,8.65,690.19,0.788235294117647
190146,45,0.6747,1.0,0.7412,8.56,683.44,0.788235294117647
190146,46,0.6747,1.0,0.7294,8.47,677.15,0.788235294117647
190146,47,0.6747,1.0,0.7294,8.4,668.25,0.788235294117647
190146,48,0.6747,1.0,0.7412,8.34,661.43,0.788235294117647
190146,49,0.6746,1.0,0.7412,8.25,654.27,0.788235294117647
2073,0,0.4764,0.5843,0.6107,12.53,115.5,0.7181208053691275
2073,1,0.4764,0.5843,0.6107,12.53,115.5,0.7181208053691275
2073,2,0.4919,0.594,0.6242,15.89,147.39,0.7181208053691275
2073,3,0.5019,0.6135,0.6376,22.26,232.73,0.7181208053691275
2073,4,0.5087,0.6262,0.6376,23.95,267.35,0.7181208053691275
2073,5,0.5138,0.6367,0.6376,23.98,271.88,0.7181208053691275
2073,6,0.5173,0.6449,0.6577,23.17,264.08,0.7181208053691275
2073,7,0.52,0.6487,0.6644,22.13,258.22,0.7181208053691275
2073,8,0.5229,0.6562,0.6644,21.62,263.24,0.7181208053691275
2073,9,0.5241,0.6584,0.6644,21.33,277.38,0.7181208053691275
2073,10,0.5254,0.6577,0.6711,20.81,286.36,0.7181208053691275
2073,11,0.5276,0.6599,0.6577,20.28,316.3,0.7181208053691275
2073,12,0.5276,0.6629,0.6577,20.02,334.31,0.7181208053691275
2073,13,0.5281,0.6622,0.6779,20.02,340.0,0.7181208053691275
2073,14,0.5281,0.6644,0.6711,20.22,348.64,0.7181208053691275
2073,15,0.528,0.6652,0.6779,20.05,356.04,0.7181208053691275
2073,16,0.5274,0.6659,0.6779,20.17,366.73,0.7181208053691275
2073,17,0.5269,0.6682,0.6779,20.67,383.18,0.7181208053691275
2073,18,0.5262,0.6674,0.6779,20.57,393.69,0.7181208053691275
2073,19,0.5256,0.6674,0.6779,20.7,407.26,0.7181208053691275
2073,20,0.5256,0.6697,0.6711,20.81,423.54,0.7181208053691275
2073,21,0.5256,0.6712,0.6711,20.83,432.7,0.7181208053691275
2073,22,0.5254,0.6742,0.6711,21.13,446.3,0.7181208053691275
2073,23,0.525,0.6757,0.6711,21.23,467.52,0.7181208053691275
2073,24,0.5248,0.6764,0.6711,21.41,490.54,0.7181208053691275
2073,25,0.5243,0.6787,0.6711,21.36,513.25,0.7181208053691275
2073,26,0.5238,0.6794,0.6711,21.54,542.7,0.7181208053691275
2073,27,0.5236,0.6801,0.6711,21.76,613.52,0.7181208053691275
2073,28,0.5232,0.6809,0.6711,22.2,691.47,0.7181208053691275
2073,29,0.5228,0.6809,0.6711,22.35,776.11,0.7181208053691275
2073,30,0.5226,0.6846,0.6711,22.53,881.83,0.7181208053691275
2073,31,0.5224,0.6869,0.6711,22.84,1031.8,0.7181208053691275
2073,32,0.522,0.6914,0.6711,22.96,1161.67,0.7181208053691275
2073,33,0.522,0.6981,0.6711,23.19,1323.78,0.7181208053691275
2073,34,0.5217,0.7011,0.6711,23.43,1632.47,0.7181208053691275
2073,35,0.5211,0.7064,0.6711,23.92,1990.62,0.7181208053691275
2073,36,0.5202,0.7086,0.6711,24.58,2336.08,0.7181208053691275
2073,37,0.5196,0.7101,0.6711,24.92,2703.47,0.7181208053691275
2073,38,0.5191,0.7154,0.6711,25.43,3141.38,0.7181208053691275
2073,39,0.5184,0.7169,0.6711,25.77,3515.54,0.7181208053691275
2073,40,0.5179,0.7199,0.6711,26.15,3915.76,0.7181208053691275
2073,41,0.5173,0.7236,0.6711,26.46,4398.14,0.7181208053691275
2073,42,0.517,0.7311,0.6779,26.69,4969.27,0.7181208053691275
2073,43,0.5166,0.7341,0.6779,26.84,5505.09,0.7181208053691275
2073,44,0.5161,0.7363,0.6711,27.11,6089.0,0.7181208053691275
2073,45,0.5158,0.7393,0.6779,27.26,6633.85,0.7181208053691275
2073,46,0.5154,0.7446,0.6779,27.49,7187.24,0.7181208053691275
2073,47,0.515,0.7476,0.6779,27.75,7593.25,0.7181208053691275
2073,48,0.5146,0.7536,0.6779,27.96,8071.93,0.7181208053691275
2073,49,0.5143,0.7573,0.6846,28.29,8589.62,0.7181208053691275
